Deletion size,Max growth rate,Min production rate,Deleted genes,,,,
5,0.16554354228886,16.6809246787155,b3734,b2492,b0904,b3528,b1603
