Deletion size,Max growth rate,Min production rate,Deleted genes,,,,
5,0.37422987493311,250.370966936121,b3734,b2492,b0904,b3528,b1603
