Deletion size,Max growth rate,Min production rate,Deleted genes,
1,0.211140652572117,8.47232347941233,s0001,
1,0.211662949735311,8.27945538048659,b2281,
2,0.211662949735311,8.27945538048659,b0733,b0979
