Deletion size,Max growth rate,Min production rate,Deleted genes,,,,,,,,,,,,,
10,0.215873024903765,0.456697779033534,CLJU_RS05830,CLJU_RS08100,CLJU_RS08095,CLJU_RS09865,CLJU_RS09915,CLJU_RS20875,CLJU_RS02035,CLJU_RS01155,CLJU_RS07210,CLJU_RS03475,,,,
14,0.133902414231667,2.1384927367524,CLJU_RS05830,CLJU_RS08100,CLJU_RS08095,CLJU_RS06265,CLJU_RS20875,CLJU_RS02035,CLJU_RS01155,CLJU_RS19980,CLJU_RS15035,CLJU_RS12480,CLJU_RS07210,CLJU_RS03475,CLJU_RS08715,CLJU_RS10610
14,0.133902414231667,2.1384927367524,CLJU_RS05830,CLJU_RS08100,CLJU_RS08095,CLJU_RS20875,CLJU_RS02035,CLJU_RS01155,CLJU_RS19980,CLJU_RS15035,CLJU_RS12480,CLJU_RS07210,CLJU_RS03475,CLJU_RS08715,CLJU_RS10610,CLJU_RS06260
14,0.133902414231667,2.1384927367524,CLJU_RS05830,CLJU_RS08100,CLJU_RS08095,CLJU_RS20875,CLJU_RS02035,CLJU_RS01155,CLJU_RS19980,CLJU_RS15035,CLJU_RS12480,CLJU_RS07210,CLJU_RS03475,CLJU_RS08715,CLJU_RS15865,CLJU_RS06260
14,0.133902414231667,2.1384927367524,CLJU_RS05830,CLJU_RS08100,CLJU_RS08095,CLJU_RS06265,CLJU_RS20875,CLJU_RS02035,CLJU_RS01155,CLJU_RS19980,CLJU_RS15035,CLJU_RS12480,CLJU_RS07210,CLJU_RS03475,CLJU_RS08715,CLJU_RS15865
