Deletion size,Max growth rate,Min production rate,Deleted genes,,,,,,
7,0.0792477137358871,0.295839164661072,CLJU_RS11880,CLJU_RS00965,CLJU_RS01155,CLJU_RS08715,CLJU_RS06110,CLJU_RS18530,CLJU_RS05590
7,0.0792477137358873,0.295839164660855,CLJU_RS11895,CLJU_RS00610,CLJU_RS01155,CLJU_RS08715,CLJU_RS06110,CLJU_RS18530,CLJU_RS05590
7,0.0792477137358873,0.295839164660855,CLJU_RS11880,CLJU_RS00610,CLJU_RS01155,CLJU_RS08715,CLJU_RS06110,CLJU_RS18530,CLJU_RS05590
7,0.0792477137358871,0.295839164661072,CLJU_RS11895,CLJU_RS00965,CLJU_RS01155,CLJU_RS08715,CLJU_RS06110,CLJU_RS18530,CLJU_RS05590
