Deletion size,Max growth rate,Min production rate,Deleted genes
1,0.213422620041926,0.103426095631079,CLJU_RS18510
1,0.213422620041926,0.103426095631079,CLJU_RS18495
