Deletion size,Max growth rate,Min production rate,Deleted genes,,,,,,,,,,,,,
10,0.213956445002375,0.305710415156637,CLJU_RS05830,CLJU_RS08100,CLJU_RS08095,CLJU_RS09865,CLJU_RS09915,CLJU_RS20875,CLJU_RS02035,CLJU_RS01155,CLJU_RS07210,CLJU_RS03475,,,,
14,0.130646168515401,1.39342431288562,CLJU_RS05830,CLJU_RS08100,CLJU_RS08095,CLJU_RS20875,CLJU_RS02035,CLJU_RS01155,CLJU_RS19980,CLJU_RS15035,CLJU_RS12480,CLJU_RS07210,CLJU_RS03475,CLJU_RS08715,CLJU_RS15865,CLJU_RS06260
14,0.130646168515401,1.39342431288562,CLJU_RS05830,CLJU_RS08100,CLJU_RS08095,CLJU_RS06265,CLJU_RS20875,CLJU_RS02035,CLJU_RS01155,CLJU_RS19980,CLJU_RS15035,CLJU_RS12480,CLJU_RS07210,CLJU_RS03475,CLJU_RS08715,CLJU_RS15865
14,0.130646168515401,1.39342431288562,CLJU_RS05830,CLJU_RS08100,CLJU_RS08095,CLJU_RS06265,CLJU_RS20875,CLJU_RS02035,CLJU_RS01155,CLJU_RS19980,CLJU_RS15035,CLJU_RS12480,CLJU_RS07210,CLJU_RS03475,CLJU_RS08715,CLJU_RS10610
14,0.130646168515401,1.39342431288562,CLJU_RS05830,CLJU_RS08100,CLJU_RS08095,CLJU_RS20875,CLJU_RS02035,CLJU_RS01155,CLJU_RS19980,CLJU_RS15035,CLJU_RS12480,CLJU_RS07210,CLJU_RS03475,CLJU_RS08715,CLJU_RS10610,CLJU_RS06260
