Deletion size,Max growth rate,Min production rate,Deleted genes,,,,,,,,,
7,0.0769197471136813,0.143574323215772,CLJU_RS11895,CLJU_RS00610,CLJU_RS01155,CLJU_RS08715,CLJU_RS06110,CLJU_RS18530,CLJU_RS05590,,,
7,0.0769197471136813,0.143574323215772,CLJU_RS18515,CLJU_RS00610,CLJU_RS01155,CLJU_RS08715,CLJU_RS06110,CLJU_RS18530,CLJU_RS05590,,,
7,0.0769197471136813,0.143574323215772,CLJU_RS11895,CLJU_RS00965,CLJU_RS01155,CLJU_RS08715,CLJU_RS06110,CLJU_RS18530,CLJU_RS05590,,,
7,0.0769197471136813,0.143574323215772,CLJU_RS18515,CLJU_RS00965,CLJU_RS01155,CLJU_RS08715,CLJU_RS06110,CLJU_RS18530,CLJU_RS05590,,,
9,0.157070516769804,0.00182175128283089,CLJU_RS05830,CLJU_RS08100,CLJU_RS08095,CLJU_RS00965,CLJU_RS01155,CLJU_RS06110,CLJU_RS02910,CLJU_RS01595,CLJU_RS05590,
9,0.157070516769804,0.00182175128283089,CLJU_RS05830,CLJU_RS08100,CLJU_RS08095,CLJU_RS00610,CLJU_RS01155,CLJU_RS06110,CLJU_RS02910,CLJU_RS01595,CLJU_RS05590,
10,0.155293150449112,0.00500345359902662,CLJU_RS05830,CLJU_RS08100,CLJU_RS08095,CLJU_RS00965,CLJU_RS01155,CLJU_RS06110,CLJU_RS02030,CLJU_RS18940,CLJU_RS01595,CLJU_RS05590
10,0.155293150449112,0.00500345359902662,CLJU_RS05830,CLJU_RS08100,CLJU_RS08095,CLJU_RS00610,CLJU_RS01155,CLJU_RS06110,CLJU_RS02030,CLJU_RS18940,CLJU_RS01595,CLJU_RS05590
