Deletion size,Max growth rate,Min production rate,Deleted genes
1,0.210755303466515,0.232579436651592,CLJU_RS01130
1,0.210755303466515,0.232579436651592,CLJU_RS06205
