Deletion size,Max growth rate,Min production rate,Deleted genes,,,,,,
2,0.211167125751607,0.087821662427158,CLJU_RS19990,CLJU_RS14130,,,,,
3,0.211167125751607,0.0878216624271649,CLJU_RS19990,CLJU_RS07210,CLJU_RS03475,,,,
6,0.211167125751607,0.0878216624271401,CLJU_RS14130,CLJU_RS02910,CLJU_RS15045,CLJU_RS12495,CLJU_RS02030,CLJU_RS18940,
7,0.211167125751607,0.0878216624271902,CLJU_RS07210,CLJU_RS03475,CLJU_RS02910,CLJU_RS15045,CLJU_RS12495,CLJU_RS02030,CLJU_RS18940
