Deletion size,Max growth rate,Min production rate,Deleted genes,,,,,,
2,0.189647535616841,0.0788719446448492,CLJU_RS19990,CLJU_RS11345,,,,,
3,0.189647535616851,0.0788719446448429,CLJU_RS19990,CLJU_RS07210,CLJU_RS03475,,,,
6,0.189647535616841,0.0788719446448759,CLJU_RS11345,CLJU_RS02910,CLJU_RS15045,CLJU_RS12495,CLJU_RS02030,CLJU_RS18940,
7,0.189647535616841,0.0788719446448759,CLJU_RS07210,CLJU_RS03475,CLJU_RS02910,CLJU_RS15045,CLJU_RS12495,CLJU_RS02030,CLJU_RS18940
