Deletion size,Max growth rate,Min production rate,Deleted genes,,,,,,
2,0.200329903521883,0.0833146025860317,CLJU_RS19990,CLJU_RS14130,,,,,
3,0.200329903521772,0.0833146025856455,CLJU_RS19990,CLJU_RS07210,CLJU_RS03475,,,,
6,0.200329903521883,0.0833146025860284,CLJU_RS14130,CLJU_RS02910,CLJU_RS15045,CLJU_RS12495,CLJU_RS02030,CLJU_RS18940,
7,0.200329903521883,0.0833146025858028,CLJU_RS07210,CLJU_RS03475,CLJU_RS02910,CLJU_RS15045,CLJU_RS12495,CLJU_RS02030,CLJU_RS18940
