Deletion size,Max growth rate,Min production rate,Deleted genes
1,0.359606707775734,0.0236958524799232,PHATRDRAFT_41812
1,0.359606707775729,0.0236958524808322,PHATRDRAFT_23709
