Deletion size,Max growth rate,Min production rate,Deleted genes,,,,,,,,,
2,0.208663405110024,0.0560624389574941,PHATRDRAFT_10454,PHATRDRAFT_23913,,,,,,,,
2,0.208663405110115,0.0560624389575187,PHATRDRAFT_10454,PHATRDRAFT_20310,,,,,,,,
3,0.208663405110351,0.0560624389575821,PHATRDRAFT_10454,PHATRDRAFT_41886,PHATRDRAFT_39681,,,,,,,
4,0.176806056981064,0.0586992448428296,PHATRDRAFT_9619,PHATRDRAFT_50372,PHATRDRAFT_23913,PHATRDRAFT_10693,,,,,,
4,0.176806056981064,0.0586992448428296,PHATRDRAFT_28882,PHATRDRAFT_9619,PHATRDRAFT_50372,PHATRDRAFT_23913,,,,,,
5,0.305901819830001,0.037549197395249,PHATRDRAFT_9619,PHATRDRAFT_2215,PHATRDRAFT_20310,PHATRDRAFT_18064,PHATRDRAFT_10693,,,,,
5,0.305901819830001,0.037549197395249,PHATRDRAFT_28882,PHATRDRAFT_9619,PHATRDRAFT_2215,PHATRDRAFT_20310,PHATRDRAFT_18064,,,,,
10,0.324938798818773,0.0242389884144407,PHATRDRAFT_54476,PHATRDRAFT_45451,PHATRDRAFT_1769,PHATRDRAFT_20905,PHATRDRAFT_38946,Phatr3_EG01947,Phatr3_EG02011,PHATRDRAFT_50149,PHATRDRAFT_51970,PHATRDRAFT_44384
10,0.343083062894575,0.0115529447517035,PHATRDRAFT_18337,PHATRDRAFT_54476,PHATRDRAFT_45451,PHATRDRAFT_1769,PHATRDRAFT_20310,PHATRDRAFT_31544,Phatr3_EG02011,PHATRDRAFT_50149,PHATRDRAFT_39772,PHATRDRAFT_36390
