Deletion size,Max growth rate,Min production rate,Deleted genes,,,,
2,0.208663405110053,0.056062438957502,PHATRDRAFT_10454,PHATRDRAFT_23913,,,
2,0.208663405110612,0.0560624389576521,PHATRDRAFT_10454,PHATRDRAFT_20310,,,
3,0.208663405109938,0.056062438957471,PHATRDRAFT_10454,PHATRDRAFT_41886,PHATRDRAFT_39681,,
4,0.176806056980332,0.0586992448425866,PHATRDRAFT_9619,PHATRDRAFT_50372,PHATRDRAFT_23913,PHATRDRAFT_10693,
4,0.176806056980332,0.0586992448425866,PHATRDRAFT_28882,PHATRDRAFT_9619,PHATRDRAFT_50372,PHATRDRAFT_23913,
5,0.176806056981066,0.0586992448428303,PHATRDRAFT_9619,PHATRDRAFT_50372,PHATRDRAFT_20310,PHATRDRAFT_18064,PHATRDRAFT_10693
5,0.176806056981011,0.0586992448428121,PHATRDRAFT_9619,PHATRDRAFT_50372,PHATRDRAFT_41886,PHATRDRAFT_39681,PHATRDRAFT_10693
5,0.305901819829973,0.0375491973952456,PHATRDRAFT_28882,PHATRDRAFT_9619,PHATRDRAFT_20143,PHATRDRAFT_2215,PHATRDRAFT_20310
