Deletion size,Max growth rate,Min production rate,Deleted genes,,,,,
1,0.221497753357271,0.709927986734723,TM0066,,,,,
1,0.221497753357278,0.709927986731085,TM0428,,,,,
5,0.205610333370877,0.991249154238994,TM1255,TM1698,TM0540,TM0209,TM0272,
5,0.209046526938173,0.93388324522749,TM0540,TM0209,TM0272,TM0128,TM1867,
6,0.205610333370806,0.991249154229423,TM1255,TM1698,TM0209,TM0272,TM1867,TM0542
