Deletion size,Max growth rate,Min production rate,Deleted genes,
2,0.2255573729641,0.0146093510469024,TM0211,TM0546
2,0.2255573729641,0.0146093510469024,TM0211,TM0545
