Deletion size,Max growth rate,Min production rate,Deleted genes,
2,0.226205129426274,0.01465181519452,TM0211,TM0545
2,0.226205129426274,0.01465181519452,TM0211,TM0546
