Deletion size,Max growth rate,Min production rate,Deleted genes,
2,0.226205090182407,0.0146513036908811,TM0211,TM0546
2,0.226205090182407,0.0146513036908811,TM0211,TM0545
