Deletion size,Max growth rate,Min production rate,Deleted genes,
2,0.226120394442314,0.0146458179479384,TM0211,TM0546
2,0.226120394442314,0.0146458179479384,TM0211,TM0545
