Deletion size,Max growth rate,Min production rate,Deleted genes
1,0.195504840770697,0.0783271815968781,TM0428
1,0.195504839915692,0.0783271812543316,TM0066
