Deletion size,Max growth rate,Min production rate,Deleted genes
1,0.192043844990391,0.307762264337266,TM0066
1,0.192043844990501,0.307762264337453,TM0428
