Deletion size,Max growth rate,Min production rate,Deleted genes,,,
3,0.0625205841209084,3.94046636804781,TM0273,TM1640,TM1217,
4,0.0625262680864463,3.94045729784419,TM0209,TM0289,TM1640,TM1217
