Deletion size,Max growth rate,Min production rate,Deleted genes,
2,0.2252489046176,0.00729299640957759,TM0211,TM0545
2,0.2252489046176,0.00729299640957759,TM0211,TM0546
