Deletion size,Max growth rate,Min production rate,Deleted genes,
2,0.225360977257308,0.014596630497684,TM0211,TM0546
2,0.225360977257308,0.014596630497684,TM0211,TM0545
