Deletion size,Max growth rate,Min production rate,Deleted genes
1,0.195825671791041,0.0570587051181131,TM0066
1,0.195825671791042,0.0570587051180921,TM0428
