Deletion size,Max growth rate,Min production rate,Deleted genes,
2,0.225136943390621,0.0145719886718244,TM0211,TM0545
2,0.225136943390621,0.0145719886718244,TM0211,TM0546
