Deletion size,Max growth rate,Min production rate,Deleted genes
1,0.195825671790985,0.0570587051180827,TM0428
1,0.195825671791041,0.0570587051181131,TM0066
