Deletion size,Max growth rate,Min production rate,Deleted genes,
2,0.22520694500848,0.00729332691356901,TM0211,TM0545
2,0.22520694500848,0.00729332691356901,TM0211,TM0546
