Deletion size,Max growth rate,Min production rate,Deleted genes,
2,0.22637471145006,0.0146627329681001,TM0211,TM0546
2,0.22637471145006,0.0146627329681001,TM0211,TM0545
