Deletion size,Max growth rate,Min production rate,Deleted genes,
2,0.225108970472572,0.0145803080163791,TM0211,TM0545
2,0.225108970472572,0.0145803080163791,TM0211,TM0546
