Deletion size,Max growth rate,Min production rate,Deleted genes
1,0.220165801689195,0.705658915139083,TM0066
1,0.220165801689209,0.705658915139407,TM0428
