Deletion size,Max growth rate,Min production rate,Deleted genes,,,,,
1,0.194442170114409,0.623211460487857,TM1155,,,,,
1,0.194442170114409,0.623211460487857,TM1154,,,,,
1,0.19444217011436,0.623211460486383,TM0066,,,,,
1,0.194442170114387,0.623211460488005,TM0428,,,,,
2,0.215843584583926,0.230520300804924,TM0540,TM0444,,,,
3,0.215843584583926,0.230520300804924,TM0444,TM1867,TM0542,,,
6,0.222015758657667,0.117268057675546,TM1255,TM1698,TM0444,TM1401,TM0128,TM0542
