Deletion size,Max growth rate,Min production rate,Deleted genes,,,
3,0.0277100231593011,0.260830624014885,TM1415,TM1611,TM0202,
3,0.208464782596739,0.102942272248219,TM0882,TM0211,TM0546,
3,0.0277100231593006,0.260830624014804,TM1611,TM0202,TM1419,
3,0.208464782596739,0.102942272248219,TM0882,TM0211,TM0545,
3,0.0277100231593006,0.260830624014804,TM1611,TM0202,TM_1418,
4,0.0779537726427641,0.00504906585149186,TM1611,TM0211,TM0202,TM0545
4,0.0779537726427641,0.00504906585149186,TM1611,TM0211,TM0202,TM0546
