Deletion size,Max growth rate,Min production rate,Deleted genes
1,0.111964436346768,0.358860014045806,TM0428
1,0.111964436346769,0.358860014045912,TM0066
