Deletion size,Max growth rate,Min production rate,Deleted genes,,,,,,,,,,,,,,,,,,,,,,,,,,,,,,
4,0.838670393899754,0.440266732640827,b4069,b0335,b0726,b0728,,,,,,,,,,,,,,,,,,,,,,,,,,,
28,0.59588554781491,0.0237707683200848,b4467,b1478,b1241,b0351,b4069,b3708,b2926,b1004,b3713,b1109,b0046,b3236,b4015,b0335,b2799,b3945,b1602,b2342,b3845,b3915,b0728,b0529,b1380,b2660,b0606,b2285,b1009,b4209,,,
29,0.578049591640604,0.0259104948957305,b4467,b1478,b1241,b0351,b4069,b3708,b3844,b1004,b3713,b1109,b0046,b3236,b1779,b0937,b4015,b1701,b1805,b0335,b2799,b3945,b1602,b2913,b0728,b0529,b1380,b0606,b0221,b2285,b1011,,
30,0.610457955632057,0.0273631673971858,b3553,b1478,b1241,b0351,b4069,b3708,b3844,b1004,b3713,b1109,b0046,b3236,b1779,b1033,b0335,b2799,b3945,b1602,b0507,b0153,b0584,b0728,b0529,b3821,b1380,b2660,b0606,b0221,b2285,b1007,
31,0.584095448130786,0.180455704589824,b3553,b1478,b3942,b1732,b1241,b0351,b4069,b2926,b3844,b1004,b3713,b1109,b0046,b2463,b2210,b1033,b3551,b0335,b3945,b1602,b0153,b4219,b1832,b1778,b0590,b0728,b1380,b1710,b2480,b0606,b2285
