Deletion size,Max growth rate,Min production rate,Deleted genes,,,,,,
7,0.800973382663761,0.264879494726758,b0945,b4138,b4123,b0621,b0612,b0723,b1206
