Deletion size,Max growth rate,Min production rate,Deleted genes,,,,
5,0.568367575811819,0.561728474158435,b3114,b3952,b0903,b0529,b1985
