Deletion size,Max growth rate,Min production rate,Deleted genes,,,,,,
7,0.801767236208971,0.265142019712598,b0945,b4138,b4123,b0621,b0612,b0723,b1206
