Deletion size,Max growth rate,Min production rate,Deleted genes,,,
4,0.764865554319024,0.755931159777151,b3114,b3952,b0903,b0529
