Deletion size,Max growth rate,Min production rate,Deleted genes,,,,,,
3,0.810775874938105,0.47982202743928,b0008,b2464,b2029,,,,
5,0.810775874938102,0.47982202744842,b0008,b0767,b2464,b0837,b0124,,
5,0.810775874938105,0.47982202744568,b0008,b0767,b2464,b3437,b4268,,
5,0.810775874938102,0.47982202744842,b0008,b2464,b1852,b0837,b0124,,
5,0.810775874938105,0.47982202744568,b0008,b2464,b1852,b3437,b4268,,
7,0.810775874938105,0.479822027444138,b0008,b0767,b2464,b4265,b4321,b3415,b4476
