Deletion size,Max growth rate,Min production rate,Deleted genes,,,,,,
7,0.801502443574479,0.265054453582749,b0945,b4138,b4123,b0621,b0612,b0723,b1206
