Deletion size,Max growth rate,Min production rate,Deleted genes,,,,,,
7,0.810333966049541,0.267975011570685,b0945,b4138,b4123,b0621,b0612,b0723,b1206
