Deletion size,Max growth rate,Min production rate,Deleted genes,,,
4,0.767353615176332,0.758390157591505,b3114,b3952,b0903,b0529
