Deletion size,Max growth rate,Min production rate,Deleted genes,,,,,,,,,,,,,,,,,,,,,,,,,,,,
1,0.828360514334629,0.153466210688205,b2599,,,,,,,,,,,,,,,,,,,,,,,,,,,,
25,0.737940572312248,0.136714560126229,b4382,b4069,b4384,b3708,b3008,b3752,b3115,b1849,b2296,b2407,b1982,b2797,b3117,b1814,b4471,b0261,b2406,b0114,b1539,b2492,b0904,b1533,b3927,b3821,b3662,,,,
28,0.539223090708748,0.0998991659001907,b4382,b1241,b0351,b4069,b4384,b3708,b2297,b2458,b0030,b2407,b1982,b2797,b3117,b1814,b4471,b3616,b3589,b0261,b2406,b0112,b0114,b2366,b2492,b0904,b1533,b2835,b0494,b3662,
29,0.539223090708794,0.0998991658980798,b1241,b0351,b4069,b4384,b3708,b3115,b1849,b2296,b3617,b0030,b2407,b1238,b1982,b2797,b3117,b1814,b4471,b0261,b1701,b1805,b4381,b2406,b0112,b0114,b2366,b2492,b0904,b1533,b3662
29,0.53922309070878,0.0998991658973484,b1241,b0351,b4069,b4384,b3708,b2297,b2458,b0030,b2407,b1238,b1982,b2797,b3117,b1814,b4471,b3616,b3589,b0261,b1701,b1805,b4381,b2406,b0112,b0114,b1539,b2492,b0904,b1533,b3662
