Deletion size,Max growth rate,Min production rate,Deleted genes,,,,,,
3,0.816120106539621,0.482984775782484,b0008,b2464,b2029,,,,
5,0.816120106539183,0.482984775767477,b0008,b0767,b2464,b3437,b4268,,
5,0.816120106539183,0.482984775767477,b0008,b2464,b1852,b3437,b4268,,
5,0.816120106539308,0.482984775751333,b0008,b2464,b1852,b0837,b0124,,
5,0.816120106539308,0.482984775751333,b0008,b0767,b2464,b0837,b0124,,
7,0.816120106539172,0.482984775758496,b0008,b2464,b1852,b4265,b4321,b3415,b4476
7,0.816120106539172,0.482984775758496,b0008,b0767,b2464,b4265,b4321,b3415,b4476
