Deletion size,Max growth rate,Min production rate,Deleted genes,,,
4,0.657574717458913,0.64989358723463,b3114,b3952,b0903,b0529
