Deletion size,Max growth rate,Min production rate,Deleted genes,,,,,,
3,0.810367677803797,0.479580453929249,b0008,b2464,b2029,,,,
5,0.810367677803912,0.479580453930485,b0008,b0767,b2464,b3437,b4268,,
5,0.810367677804032,0.47958045393465,b0008,b0767,b2464,b0837,b0124,,
5,0.810367677804032,0.47958045393465,b0008,b2464,b1852,b0837,b0124,,
5,0.810367677803912,0.479580453930485,b0008,b2464,b1852,b3437,b4268,,
7,0.810367677803797,0.479580453927973,b0008,b2464,b1852,b4265,b4321,b3415,b4476
7,0.810367677803797,0.479580453927973,b0008,b0767,b2464,b4265,b4321,b3415,b4476
