Deletion size,Max growth rate,Min production rate,Deleted genes,,,,,,
3,0.815706511777209,0.482740007926156,b0008,b2464,b2029,,,,
5,0.815706511777209,0.482740007912784,b0008,b0767,b2464,b3437,b4268,,
5,0.815706511777224,0.482740007912599,b0008,b2464,b1852,b0837,b0124,,
5,0.815706511777224,0.482740007912599,b0008,b0767,b2464,b0837,b0124,,
5,0.815706511777209,0.482740007912784,b0008,b2464,b1852,b3437,b4268,,
7,0.815706511777209,0.482740007912169,b0008,b0767,b2464,b4265,b4321,b3415,b4476
7,0.815706511777209,0.482740007912169,b0008,b2464,b1852,b4265,b4321,b3415,b4476
