Deletion size,Max growth rate,Min production rate,Deleted genes,,,,,,,,
6,0.188890637486269,3.01684901216314,YOL086C,YDL168W,YGL256W,YBR145W,YEL047C,YLR348C,,,
6,0.189502597954083,2.96344752051753,YOL086C,YDL168W,YGL256W,YBR145W,YPL262W,YLR348C,,,
7,0.185655281441075,3.60685101119146,YOL086C,YDL168W,YMR303C,YGL256W,YBR145W,YMR083W,YEL047C,,
7,0.186246425107556,3.55624574968577,YOL086C,YDL168W,YMR303C,YGL256W,YBR145W,YMR083W,YPL262W,,
7,0.188556989927938,3.0536572349206,YOL086C,YDL168W,YMR303C,YGL256W,YBR145W,YEL047C,YKL085W,,
7,0.189166786862355,3.00046935127983,YOL086C,YDL168W,YMR303C,YGL256W,YBR145W,YPL262W,YKL085W,,
8,0.188890637514026,3.01684904940963,YOL086C,YDL168W,YGL256W,YBR145W,YIL155C,YLR348C,YKL148C,YDR178W,
9,0.185655281467097,3.60685104288602,YOL086C,YDL168W,YMR303C,YGL256W,YBR145W,YMR083W,YIL155C,YKL148C,YDR178W
9,0.188556989914061,3.05365718980128,YOL086C,YDL168W,YMR303C,YGL256W,YBR145W,YIL155C,YKL085W,YKL148C,YDR178W
