Deletion size,Max growth rate,Min production rate,Deleted genes,,,,,,,,,,,,,,,
11,0.144778716149936,1.7733678453559,YOL086C,YDL168W,YMR303C,YGL256W,YBR145W,YMR083W,YGR087C,YLR044C,YLR134W,YJL121C,YLR348C,,,,,
13,0.17082921789683,0.368997978980882,YOL086C,YDL168W,YMR303C,YGL256W,YBR145W,YMR083W,YMR318C,YBR036C,YGR087C,YLR044C,YLR134W,YDR148C,YLR348C,,,
13,0.170829217889891,0.368997970110998,YOL086C,YDL168W,YMR303C,YGL256W,YBR145W,YMR083W,YMR318C,YBR036C,YGR087C,YLR044C,YLR134W,YGR244C,YLR348C,,,
14,0.170829217896826,0.368998002273884,YOL086C,YDL168W,YMR303C,YGL256W,YBR145W,YMR083W,YMR318C,YBR036C,YGR087C,YLR044C,YLR134W,YLR348C,YKL141W,YMR118C,,
14,0.145017989718066,1.77069211851772,YOL086C,YDL168W,YMR303C,YGL256W,YBR145W,YMR083W,YMR318C,YBR036C,YGR087C,YLR044C,YLR134W,YOR375C,YAL062W,YLR348C,,
15,0.144778716056262,1.98759234328443,YOL086C,YDL168W,YMR303C,YGL256W,YBR145W,YBR068C,YMR083W,YDR046C,YBR069C,YGR087C,YLR044C,YLR134W,YCL025C,YKR039W,YJL121C,
16,0.167117524376335,0.808366407439696,YOL086C,YDL168W,YMR303C,YGL256W,YBR145W,YBR068C,YMR083W,YMR318C,YBR036C,YDR046C,YBR069C,YGR087C,YLR044C,YLR134W,YCL025C,YKR039W
