Deletion size,Max growth rate,Min production rate,Deleted genes,,,,,,,,,,,,
3,0.27645599051555,0.330279207714512,YLR027C,YHR208W,YGR244C,,,,,,,,,,
3,0.276455990460035,0.330279206128399,YLR027C,YDR148C,YHR208W,,,,,,,,,,
4,0.276431255690891,0.330249661684546,YLR027C,YHR208W,YKL141W,YMR118C,,,,,,,,,
13,0.134204282913868,0.0111133846753668,YGR087C,YLR044C,YLR134W,YDR380W,YDL080C,YDL210W,YOR348C,YLR027C,YDR148C,YOR120W,YJL121C,YLR348C,YBR006W
