Deletion size,Max growth rate,Min production rate,Deleted genes,,,
2,0.155143408419831,0.158060104454474,YNR001C,YPR001W,,
2,0.216414285730684,0.0881238971329695,UNKNOWN,YBR291C,,
2,0.27314847248564,0.0189291892050155,YLR043C,YDR353W,,
3,0.155143408471871,0.158060104551143,YKL106W,YKL085W,YKL120W,
4,0.216368071960744,0.088105078799267,YDR035W,YLR348C,YKL085W,YKL029C
4,0.24567624010687,0.0500196824733926,YDR035W,YPL262W,YLR348C,YOL126C
4,0.20174260672304,0.102767683847016,YKL106W,YPL262W,YOL126C,YKL120W
4,0.216368072482896,0.0881050790555325,YBR291C,YLR348C,YKL085W,YKL029C
