Deletion size,Max growth rate,Min production rate,Deleted genes,,,
2,0.155143408471872,0.158060104494385,YNR001C,YPR001W,,
2,0.216414285768842,0.0881238970904173,UNKNOWN,YBR291C,,
2,0.273148472381557,0.0189291892037666,YLR043C,YDR353W,,
3,0.15514340848575,0.15806010461472,YKL106W,YKL085W,YKL120W,
4,0.216368072338911,0.0881050790547722,YBR291C,YLR348C,YKL085W,YKL029C
4,0.24567624003401,0.0500196823922413,YDR035W,YPL262W,YLR348C,YOL126C
4,0.245676240087786,0.0500196825036076,YBR291C,YPL262W,YLR348C,YOL126C
4,0.216368072255644,0.0881050789030269,YDR035W,YLR348C,YKL085W,YKL029C
4,0.201742606723038,0.102767683847012,YKL106W,YPL262W,YOL126C,YKL120W
