Deletion size,Max growth rate,Min production rate,Deleted genes,,,,,,,,,,,,
4,0.160320119198008,0.198680395078868,YPO0357,YPO3992,YPO0347,YPO1108,,,,,,,,,
13,0.183861921994856,0.160727127935966,YPO4078,YPO3825,YPO3992,YPO0347,YPO1569,YPO1108,YPO1617,YPO2552,YPO0670,YPO0440,YPO2295,YPO3358,YPO4056
