Deletion size,Max growth rate,Min production rate,Deleted genes,,,
4,0.101920190384012,0.0568658610671822,BSU04470,BSU07570,BSU29120,BSU29220
