Deletion size,Max growth rate,Min production rate,Deleted genes,,,,,
3,0.440372508117604,0.302536353453887,STM2081,STM0007,STM2473,,,
5,0.44037250811761,0.302536353454057,STM1886,STM0169,STM0861,STM0007,STM2473,
5,0.44037250811761,0.302536353454057,STM0169,STM0861,STM0785,STM0007,STM2473,
5,0.440372508117604,0.302536353449344,STM3542,STM4485,STM0785,STM0007,STM2473,
5,0.440372508117604,0.302536353449344,STM1886,STM3542,STM4485,STM0007,STM2473,
6,0.440372508117606,0.302536353453772,STM4482,STM1886,STM3512,STM3541,STM0007,STM2473
6,0.440372508117606,0.302536353453772,STM4482,STM3512,STM3541,STM0785,STM0007,STM2473
