{"PFK": 4.518150e+00, "PFL": 0, "PGI": -4.526875e+00, "PGK": -1.336961e+01, "PGL": 1.438534e+01, "ACALD": 0, "AKGt2r": 0, "PGM": -1.233678e+01, "PIt2r": 2.539755e+00, "ALCD2x": 0, "ACALDt": 0, "ACKr": 0, "PPC": 1.978395e+00, "ACONTa": 7.448668e-01, "ACONTb": 7.448668e-01, "ATPM": 8.390000e+00, "PPCK": 0, "ACt2r": 0, "PPS": 0, "ADK1": 0, "AKGDH": 0, "ATPS4r": 4.100758e+01, "PTAr": 0, "PYK": 0, "BIOMASS_Ecoli_core_w_GAM": 6.903947e-01, "PYRt2": -4.711922e+00, "CO2t": -1.648414e+01, "RPE": 9.093973e+00, "CS": 7.448668e-01, "RPI": -5.291370e+00, "SUCCt2_2": 0, "CYTBD": 3.608388e+01, "D_LACt2": 0, "ENO": 1.233678e+01, "SUCCt3": 0, "ETOHt2r": 0, "SUCDi": 0, "SUCOAS": 0, "TALA": 4.671603e+00, "THD2": 0, "TKT1": 4.671603e+00, "TKT2": 4.422370e+00, "TPI": 4.518150e+00, "EX_ac_e": 0, "EX_acald_e": 0, "EX_akg_e": 0, "EX_co2_e": 1.648414e+01, "EX_etoh_e": 0, "EX_for_e": 0, "EX_fru_e": 0, "EX_fum_e": 0, "EX_glc__D_e": -10, "EX_gln__L_e": 0, "EX_glu__L_e": 0, "EX_h_e": 1.856124e+01, "EX_h2o_e": 2.622518e+01, "EX_lac__D_e": 0, "EX_mal__L_e": 0, "EX_nh4_e": -3.764584e+00, "EX_o2_e": -1.804194e+01, "EX_pi_e": -2.539755e+00, "EX_pyr_e": 4.711922e+00, "EX_succ_e": 0, "FBA": 4.518150e+00, "FBP": 0, "FORt2": 0, "FORt": 0, "FRD7": 0, "FRUpts2": 0, "FUM": 0, "FUMt2_2": 0, "G6PDH2r": 1.438534e+01, "GAPD": 1.336961e+01, "GLCpts": 10, "GLNS": 1.765339e-01, "GLNabc": 0, "GLUDy": -3.588050e+00, "GLUN": 0, "GLUSy": 0, "GLUt2r": 0, "GND": 1.438534e+01, "H2Ot": -2.622518e+01, "ICDHyr": 7.448668e-01, "ICL": 0, "LDH_D": 0, "MALS": 0, "MALt2_2": 0, "MDH": 0, "ME1": 0, "ME2": 0, "NADH16": 3.608388e+01, "NADTRHD": 1.693311e+01, "NH4t": 3.764584e+00, "O2t": 1.804194e+01, "PDH": 3.332328e+00}