{"PFK": 9.386233e+00, "PFL": 0, "PGI": 9.873507e+00, "PGK": -1.835973e+01, "PGL": 0, "ACALD": 0, "AKGt2r": 0, "PGM": -1.743664e+01, "PIt2r": 2.269896e+00, "ALCD2x": 0, "ACALDt": 0, "ACKr": -1.062196e+01, "PPC": 1.768182e+00, "ACONTa": 6.657217e-01, "ACONTb": 6.657217e-01, "ATPM": 8.390000e+00, "PPCK": 0, "ACt2r": -1.062196e+01, "PPS": 0, "ADK1": 0, "AKGDH": 0, "ATPS4r": 2.050918e+01, "PTAr": 1.062196e+01, "PYK": 5.348155e+00, "BIOMASS_Ecoli_core_w_GAM": 6.170374e-01, "PYRt2": 0, "CO2t": -1.249775e+01, "RPE": -4.435265e-01, "CS": 6.657217e-01, "RPI": -4.435265e-01, "SUCCt2_2": 0, "CYTBD": 2.356879e+01, "D_LACt2": 0, "ENO": 1.743664e+01, "SUCCt3": 0, "ETOHt2r": 0, "SUCDi": 0, "SUCOAS": 0, "TALA": -1.103880e-01, "THD2": 1.057979e+01, "TKT1": -1.103880e-01, "TKT2": -3.331385e-01, "TPI": 9.386233e+00, "EX_ac_e": 1.062196e+01, "EX_acald_e": 0, "EX_akg_e": 0, "EX_co2_e": 1.249775e+01, "EX_etoh_e": 0, "EX_for_e": 0, "EX_fru_e": 0, "EX_fum_e": 0, "EX_glc__D_e": -10, "EX_gln__L_e": 0, "EX_glu__L_e": 0, "EX_h_e": 2.299973e+01, "EX_h2o_e": 1.699250e+01, "EX_lac__D_e": 0, "EX_mal__L_e": 0, "EX_nh4_e": -3.364582e+00, "EX_o2_e": -1.178439e+01, "EX_pi_e": -2.269896e+00, "EX_pyr_e": 0, "EX_succ_e": 0, "FBA": 9.386233e+00, "FBP": 0, "FORt2": 0, "FORt": 0, "FRD7": 0, "FRUpts2": 0, "FUM": 0, "FUMt2_2": 0, "G6PDH2r": 0, "GAPD": 1.835973e+01, "GLCpts": 10, "GLNS": 1.577765e-01, "GLNabc": 0, "GLUDy": -3.206805e+00, "GLUN": 0, "GLUSy": 0, "GLUt2r": 0, "GND": 0, "H2Ot": -1.699250e+01, "ICDHyr": 6.657217e-01, "ICL": 0, "LDH_D": 0, "MALS": 0, "MALt2_2": 0, "MDH": 0, "ME1": 0, "ME2": 0, "NADH16": 2.356879e+01, "NADTRHD": 0, "NH4t": 3.364582e+00, "O2t": 1.178439e+01, "PDH": 1.360021e+01}