{"PFK": 9.579571e+00, "PFL": 0, "PGI": 9.917357e+00, "PGK": -1.887977e+01, "PGL": 0, "ACALD": 0, "AKGt2r": -6.912189e+00, "PGM": -1.827668e+01, "PIt2r": 1.512159e+00, "ALCD2x": 0, "ACALDt": 0, "ACKr": 0, "PPC": 8.067412e+00, "ACONTa": 7.347131e+00, "ACONTb": 7.347131e+00, "ATPM": 1.741743e+01, "PPCK": 0, "ACt2r": 0, "PPS": 0, "ADK1": 0, "AKGDH": 0, "ATPS4r": 3.233180e+01, "PTAr": 0, "PYK": 0, "BIOMASS_Ecoli_core_w_GAM": 4.031348e-01, "PYRt2": 0, "CO2t": -8.137719e+00, "RPE": -3.092044e-01, "CS": 7.347131e+00, "RPI": -3.092044e-01, "SUCCt2_2": 0, "CYTBD": 2.916769e+01, "D_LACt2": 0, "ENO": 1.827668e+01, "SUCCt3": 0, "ETOHt2r": 0, "SUCDi": 0, "SUCOAS": 0, "TALA": -8.183636e-02, "THD2": 0, "TKT1": -8.183636e-02, "TKT2": -2.273680e-01, "TPI": 9.579571e+00, "EX_ac_e": 0, "EX_acald_e": 0, "EX_akg_e": 6.912189e+00, "EX_co2_e": 8.137719e+00, "EX_etoh_e": 0, "EX_for_e": 0, "EX_fru_e": 0, "EX_fum_e": 0, "EX_glc__D_e": -10, "EX_gln__L_e": 0, "EX_glu__L_e": 0, "EX_h_e": 2.191126e+01, "EX_h2o_e": 2.492784e+01, "EX_lac__D_e": 0, "EX_mal__L_e": 0, "EX_nh4_e": -2.198213e+00, "EX_o2_e": -1.458384e+01, "EX_pi_e": -1.512159e+00, "EX_pyr_e": 0, "EX_succ_e": 0, "FBA": 9.579571e+00, "FBP": 0, "FORt2": 0, "FORt": 0, "FRD7": 0, "FRUpts2": 0, "FUM": 0, "FUMt2_2": 0, "G6PDH2r": 0, "GAPD": 1.887977e+01, "GLCpts": 10, "GLNS": 1.030816e-01, "GLNabc": 0, "GLUDy": -2.095132e+00, "GLUN": 0, "GLUSy": 0, "GLUt2r": 0, "GND": 0, "H2Ot": -2.492784e+01, "ICDHyr": 7.347131e+00, "ICL": 0, "LDH_D": 0, "MALS": 0, "MALt2_2": 0, "MDH": 0, "ME1": 0, "ME2": 0, "NADH16": 2.916769e+01, "NADTRHD": 0, "NH4t": 2.198213e+00, "O2t": 1.458384e+01, "PDH": 8.858000e+00, "Transport": 2.914664e-02}