{"PFK": 7.970764e+00, "PFL": 0, "PGI": 5.914894e+00, "PGK": -1.351700e+01, "PGL": 3.937384e+00, "ACALD": 0, "AKGt2r": 0, "PGM": -1.243899e+01, "PIt2r": 9.160809e+00, "ALCD2x": 0, "ACALDt": 0, "ACKr": 0, "PPC": 2.064934e+00, "ACONTa": 5.258059e+00, "ACONTb": 5.258059e+00, "ATPM": 8.390000e+00, "PPCK": 0, "ACt2r": 0, "PPS": 0, "ADK1": 0, "AKGDH": 4.480610e+00, "ATPS4r": 4.164614e+01, "PTAr": 0, "PYK": 0, "BIOMASS_Ecoli_core_w_GAM": 7.205941e-01, "PYRt2": 0, "CO2t": -1.956982e+01, "RPE": 2.106960e+00, "CS": 5.258059e+00, "RPI": -1.830424e+00, "SUCCt2_2": 0, "CYTBD": 4.072846e+01, "D_LACt2": 0, "ENO": 1.243899e+01, "SUCCt3": 0, "ETOHt2r": 0, "SUCDi": 4.480610e+00, "SUCOAS": -4.480610e+00, "TALA": 1.183547e+00, "THD2": 0, "TKT1": 1.183547e+00, "TKT2": 9.234126e-01, "TPI": 7.970764e+00, "EX_ac_e": 0, "EX_acald_e": 0, "EX_akg_e": 0, "EX_co2_e": 1.956982e+01, "EX_etoh_e": 0, "EX_for_e": 0, "EX_fru_e": 0, "EX_fum_e": 0, "EX_glc__D_e": -10, "EX_gln__L_e": 0, "EX_glu__L_e": 0, "EX_h_e": 1.445512e+01, "EX_h2o_e": 3.132887e+01, "EX_lac__D_e": 0, "EX_mal__L_e": 0, "EX_nh4_e": -3.929255e+00, "EX_o2_e": -2.036423e+01, "EX_pi_e": -9.160809e+00, "EX_pyr_e": 0, "EX_succ_e": 0, "FBA": 7.970764e+00, "FBP": 0, "FORt2": 0, "FORt": 0, "FRD7": 0, "FRUpts2": 0, "FUM": 4.480610e+00, "FUMt2_2": 0, "G6PDH2r": 3.937384e+00, "GAPD": 1.677198e+01, "GLCpts": 10, "GLNS": 1.842559e-01, "GLNabc": 0, "GLUDy": -3.744999e+00, "GLUN": 0, "GLUSy": 0, "GLUt2r": 0, "GND": 3.937384e+00, "H2Ot": -3.132887e+01, "ICDHyr": 5.258059e+00, "ICL": 0, "LDH_D": 0, "MALS": 0, "MALt2_2": 0, "MDH": 4.480610e+00, "ME1": 0, "ME2": 0, "NADH16": 3.624785e+01, "NADTRHD": 0, "NH4t": 3.929255e+00, "O2t": 2.036423e+01, "PDH": 7.958701e+00, "Transport": 3.254980e+00}