{"PFK": 5.082973e+00, "PFL": 0, "PGI": -2.592546e+00, "PGK": -1.379085e+01, "PGL": 1.243332e+01, "ACALD": 0, "AKGt2r": 0, "PGM": -1.262890e+01, "PIt2r": 2.857255e+00, "ALCD2x": 0, "ACALDt": 0, "ACKr": 0, "PPC": 2.225718e+00, "ACONTa": 4.888832e+00, "ACONTb": 4.888832e+00, "ATPM": 8.390000e+00, "PPCK": 0, "ACt2r": 0, "PPS": 0, "ADK1": 0, "AKGDH": 0, "ATPS4r": 4.633529e+01, "PTAr": 0, "PYK": 0, "BIOMASS_Ecoli_core_w_GAM": 7.767024e-01, "PYRt2": 0, "CO2t": -1.884535e+01, "RPE": 7.730588e+00, "CS": 4.888832e+00, "RPI": -4.702734e+00, "SUCCt2_2": 0, "CYTBD": 4.399650e+01, "D_LACt2": 0, "ENO": 1.262890e+01, "SUCCt3": 0, "ETOHt2r": 0, "SUCDi": 4.050848e+00, "SUCOAS": 0, "TALA": 4.005489e+00, "THD2": 0, "TKT1": 4.005489e+00, "TKT2": 3.725099e+00, "TPI": 5.082973e+00, "EX_ac_e": 0, "EX_acald_e": 0, "EX_akg_e": 0, "EX_co2_e": 1.884535e+01, "EX_etoh_e": 0, "EX_for_e": 0, "EX_fru_e": 0, "EX_fum_e": 0, "EX_glc__D_e": -10, "EX_gln__L_e": 0, "EX_glu__L_e": 0, "EX_h_e": 1.963150e+01, "EX_h2o_e": 2.855400e+01, "EX_lac__D_e": 0, "EX_mal__L_e": 0, "EX_nh4_e": -4.235203e+00, "EX_o2_e": -2.199825e+01, "EX_pi_e": -2.857255e+00, "EX_pyr_e": 0, "EX_succ_e": 0, "FBA": 5.082973e+00, "FBP": 0, "FORt2": 0, "FORt": 0, "FRD7": 0, "FRUpts2": 0, "FUM": 4.050848e+00, "FUMt2_2": 0, "G6PDH2r": 1.243332e+01, "GAPD": 1.379085e+01, "GLCpts": 10, "GLNS": 1.986028e-01, "GLNabc": 0, "GLUDy": -4.036600e+00, "GLUN": 0, "GLUSy": 0, "GLUt2r": 0, "GND": 1.243332e+01, "H2Ot": -2.855400e+01, "ICDHyr": 8.379842e-01, "ICL": 4.050848e+00, "LDH_D": 0, "MALS": 0, "MALt2_2": 0, "MDH": 4.050848e+00, "ME1": 0, "ME2": 0, "NADH16": 3.994565e+01, "NADTRHD": 1.154923e+01, "NH4t": 4.235203e+00, "O2t": 2.199825e+01, "PDH": 7.799757e+00, "Transport": 4.050848e+00}