{"PFK": 7.131889e+00, "PFL": 0, "PGI": 3.606985e+00, "PGK": -1.580817e+01, "PGL": 6.229898e+00, "ACALD": 0, "AKGt2r": 0, "PGM": -1.461781e+01, "PIt2r": 2.927125e+00, "ALCD2x": 0, "ACALDt": 0, "ACKr": 0, "PPC": 0, "ACONTa": 5.505183e+00, "ACONTb": 5.505183e+00, "ATPM": 8.390000e+00, "PPCK": 0, "ACt2r": 0, "PPS": 0, "ADK1": 0, "AKGDH": 0, "ATPS4r": 4.330297e+01, "PTAr": 0, "PYK": 4.204764e+00, "BIOMASS_Ecoli_core_w_GAM": 7.956956e-01, "PYRt2": 0, "CO2t": -2.022237e+01, "RPE": 3.581319e+00, "CS": 5.505183e+00, "RPI": -2.648579e+00, "SUCCt2_2": 0, "CYTBD": 4.097150e+01, "D_LACt2": 0, "ENO": 1.461781e+01, "SUCCt3": 0, "ETOHt2r": 0, "SUCDi": 3.463426e+00, "SUCOAS": 0, "TALA": 1.934283e+00, "THD2": 0, "TKT1": 1.934283e+00, "TKT2": 1.647036e+00, "TPI": 7.131889e+00, "EX_ac_e": 0, "EX_acald_e": 0, "EX_akg_e": 0, "EX_co2_e": 2.022237e+01, "EX_etoh_e": 0, "EX_for_e": 0, "EX_fru_e": 0, "EX_fum_e": 0, "EX_glc__D_e": -10, "EX_gln__L_e": 0, "EX_glu__L_e": 0, "EX_h_e": 1.832822e+01, "EX_h2o_e": 2.838510e+01, "EX_lac__D_e": 0, "EX_mal__L_e": 0, "EX_nh4_e": -4.338769e+00, "EX_o2_e": -2.048575e+01, "EX_pi_e": -2.927125e+00, "EX_pyr_e": 0, "EX_succ_e": 0, "FBA": 7.131889e+00, "FBP": 0, "FORt2": 0, "FORt": 0, "FRD7": 0, "FRUpts2": 0, "FUM": 3.463426e+00, "FUMt2_2": 0, "G6PDH2r": 6.229898e+00, "GAPD": 1.580817e+01, "GLCpts": 10, "GLNS": 2.034594e-01, "GLNabc": 0, "GLUDy": -4.135310e+00, "GLUN": 0, "GLUSy": 0, "GLUt2r": 0, "GND": 6.229898e+00, "H2Ot": -2.838510e+01, "ICDHyr": 2.041757e+00, "ICL": 3.463426e+00, "LDH_D": 0, "MALS": 3.463426e+00, "MALt2_2": 0, "MDH": 6.926852e+00, "ME1": 0, "ME2": 0, "NADH16": 3.750807e+01, "NADTRHD": 0, "NH4t": 4.338769e+00, "O2t": 2.048575e+01, "PDH": 1.195072e+01, "Transport": 1.183281e+00}