{"PFK": 9.970284e+00, "PFL": 0, "PGI": 9.993876e+00, "PGK": -1.992059e+01, "PGL": 0, "ACALD": -8.659507e+00, "AKGt2r": -5.122268e-01, "PGM": -1.987589e+01, "PIt2r": 1.098984e-01, "ALCD2x": -2.157868e+00, "ACALDt": 0, "ACKr": 0, "PPC": 9.860386e+00, "ACONTa": 5.444581e-01, "ACONTb": 5.444581e-01, "ATPM": 8.390000e+00, "PPCK": 0, "ACt2r": 0, "PPS": 0, "ADK1": 0, "AKGDH": 0, "ATPS4r": 2.341162e-01, "PTAr": 0, "PYK": 0, "BIOMASS_Ecoli_core_w_GAM": 2.987425e-02, "PYRt2": -5.994447e-01, "CO2t": 0, "RPE": -2.147361e-02, "CS": 5.444581e-01, "RPI": -2.147361e-02, "SUCCt2_2": 0, "CYTBD": 0, "D_LACt2": 0, "ENO": 1.987589e+01, "SUCCt3": 9.262551e+00, "ETOHt2r": -2.157868e+00, "SUCDi": 0, "SUCOAS": 0, "TALA": -5.344502e-03, "THD2": 0, "TKT1": -5.344502e-03, "TKT2": -1.612910e-02, "TPI": 9.970284e+00, "EX_ac_e": 0, "EX_acald_e": 0, "EX_akg_e": 5.122268e-01, "EX_co2_e": 0, "EX_etoh_e": 2.157868e+00, "EX_for_e": 0, "EX_fru_e": 0, "EX_fum_e": 0, "EX_glc__D_e": -10, "EX_gln__L_e": 0, "EX_glu__L_e": 0, "EX_h_e": 2.074828e+01, "EX_h2o_e": 8.946198e+00, "EX_lac__D_e": 0, "EX_mal__L_e": 0, "EX_nh4_e": -1.628983e-01, "EX_o2_e": 0, "EX_pi_e": -1.098984e-01, "EX_pyr_e": 5.994447e-01, "EX_succ_e": 9.262551e+00, "FBA": 9.970284e+00, "FBP": 0, "FORt2": 0, "FORt": 0, "FRD7": 9.262551e+00, "FRUpts2": 0, "FUM": -9.262551e+00, "FUMt2_2": 0, "G6PDH2r": 0, "GAPD": 1.992059e+01, "GLCpts": 10, "GLNS": 7.638844e-03, "GLNabc": 0, "GLUDy": -1.552594e-01, "GLUN": 0, "GLUSy": 0, "GLUt2r": 0, "GND": 0, "H2Ot": -8.946198e+00, "ICDHyr": 5.444581e-01, "ICL": 0, "LDH_D": 0, "MALS": 0, "MALt2_2": 0, "MDH": -9.262551e+00, "ME1": 0, "ME2": 0, "NADH16": 9.262551e+00, "NADTRHD": 0, "NH4t": 1.628983e-01, "O2t": 0, "PDH": 9.315928e+00, "Transport": 6.501639e+00}