{"PFK": 8.919765e+00, "PFL": 0, "PGI": 8.202432e+00, "PGK": -1.805589e+01, "PGL": 1.691115e+00, "ACALD": -5.011316e-01, "AKGt2r": -5.521429e+00, "PGM": -1.727904e+01, "PIt2r": 1.910282e+00, "ALCD2x": 0, "ACALDt": -5.011316e-01, "ACKr": 0, "PPC": 7.009483e+00, "ACONTa": 6.081682e+00, "ACONTb": 6.081682e+00, "ATPM": 8.390000e+00, "PPCK": 0, "ACt2r": 0, "PPS": 0, "ADK1": 0, "AKGDH": 0, "ATPS4r": 3.044491e+01, "PTAr": 0, "PYK": 0, "BIOMASS_Ecoli_core_w_GAM": 5.192819e-01, "PYRt2": 0, "CO2t": -9.292293e+00, "RPE": 7.541504e-01, "CS": 6.081682e+00, "RPI": -9.369649e-01, "SUCCt2_2": 0, "CYTBD": 2.792563e+01, "D_LACt2": 0, "ENO": 1.727904e+01, "SUCCt3": 0, "ETOHt2r": 0, "SUCDi": 0, "SUCOAS": 0, "TALA": 4.708056e-01, "THD2": 0, "TKT1": 4.708056e-01, "TKT2": 2.833448e-01, "TPI": 8.919765e+00, "EX_ac_e": 0, "EX_acald_e": 5.011316e-01, "EX_akg_e": 5.521429e+00, "EX_co2_e": 9.292293e+00, "EX_etoh_e": 0, "EX_for_e": 0, "EX_fru_e": 0, "EX_fum_e": 0, "EX_glc__D_e": -10, "EX_gln__L_e": 0, "EX_glu__L_e": 0, "EX_h_e": 2.145965e+01, "EX_h2o_e": 2.411781e+01, "EX_lac__D_e": 0, "EX_mal__L_e": 0, "EX_nh4_e": -2.831540e+00, "EX_o2_e": -1.396281e+01, "EX_pi_e": -1.910282e+00, "EX_pyr_e": 0, "EX_succ_e": 0, "FBA": 8.919765e+00, "FBP": 0, "FORt2": 0, "FORt": 0, "FRD7": 0, "FRUpts2": 0, "FUM": 0, "FUMt2_2": 0, "G6PDH2r": 1.691115e+00, "GAPD": 1.805589e+01, "GLCpts": 10, "GLNS": 1.327804e-01, "GLNabc": 0, "GLUDy": -2.698760e+00, "GLUN": 0, "GLUSy": 0, "GLUt2r": 0, "GND": 1.691115e+00, "H2Ot": -2.411781e+01, "ICDHyr": 6.081682e+00, "ICL": 0, "LDH_D": 0, "MALS": 0, "MALt2_2": 0, "MDH": 0, "ME1": 0, "ME2": 0, "NADH16": 2.792563e+01, "NADTRHD": 0, "NH4t": 2.831540e+00, "O2t": 1.396281e+01, "PDH": 8.528978e+00}