{"PFK": 9.597044e+00, "PFL": 0, "PGI": 9.916954e+00, "PGK": -1.892312e+01, "PGL": 0, "ACALD": 0, "AKGt2r": 0, "PGM": -1.831708e+01, "PIt2r": 1.490251e+00, "ALCD2x": 0, "ACALDt": 0, "ACKr": -2.928496e+00, "PPC": 8.106793e+00, "ACONTa": 4.370653e-01, "ACONTb": 4.370653e-01, "ATPM": 8.390000e+00, "PPCK": 0, "ACt2r": -2.928496e+00, "PPS": 0, "ADK1": 0, "AKGDH": 0, "ATPS4r": 2.046821e+01, "PTAr": 2.928496e+00, "PYK": 0, "BIOMASS_Ecoli_core_w_GAM": 4.051027e-01, "PYRt2": -1.091455e+01, "CO2t": -4.160008e+00, "RPE": -2.911878e-01, "CS": 4.370653e-01, "RPI": -2.911878e-01, "SUCCt2_2": 0, "CYTBD": 1.829789e+01, "D_LACt2": 0, "ENO": 1.831708e+01, "SUCCt3": 0, "ETOHt2r": 0, "SUCDi": 0, "SUCOAS": 0, "TALA": -7.247287e-02, "THD2": 0, "TKT1": -7.247287e-02, "TKT2": -2.187149e-01, "TPI": 9.597044e+00, "EX_ac_e": 2.928496e+00, "EX_acald_e": 0, "EX_akg_e": 0, "EX_co2_e": 4.160008e+00, "EX_etoh_e": 0, "EX_for_e": 0, "EX_fru_e": 0, "EX_fum_e": 0, "EX_glc__D_e": -10, "EX_gln__L_e": 0, "EX_glu__L_e": 0, "EX_h_e": 2.196941e+01, "EX_h2o_e": 1.802549e+01, "EX_lac__D_e": 0, "EX_mal__L_e": 0, "EX_nh4_e": -2.208944e+00, "EX_o2_e": -9.148944e+00, "EX_pi_e": -1.490251e+00, "EX_pyr_e": 1.091455e+01, "EX_succ_e": 0, "FBA": 9.597044e+00, "FBP": 0, "FORt2": 0, "FORt": 0, "FRD7": 0, "FRUpts2": 0, "FUM": 0, "FUMt2_2": 0, "G6PDH2r": 0, "GAPD": 1.892312e+01, "GLCpts": 10, "GLNS": 1.035848e-01, "GLNabc": 0, "GLUDy": -2.105359e+00, "GLUN": 0, "GLUSy": 0, "GLUt2r": 0, "GND": 0, "H2Ot": -1.802549e+01, "ICDHyr": 4.370653e-01, "ICL": 0, "LDH_D": 0, "MALS": 0, "MALt2_2": 0, "MDH": -6.945931e+00, "ME1": 0, "ME2": 6.945931e+00, "NADH16": 1.829789e+01, "NADTRHD": 0, "NH4t": 2.208944e+00, "O2t": 9.148944e+00, "PDH": 4.883805e+00}