{"PFK": 9.027433e+00, "PFL": 0, "PGI": 8.474990e+00, "PGK": -1.819375e+01, "PGL": 1.422278e+00, "ACALD": -4.137064e-01, "AKGt2r": 0, "PGM": -1.744406e+01, "PIt2r": 1.843510e+00, "ALCD2x": 0, "ACALDt": -4.137064e-01, "ACKr": 0, "PPC": 7.183923e+00, "ACONTa": 6.288553e+00, "ACONTb": 6.288553e+00, "ATPM": 8.390000e+00, "PPCK": 0, "ACt2r": 0, "PPS": 0, "ADK1": 0, "AKGDH": 0, "ATPS4r": 2.932445e+01, "PTAr": 0, "PYK": 0, "BIOMASS_Ecoli_core_w_GAM": 5.011308e-01, "PYRt2": 0, "CO2t": -9.107304e+00, "RPE": 5.879724e-01, "CS": 6.288553e+00, "RPI": -8.343054e-01, "SUCCt2_2": 0, "CYTBD": 2.813795e+01, "D_LACt2": 0, "ENO": 1.744406e+01, "SUCCt3": 0, "ETOHt2r": 0, "SUCDi": 0, "SUCOAS": 0, "TALA": 3.844403e-01, "THD2": 0, "TKT1": 3.844403e-01, "TKT2": 2.035321e-01, "TPI": 9.027433e+00, "EX_ac_e": 0, "EX_acald_e": 4.137064e-01, "EX_akg_e": 0, "EX_co2_e": 9.107304e+00, "EX_etoh_e": 0, "EX_for_e": 0, "EX_fru_e": 0, "EX_fum_e": 0, "EX_glc__D_e": -10, "EX_gln__L_e": 0, "EX_glu__L_e": 0, "EX_h_e": 2.154845e+01, "EX_h2o_e": 2.425351e+01, "EX_lac__D_e": 0, "EX_mal__L_e": 0, "EX_nh4_e": -2.732566e+00, "EX_o2_e": -1.406898e+01, "EX_pi_e": -1.843510e+00, "EX_pyr_e": 0, "EX_succ_e": 0, "FBA": 9.027433e+00, "FBP": 0, "FORt2": 0, "FORt": 0, "FRD7": 0, "FRUpts2": 0, "FUM": 0, "FUMt2_2": 0, "G6PDH2r": 1.422278e+00, "GAPD": 1.819375e+01, "GLCpts": 10, "GLNS": 1.281391e-01, "GLNabc": 0, "GLUDy": -2.604427e+00, "GLUN": 0, "GLUSy": 0, "GLUt2r": 0, "GND": 1.422278e+00, "H2Ot": -2.425351e+01, "ICDHyr": 6.288553e+00, "ICL": 0, "LDH_D": 0, "MALS": 0, "MALt2_2": 0, "MDH": 0, "ME1": 0, "ME2": 0, "NADH16": 2.813795e+01, "NADTRHD": 0, "NH4t": 2.732566e+00, "O2t": 1.406898e+01, "PDH": 8.580397e+00, "Transport": 5.747883e+00}