{"PFK": 6.093921e+00, "PFL": 0, "PGI": 6.052749e+00, "PGK": -1.346364e+01, "PGL": 3.801771e+00, "ACALD": 0, "AKGt2r": 0, "PGM": -1.240199e+01, "PIt2r": 4.060319e+00, "ALCD2x": 0, "ACALDt": 0, "ACKr": 0, "PPC": 2.033602e+00, "ACONTa": 5.330011e+00, "ACONTb": 5.330011e+00, "ATPM": 8.390000e+00, "PPCK": 0, "ACt2r": 0, "PPS": 0, "ADK1": 0, "AKGDH": 4.564359e+00, "ATPS4r": 3.908215e+01, "PTAr": 0, "PYK": 0, "BIOMASS_Ecoli_core_w_GAM": 7.096600e-01, "PYRt2": 0, "CO2t": -1.965222e+01, "RPE": 1.541180e+00, "CS": 5.330011e+00, "RPI": -2.260592e+00, "SUCCt2_2": 0, "CYTBD": 3.766355e+01, "D_LACt2": 0, "ENO": 1.240199e+01, "SUCCt3": 0, "ETOHt2r": 0, "SUCDi": 4.564359e+00, "SUCOAS": -4.564359e+00, "TALA": 1.738371e-01, "THD2": 0, "TKT1": 1.623530e+00, "TKT2": -8.235016e-02, "TPI": 6.093921e+00, "EX_ac_e": 0, "EX_acald_e": 0, "EX_akg_e": 0, "EX_co2_e": 1.965222e+01, "EX_etoh_e": 0, "EX_for_e": 0, "EX_fru_e": 0, "EX_fum_e": 0, "EX_glc__D_e": -10, "EX_gln__L_e": 0, "EX_glu__L_e": 0, "EX_h_e": 1.423578e+01, "EX_h2o_e": 2.627136e+01, "EX_lac__D_e": 0, "EX_mal__L_e": 0, "EX_nh4_e": -3.869634e+00, "EX_o2_e": -1.883178e+01, "EX_pi_e": -4.060319e+00, "EX_pyr_e": 0, "EX_succ_e": 0, "FBA": 6.093921e+00, "FBP": 0, "FORt2": 0, "FORt": 0, "FRD7": 0, "FRUpts2": 0, "FUM": 4.564359e+00, "FUMt2_2": 0, "G6PDH2r": 3.801771e+00, "GAPD": 1.346364e+01, "GLCpts": 10, "GLNS": 1.814601e-01, "GLNabc": 0, "GLUDy": -3.688174e+00, "GLUN": 0, "GLUSy": 0, "GLUt2r": 0, "GND": 3.801771e+00, "H2Ot": -2.627136e+01, "ICDHyr": 5.330011e+00, "ICL": 0, "LDH_D": 0, "MALS": 0, "MALt2_2": 0, "MDH": 4.564359e+00, "ME1": 0, "ME2": 0, "NADH16": 3.309920e+01, "NADTRHD": 0, "NH4t": 3.869634e+00, "O2t": 1.883178e+01, "PDH": 7.989675e+00, "Transport": 1.449693e+00}