{"PFK": 6.332992e+00, "PFL": 0, "PGI": 4.385782e+00, "PGK": -1.344609e+01, "PGL": 3.757184e+00, "ACALD": 0, "AKGt2r": 0, "PGM": -1.238982e+01, "PIt2r": 4.309692e+00, "ALCD2x": 0, "ACALDt": 0, "ACKr": 0, "PPC": 2.023300e+00, "ACONTa": 5.353668e+00, "ACONTb": 5.353668e+00, "ATPM": 8.390000e+00, "PPCK": 0, "ACt2r": 0, "PPS": 0, "ADK1": 0, "AKGDH": 4.591895e+00, "ATPS4r": 3.909530e+01, "PTAr": 0, "PYK": 0, "BIOMASS_Ecoli_core_w_GAM": 7.060651e-01, "PYRt2": 0, "CO2t": -1.967931e+01, "RPE": 1.997270e+00, "CS": 5.353668e+00, "RPI": -1.759914e+00, "SUCCt2_2": 0, "CYTBD": 3.772605e+01, "D_LACt2": 0, "ENO": 1.238982e+01, "SUCCt3": 0, "ETOHt2r": 0, "SUCDi": 4.591895e+00, "SUCOAS": -4.591895e+00, "TALA": 1.126080e+00, "THD2": 0, "TKT1": 1.126080e+00, "TKT2": 8.711901e-01, "TPI": 6.332992e+00, "EX_ac_e": 0, "EX_acald_e": 0, "EX_akg_e": 0, "EX_co2_e": 1.967931e+01, "EX_etoh_e": 0, "EX_for_e": 0, "EX_fru_e": 0, "EX_fum_e": 0, "EX_glc__D_e": -10, "EX_gln__L_e": 0, "EX_glu__L_e": 0, "EX_h_e": 1.416367e+01, "EX_h2o_e": 2.653486e+01, "EX_lac__D_e": 0, "EX_mal__L_e": 0, "EX_nh4_e": -3.850032e+00, "EX_o2_e": -1.886302e+01, "EX_pi_e": -4.309692e+00, "EX_pyr_e": 0, "EX_succ_e": 0, "FBA": 6.332992e+00, "FBP": 0, "FORt2": 0, "FORt": 0, "FRD7": 0, "FRUpts2": 0, "FUM": 4.591895e+00, "FUMt2_2": 0, "G6PDH2r": 3.757184e+00, "GAPD": 1.344609e+01, "GLCpts": 10, "GLNS": 1.805408e-01, "GLNabc": 0, "GLUDy": -3.669491e+00, "GLUN": 0, "GLUSy": 0, "GLUt2r": 0, "GND": 3.757184e+00, "H2Ot": -2.653486e+01, "ICDHyr": 5.353668e+00, "ICL": 0, "LDH_D": 0, "MALS": 0, "MALt2_2": 0, "MDH": 4.591895e+00, "ME1": 0, "ME2": 0, "NADH16": 3.313415e+01, "NADTRHD": 0, "NH4t": 3.850032e+00, "O2t": 1.886302e+01, "PDH": 7.999859e+00, "Transport": 1.712290e+00}