{"PFK": 9.518964e+00, "PFL": 0, "PGI": 9.900862e+00, "PGK": -1.865618e+01, "PGL": 0, "ACALD": 0, "AKGt2r": -6.295875e+00, "PGM": -1.793271e+01, "PIt2r": 1.837288e+00, "ALCD2x": 0, "ACALDt": 0, "ACKr": 0, "PPC": 7.681676e+00, "ACONTa": 6.817630e+00, "ACONTb": 6.817630e+00, "ATPM": 8.390000e+00, "PPCK": 0, "ACt2r": 0, "PPS": 0, "ADK1": 0, "AKGDH": 0, "ATPS4r": 2.830049e+01, "PTAr": 0, "PYK": 0, "BIOMASS_Ecoli_core_w_GAM": 4.835988e-01, "PYRt2": 0, "CO2t": -7.766015e+00, "RPE": -3.476108e-01, "CS": 6.817630e+00, "RPI": -3.476108e-01, "SUCCt2_2": 0, "CYTBD": 2.700560e+01, "D_LACt2": 0, "ENO": 1.793271e+01, "SUCCt3": 0, "ETOHt2r": 0, "SUCDi": 0, "SUCOAS": 0, "TALA": -8.651582e-02, "THD2": 1.995958e+00, "TKT1": -8.651582e-02, "TKT2": -2.610950e-01, "TPI": 9.518964e+00, "EX_ac_e": 0, "EX_acald_e": 0, "EX_akg_e": 6.295875e+00, "EX_co2_e": 7.766015e+00, "EX_etoh_e": 0, "EX_for_e": 0, "EX_fru_e": 0, "EX_fum_e": 0, "EX_glc__D_e": -10, "EX_gln__L_e": 0, "EX_glu__L_e": 0, "EX_h_e": 2.229274e+01, "EX_h2o_e": 2.393877e+01, "EX_lac__D_e": 0, "EX_mal__L_e": 0, "EX_nh4_e": -2.636967e+00, "EX_o2_e": -1.350280e+01, "EX_pi_e": -1.837288e+00, "EX_pyr_e": 0, "EX_succ_e": 0, "FBA": 9.518964e+00, "FBP": 0, "FORt2": 0, "FORt": 0, "FRD7": 0, "FRUpts2": 0, "FUM": 0, "FUMt2_2": 0, "G6PDH2r": 0, "GAPD": 1.865618e+01, "GLCpts": 10, "GLNS": 1.236562e-01, "GLNabc": 0, "GLUDy": -2.513311e+00, "GLUN": 0, "GLUSy": 0, "GLUt2r": 0, "GND": 0, "H2Ot": -2.393877e+01, "ICDHyr": 6.817630e+00, "ICL": 0, "LDH_D": 0, "MALS": 0, "MALt2_2": 0, "MDH": 0, "ME1": 0, "ME2": 0, "NADH16": 2.700560e+01, "NADTRHD": 0, "NH4t": 2.636967e+00, "O2t": 1.350280e+01, "PDH": 8.630061e+00, "Transport": 5.827365e-02}