{"PFK": 5.338742e+00, "PFL": 0, "PGI": 0, "PGK": -1.316892e+01, "PGL": 9.866898e+00, "ACALD": 0, "AKGt2r": 0, "PGM": -1.219760e+01, "PIt2r": 3.478177e+00, "ALCD2x": 0, "ACALDt": 0, "ACKr": -5.026871e+00, "PPC": 1.860565e+00, "ACONTa": 7.005038e-01, "ACONTb": 7.005038e-01, "ATPM": 8.390000e+00, "PPCK": 0, "ACt2r": -5.026871e+00, "PPS": 0, "ADK1": 0, "AKGDH": 0, "ATPS4r": 3.453216e+01, "PTAr": 5.026871e+00, "PYK": 0, "BIOMASS_Ecoli_core_w_GAM": 6.492759e-01, "PYRt2": 0, "CO2t": -1.577788e+01, "RPE": 5.384776e+00, "CS": 7.005038e-01, "RPI": -3.392437e+00, "SUCCt2_2": 0, "CYTBD": 3.114420e+01, "D_LACt2": 0, "ENO": 1.219760e+01, "SUCCt3": 0, "ETOHt2r": 0, "SUCDi": 0, "SUCOAS": 0, "TALA": 2.809582e+00, "THD2": 0, "TKT1": 2.809582e+00, "TKT2": 2.575194e+00, "TPI": 5.338742e+00, "EX_ac_e": 5.026871e+00, "EX_acald_e": 0, "EX_akg_e": 0, "EX_co2_e": 1.577788e+01, "EX_etoh_e": 0, "EX_for_e": 0, "EX_fru_e": 0, "EX_fum_e": 0, "EX_glc__D_e": -10, "EX_gln__L_e": 0, "EX_glu__L_e": 0, "EX_h_e": 1.914103e+01, "EX_h2o_e": 2.159715e+01, "EX_lac__D_e": 0, "EX_mal__L_e": 0, "EX_nh4_e": -3.540372e+00, "EX_o2_e": -1.557210e+01, "EX_pi_e": -3.478177e+00, "EX_pyr_e": 0, "EX_succ_e": 0, "FBA": 5.338742e+00, "FBP": 0, "FORt2": 0, "FORt": 0, "FRD7": 0, "FRUpts2": 0, "FUM": 0, "FUMt2_2": 0, "G6PDH2r": 9.866898e+00, "GAPD": 1.316892e+01, "GLCpts": 10, "GLNS": 1.660198e-01, "GLNabc": 0, "GLUDy": -3.374352e+00, "GLUN": 0, "GLUSy": 0, "GLUt2r": 0, "GND": 8.777213e+00, "H2Ot": -2.159715e+01, "ICDHyr": 7.005038e-01, "ICL": 0, "LDH_D": 0, "MALS": 0, "MALt2_2": 0, "MDH": 0, "ME1": 0, "ME2": 0, "NADH16": 3.114420e+01, "NADTRHD": 7.511562e+00, "NH4t": 3.540372e+00, "O2t": 1.557210e+01, "PDH": 8.160731e+00, "Transport": 1.089686e+00}