{"PFK": 9.139895e+00, "PFL": 0, "PGI": 9.927508e+00, "PGK": -1.778907e+01, "PGL": 0, "ACALD": 0, "AKGt2r": -6.063170e+00, "PGM": -1.726006e+01, "PIt2r": 2.063397e+00, "ALCD2x": 0, "ACALDt": 0, "ACKr": 0, "PPC": 7.076498e+00, "ACONTa": 6.444689e+00, "ACONTb": 6.444689e+00, "ATPM": 1.712050e+01, "PPCK": 0, "ACt2r": 0, "PPS": 0, "ADK1": 0, "AKGDH": 0, "ATPS4r": 2.971163e+01, "PTAr": 0, "PYK": 0, "BIOMASS_Ecoli_core_w_GAM": 3.536180e-01, "PYRt2": -1.228292e+00, "CO2t": -7.138169e+00, "RPE": -7.625419e-01, "CS": 6.444689e+00, "RPI": 0, "SUCCt2_2": 0, "CYTBD": 2.681334e+01, "D_LACt2": 0, "ENO": 1.726006e+01, "SUCCt3": 0, "ETOHt2r": 0, "SUCDi": 0, "SUCOAS": 0, "TALA": -3.174429e-01, "THD2": 0, "TKT1": -3.174429e-01, "TKT2": -4.450990e-01, "TPI": 9.139895e+00, "EX_ac_e": 0, "EX_acald_e": 0, "EX_akg_e": 6.063170e+00, "EX_co2_e": 7.138169e+00, "EX_etoh_e": 0, "EX_for_e": 0, "EX_fru_e": 0, "EX_fum_e": 0, "EX_glc__D_e": -10, "EX_gln__L_e": 0, "EX_glu__L_e": 0, "EX_h_e": 2.044821e+01, "EX_h2o_e": 2.383124e+01, "EX_lac__D_e": 0, "EX_mal__L_e": 0, "EX_nh4_e": -1.928208e+00, "EX_o2_e": -1.340667e+01, "EX_pi_e": -2.063397e+00, "EX_pyr_e": 1.228292e+00, "EX_succ_e": 0, "FBA": 9.139895e+00, "FBP": 0, "FORt2": 0, "FORt": 0, "FRD7": 0, "FRUpts2": 0, "FUM": 0, "FUMt2_2": 0, "G6PDH2r": 0, "GAPD": 1.778907e+01, "GLCpts": 10, "GLNS": 9.042013e-02, "GLNabc": 0, "GLUDy": -1.837788e+00, "GLUN": 0, "GLUSy": 0, "GLUt2r": 0, "GND": 0, "H2Ot": -2.383124e+01, "ICDHyr": 6.444689e+00, "ICL": 0, "LDH_D": 0, "MALS": 0, "MALt2_2": 0, "MDH": 0, "ME1": 0, "ME2": 0, "NADH16": 2.681334e+01, "NADTRHD": 0, "NH4t": 1.928208e+00, "O2t": 1.340667e+01, "PDH": 7.769979e+00, "Transport": 7.625419e-01}