{"PFK": 9.271233e+00, "PFL": 3.956347e+00, "PGI": 8.339429e+00, "PGK": -1.895652e+01, "PGL": 1.621790e+00, "ACALD": -1.658426e+01, "AKGt2r": 0, "PGM": -1.867352e+01, "PIt2r": 6.959111e-01, "ALCD2x": -1.658426e+01, "ACALDt": 0, "ACKr": 0, "PPC": 5.420944e-01, "ACONTa": 2.040989e-01, "ACONTb": 2.040989e-01, "ATPM": 8.390000e+00, "PPCK": 0, "ACt2r": 0, "PPS": 0, "ADK1": 0, "AKGDH": 0, "ATPS4r": 2.034296e+00, "PTAr": 0, "PYK": 8.033227e+00, "BIOMASS_Ecoli_core_w_GAM": 1.891731e-01, "PYRt2": 0, "CO2t": 0, "RPE": 9.452160e-01, "CS": 2.040989e-01, "RPI": -6.765745e-01, "SUCCt2_2": 0, "CYTBD": 0, "D_LACt2": 0, "ENO": 1.867352e+01, "SUCCt3": 0, "ETOHt2r": -1.658426e+01, "SUCDi": 0, "SUCOAS": 0, "TALA": 5.067538e-01, "THD2": 0, "TKT1": 5.067538e-01, "TKT2": 4.384623e-01, "TPI": 9.271233e+00, "EX_ac_e": 0, "EX_acald_e": 0, "EX_akg_e": 0, "EX_co2_e": 0, "EX_etoh_e": 1.658426e+01, "EX_for_e": 3.956347e+00, "EX_fru_e": 0, "EX_fum_e": 0, "EX_glc__D_e": -10, "EX_gln__L_e": 0, "EX_glu__L_e": 0, "EX_h_e": 7.751160e+00, "EX_h2o_e": -3.814581e-01, "EX_lac__D_e": 0, "EX_mal__L_e": 0, "EX_nh4_e": -1.031523e+00, "EX_o2_e": 0, "EX_pi_e": -6.959111e-01, "EX_pyr_e": 0, "EX_succ_e": 0, "FBA": 9.271233e+00, "FBP": 0, "FORt2": 0, "FORt": -3.956347e+00, "FRD7": 0, "FRUpts2": 0, "FUM": 0, "FUMt2_2": 0, "G6PDH2r": 1.621790e+00, "GAPD": 1.895652e+01, "GLCpts": 10, "GLNS": 4.837156e-02, "GLNabc": 0, "GLUDy": -9.831515e-01, "GLUN": 0, "GLUSy": 0, "GLUt2r": 0, "GND": 1.621790e+00, "H2Ot": 3.814581e-01, "ICDHyr": 2.040989e-01, "ICL": 0, "LDH_D": 0, "MALS": 0, "MALt2_2": 0, "MDH": 0, "ME1": 0, "ME2": 0, "NADH16": 0, "NADTRHD": 0, "NH4t": 1.031523e+00, "O2t": 0, "PDH": 1.354099e+01, "Transport": 1.482479e+01}