{"PFK": 9.789459e+00, "PFL": 1.780467e+01, "PGI": 9.956609e+00, "PGK": -1.943734e+01, "PGL": 0, "ACALD": -8.279455e+00, "AKGt2r": 0, "PGM": -1.912069e+01, "PIt2r": 7.786445e-01, "ALCD2x": -8.279455e+00, "ACALDt": 0, "ACKr": -8.503585e+00, "PPC": 6.065413e-01, "ACONTa": 2.283632e-01, "ACONTb": 2.283632e-01, "ATPM": 8.390000e+00, "PPCK": 0, "ACt2r": -8.503585e+00, "PPS": 0, "ADK1": 0, "AKGDH": 0, "ATPS4r": -5.452053e+00, "PTAr": 8.503585e+00, "PYK": 8.404273e+00, "BIOMASS_Ecoli_core_w_GAM": 2.116629e-01, "PYRt2": 0, "CO2t": 3.781782e-01, "RPE": -1.521433e-01, "CS": 2.283632e-01, "RPI": -1.521433e-01, "SUCCt2_2": 0, "CYTBD": 0, "D_LACt2": 0, "ENO": 1.912069e+01, "SUCCt3": 0, "ETOHt2r": -8.279455e+00, "SUCDi": 0, "SUCOAS": 0, "TALA": -3.786650e-02, "THD2": 3.629194e+00, "TKT1": -3.786650e-02, "TKT2": -1.142768e-01, "TPI": 9.789459e+00, "EX_ac_e": 8.503585e+00, "EX_acald_e": 0, "EX_akg_e": 0, "EX_co2_e": -3.781782e-01, "EX_etoh_e": 8.279455e+00, "EX_for_e": 1.780467e+01, "EX_fru_e": 0, "EX_fum_e": 0, "EX_glc__D_e": -10, "EX_gln__L_e": 0, "EX_glu__L_e": 0, "EX_h_e": 3.055422e+01, "EX_h2o_e": -7.115796e+00, "EX_lac__D_e": 0, "EX_mal__L_e": 0, "EX_nh4_e": -1.154156e+00, "EX_o2_e": 0, "EX_pi_e": -7.786445e-01, "EX_pyr_e": 0, "EX_succ_e": 0, "FBA": 9.789459e+00, "FBP": 0, "FORt2": 0, "FORt": -1.780467e+01, "FRD7": 0, "FRUpts2": 0, "FUM": 0, "FUMt2_2": 0, "G6PDH2r": 0, "GAPD": 1.943734e+01, "GLCpts": 10, "GLNS": 5.412222e-02, "GLNabc": 0, "GLUDy": -1.100034e+00, "GLUN": 0, "GLUSy": 0, "GLUt2r": 0, "GND": 0, "H2Ot": 7.115796e+00, "ICDHyr": 2.283632e-01, "ICL": 0, "LDH_D": 0, "MALS": 0, "MALt2_2": 0, "MDH": 0, "ME1": 0, "ME2": 0, "NADH16": 0, "NADTRHD": 0, "NH4t": 1.154156e+00, "O2t": 0, "PDH": 0}