{"PFK": 9.485269e+00, "PFL": 0, "PGI": 9.900786e+00, "PGK": -1.865514e+01, "PGL": 0, "ACALD": 0, "AKGt2r": -6.293024e+00, "PGM": -1.793112e+01, "PIt2r": 1.805378e+00, "ALCD2x": 0, "ACALDt": 0, "ACKr": 0, "PPC": 7.679891e+00, "ACONTa": 6.815180e+00, "ACONTb": 6.815180e+00, "ATPM": 8.390000e+00, "PPCK": 0, "ACt2r": 0, "PPS": 0, "ADK1": 0, "AKGDH": 0, "ATPS4r": 2.829019e+01, "PTAr": 0, "PYK": 0, "BIOMASS_Ecoli_core_w_GAM": 4.839711e-01, "PYRt2": 0, "CO2t": -7.764296e+00, "RPE": -3.562096e-01, "CS": 6.815180e+00, "RPI": -3.562096e-01, "SUCCt2_2": 0, "CYTBD": 2.699560e+01, "D_LACt2": 0, "ENO": 1.793112e+01, "SUCCt3": 0, "ETOHt2r": 0, "SUCDi": 0, "SUCOAS": 0, "TALA": -1.032449e-01, "THD2": 2.005193e+00, "TKT1": -7.825121e-02, "TKT2": -2.779584e-01, "TPI": 9.485269e+00, "EX_ac_e": 0, "EX_acald_e": 0, "EX_akg_e": 6.293024e+00, "EX_co2_e": 7.764296e+00, "EX_etoh_e": 0, "EX_for_e": 0, "EX_fru_e": 0, "EX_fum_e": 0, "EX_glc__D_e": -10, "EX_gln__L_e": 0, "EX_glu__L_e": 0, "EX_h_e": 2.229451e+01, "EX_h2o_e": 2.390078e+01, "EX_lac__D_e": 0, "EX_mal__L_e": 0, "EX_nh4_e": -2.638997e+00, "EX_o2_e": -1.349780e+01, "EX_pi_e": -1.805378e+00, "EX_pyr_e": 0, "EX_succ_e": 0, "FBA": 9.485269e+00, "FBP": 0, "FORt2": 0, "FORt": 0, "FRD7": 0, "FRUpts2": 0, "FUM": 0, "FUMt2_2": 0, "G6PDH2r": 0, "GAPD": 1.865514e+01, "GLCpts": 10, "GLNS": 1.237514e-01, "GLNabc": 0, "GLUDy": -2.515246e+00, "GLUN": 0, "GLUSy": 0, "GLUt2r": 0, "GND": 0, "H2Ot": -2.390078e+01, "ICDHyr": 6.815180e+00, "ICL": 0, "LDH_D": 0, "MALS": 0, "MALt2_2": 0, "MDH": 0, "ME1": 0, "ME2": 0, "NADH16": 2.699560e+01, "NADTRHD": 0, "NH4t": 2.638997e+00, "O2t": 1.349780e+01, "PDH": 8.629007e+00, "Transport": 2.499365e-02}