{"PFK": 9.842932e+00, "PFL": 0, "PGI": 9.905738e+00, "PGK": -1.961729e+01, "PGL": 6.645676e-02, "ACALD": -1.791641e+01, "AKGt2r": 0, "PGM": -1.941438e+01, "PIt2r": 4.989581e-01, "ALCD2x": -1.791641e+01, "ACALDt": 0, "ACKr": 0, "PPC": 2.581360e+00, "ACONTa": 1.463359e-01, "ACONTb": 1.463359e-01, "ATPM": 8.390000e+00, "PPCK": 0, "ACt2r": 0, "PPS": 0, "ADK1": 0, "AKGDH": 0, "ATPS4r": 0, "PTAr": 0, "PYK": 6.762614e+00, "BIOMASS_Ecoli_core_w_GAM": 1.356344e-01, "PYRt2": 0, "CO2t": -1.839519e+01, "RPE": -5.318946e-02, "CS": 1.463359e-01, "RPI": -1.196462e-01, "SUCCt2_2": 0, "CYTBD": 6.439566e-01, "D_LACt2": 0, "ENO": 1.941438e+01, "SUCCt3": 0, "ETOHt2r": 0, "SUCDi": 0, "SUCOAS": 0, "TALA": -2.112731e-03, "THD2": 0, "TKT1": -2.112731e-03, "TKT2": -5.107673e-02, "TPI": 9.842932e+00, "EX_ac_e": 0, "EX_acald_e": 0, "EX_akg_e": 0, "EX_co2_e": 1.839519e+01, "EX_etoh_e": 0, "EX_for_e": 0, "EX_fru_e": 0, "EX_fum_e": 0, "EX_glc__D_e": -10, "EX_gln__L_e": 0, "EX_glu__L_e": 0, "EX_h_e": 2.720825e+00, "EX_h2o_e": 1.466800e+00, "EX_lac__D_e": 0, "EX_mal__L_e": 0, "EX_nh4_e": -7.395870e-01, "EX_o2_e": -3.219783e-01, "EX_pi_e": -4.989581e-01, "EX_pyr_e": 0, "EX_succ_e": 0, "FBA": 9.842932e+00, "FBP": 0, "FORt2": 0, "FORt": 0, "FRD7": 0, "FRUpts2": 0, "FUM": 0, "FUMt2_2": 0, "G6PDH2r": 6.645676e-02, "GAPD": 1.961729e+01, "GLCpts": 10, "GLNS": 3.468170e-02, "GLNabc": 0, "GLUDy": -7.049053e-01, "GLUN": 0, "GLUSy": 0, "GLUt2r": 0, "GND": 6.645676e-02, "H2Ot": -1.466800e+00, "ICDHyr": 1.463359e-01, "ICL": 0, "LDH_D": 0, "MALS": 0, "MALt2_2": 0, "MDH": -2.192687e+00, "ME1": 0, "ME2": 2.192687e+00, "NADH16": 6.439566e-01, "NADTRHD": 0, "NH4t": 7.395870e-01, "O2t": 3.219783e-01, "PDH": 1.857108e+01, "Transport": 1.791641e+01}