{"PFK": 5.245533e+00, "PFL": 4.270987e-01, "PGI": 5.315411e+00, "PGK": -1.043188e+01, "PGL": 0, "ACALD": 0, "AKGt2r": 0, "PGM": -1.029950e+01, "PIt2r": 4.991965e+00, "ALCD2x": 0, "ACALDt": 0, "ACKr": 0, "PPC": 2.535674e-01, "ACONTa": 9.546828e-02, "ACONTb": 9.546828e-02, "ATPM": 8.390000e+00, "PPCK": 0, "ACt2r": 0, "PPS": 0, "ADK1": 0, "AKGDH": 0, "ATPS4r": 8.978545e+00, "PTAr": 0, "PYK": 0, "BIOMASS_Ecoli_core_w_GAM": 8.848668e-02, "PYRt2": -9.322236e+00, "CO2t": 1.580992e-01, "RPE": -6.360423e-02, "CS": 9.546828e-02, "RPI": -6.360423e-02, "SUCCt2_2": 0, "CYTBD": 9.228538e+00, "D_LACt2": 0, "ENO": 1.029950e+01, "SUCCt3": 0, "ETOHt2r": 0, "SUCDi": 0, "SUCOAS": 0, "TALA": -1.583027e-02, "THD2": 1.517202e+00, "TKT1": -1.583027e-02, "TKT2": -4.777396e-02, "TPI": 5.245533e+00, "EX_ac_e": 0, "EX_acald_e": 0, "EX_akg_e": 0, "EX_co2_e": -1.580992e-01, "EX_etoh_e": 0, "EX_for_e": 4.270987e-01, "EX_fru_e": 0, "EX_fum_e": 0, "EX_glc__D_e": -10, "EX_gln__L_e": 0, "EX_glu__L_e": 0, "EX_h_e": 1.152438e+01, "EX_h2o_e": 1.447516e+01, "EX_lac__D_e": 0, "EX_mal__L_e": 0, "EX_nh4_e": -4.825002e-01, "EX_o2_e": -4.614269e+00, "EX_pi_e": -4.991965e+00, "EX_pyr_e": 9.322236e+00, "EX_succ_e": 0, "FBA": 5.245533e+00, "FBP": 0, "FORt2": 0, "FORt": -4.270987e-01, "FRD7": 0, "FRUpts2": 0, "FUM": 0, "FUMt2_2": 0, "G6PDH2r": 0, "GAPD": 1.043188e+01, "GLCpts": 10, "GLNS": 4.825002e-01, "GLNabc": 0, "GLUDy": 0, "GLUN": 0, "GLUSy": 4.598741e-01, "GLUt2r": 0, "GND": 0, "H2Ot": -1.447516e+01, "ICDHyr": 9.546828e-02, "ICL": 0, "LDH_D": 0, "MALS": 0, "MALt2_2": 0, "MDH": 0, "ME1": 0, "ME2": 0, "NADH16": 9.228538e+00, "NADTRHD": 0, "NH4t": 4.825002e-01, "O2t": 4.614269e+00, "PDH": 0, "Transport": 4.666449e+00}