{"PFK": 7.268877e+00, "PFL": 0, "PGI": 3.776857e+00, "PGK": -1.608948e+01, "PGL": 6.077810e+00, "ACALD": 0, "AKGt2r": 0, "PGM": -1.502890e+01, "PIt2r": 2.607991e+00, "ALCD2x": 0, "ACALDt": 0, "ACKr": -7.199183e+00, "PPC": 2.031549e+00, "ACONTa": 7.648793e-01, "ACONTb": 7.648793e-01, "ATPM": 8.390000e+00, "PPCK": 0, "ACt2r": -7.199183e+00, "PPS": 0, "ADK1": 0, "AKGDH": 0, "ATPS4r": 3.232408e+01, "PTAr": 7.199183e+00, "PYK": 2.629337e+00, "BIOMASS_Ecoli_core_w_GAM": 7.089437e-01, "PYRt2": 0, "CO2t": -1.543218e+01, "RPE": 3.542284e+00, "CS": 7.648793e-01, "RPI": -2.535525e+00, "SUCCt2_2": 0, "CYTBD": 2.922514e+01, "D_LACt2": 0, "ENO": 1.502890e+01, "SUCCt3": 0, "ETOHt2r": 0, "SUCDi": 0, "SUCOAS": 0, "TALA": 1.899107e+00, "THD2": 0, "TKT1": 1.899107e+00, "TKT2": 1.643178e+00, "TPI": 7.268877e+00, "EX_ac_e": 7.199183e+00, "EX_acald_e": 0, "EX_akg_e": 0, "EX_co2_e": 1.543218e+01, "EX_etoh_e": 0, "EX_for_e": 0, "EX_fru_e": 0, "EX_fum_e": 0, "EX_glc__D_e": -10, "EX_gln__L_e": 0, "EX_glu__L_e": 0, "EX_h_e": 2.142059e+01, "EX_h2o_e": 2.059641e+01, "EX_lac__D_e": 0, "EX_mal__L_e": 0, "EX_nh4_e": -3.865728e+00, "EX_o2_e": -1.461257e+01, "EX_pi_e": -2.607991e+00, "EX_pyr_e": 0, "EX_succ_e": 0, "FBA": 7.268877e+00, "FBP": 0, "FORt2": 0, "FORt": 0, "FRD7": 0, "FRUpts2": 0, "FUM": 0, "FUMt2_2": 0, "G6PDH2r": 6.077810e+00, "GAPD": 1.608948e+01, "GLCpts": 10, "GLNS": 1.812769e-01, "GLNabc": 0, "GLUDy": -3.684451e+00, "GLUN": 0, "GLUSy": 0, "GLUt2r": 0, "GND": 6.077810e+00, "H2Ot": -2.059641e+01, "ICDHyr": 7.648793e-01, "ICL": 0, "LDH_D": 0, "MALS": 0, "MALt2_2": 0, "MDH": 0, "ME1": 0, "ME2": 0, "NADH16": 2.922514e+01, "NADTRHD": 0, "NH4t": 3.865728e+00, "O2t": 1.461257e+01, "PDH": 1.062104e+01}