{"PFK": 7.473661e+00, "PFL": 0, "PGI": 4.243479e+00, "PGK": -1.638270e+01, "PGL": 5.622085e+00, "ACALD": 0, "AKGt2r": 0, "PGM": -1.540164e+01, "PIt2r": 2.412440e+00, "ALCD2x": 0, "ACALDt": 0, "ACKr": 0, "PPC": 1.879220e+00, "ACONTa": 4.787032e+00, "ACONTb": 4.787032e+00, "ATPM": 8.390000e+00, "PPCK": 0, "ACt2r": 0, "PPS": 0, "ADK1": 0, "AKGDH": 0, "ATPS4r": 3.568920e+01, "PTAr": 0, "PYK": 3.182002e+00, "BIOMASS_Ecoli_core_w_GAM": 6.557859e-01, "PYRt2": 0, "CO2t": -1.577468e+01, "RPE": 3.276678e+00, "CS": 4.787032e+00, "RPI": -2.345407e+00, "SUCCt2_2": 0, "CYTBD": 3.411257e+01, "D_LACt2": 0, "ENO": 1.540164e+01, "SUCCt3": 4.079505e+00, "ETOHt2r": 0, "SUCDi": 0, "SUCOAS": 0, "TALA": 1.756708e+00, "THD2": 0, "TKT1": 1.756708e+00, "TKT2": 1.519970e+00, "TPI": 7.473661e+00, "EX_ac_e": 0, "EX_acald_e": 0, "EX_akg_e": 0, "EX_co2_e": 1.577468e+01, "EX_etoh_e": 0, "EX_for_e": 0, "EX_fru_e": 0, "EX_fum_e": 0, "EX_glc__D_e": -10, "EX_gln__L_e": 0, "EX_glu__L_e": 0, "EX_h_e": 2.131407e+01, "EX_h2o_e": 2.463120e+01, "EX_lac__D_e": 0, "EX_mal__L_e": 0, "EX_nh4_e": -3.575869e+00, "EX_o2_e": -1.705628e+01, "EX_pi_e": -2.412440e+00, "EX_pyr_e": 0, "EX_succ_e": 4.079505e+00, "FBA": 7.473661e+00, "FBP": 0, "FORt2": 0, "FORt": 0, "FRD7": 0, "FRUpts2": 0, "FUM": 0, "FUMt2_2": 0, "G6PDH2r": 5.622085e+00, "GAPD": 1.638270e+01, "GLCpts": 10, "GLNS": 1.676844e-01, "GLNabc": 0, "GLUDy": -3.408185e+00, "GLUN": 0, "GLUSy": 0, "GLUt2r": 0, "GND": 5.622085e+00, "H2Ot": -2.463120e+01, "ICDHyr": 7.075274e-01, "ICL": 4.079505e+00, "LDH_D": 0, "MALS": 4.079505e+00, "MALt2_2": 0, "MDH": 4.079505e+00, "ME1": 0, "ME2": 0, "NADH16": 3.411257e+01, "NADTRHD": 0, "NH4t": 3.575869e+00, "O2t": 1.705628e+01, "PDH": 1.132429e+01}