{"PFK": 6.282447e+00, "PFL": 0, "PGI": 9.876458e+00, "PGK": -1.294131e+01, "PGL": 0, "ACALD": 0, "AKGt2r": 0, "PGM": -1.203976e+01, "PIt2r": 4.555517e+00, "ALCD2x": 0, "ACALDt": 0, "ACKr": 0, "PPC": 1.726930e+00, "ACONTa": 6.034256e+00, "ACONTb": 6.034256e+00, "ATPM": 8.390000e+00, "PPCK": 0, "ACt2r": 0, "PPS": 0, "ADK1": 0, "AKGDH": 5.384066e+00, "ATPS4r": 3.254516e+01, "PTAr": 0, "PYK": 0, "BIOMASS_Ecoli_core_w_GAM": 6.026417e-01, "PYRt2": 0, "CO2t": -1.798423e+01, "RPE": -1.212705e+00, "CS": 6.034256e+00, "RPI": -1.212705e+00, "SUCCt2_2": 0, "CYTBD": 3.457503e+01, "D_LACt2": 0, "ENO": 1.203976e+01, "SUCCt3": 0, "ETOHt2r": 0, "SUCDi": 5.384066e+00, "SUCOAS": -5.384066e+00, "TALA": -1.666865e+00, "THD2": 4.948889e+00, "TKT1": 6.717137e-01, "TKT2": -1.884419e+00, "TPI": 6.282447e+00, "EX_ac_e": 0, "EX_acald_e": 0, "EX_akg_e": 0, "EX_co2_e": 1.798423e+01, "EX_etoh_e": 0, "EX_for_e": 0, "EX_fru_e": 0, "EX_fum_e": 0, "EX_glc__D_e": -10, "EX_gln__L_e": 0, "EX_glu__L_e": 0, "EX_h_e": 1.208899e+01, "EX_h2o_e": 2.471269e+01, "EX_lac__D_e": 0, "EX_mal__L_e": 0, "EX_nh4_e": -3.286085e+00, "EX_o2_e": -1.728751e+01, "EX_pi_e": -4.555517e+00, "EX_pyr_e": 0, "EX_succ_e": 0, "FBA": 6.282447e+00, "FBP": 0, "FORt2": 0, "FORt": 0, "FRD7": 0, "FRUpts2": 0, "FUM": 5.384066e+00, "FUMt2_2": 0, "G6PDH2r": 0, "GAPD": 1.294131e+01, "GLCpts": 10, "GLNS": 1.540955e-01, "GLNabc": 0, "GLUDy": -3.131989e+00, "GLUN": 0, "GLUSy": 0, "GLUt2r": 0, "GND": 0, "H2Ot": -2.471269e+01, "ICDHyr": 6.034256e+00, "ICL": 0, "LDH_D": 0, "MALS": 0, "MALt2_2": 0, "MDH": 5.384066e+00, "ME1": 0, "ME2": 0, "NADH16": 2.919096e+01, "NADTRHD": 0, "NH4t": 3.286085e+00, "O2t": 1.728751e+01, "PDH": 8.292837e+00, "Transport": 2.338579e+00}