{"PFK": 9.348461e+00, "PFL": 0, "PGI": 9.865723e+00, "PGK": -1.825878e+01, "PGL": 0, "ACALD": 0, "AKGt2r": 0, "PGM": -1.727889e+01, "PIt2r": 2.409588e+00, "ALCD2x": 0, "ACALDt": 0, "ACKr": 0, "PPC": 1.876999e+00, "ACONTa": 1.075151e+01, "ACONTb": 1.075151e+01, "ATPM": 8.390000e+00, "PPCK": 0, "ACt2r": 0, "PPS": 0, "ADK1": 0, "AKGDH": 0, "ATPS4r": 3.376149e+01, "PTAr": 0, "PYK": 5.061873e+00, "BIOMASS_Ecoli_core_w_GAM": 6.550109e-01, "PYRt2": 0, "CO2t": -1.203605e+01, "RPE": -4.708218e-01, "CS": 1.075151e+01, "RPI": -4.708218e-01, "SUCCt2_2": 0, "CYTBD": 4.264722e+01, "D_LACt2": 0, "ENO": 1.727889e+01, "SUCCt3": 0, "ETOHt2r": 0, "SUCDi": 1.004482e+01, "SUCOAS": 0, "TALA": -1.171814e-01, "THD2": 1.123088e+01, "TKT1": -1.171814e-01, "TKT2": -3.536404e-01, "TPI": 9.348461e+00, "EX_ac_e": 0, "EX_acald_e": 0, "EX_akg_e": 0, "EX_co2_e": 1.203605e+01, "EX_etoh_e": 0, "EX_for_e": 0, "EX_fru_e": 0, "EX_fum_e": 0, "EX_glc__D_e": -10, "EX_gln__L_e": 0, "EX_glu__L_e": 0, "EX_h_e": 2.318434e+01, "EX_h2o_e": 2.685223e+01, "EX_lac__D_e": 0, "EX_mal__L_e": 0, "EX_nh4_e": -3.571643e+00, "EX_o2_e": -2.132361e+01, "EX_pi_e": -2.409588e+00, "EX_pyr_e": 0, "EX_succ_e": 0, "FBA": 9.348461e+00, "FBP": 0, "FORt2": 0, "FORt": 0, "FRD7": 0, "FRUpts2": 0, "FUM": 1.004482e+01, "FUMt2_2": 0, "G6PDH2r": 0, "GAPD": 1.825878e+01, "GLCpts": 10, "GLNS": 1.674863e-01, "GLNabc": 0, "GLUDy": -3.404157e+00, "GLUN": 0, "GLUSy": 0, "GLUt2r": 0, "GND": 0, "H2Ot": -2.685223e+01, "ICDHyr": 7.066912e-01, "ICL": 1.004482e+01, "LDH_D": 0, "MALS": 0, "MALt2_2": 0, "MDH": 1.004482e+01, "ME1": 0, "ME2": 0, "NADH16": 3.260240e+01, "NADTRHD": 0, "NH4t": 3.571643e+00, "O2t": 2.132361e+01, "PDH": 1.320636e+01, "Transport": 1.004482e+01}