{"PFK": 9.517926e+00, "PFL": 0, "PGI": 9.900648e+00, "PGK": -1.871167e+01, "PGL": 0, "ACALD": 0, "AKGt2r": -6.287880e+00, "PGM": -1.798665e+01, "PIt2r": 1.841254e+00, "ALCD2x": 0, "ACALDt": 0, "ACKr": 0, "PPC": 7.676672e+00, "ACONTa": 6.810761e+00, "ACONTb": 6.810761e+00, "ATPM": 8.390000e+00, "PPCK": 0, "ACt2r": 0, "PPS": 0, "ADK1": 0, "AKGDH": 0, "ATPS4r": 2.830665e+01, "PTAr": 0, "PYK": 0, "BIOMASS_Ecoli_core_w_GAM": 4.846426e-01, "PYRt2": 0, "CO2t": -7.761193e+00, "RPE": -3.483611e-01, "CS": 6.810761e+00, "RPI": -3.483611e-01, "SUCCt2_2": 0, "CYTBD": 2.703595e+01, "D_LACt2": 0, "ENO": 1.798665e+01, "SUCCt3": 0, "ETOHt2r": 0, "SUCDi": 0, "SUCOAS": 0, "TALA": -8.670257e-02, "THD2": 2.021852e+00, "TKT1": -8.670257e-02, "TKT2": -2.616586e-01, "TPI": 9.517926e+00, "EX_ac_e": 0, "EX_acald_e": 0, "EX_akg_e": 6.287880e+00, "EX_co2_e": 7.761193e+00, "EX_etoh_e": 0, "EX_for_e": 0, "EX_fru_e": 0, "EX_fum_e": 0, "EX_glc__D_e": -10, "EX_gln__L_e": 0, "EX_glu__L_e": 0, "EX_h_e": 2.235609e+01, "EX_h2o_e": 2.398408e+01, "EX_lac__D_e": 0, "EX_mal__L_e": 0, "EX_nh4_e": -2.642659e+00, "EX_o2_e": -1.351798e+01, "EX_pi_e": -1.841254e+00, "EX_pyr_e": 0, "EX_succ_e": 0, "FBA": 9.517926e+00, "FBP": 0, "FORt2": 0, "FORt": 0, "FRD7": 0, "FRUpts2": 0, "FUM": 0, "FUMt2_2": 0, "G6PDH2r": 0, "GAPD": 1.871167e+01, "GLCpts": 10, "GLNS": 1.239231e-01, "GLNabc": 0, "GLUDy": -2.518736e+00, "GLUN": 0, "GLUSy": 0, "GLUt2r": 0, "GND": 0, "H2Ot": -2.398408e+01, "ICDHyr": 6.810761e+00, "ICL": 0, "LDH_D": 0, "MALS": 0, "MALt2_2": 0, "MDH": 0, "ME1": 0, "ME2": 0, "NADH16": 2.703595e+01, "NADTRHD": 0, "NH4t": 2.642659e+00, "O2t": 1.351798e+01, "PDH": 8.627104e+00, "Transport": 5.839944e-02}