{"PFK": 4.992375e+00, "PFL": 0, "PGI": -2.902814e+00, "PGK": -1.372328e+01, "PGL": 1.274643e+01, "ACALD": 0, "AKGt2r": 0, "PGM": -1.258205e+01, "PIt2r": 2.806328e+00, "ALCD2x": 0, "ACALDt": 0, "ACKr": -4.156885e+00, "PPC": 2.186047e+00, "ACONTa": 8.230481e-01, "ACONTb": 8.230481e-01, "ATPM": 8.390000e+00, "PPCK": 0, "ACt2r": -4.156885e+00, "PPS": 0, "ADK1": 0, "AKGDH": 0, "ATPS4r": 4.132384e+01, "PTAr": 4.156885e+00, "PYK": 0, "BIOMASS_Ecoli_core_w_GAM": 7.628585e-01, "PYRt2": 0, "CO2t": -1.922240e+01, "RPE": 7.949276e+00, "CS": 8.230481e-01, "RPI": -4.797152e+00, "SUCCt2_2": 0, "CYTBD": 3.668093e+01, "D_LACt2": 0, "ENO": 1.258205e+01, "SUCCt3": 0, "ETOHt2r": 0, "SUCDi": 0, "SUCOAS": 0, "TALA": 4.112334e+00, "THD2": 0, "TKT1": 4.112334e+00, "TKT2": 3.836942e+00, "TPI": 4.992375e+00, "EX_ac_e": 4.156885e+00, "EX_acald_e": 0, "EX_akg_e": 0, "EX_co2_e": 1.922240e+01, "EX_etoh_e": 0, "EX_for_e": 0, "EX_fru_e": 0, "EX_fum_e": 0, "EX_glc__D_e": -10, "EX_gln__L_e": 0, "EX_glu__L_e": 0, "EX_h_e": 1.945983e+01, "EX_h2o_e": 2.477937e+01, "EX_lac__D_e": 0, "EX_mal__L_e": 0, "EX_nh4_e": -4.159715e+00, "EX_o2_e": -1.834046e+01, "EX_pi_e": -2.806328e+00, "EX_pyr_e": 0, "EX_succ_e": 0, "FBA": 4.992375e+00, "FBP": 0, "FORt2": 0, "FORt": 0, "FRD7": 0, "FRUpts2": 0, "FUM": 0, "FUMt2_2": 0, "G6PDH2r": 1.274643e+01, "GAPD": 1.372328e+01, "GLCpts": 10, "GLNS": 1.950629e-01, "GLNabc": 0, "GLUDy": -3.964652e+00, "GLUN": 0, "GLUSy": 0, "GLUt2r": 0, "GND": 1.274643e+01, "H2Ot": -2.477937e+01, "ICDHyr": 8.230481e-01, "ICL": 0, "LDH_D": 0, "MALS": 0, "MALt2_2": 0, "MDH": 0, "ME1": 0, "ME2": 0, "NADH16": 3.668093e+01, "NADTRHD": 1.241281e+01, "NH4t": 4.159715e+00, "O2t": 1.834046e+01, "PDH": 7.838974e+00}