{"PFK": 9.243152e+00, "PFL": 9.228853e+00, "PGI": 8.275445e+00, "PGK": -1.891632e+01, "PGL": 1.684280e+00, "ACALD": -1.389261e+01, "AKGt2r": 0, "PGM": -1.862241e+01, "PIt2r": 7.227256e-01, "ALCD2x": -1.389261e+01, "ACALDt": 0, "ACKr": -2.560031e+00, "PPC": 5.629821e-01, "ACONTa": 2.119631e-01, "ACONTb": 2.119631e-01, "ATPM": 8.390000e+00, "PPCK": 0, "ACt2r": -2.560031e+00, "PPS": 0, "ADK1": 0, "AKGDH": 0, "ATPS4r": 0, "PTAr": 2.560031e+00, "PYK": 7.957444e+00, "BIOMASS_Ecoli_core_w_GAM": 1.964622e-01, "PYRt2": 0, "CO2t": 0, "RPE": 9.816366e-01, "CS": 2.119631e-01, "RPI": -7.026439e-01, "SUCCt2_2": 0, "CYTBD": 0, "D_LACt2": 0, "ENO": 1.862241e+01, "SUCCt3": 0, "ETOHt2r": -1.389261e+01, "SUCDi": 0, "SUCOAS": 0, "TALA": 5.262797e-01, "THD2": 0, "TKT1": 5.262797e-01, "TKT2": 4.553569e-01, "TPI": 9.243152e+00, "EX_ac_e": 2.560031e+00, "EX_acald_e": 0, "EX_akg_e": 0, "EX_co2_e": 0, "EX_etoh_e": 1.389261e+01, "EX_for_e": 9.228853e+00, "EX_fru_e": 0, "EX_fum_e": 0, "EX_glc__D_e": -10, "EX_gln__L_e": 0, "EX_glu__L_e": 0, "EX_h_e": 1.572992e+01, "EX_h2o_e": -2.956187e+00, "EX_lac__D_e": 0, "EX_mal__L_e": 0, "EX_nh4_e": -1.071269e+00, "EX_o2_e": 0, "EX_pi_e": -7.227256e-01, "EX_pyr_e": 0, "EX_succ_e": 0, "FBA": 9.243152e+00, "FBP": 0, "FORt2": 0, "FORt": -9.228853e+00, "FRD7": 0, "FRUpts2": 0, "FUM": 0, "FUMt2_2": 0, "G6PDH2r": 1.684280e+00, "GAPD": 1.891632e+01, "GLCpts": 10, "GLNS": 5.023539e-02, "GLNabc": 0, "GLUDy": -1.021034e+00, "GLUN": 0, "GLUSy": 0, "GLUt2r": 0, "GND": 1.684280e+00, "H2Ot": 2.956187e+00, "ICDHyr": 2.119631e-01, "ICL": 0, "LDH_D": 0, "MALS": 0, "MALt2_2": 0, "MDH": 0, "ME1": 0, "ME2": 0, "NADH16": 0, "NADTRHD": 0, "NH4t": 1.071269e+00, "O2t": 0, "PDH": 8.172053e+00, "Transport": 9.505314e+00}