{"EX_h2_e": 0, "EX_h2o_e": 5.805804e+00, "EX_his__L_e": 0, "EX_ile__L_e": 0, "EX_lac__D_e": 0, "EX_murein4p3p_e": 0, "EX_murein4p4p_e": 0, "EX_murein4px4p_e": 0, "EX_k_e": -4.048904e-02, "EX_murein4px4px4p_e": 0, "EX_alaala_e": 0, "EX_murein5p3p_e": 0, "EX_murein5p4p_e": 0, "EX_murein5p5p_e": 0, "EX_murein5p5p5p_e": 0, "EX_lac__L_e": 0, "EX_leu__L_e": 0, "EX_lys__L_e": 0, "EX_alltn_e": 0, "EX_malt_e": 0, "EX_murein5px3p_e": 0, "EX_murein5px4p_e": 0, "EX_malthx_e": 0, "EX_murein5px4px4p_e": 0, "EX_arab__L_e": 0, "EX_malttr_e": 0, "EX_man_e": 0, "EX_araban__L_e": 0, "EX_met__L_e": 0, "EX_mg2_e": -1.799334e-03, "EX_mn2_e": -1.433791e-04, "EX_na1_e": 0, "EX_nh4_e": -1.607057e+00, "EX_ni2_e": -6.692439e-05, "EX_no2_e": 0, "EX_no3_e": 0, "EX_pi_e": -2.453853e-01, "EX_pro__L_e": 0, "EX_mobd_e": -1.482502e-06, "EX_xan_e": 0, "EX_xyl__D_e": 0, "EX_ptrc_e": 0, "EX_arg__L_e": 0, "EX_pydxn_e": 0, "EX_pyr_e": 0, "EX_zn2_e": -7.052475e-05, "BIOMASS_Cl_DSM_WT_46p666M1": 2.117860e-01, "EX_rib__D_e": 0, "DM_mththf_c": 4.722829e-04, "5HBZIDMT": 4.722829e-05, "5HBZIDS2": 4.722829e-05, "DM_succ_c": 2.678098e-02, "ABUTD": 0, "ACACT1r": 0, "EX_ac_e": 0, "EX_ala__D_e": 0, "EX_asn__L_e": 0, "EX_asp__L_e": 0, "EX_ribflv_e": -9.445657e-05, "EX_rmn_e": 0, "EX_ser__D_e": 0, "EX_btd_RR_e": 0, "EX_ser__L_e": 0, "EX_btn_e": -4.235721e-07, "EX_so4_e": -3.999219e-02, "EX_btoh_e": 0, "EX_spmd_e": 0, "EX_taur_e": 0, "3OAS161": 1.070608e-01, "3OAS180": 0, "EX_thm_e": -4.722829e-05, "EX_but_e": 0, "EX_trp__L_e": 0, "EX_uaagmda_e": 0, "3OAS181": 4.112038e-03, "3OAS60": 2.006588e-01, "3OAS80": 2.006588e-01, "3OAS100": 2.006588e-01, "3OAS120": 9.359799e-02, "3OAS121": 1.070608e-01, "EX_udcpdp_e": 0, "EX_udcpp_e": 0, "3OAS140": 9.359799e-02, "EX_ura_e": 0, "EX_ca2_e": -1.079685e-03, "EX_val__L_e": 0, "3OAR100": 2.006588e-01, "3OAR120": 9.359799e-02, "3OAR121": 1.070608e-01, "EX_citr__L_e": 0, "3OAR140": 9.359799e-02, "3OAR141": 1.070608e-01, "3OAR160": 7.030449e-02, "EX_cl_e": -1.079685e-03, "3OAR161": 1.070608e-01, "3OAR180": 0, "EX_co_e": 0, "3OAR181": 4.112038e-03, "3OAS141": 1.070608e-01, "EX_co2_e": 7.744415e+00, "3OAS160": 7.030449e-02, "ACBIPGT": 4.722829e-05, "4HTHRS": 0, "EX_cobalt2_e": -5.252294e-05, "EX_csn_e": 0, "ACt2r": 0, "ABFA": 0, "ABTA": 0, "ACGK": 4.696715e-02, "EX_cu2_e": -1.469795e-04, "ACGS": 0, "ACALD": 0, "ACHBS": 1.764323e-01, "APSR": 3.909253e-02, "EX_cys__L_e": 0, "ACCOAC": 1.385437e+00, "ACLS": 1.388298e-01, "ADOCBIK": 0, "EX_etoh_e": 6.123978e+00, "ACPS1": 0, "ACKr": -6.301599e+00, "EX_fe2_e": -2.927307e-03, "ADA": 0, "ADCL": 0, "EX_fol_e": -1.889131e-04, "ACLDC": 0, "ADCPS2": 4.722829e-05, "EX_for_e": 0, "ADCPS1": 0, "ACOTA": -4.696715e-02, "EX_fru_e": -5, "ACOAD1z": 0, "ACONTa": -9.998280e+02, "ACONTb": -9.998280e+02, "EX_gal_e": 0, "ACOATA": 2.006588e-01, "ADCYRS": 4.722829e-05, "ADCS": 0, "EX_galctn__D_e": 0, "ADD": 0, "ADK1": 3.438149e-01, "ACONT": 1000, "EX_galur_e": 0, "EX_glc__D_e": 0, "EX_glcn_e": 0, "ASNt2r": 0, "EX_glcur_e": 0, "ASP1DC": 1.010219e-04, "EX_gln__L_e": 0, "ASPt2r": 0, "EX_glu__L_e": 0, "ATPM": 4.500000e-01, "ADK2": 4.722829e-05, "EX_gly_e": 0, "ADMDC": 0, "ADOCBLS": 4.722829e-05, "BTDt_RR": 0, "BTOHt": 0, "EX_glyb_e": 0, "ADPRDP": 0, "EX_glyc_e": 4.870020e-03, "ADPT": 4.722829e-04, "BUTKr": 0, "ADSL1r": 3.317332e-02, "EX_h_e": 1.301563e+00, "ADSL2r": 3.471957e-02, "BUTt": 0, "ADSS": 3.317332e-02, "CYRDAR": 2.361414e-05, "AHCYSNS": 4.722829e-04, "AGPAT120": 0, "AGPR": -4.696715e-02, "CYSabc": 0, "AHSERL2": 2.445006e-02, "AIRCr": 3.471957e-02, "Cuabc": 1.469795e-04, "AICART": 4.976231e-02, "ALAALAr": 6.017053e-03, "ALAR": 8.772940e-02, "ALATA_L": -1.753122e-01, "CA2abc": 1.079685e-03, "CITRt2r": 0, "CLt3r_2": 5.398426e-04, "CO2t": -7.744415e+00, "ALCD2y": 0, "DHPTDCs2": 4.722829e-04, "AMMQLT8": 0, "COabc": 5.252294e-05, "DHPPDA": 0, "COt": 0, "ALCD4y": 0, "ALLTN": 0, "CYSSADS": 0, "CYRDAAT": 4.722829e-05, "ALLTNt2r": 0, "METt2r": 0, "AMAA": 0, "ASP4DC": 0, "DGK1": 0, "ANPRT": 9.025685e-03, "CTPS2": 0, "APRAUR": 0, "ASPO2": 0, "CYRDAS": 4.722829e-05, "ASPCT": 2.678098e-02, "ASPK": 8.495585e-02, "ACAFDOR": -6.340692e+00, "ANS": 0, "ASPO2y": 4.826604e-04, "CYSDS": 0, "ASPR": 0, "ATPPRT": 1.504274e-02, "ASPT": 0, "BACCL": 0, "BTDD_RR": 0, "ANS2": 9.025685e-03, "ARABR": 0, "ARAI": 0, "CYSTL": 0, "ARBabc": 0, "ARBt2r": 0, "BTNt2i": 4.235721e-07, "CYSTS": 0, "CBIAT": 0, "CYSS": 1.464246e-02, "CBLAT": 0, "ARGDr": 0, "ARGN": 0, "CYTD": 0, "ARGDC": 0, "CDPMEK": 1.281306e-04, "CBMKr": 7.374813e-02, "ARGSL": 4.696715e-02, "ARGSS": 4.696715e-02, "CBPS": 0, "ASAD": -8.495585e-02, "CHORS": 6.038570e-02, "DCYTD": 0, "CHORM": 5.131279e-02, "CITL": 0, "ARGt2r": 0, "ASNS1": 3.827567e-02, "CODH4": 0, "CYTDK2": 0, "CODH_ACS": 3.175102e-01, "CPC2MT": 4.722829e-05, "CLPNS120": 0, "CLPNS140": 5.652569e-04, "ECOAH1": 0, "CYTK1": 1.822709e-01, "CLPNS160": 1.706360e-03, "CPC3MT": 4.722829e-05, "CYTK2": 0, "D_LACt2": 0, "CPC4MT": 4.722829e-05, "ETOHt": -6.123978e+00, "DAGK120": 0, "FOLt": 1.889131e-04, "CPC6MT": 4.722829e-05, "CPC5MT": 4.722829e-05, "DAPDC": 5.448873e-02, "CPC8MM": 4.722829e-05, "CPC6R": 4.722829e-05, "G3PCT": 8.171235e-02, "DAPE": 6.050579e-02, "CPPPGOAN2": 0, "CS": 1.720336e-01, "DSERt2": 0, "CSND": 0, "G5SADs": 3.509993e-02, "DALAt2r": 6.017053e-03, "FOLR2": 1.889131e-04, "CTPS1": 1.134919e-02, "LDAPAT": -6.050579e-02, "CSNt2": 0, "DASYN120": 0, "FRTT": 0, "DASYN140": 1.164675e-02, "DURAD": 0, "DURIPP": 0, "DUTPDP": 0, "GLCt2": 0, "GLNabc": 0, "GLUabc": 0, "DXPRIi": 1.281306e-04, "DASYN160": 3.515225e-02, "DXPS": 1.281306e-04, "EAR100x": 9.359799e-02, "DASYN161": 5.147438e-02, "ENO": 9.063697e+00, "GPDDA1": 0, "GPDDA2": 0, "DASYN180": 0, "GPDDA4": 0, "FACOAL140": 0, "FACOAL160": 0, "DASYN181": 2.056019e-03, "DB4PS": 0, "FACOAL180": 0, "H2Ot": -5.816111e+00, "DCMPDA": 0, "FBA": 4.906792e+00, "DDPA": 6.038570e-02, "FBA3": 0, "FBP": 9.320823e-02, "H2td": 0, "HACD1": 0, "DDPGA": 0, "HCO3E": 1.773123e+00, "FDH7": 8.452910e-02, "FORt2": 0, "DHAD2": 4.613145e-02, "G1PTT": 0, "HISt2r": 0, "GTPCII": 0, "GK1": -9.999772e+02, "FE2abc": 2.927307e-03, "FGLU": 0, "FMNAT": 4.722829e-05, "FRD2": 2.678098e-02, "DHAD1": 1.388298e-01, "FRNDPR2r": 1.825745e+00, "GK2": 9.999938e+02, "DHAK": 0, "HPPK": 0, "FRUK": 5, "FUM": 8.807906e-02, "GRTT": 1.164823e-05, "FRUpts": 5, "DHFR": 6.366076e-03, "FTHFLi": 8.457633e-02, "DHDPRy": 6.050579e-02, "G1PACT": 1.530260e-02, "G3PAT140": 1.164675e-02, "GLCURt2r": 0, "GF6PTA": 1.530260e-02, "GHMT2r": 3.488051e-01, "DHDPS": 6.050579e-02, "GLCNt2r": 0, "G1SAT": 3.778263e-04, "G3PAT181": 2.056019e-03, "GLNS": 1.968600e-01, "DHFS": 0, "GLCRD": 0, "G3PAT120": 0, "G3PAT160": 3.515225e-02, "G3PAT161": 5.147438e-02, "GLU5K": 3.509993e-02, "GLUDy": -1.489561e+00, "GLUPRT": 3.476680e-02, "GLUR": -6.017053e-03, "G3PAT180": 0, "G3PD2": -2.093145e-01, "G5SD": 3.509993e-02, "GLUTRR": 3.778263e-04, "GALCTD": 0, "DHNAOT4": 0, "GALCTNt2r": 0, "GLUSy": 0, "GLUTRS": 3.778263e-04, "GLUt2r": 0, "GAPD": 9.543491e+00, "DHNPA_1": 0, "GALUi": 0, "GALURt2r": 0, "GLUt4": 0, "GLYCDx": 0, "GALabc": 0, "DHORTS": -2.678098e-02, "GCCb": 0, "GARFT": 3.476680e-02, "GLYBt2r": 0, "GMPS2": 1.658899e-02, "GLYCK": 0, "GLYCt": 4.870020e-03, "GND": 0, "GCCa": 0, "METR": 3.175102e-01, "DHORD5": 2.678098e-02, "GNK": 0, "DHPS": 0, "GTPCI": 0, "GTPDPK": 0, "GUAD": 0, "HCITS": 0, "MGSA": 0, "DHPS2": 0, "KAS15": 0, "IPDPS": 1.164823e-04, "HAMR": 0, "IMPC": -4.976231e-02, "DHQTi": 6.038570e-02, "HXPRT": 0, "GUAPRT": 0, "LYSDC": 0, "DHQS": 6.038570e-02, "ICDHx": 1.720336e-01, "HYDFDN2r": 0, "HEX1": 0, "HETZK": 0, "HISTD": 1.504274e-02, "HYDFDi": 0, "DMATT": 1.164823e-05, "IGPDH": 1.504274e-02, "IG3PS": 1.504274e-02, "HISDr": 0, "HISTP": 1.504274e-02, "IGPS": 9.025685e-03, "DMPPS": 1.164823e-05, "ILETRS": 0, "HMBS": 4.722829e-05, "HMPK1": 0, "HSK": 0, "DPCOAK": 1.010219e-04, "HSDy": -2.445006e-02, "HSST": 0, "HSTPT": 1.504274e-02, "ILEt2r": 0, "ILETA": -4.613145e-02, "LEUTA": -7.153730e-02, "HXAND": 0, "DPR": 1.010219e-04, "METS": 2.492235e-02, "LEUt2r": 0, "IMPD": 1.658899e-02,