{"EX_h2_e": 0, "EX_h2o_e": 3.804388e+00, "EX_his__L_e": 0, "EX_ile__L_e": 0, "EX_lac__D_e": 0, "EX_murein4p3p_e": 0, "EX_murein4p4p_e": 0, "EX_murein4px4p_e": 0, "EX_k_e": -2.298684e-03, "EX_murein4px4px4p_e": 0, "EX_alaala_e": 0, "EX_murein5p3p_e": 0, "EX_murein5p4p_e": 0, "EX_murein5p5p_e": 0, "EX_murein5p5p5p_e": 0, "EX_lac__L_e": 0, "EX_leu__L_e": 0, "EX_lys__L_e": 0, "EX_alltn_e": 0, "EX_malt_e": 0, "EX_murein5px3p_e": 0, "EX_murein5px4p_e": 0, "EX_malthx_e": 0, "EX_murein5px4px4p_e": 0, "EX_arab__L_e": 0, "EX_malttr_e": 0, "EX_man_e": 0, "EX_araban__L_e": 0, "EX_met__L_e": 1.062396e-01, "EX_mg2_e": -1.021536e-04, "EX_mn2_e": -8.140063e-06, "EX_na1_e": 0, "EX_nh4_e": -2.393209e+00, "EX_ni2_e": -3.799498e-06, "EX_no2_e": 0, "EX_no3_e": 0, "EX_pi_e": -1.095411e-01, "EX_pro__L_e": 0, "EX_mobd_e": -8.416609e-08, "EX_xan_e": 0, "EX_xyl__D_e": 0, "EX_ptrc_e": 0, "EX_arg__L_e": 0, "EX_pydxn_e": 0, "EX_pyr_e": 0, "EX_zn2_e": -4.003901e-06, "BIOMASS_Cl_DSM_WT_46p666M1": 1.202373e-02, "EX_rib__D_e": 0, "DM_mththf_c": 2.681291e-05, "5HBZIDMT": 2.681291e-06, "5HBZIDS2": 2.681291e-06, "DM_succ_c": 1.520436e-03, "ABUTD": 0, "ACACT1r": 0, "EX_ac_e": 1.084590e-01, "EX_ala__D_e": 3.416061e-04, "EX_asn__L_e": 0, "EX_asp__L_e": 0, "EX_ribflv_e": -5.362582e-06, "EX_rmn_e": 0, "EX_ser__D_e": 0, "EX_btd_RR_e": 0, "EX_ser__L_e": 0, "EX_btn_e": -2.404745e-08, "EX_so4_e": -2.041213e-01, "EX_btoh_e": 0, "EX_spmd_e": 0, "EX_taur_e": 0, "3OAS161": 6.078162e-03, "3OAS180": 0, "EX_thm_e": -2.681291e-06, "EX_but_e": 0, "EX_trp__L_e": 0, "EX_uaagmda_e": 0, "3OAS181": 2.334527e-04, "3OAS60": 1.139200e-02, "3OAS80": 1.139200e-02, "3OAS100": 1.139200e-02, "3OAS120": 5.313838e-03, "3OAS121": 6.078162e-03, "EX_udcpdp_e": -6.613050e-07, "EX_udcpp_e": 0, "3OAS140": 5.313838e-03, "EX_ura_e": 0, "EX_ca2_e": -6.129696e-05, "EX_val__L_e": 0, "3OAR100": 1.139200e-02, "3OAR120": 5.313838e-03, "3OAR121": 6.078162e-03, "EX_citr__L_e": 5.724448e-01, "3OAR140": 5.313838e-03, "3OAR141": 6.078162e-03, "3OAR160": 3.991396e-03, "EX_cl_e": -6.129696e-05, "3OAR161": 6.078162e-03, "3OAR180": 0, "EX_co_e": 0, "3OAR181": 2.334527e-04, "3OAS141": 6.078162e-03, "EX_co2_e": 7.997867e+00, "3OAS160": 3.991396e-03, "ACBIPGT": 2.681291e-06, "4HTHRS": 0, "EX_cobalt2_e": -2.981884e-06, "EX_csn_e": 0, "ACt2r": -1.084590e-01, "ABFA": 0, "ABTA": 0, "ACGK": 5.751112e-01, "EX_cu2_e": -8.344467e-06, "ACGS": 0, "ACALD": -8.174141e+00, "ACHBS": 2.619020e-03, "APSR": 1.084590e-01, "EX_cys__L_e": 0, "ACCOAC": 7.865539e-02, "ACLS": 7.881782e-03, "ADOCBIK": 0, "EX_etoh_e": 8.169235e+00, "ACPS1": 0, "ACKr": 0, "EX_fe2_e": -1.661920e-04, "ADA": 0, "ADCL": 0, "EX_fol_e": -1.072516e-05, "ACLDC": 0, "ADCPS2": 2.681291e-06, "EX_for_e": 0, "ADCPS1": 0, "ACOTA": -5.751112e-01, "EX_fru_e": -5, "ACOAD1z": 0, "ACONTa": 1000, "ACONTb": 1000, "EX_gal_e": 0, "ACOATA": 1.139200e-02, "ADCYRS": 2.681291e-06, "ADCS": 0, "EX_galctn__D_e": 0, "ADD": 0, "ADK1": 3.169815e-01, "ACONT": -9.994178e+02, "EX_galur_e": 0, "EX_glc__D_e": 0, "EX_glcn_e": 0, "ASNt2r": 0, "EX_glcur_e": 0, "ASP1DC": 5.735318e-06, "EX_gln__L_e": 0, "ASPt2r": 0, "EX_glu__L_e": 0, "ATPM": 4.500000e-01, "ADK2": 2.681291e-06, "EX_gly_e": 0, "ADMDC": 0, "ADOCBLS": 2.681291e-06, "BTDt_RR": 0, "BTOHt": 0, "EX_glyb_e": 0, "ADPRDP": 0, "EX_glyc_e": 2.764856e-04, "ADPT": 2.681291e-05, "BUTKr": 0, "ADSL1r": 9.749456e-02, "EX_h_e": 2.073226e+00, "ADSL2r": 9.758234e-02, "BUTt": 0, "ADSS": 9.749456e-02, "CYRDAR": 1.340646e-06, "AHCYSNS": 2.681291e-05, "AGPAT120": 0, "AGPR": -5.751112e-01, "CYSabc": 0, "AHSERL2": 1.076277e-01, "AIRCr": 9.758234e-02, "Cuabc": 8.344467e-06, "AICART": 9.843636e-02, "ALAALAr": 3.416061e-04, "ALAR": 5.322267e-03, "ALATA_L": -1.029461e-02, "CA2abc": 6.129696e-05, "CITRt2r": -5.724448e-01, "CLt3r_2": 3.064848e-05, "CO2t": -7.997867e+00, "ALCD2y": -8.169235e+00, "DHPTDCs2": 2.681291e-05, "AMMQLT8": 0, "COabc": 2.981884e-06, "DHPPDA": 0, "COt": 0, "ALCD4y": 0, "ALLTN": 0, "CYSSADS": 0, "CYRDAAT": 2.681291e-06, "ALLTNt2r": 0, "METt2r": -1.062396e-01, "AMAA": 0, "ASP4DC": 0, "DGK1": 0, "ANPRT": 5.124152e-04, "CTPS2": 0, "APRAUR": 0, "ASPO2": 2.740207e-05, "CYRDAS": 2.681291e-06, "ASPCT": 1.520436e-03, "ASPK": 1.110628e-01, "ACAFDOR": 0, "ANS": 0, "ASPO2y": 0, "CYSDS": 0, "ASPR": 0, "ATPPRT": 8.540213e-04, "ASPT": 0, "BACCL": 0, "BTDD_RR": 0, "ANS2": 5.124152e-04, "ARABR": 0, "ARAI": 0, "CYSTL": 0, "ARBabc": 0, "ARBt2r": 0, "BTNt2i": 2.404745e-08, "CYSTS": 0, "CBIAT": 0, "CYSS": 8.312964e-04, "CBLAT": 0, "ARGDr": 0, "ARGN": 0, "CYTD": 0, "ARGDC": 0, "CDPMEK": 0, "CBMKr": 5.766317e-01, "ARGSL": 2.666466e-03, "ARGSS": 2.666466e-03, "CBPS": 0, "ASAD": -1.110628e-01, "CHORS": 3.428277e-03, "DCYTD": 0, "CHORM": 2.913181e-03, "CITL": 0, "ARGt2r": 0, "ASNS1": 2.173024e-03, "CODH4": 0, "CYTDK2": 0, "CODH_ACS": 0, "CPC2MT": 2.681291e-06, "CLPNS120": 0, "CLPNS140": 3.209133e-05, "ECOAH1": 0, "CYTK1": 1.034079e-02, "CLPNS160": 9.687517e-05, "CPC3MT": 2.681291e-06, "CYTK2": 0, "D_LACt2": 0, "CPC4MT": 2.681291e-06, "ETOHt": -8.169235e+00, "DAGK120": 0, "FOLt": 1.072516e-05, "CPC6MT": 2.681291e-06, "CPC5MT": 2.681291e-06, "DAPDC": 3.093489e-03, "CPC8MM": 2.681291e-06, "CPC6R": 2.681291e-06, "G3PCT": 4.639055e-03, "DAPE": 3.435095e-03, "CPPPGOAN2": 0, "CS": 5.822116e-01, "DSERt2": 0, "CSND": 0, "G5SADs": 1.992728e-03, "DALAt2r": 0, "FOLR2": 1.072516e-05, "CTPS1": 6.443275e-04, "LDAPAT": -3.435095e-03, "CSNt2": 0, "DASYN120": 0, "FRTT": 0, "DASYN140": 6.612208e-04, "DURAD": 0, "DURIPP": 0, "DUTPDP": 0, "GLCt2": 0, "GLNabc": 0, "GLUabc": 0, "DXPRIi": 0, "DASYN160": 1.995698e-03, "DXPS": 0, "EAR100x": 5.313838e-03, "DASYN161": 2.922355e-03, "ENO": 5.007198e+00, "GPDDA1": 0, "GPDDA2": 0, "DASYN180": 0, "GPDDA4": 0, "FACOAL140": 0, "FACOAL160": 0, "DASYN181": 1.167263e-04, "DB4PS": 0, "FACOAL180": 0, "H2Ot": -3.804974e+00, "DCMPDA": 0, "FBA": 4.930967e+00, "DDPA": 3.428277e-03, "FBA3": 0, "FBP": 6.903252e-02, "H2td": 0, "HACD1": 0, "DDPGA": 0, "HCO3E": 7.793499e-01, "FDH7": 1.960214e-01, "FORt2": 0, "DHAD2": 2.619020e-03, "G1PTT": 0, "HISt2r": 0, "GTPCII": 0, "GK1": 1000, "FE2abc": 1.661920e-04, "FGLU": 0, "FMNAT": 2.681291e-06, "FRD2": 1.520436e-03, "DHAD1": 7.881782e-03, "FRNDPR2r": 7.746355e+00, "GK2": -9.999991e+02, "DHAK": 0, "HPPK": 0, "FRUK": 5, "FUM": 1.962229e-01, "GRTT": 0, "FRUpts": 5, "DHFR": 3.614212e-04, "FTHFLi": 1.960241e-01, "DHDPRy": 3.435095e-03, "G1PACT": 8.687744e-04, "G3PAT140": 6.612208e-04, "GLCURt2r": 0, "GF6PTA": 8.687744e-04, "GHMT2r": 1.080164e-01, "DHDPS": 3.435095e-03, "GLCNt2r": 0, "G1SAT": 2.145033e-05, "G3PAT181": 1.167263e-04, "GLNS": 2.023987e-01, "DHFS": 0, "GLCRD": 0, "G3PAT120": 0, "G3PAT160": 1.995698e-03, "G3PAT161": 2.922355e-03, "GLU5K": 1.992728e-03, "GLUDy": -6.307560e+00, "GLUPRT": 9.758502e-02, "GLUR": -3.416061e-04, "G3PAT180": 0, "G3PD2": -1.188341e-02, "G5SD": 1.992728e-03, "GLUTRR": 2.145033e-05, "GALCTD": 0, "DHNAOT4": 0, "GALCTNt2r": 0, "GLUSy": 0, "GLUTRS": 2.145033e-05, "GLUt2r": 0, "GAPD": 9.814738e+00, "DHNPA_1": 0, "GALUi": 0, "GALURt2r": 0, "GLUt4": 0, "GLYCDx": 0, "GALabc": 0, "DHORTS": -1.520436e-03, "GCCb": 0, "GARFT": 9.758502e-02, "GLYBt2r": 0, "GMPS2": 9.418065e-04, "GLYCK": 0, "GLYCt": 2.764856e-04, "GND": 0, "GCCa": 0, "METR": 0, "DHORD5": 1.520436e-03, "GNK": 0, "DHPS": 0, "GTPCI": 0, "GTPDPK": 0, "GUAD": 0, "HCITS": 0, "MGSA": 0, "DHPS2": 0, "KAS15": 0, "IPDPS": 0, "HAMR": 0, "IMPC": -9.843636e-02, "DHQTi": 3.428277e-03, "HXPRT": 0, "GUAPRT": 0, "LYSDC": 0, "DHQS": 3.428277e-03, "ICDHx": 5.822116e-01, "HYDFDN2r": 0, "HEX1": 0, "HETZK": 0, "HISTD": 8.540213e-04, "HYDFDi": 0, "DMATT": 0, "IGPDH": 8.540213e-04, "IG3PS": 8.540213e-04, "HISDr": 0, "HISTP": 8.540213e-04, "IGPS": 5.124152e-04, "DMPPS": 0, "ILETRS": 0, "HMBS": 2.681291e-06, "HMPK1": 0, "HSK": 0, "DPCOAK": 5.735318e-06, "HSDy": -1.076277e-01, "HSST": 0, "HSTPT": 8.540213e-04, "ILEt2r": 0, "ILETA": -2.619020e-03, "LEUTA": -4.061387e-03, "HXAND": 0, "DPR": 5.735318e-06, "METS": 1.076546e-01, "LEUt2r": 0, "IMPD": 9.418065e-04, "DRPA": 0, "IPPS": 4.061387e-03,