{"EX_h2_e": 0, "EX_h2o_e": 5.871624e+00, "EX_his__L_e": 0, "EX_ile__L_e": 0, "EX_lac__D_e": 0, "EX_murein4p3p_e": 0, "EX_murein4p4p_e": 0, "EX_murein4px4p_e": 0, "EX_k_e": -1.198511e-02, "EX_murein4px4px4p_e": 0, "EX_alaala_e": 0, "EX_murein5p3p_e": 0, "EX_murein5p4p_e": 0, "EX_murein5p5p_e": 0, "EX_murein5p5p5p_e": 0, "EX_lac__L_e": 0, "EX_leu__L_e": 0, "EX_lys__L_e": 0, "EX_alltn_e": 0, "EX_malt_e": 0, "EX_murein5px3p_e": 0, "EX_murein5px4p_e": 0, "EX_malthx_e": 0, "EX_murein5px4px4p_e": 0, "EX_arab__L_e": 0, "EX_malttr_e": 0, "EX_man_e": 0, "EX_araban__L_e": 0, "EX_met__L_e": 2.502117e-01, "EX_mg2_e": -5.326185e-04, "EX_mn2_e": -4.244147e-05, "EX_na1_e": 0, "EX_nh4_e": -1.701676e+00, "EX_ni2_e": -1.981020e-05, "EX_no2_e": 0, "EX_no3_e": 0, "EX_pi_e": -4.622283e-01, "EX_pro__L_e": 0, "EX_mobd_e": -4.388335e-07, "EX_xan_e": 0, "EX_xyl__D_e": 0, "EX_ptrc_e": 0, "EX_arg__L_e": 0, "EX_pydxn_e": 0, "EX_pyr_e": 0, "EX_zn2_e": -2.087594e-05, "BIOMASS_Cl_DSM_WT_46p666M1": 6.269050e-02, "EX_rib__D_e": 0, "DM_mththf_c": 1.397998e-04, "5HBZIDMT": 1.397998e-05, "5HBZIDS2": 1.397998e-05, "DM_succ_c": 7.927402e-03, "ABUTD": 0, "ACACT1r": 0, "EX_ac_e": 0, "EX_ala__D_e": 1.781100e-03, "EX_asn__L_e": 0, "EX_asp__L_e": 0, "EX_ribflv_e": -1.948240e-01, "EX_rmn_e": 0, "EX_ser__D_e": 0, "EX_btd_RR_e": 1.686045e+00, "EX_ser__L_e": 0, "EX_btn_e": -1.253810e-07, "EX_so4_e": -2.620497e-01, "EX_btoh_e": 0, "EX_spmd_e": 0, "EX_taur_e": 0, "3OAS161": 3.169093e-02, "3OAS180": 0, "EX_thm_e": -1.397998e-05, "EX_but_e": 0, "EX_trp__L_e": 0, "EX_uaagmda_e": 0, "3OAS181": 1.217199e-03, "3OAS60": 5.939674e-02, "3OAS80": 5.939674e-02, "3OAS100": 5.939674e-02, "3OAS120": 2.770582e-02, "3OAS121": 3.169093e-02, "EX_udcpdp_e": 0, "EX_udcpp_e": 0, "3OAS140": 2.770582e-02, "EX_ura_e": 0, "EX_ca2_e": -3.195962e-04, "EX_val__L_e": 0, "3OAR100": 5.939674e-02, "3OAR120": 2.770582e-02, "3OAR121": 3.169093e-02, "EX_citr__L_e": 0, "3OAR140": 2.770582e-02, "3OAR141": 3.169093e-02, "3OAR160": 2.081074e-02, "EX_cl_e": -3.195962e-04, "3OAR161": 3.169093e-02, "3OAR180": 0, "EX_co_e": 0, "3OAR181": 1.217199e-03, "3OAS141": 3.169093e-02, "EX_co2_e": 7.858834e+00, "3OAS160": 2.081074e-02, "ACBIPGT": 1.397998e-05, "4HTHRS": 0, "EX_cobalt2_e": -1.554724e-05, "EX_csn_e": 0, "ACt2r": 0, "ABFA": 0, "ABTA": 0, "ACGK": 1.390268e-02, "EX_cu2_e": -4.350721e-05, "ACGS": 0, "ACALD": -4.756428e+00, "ACHBS": 1.365531e-02, "APSR": 2.617834e-01, "EX_cys__L_e": 0, "ACCOAC": 4.101013e-01, "ACLS": 1.727140e+00, "ADOCBIK": 0, "EX_etoh_e": 4.730849e+00, "ACPS1": 0, "ACKr": 2.617834e-01, "EX_fe2_e": -8.665081e-04, "ADA": 0, "ADCL": 0, "EX_fol_e": -5.591993e-05, "ACLDC": 1.686045e+00, "ADCPS2": 1.397998e-05, "EX_for_e": 0, "ADCPS1": 0, "ACOTA": -1.390268e-02, "EX_fru_e": -5, "ACOAD1z": 0, "ACONTa": -9.999491e+02, "ACONTb": -9.999491e+02, "EX_gal_e": 0, "ACOATA": 0, "ADCYRS": 1.397998e-05, "ADCS": 0, "EX_galctn__D_e": 0, "ADD": 0, "ADK1": 7.415760e-01, "ACONT": 1000, "EX_galur_e": 0, "EX_glc__D_e": 0, "EX_glcn_e": 0, "ASNt2r": 0, "EX_glcur_e": 0, "ASP1DC": 2.990337e-05, "EX_gln__L_e": 0, "ASPt2r": 0, "EX_glu__L_e": 0, "ATPM": 4.500000e-01, "ADK2": 1.397998e-05, "EX_gly_e": 0, "ADMDC": 0, "ADOCBLS": 1.397998e-05, "BTDt_RR": 1.686045e+00, "BTOHt": 0, "EX_glyb_e": 0, "ADPRDP": 0, "EX_glyc_e": 1.441568e-03, "ADPT": 1.397998e-04, "BUTKr": 0, "ADSL1r": 2.046157e-01, "EX_h_e": 6.826613e-01, "ADSL2r": 2.050734e-01, "BUTt": 0, "ADSS": 2.046157e-01, "CYRDAR": 6.989991e-06, "AHCYSNS": 1.397998e-04, "AGPAT120": 0, "AGPR": -1.390268e-02, "CYSabc": 0, "AHSERL2": 2.574491e-01, "AIRCr": 2.050734e-01, "Cuabc": 4.350721e-05, "AICART": 2.095261e-01, "ALAALAr": 1.781100e-03, "ALAR": 2.774976e-02, "ALATA_L": -5.367505e-02, "CA2abc": 3.195962e-04, "CITRt2r": 0, "CLt3r_2": 1.597981e-04, "CO2t": -7.858834e+00, "ALCD2y": -4.730849e+00, "DHPTDCs2": 1.397998e-04, "AMMQLT8": 0, "COabc": 1.554724e-05, "DHPPDA": 0, "COt": 0, "ALCD4y": 0, "ALLTN": 0, "CYSSADS": 0, "CYRDAAT": 1.397998e-05, "ALLTNt2r": 0, "METt2r": -2.502117e-01, "AMAA": 0, "ASP4DC": 0, "DGK1": 0, "ANPRT": 2.671681e-03, "CTPS2": 0, "APRAUR": 0, "ASPO2": 1.428717e-04, "CYRDAS": 1.397998e-05, "ASPCT": 7.927402e-03, "ASPK": 2.753593e-01, "ACAFDOR": 0, "ANS": 0, "ASPO2y": 0, "CYSDS": 0, "ASPR": 0, "ATPPRT": 4.452781e-03, "ASPT": 0, "BACCL": 0, "BTDD_RR": -1.686045e+00, "ANS2": 2.671681e-03, "ARABR": 0, "ARAI": 0, "CYSTL": 0, "ARBabc": 0, "ARBt2r": 0, "BTNt2i": 1.253810e-07, "CYSTS": 0, "CBIAT": 0, "CYSS": 4.334296e-03, "CBLAT": 0, "ARGDr": 0, "ARGN": 0, "CYTD": 0, "ARGDC": 0, "CDPMEK": 3.792775e-05, "CBMKr": 2.183009e-02, "ARGSL": 1.390268e-02, "ARGSS": 1.390268e-02, "CBPS": 0, "ASAD": -2.753593e-01, "CHORS": 1.787469e-02, "DCYTD": 0, "CHORM": 1.518903e-02, "CITL": 0, "ARGt2r": 0, "ASNS1": 1.132993e-02, "CODH4": 0, "CYTDK2": 0, "CODH_ACS": 0, "CPC2MT": 1.397998e-05, "CLPNS120": 0, "CLPNS140": 1.673210e-04, "ECOAH1": 0, "CYTK1": 5.395377e-02, "CLPNS160": 5.050974e-04, "CPC3MT": 1.397998e-05, "CYTK2": 0, "D_LACt2": 0, "CPC4MT": 1.397998e-05, "ETOHt": -4.730849e+00, "DAGK120": 0, "FOLt": 5.591993e-05, "CPC6MT": 1.397998e-05, "CPC5MT": 1.397998e-05, "DAPDC": 1.612914e-02, "CPC8MM": 1.397998e-05, "CPC6R": 1.397998e-05, "G3PCT": 2.418756e-02, "DAPE": 1.791024e-02, "CPPPGOAN2": 0, "CS": 5.092343e-02, "DSERt2": 0, "CSND": 0, "G5SADs": 1.038989e-02, "DALAt2r": 0, "FOLR2": 5.591993e-05, "CTPS1": 3.359459e-03, "LDAPAT": -1.791024e-02, "CSNt2": 0, "DASYN120": 0, "FRTT": 0, "DASYN140": 3.447539e-03, "DURAD": 0, "DURIPP": 0, "DUTPDP": 0, "GLCt2": 0, "GLNabc": 0, "GLUabc": 0, "DXPRIi": 3.792775e-05, "DASYN160": 1.040537e-02, "DXPS": 3.792775e-05, "EAR100x": 2.770582e-02, "DASYN161": 1.523686e-02, "ENO": 9.241960e+00, "GPDDA1": 0, "GPDDA2": 0, "DASYN180": 0, "GPDDA4": 0, "FACOAL140": 0, "FACOAL160": 0, "DASYN181": 6.085994e-04, "DB4PS": 0, "FACOAL180": 0, "H2Ot": -5.874675e+00, "DCMPDA": 0, "FBA": 4.842546e+00, "DDPA": 1.787469e-02, "FBA3": 0, "FBP": 1.574545e-01, "H2td": 0, "HACD1": 0, "DDPGA": 0, "HCO3E": 7.750715e-01, "FDH7": 4.146135e-01, "FORt2": 0, "DHAD2": 1.365531e-02, "G1PTT": 0, "HISt2r": 0, "GTPCII": 0, "GK1": 1000, "FE2abc": 8.665081e-04, "FGLU": 0, "FMNAT": 1.948101e-01, "FRD2": 7.927402e-03, "DHAD1": 4.109482e-02, "FRNDPR2r": 3.685350e+00, "GK2": -9.999951e+02, "DHAK": 0, "HPPK": 0, "FRUK": 5, "FUM": 4.156643e-01, "GRTT": 3.447978e-06, "FRUpts": 5, "DHFR": 1.884414e-03, "FTHFLi": 4.146275e-01, "DHDPRy": 1.791024e-02, "G1PACT": 4.529702e-03, "G3PAT140": 3.447539e-03, "GLCURt2r": 0, "GF6PTA": 4.529702e-03, "GHMT2r": 2.594752e-01, "DHDPS": 1.791024e-02, "GLCNt2r": 0, "G1SAT": 1.118399e-04, "G3PAT181": 6.085994e-04, "GLNS": 4.478644e-01, "DHFS": 0, "GLCRD": 0, "G3PAT120": 0, "G3PAT160": 1.040537e-02, "G3PAT161": 1.523686e-02, "GLU5K": 1.038989e-02, "GLUDy": -1.238734e+00, "GLUPRT": 2.050873e-01, "GLUR": -1.781100e-03, "G3PAT180": 0, "G3PD2": -6.195891e-02, "G5SD": 1.038989e-02, "GLUTRR": 1.118399e-04, "GALCTD": 0, "DHNAOT4": 0, "GALCTNt2r": 0, "GLUSy": 0, "GLUTRS": 1.118399e-04, "GLUt2r": 0, "GAPD": 9.540209e+00, "DHNPA_1": 0, "GALUi": 0, "GALURt2r": 0, "GLUt4": 0, "GLYCDx": 0, "GALabc": 0, "DHORTS": -7.927402e-03, "GCCb": 0, "GARFT": 2.050873e-01, "GLYBt2r": 0, "GMPS2": 4.910484e-03, "GLYCK": 0, "GLYCt": 1.441568e-03, "GND": 0, "GCCa": 0, "METR": 0, "DHORD5": 7.927402e-03, "GNK": 0, "DHPS": 0, "GTPCI": 0, "GTPDPK": 0, "GUAD": 0, "HCITS": 0, "MGSA": 0, "DHPS2": 0, "KAS15": 5.939674e-02, "IPDPS": 3.447978e-05, "HAMR": 0, "IMPC": -2.095261e-01, "DHQTi": 1.787469e-02, "HXPRT": 0, "GUAPRT": 0, "LYSDC": 0, "DHQS": 1.787469e-02, "ICDHx": 5.092343e-02, "HYDFDN2r": 0, "HEX1": 0, "HETZK": 0, "HISTD": 4.452781e-03, "HYDFDi": 0, "DMATT": 3.447978e-06, "IGPDH": 4.452781e-03, "IG3PS": 4.452781e-03, "HISDr": 0, "HISTP": 4.452781e-03, "IGPS": 2.671681e-03, "DMPPS": 3.447978e-06, "ILETRS": 0, "HMBS": 1.397998e-05, "HMPK1": 0, "HSK": 0, "DPCOAK": 2.990337e-05, "HSDy": -2.574491e-01, "HSST": 0, "HSTPT": 4.452781e-03, "ILEt2r": 0, "ILETA": -1.365531e-02, "LEUTA": -2.117566e-02, "HXAND": 0, "DPR": 2.990337e-05,