{"EX_h2_e": 0, "EX_h2o_e": 4.775702e+00, "EX_his__L_e": 0, "EX_ile__L_e": 0, "EX_lac__D_e": 0, "EX_murein4p3p_e": 0, "EX_murein4p4p_e": 0, "EX_murein4px4p_e": 0, "EX_k_e": -3.261265e-02, "EX_murein4px4px4p_e": 0, "EX_alaala_e": 0, "EX_murein5p3p_e": 0, "EX_murein5p4p_e": 0, "EX_murein5p5p_e": 0, "EX_murein5p5p5p_e": 0, "EX_lac__L_e": 0, "EX_leu__L_e": 0, "EX_lys__L_e": 0, "EX_alltn_e": 0, "EX_malt_e": 0, "EX_murein5px3p_e": 0, "EX_murein5px4p_e": 0, "EX_malthx_e": 0, "EX_murein5px4px4p_e": 0, "EX_arab__L_e": 0, "EX_malttr_e": 0, "EX_man_e": 0, "EX_araban__L_e": 0, "EX_met__L_e": 0, "EX_mg2_e": -1.449307e-03, "EX_mn2_e": -1.154874e-04, "EX_na1_e": 0, "EX_nh4_e": -1.340412e+00, "EX_ni2_e": -5.390548e-05, "EX_no2_e": 0, "EX_no3_e": 0, "EX_pi_e": -2.226694e-01, "EX_pro__L_e": 0, "EX_mobd_e": -1.194109e-06, "EX_xan_e": 0, "EX_xyl__D_e": 0, "EX_ptrc_e": 0, "EX_arg__L_e": 0, "EX_pydxn_e": 0, "EX_pyr_e": 0, "EX_zn2_e": -5.680546e-05, "BIOMASS_Cl_DSM_WT_46p666M1": 1.705870e-01, "EX_rib__D_e": 0, "DM_mththf_c": 3.804090e-04, "5HBZIDMT": 3.804090e-05, "5HBZIDS2": 3.804090e-05, "DM_succ_c": 2.157124e-02, "ABUTD": 0, "ACACT1r": 0, "EX_ac_e": 3.148780e-02, "EX_ala__D_e": 0, "EX_asn__L_e": 0, "EX_asp__L_e": 0, "EX_ribflv_e": -7.608179e-05, "EX_rmn_e": 0, "EX_ser__D_e": 0, "EX_btd_RR_e": 0, "EX_ser__L_e": 0, "EX_btn_e": -3.411740e-07, "EX_so4_e": -3.221245e-02, "EX_btoh_e": 0, "EX_spmd_e": 0, "EX_taur_e": 0, "3OAS161": 8.623411e-02, "3OAS180": 0, "EX_thm_e": -3.804090e-05, "EX_but_e": 0, "EX_trp__L_e": 0, "EX_uaagmda_e": 0, "3OAS181": 3.312117e-03, "3OAS60": 1.616243e-01, "3OAS80": 1.616243e-01, "3OAS100": 1.616243e-01, "3OAS120": 7.539023e-02, "3OAS121": 8.623411e-02, "EX_udcpdp_e": 4.846547e-03, "EX_udcpp_e": 0, "3OAS140": 7.539023e-02, "EX_ura_e": 0, "EX_ca2_e": -8.696524e-04, "EX_val__L_e": 0, "3OAR100": 1.616243e-01, "3OAR120": 7.539023e-02, "3OAR121": 8.623411e-02, "EX_citr__L_e": 0, "3OAR140": 7.539023e-02, "3OAR141": 8.623411e-02, "3OAR160": 5.662805e-02, "EX_cl_e": -8.696524e-04, "3OAR161": 8.623411e-02, "3OAR180": 0, "EX_co_e": 0, "3OAR181": 3.312117e-03, "3OAS141": 8.623411e-02, "EX_co2_e": 8.268269e+00, "3OAS160": 5.662805e-02, "ACBIPGT": 3.804090e-05, "4HTHRS": 0, "EX_cobalt2_e": -4.230557e-05, "EX_csn_e": 0, "ACt2r": -3.148780e-02, "ABFA": 0, "ABTA": 0, "ACGK": 3.783056e-02, "EX_cu2_e": -1.183874e-04, "ACGS": 0, "ACALD": -6.993840e+00, "ACHBS": 3.715743e-02, "APSR": 3.148780e-02, "EX_cys__L_e": 0, "ACCOAC": 1.115926e+00, "ACLS": 1.118230e-01, "ADOCBIK": 0, "EX_etoh_e": 6.924237e+00, "ACPS1": 0, "ACKr": 0, "EX_fe2_e": -2.357853e-03, "ADA": 0, "ADCL": 0, "EX_fol_e": -1.521636e-04, "ACLDC": 0, "ADCPS2": 3.804090e-05, "EX_for_e": 0, "ADCPS1": 0, "ACOTA": -3.783056e-02, "EX_fru_e": -5, "ACOAD1z": 0, "ACONTa": -9.998614e+02, "ACONTb": -9.998614e+02, "EX_gal_e": 0, "ACOATA": 0, "ADCYRS": 3.804090e-05, "ADCS": 0, "EX_galctn__D_e": 0, "ADD": 0, "ADK1": 2.922583e-01, "ACONT": 1000, "EX_galur_e": 0, "EX_glc__D_e": 0, "EX_glcn_e": 0, "ASNt2r": 0, "EX_glcur_e": 0, "ASP1DC": 8.136999e-05, "EX_gln__L_e": 0, "ASPt2r": 0, "EX_glu__L_e": 0, "ATPM": 4.500000e-01, "ADK2": 3.804090e-05, "EX_gly_e": 0, "ADMDC": 0, "ADOCBLS": 3.804090e-05, "BTDt_RR": 0, "BTOHt": 0, "EX_glyb_e": 0, "ADPRDP": 0, "EX_glyc_e": 3.922648e-03, "ADPT": 3.804090e-04, "BUTKr": 0, "ADSL1r": 2.672006e-02, "EX_h_e": 1.016034e+00, "ADSL2r": 2.796552e-02, "BUTt": 0, "ADSS": 2.672006e-02, "CYRDAR": 1.902045e-05, "AHCYSNS": 3.804090e-04, "AGPAT120": 0, "AGPR": -3.783056e-02, "CYSabc": 0, "AHSERL2": 1.969375e-02, "AIRCr": 2.796552e-02, "Cuabc": 1.183874e-04, "AICART": 4.008197e-02, "ALAALAr": 4.846547e-03, "ALAR": 7.066327e-02, "ALATA_L": -1.412085e-01, "CA2abc": 8.696524e-04, "CITRt2r": 0, "CLt3r_2": 4.348262e-04, "CO2t": -8.268269e+00, "ALCD2y": 0, "DHPTDCs2": 3.804090e-04, "AMMQLT8": 0, "COabc": 4.230557e-05, "DHPPDA": 0, "COt": 0, "ALCD4y": 0, "ALLTN": 0, "CYSSADS": 0, "CYRDAAT": 3.804090e-05, "ALLTNt2r": 0, "METt2r": 0, "AMAA": 0, "ASP4DC": 0, "DGK1": 0, "ANPRT": 7.269905e-03, "CTPS2": 0, "APRAUR": 0, "ASPO2": 0, "CYRDAS": 3.804090e-05, "ASPCT": 2.157124e-02, "ASPK": 6.842926e-02, "ACAFDOR": 0, "ANS": 0, "ASPO2y": 3.887677e-04, "CYSDS": 0, "ASPR": 0, "ATPPRT": 1.211645e-02, "ASPT": 0, "BACCL": 0, "BTDD_RR": 0, "ANS2": 7.269905e-03, "ARABR": 0, "ARAI": 0, "CYSTL": 0, "ARBabc": 0, "ARBt2r": 0, "BTNt2i": 3.411740e-07, "CYSTS": 0, "CBIAT": 0, "CYSS": 1.179404e-02, "CBLAT": 0, "ARGDr": 0, "ARGN": 0, "CYTD": 0, "ARGDC": 0, "CDPMEK": 5.341522e-02, "CBMKr": 5.940180e-02, "ARGSL": 3.783056e-02, "ARGSS": 3.783056e-02, "CBPS": 0, "ASAD": -6.842926e-02, "CHORS": 4.863878e-02, "DCYTD": 0, "CHORM": 4.133084e-02, "CITL": 0, "ARGt2r": 0, "ASNS1": 3.082984e-02, "CODH4": 0, "CYTDK2": 0, "CODH_ACS": 1.661174e-01, "CPC2MT": 3.804090e-05, "CLPNS120": 0, "CLPNS140": 4.552966e-04, "ECOAH1": 0, "CYTK1": 2.001255e-01, "CLPNS160": 1.374419e-03, "CPC3MT": 3.804090e-05, "CYTK2": 0, "D_LACt2": 0, "CPC4MT": 3.804090e-05, "ETOHt": -6.924237e+00, "DAGK120": 0, "FOLt": 1.521636e-04, "CPC6MT": 3.804090e-05, "CPC5MT": 3.804090e-05, "DAPDC": 4.388896e-02, "CPC8MM": 3.804090e-05, "CPC6R": 3.804090e-05, "G3PCT": 6.581672e-02, "DAPE": 4.873551e-02, "CPPPGOAN2": 0, "CS": 1.385676e-01, "DSERt2": 0, "CSND": 0, "G5SADs": 2.827189e-02, "DALAt2r": 4.846547e-03, "FOLR2": 1.521636e-04, "CTPS1": 9.141415e-03, "LDAPAT": -4.873551e-02, "CSNt2": 0, "DASYN120": 0, "FRTT": 0, "DASYN140": 9.381090e-03, "DURAD": 0, "DURIPP": 0, "DUTPDP": 0, "GLCt2": 0, "GLNabc": 0, "GLUabc": 0, "DXPRIi": 5.341522e-02, "DASYN160": 2.831403e-02, "DXPS": 5.341522e-02, "EAR100x": 7.539023e-02, "DASYN161": 4.146099e-02, "ENO": 9.256609e+00, "GPDDA1": 0, "GPDDA2": 0, "DASYN180": 0, "GPDDA4": 0, "FACOAL140": 0, "FACOAL160": 0, "DASYN181": 1.656058e-03, "DB4PS": 0, "FACOAL180": 0, "H2Ot": -4.779158e+00, "DCMPDA": 0, "FBA": 4.914706e+00, "DDPA": 4.863878e-02, "FBA3": 0, "FBP": 8.529376e-02, "H2td": 0, "HACD1": 0, "DDPGA": 0, "HCO3E": 1.428195e+00, "FDH7": 8.341172e-02, "FORt2": 0, "DHAD2": 3.715743e-02, "G1PTT": 0, "HISt2r": 0, "GTPCII": 0, "GK1": 1000, "FE2abc": 2.357853e-03, "FGLU": 0, "FMNAT": 3.804090e-05, "FRD2": 2.157124e-02, "DHAD1": 1.118230e-01, "FRNDPR2r": 1.452423e+00, "GK2": -9.999866e+02, "DHAK": 0, "HPPK": 0, "FRUK": 5, "FUM": 7.094491e-02, "GRTT": 4.855929e-03, "FRUpts": 5, "DHFR": 5.127674e-03, "FTHFLi": 8.344976e-02, "DHDPRy": 4.873551e-02, "G1PACT": 1.232576e-02, "G3PAT140": 9.381090e-03, "GLCURt2r": 0, "GF6PTA": 1.232576e-02, "GHMT2r": 1.913245e-01, "DHDPS": 4.873551e-02, "GLCNt2r": 0, "G1SAT": 3.043272e-04, "G3PAT181": 1.656058e-03, "GLNS": 1.892169e-01, "DHFS": 0, "GLCRD": 0, "G3PAT120": 0, "G3PAT160": 2.831403e-02, "G3PAT161": 4.146099e-02, "GLU5K": 2.827189e-02, "GLUDy": -1.110167e+00, "GLUPRT": 4.332975e-02, "GLUR": -4.846547e-03, "G3PAT180": 0, "G3PD2": -1.685962e-01, "G5SD": 2.827189e-02, "GLUTRR": 3.043272e-04, "GALCTD": 0, "DHNAOT4": 0, "GALCTNt2r": 0, "GLUSy": 0, "GLUTRS": 3.043272e-04, "GLUt2r": 0, "GAPD": 9.553441e+00, "DHNPA_1": 0, "GALUi": 0, "GALURt2r": 0, "GLUt4": 0, "GLYCDx": 0, "GALabc": 0, "DHORTS": -2.157124e-02, "GCCb": 0, "GARFT": 4.332975e-02, "GLYBt2r": 0, "GMPS2": 1.336191e-02, "GLYCK": 0, "GLYCt": 3.922648e-03, "GND": 0, "GCCa": 0, "METR": 1.661174e-01, "DHORD5": 2.157124e-02, "GNK": 0, "DHPS": 0, "GTPCI": 0, "GTPDPK": 0, "GUAD": 0, "HCITS": 0, "MGSA": 0, "DHPS2": 0, "KAS15": 1.616243e-01, "IPDPS": 4.855929e-02, "HAMR": 0, "IMPC": -4.008197e-02, "DHQTi": 4.863878e-02, "HXPRT": 0, "GUAPRT": 0, "LYSDC": 0, "DHQS": 4.863878e-02, "ICDHx": 1.385676e-01, "HYDFDN2r": 0, "HEX1": 0, "HETZK": 0, "HISTD": 1.211645e-02, "HYDFDi": 0, "DMATT": 4.855929e-03, "IGPDH": 1.211645e-02, "IG3PS": 1.211645e-02, "HISDr": 0, "HISTP": 1.211645e-02, "IGPS": 7.269905e-03, "DMPPS": 4.855929e-03, "ILETRS": 0, "HMBS": 3.804090e-05, "HMPK1": 0, "HSK": 0, "DPCOAK": 8.136999e-05, "HSDy": -1.969375e-02, "HSST": 0, "HSTPT": 1.211645e-02, "ILEt2r": 0, "ILETA": -3.715743e-02, "LEUTA": -5.762104e-02, "HXAND": 0, "DPR": 8.136999e-05, "METS": 2.007416e-02, "LEUt2r": 0,