{"EX_h2_e": 0, "EX_h2o_e": 6.274733e+00, "EX_his__L_e": 0, "EX_ile__L_e": 0, "EX_lac__D_e": 0, "EX_murein4p3p_e": 0, "EX_murein4p4p_e": 0, "EX_murein4px4p_e": 0, "EX_k_e": -2.987831e-02, "EX_murein4px4px4p_e": 0, "EX_alaala_e": 0, "EX_murein5p3p_e": 0, "EX_murein5p4p_e": 0, "EX_murein5p5p_e": 0, "EX_murein5p5p5p_e": 0, "EX_lac__L_e": 0, "EX_leu__L_e": 0, "EX_lys__L_e": 0, "EX_alltn_e": 0, "EX_malt_e": 0, "EX_murein5px3p_e": 0, "EX_murein5px4p_e": 0, "EX_malthx_e": 0, "EX_murein5px4px4p_e": 0, "EX_arab__L_e": 0, "EX_malttr_e": 0, "EX_man_e": 0, "EX_araban__L_e": 0, "EX_met__L_e": 0, "EX_mg2_e": -1.327793e-03, "EX_mn2_e": -1.058046e-04, "EX_na1_e": 0, "EX_nh4_e": -5.451617e+00, "EX_ni2_e": -4.938590e-05, "EX_no2_e": 0, "EX_no3_e": 0, "EX_pi_e": -1.810786e-01, "EX_pro__L_e": 0, "EX_mobd_e": -1.093991e-06, "EX_xan_e": 0, "EX_xyl__D_e": 0, "EX_ptrc_e": 0, "EX_arg__L_e": 0, "EX_pydxn_e": 0, "EX_pyr_e": 0, "EX_zn2_e": -5.204273e-05, "BIOMASS_Cl_DSM_WT_46p666M1": 1.562845e-01, "EX_rib__D_e": 0, "DM_mththf_c": 3.485144e-04, "5HBZIDMT": 3.485144e-05, "5HBZIDS2": 3.485144e-05, "DM_succ_c": 1.976264e-02, "ABUTD": 0, "ACACT1r": 0, "EX_ac_e": 6.348694e+00, "EX_ala__D_e": 0, "EX_asn__L_e": 0, "EX_asp__L_e": 0, "EX_ribflv_e": -6.970288e-05, "EX_rmn_e": 0, "EX_ser__D_e": 0, "EX_btd_RR_e": 0, "EX_ser__L_e": 0, "EX_btn_e": -3.125690e-07, "EX_so4_e": -2.951167e-02, "EX_btoh_e": 0, "EX_spmd_e": 0, "EX_taur_e": 0, "3OAS161": 7.900400e-02, "3OAS180": 0, "EX_thm_e": -3.485144e-05, "EX_but_e": 0, "EX_trp__L_e": 0, "EX_uaagmda_e": 0, "3OAS181": 3.034420e-03, "3OAS60": 1.480733e-01, "3OAS80": 1.480733e-01, "3OAS100": 1.480733e-01, "3OAS120": 6.906930e-02, "3OAS121": 7.900400e-02, "EX_udcpdp_e": 0, "EX_udcpp_e": 0, "3OAS140": 6.906930e-02, "EX_ura_e": 0, "EX_ca2_e": -7.967383e-04, "EX_val__L_e": 0, "3OAR100": 1.480733e-01, "3OAR120": 6.906930e-02, "3OAR121": 7.900400e-02, "EX_citr__L_e": 0, "3OAR140": 6.906930e-02, "3OAR141": 7.900400e-02, "3OAR160": 5.188020e-02, "EX_cl_e": -7.967383e-04, "3OAR161": 7.900400e-02, "3OAR180": 0, "EX_co_e": 0, "3OAR181": 3.034420e-03, "3OAS141": 7.900400e-02, "EX_co2_e": 0, "3OAS160": 5.188020e-02, "ACBIPGT": 3.485144e-05, "4HTHRS": 0, "EX_cobalt2_e": -3.875855e-05, "EX_csn_e": 0, "ACt2r": -6.348694e+00, "ABFA": 0, "ABTA": 0, "ACGK": 3.465874e-02, "EX_cu2_e": -1.084614e-04, "ACGS": 0, "ACALD": 0, "ACHBS": 3.404204e-02, "APSR": 2.884777e-02, "EX_cys__L_e": 0, "ACCOAC": 1.022363e+00, "ACLS": 1.024475e-01, "ADOCBIK": 0, "EX_etoh_e": 9.869515e-01, "ACPS1": 0, "ACKr": -7.370565e+00, "EX_fe2_e": -2.160164e-03, "ADA": 0, "ADCL": 0, "EX_fol_e": -1.394058e-04, "ACLDC": 0, "ADCPS2": 3.485144e-05, "EX_for_e": 0, "ADCPS1": 0, "ACOTA": -3.465874e-02, "EX_fru_e": -5, "ACOAD1z": 0, "ACONTa": -9.998731e+02, "ACONTb": -9.998731e+02, "EX_gal_e": 0, "ACOATA": 0, "ADCYRS": 3.485144e-05, "ADCS": 0, "EX_galctn__D_e": 0, "ADD": 0, "ADK1": 2.537133e-01, "ACONT": 1000, "EX_galur_e": 0, "EX_glc__D_e": 0, "EX_glcn_e": 0, "ASNt2r": 0, "EX_glcur_e": 0, "ASP1DC": 7.454770e-05, "EX_gln__L_e": 0, "ASPt2r": 0, "EX_glu__L_e": 0, "ATPM": 4.500000e-01, "ADK2": 3.485144e-05, "EX_gly_e": 0, "ADMDC": 0, "ADOCBLS": 3.485144e-05, "BTDt_RR": 0, "BTOHt": 0, "EX_glyb_e": 0, "ADPRDP": 0, "EX_glyc_e": 0, "ADPT": 3.485144e-04, "BUTKr": 0, "ADSL1r": 2.447978e-02, "EX_h_e": 1.147872e+01, "ADSL2r": 2.562081e-02, "BUTt": 0, "ADSS": 2.447978e-02, "CYRDAR": 1.742572e-05, "AHCYSNS": 3.485144e-04, "AGPAT120": 0, "AGPR": -3.465874e-02, "CYSabc": 0, "AHSERL2": 1.804258e-02, "AIRCr": 2.562081e-02, "Cuabc": 1.084614e-04, "AICART": 3.672138e-02, "ALAALAr": 4.440199e-03, "ALAR": 6.473866e-02, "ALATA_L": -1.293692e-01, "CA2abc": 7.967383e-04, "CITRt2r": 0, "CLt3r_2": 3.983692e-04, "CO2t": 0, "ALCD2y": 0, "DHPTDCs2": 3.485144e-04, "AMMQLT8": 0, "COabc": 3.875855e-05, "DHPPDA": 0, "COt": 0, "ALCD4y": 0, "ALLTN": 0, "CYSSADS": 0, "CYRDAAT": 3.485144e-05, "ALLTNt2r": 0, "METt2r": 0, "AMAA": 0, "ASP4DC": 0, "DGK1": 0, "ANPRT": 6.660376e-03, "CTPS2": 0, "APRAUR": 0, "ASPO2": 0, "CYRDAS": 3.485144e-05, "ASPCT": 1.976264e-02, "ASPK": 6.269196e-02, "ACAFDOR": -1.050719e+00, "ANS": 0, "ASPO2y": 3.561723e-04, "CYSDS": 0, "ASPR": 0, "ATPPRT": 1.110057e-02, "ASPT": 0, "BACCL": 0, "BTDD_RR": 0, "ANS2": 6.660376e-03, "ARABR": 0, "ARAI": 0, "CYSTL": 0, "ARBabc": 0, "ARBt2r": 0, "BTNt2i": 3.125690e-07, "CYSTS": 0, "CBIAT": 0, "CYSS": 1.080520e-02, "CBLAT": 0, "ARGDr": 0, "ARGN": 0, "CYTD": 0, "ARGDC": 0, "CDPMEK": 9.455211e-05, "CBMKr": 5.442138e-02, "ARGSL": 3.465874e-02, "ARGSS": 3.465874e-02, "CBPS": 0, "ASAD": -6.269196e-02, "CHORS": 4.456077e-02, "DCYTD": 0, "CHORM": 3.786554e-02, "CITL": 0, "ARGt2r": 0, "ASNS1": 2.824498e-02, "CODH4": 0, "CYTDK2": 0, "CODH_ACS": 4.403861e+00, "CPC2MT": 3.485144e-05, "CLPNS120": 0, "CLPNS140": 4.171233e-04, "ECOAH1": 0, "CYTK1": 1.345042e-01, "CLPNS160": 1.259184e-03, "CPC3MT": 3.485144e-05, "CYTK2": 0, "D_LACt2": 0, "CPC4MT": 3.485144e-05, "ETOHt": -9.869515e-01, "DAGK120": 0, "FOLt": 1.394058e-04, "CPC6MT": 3.485144e-05, "CPC5MT": 3.485144e-05, "DAPDC": 4.020919e-02, "CPC8MM": 3.485144e-05, "CPC6R": 3.485144e-05, "G3PCT": 6.029846e-02, "DAPE": 4.464938e-02, "CPPPGOAN2": 0, "CS": 1.269497e-01, "DSERt2": 0, "CSND": 0, "G5SADs": 2.590150e-02, "DALAt2r": 4.440199e-03, "FOLR2": 1.394058e-04, "CTPS1": 8.374973e-03, "LDAPAT": -4.464938e-02, "CSNt2": 0, "DASYN120": 0, "FRTT": 0, "DASYN140": 8.594553e-03, "DURAD": 0, "DURIPP": 0, "DUTPDP": 0, "GLCt2": 0, "GLNabc": 0, "GLUabc": 0, "DXPRIi": 9.455211e-05, "DASYN160": 2.594010e-02, "DXPS": 9.455211e-05, "EAR100x": 6.906930e-02, "DASYN161": 3.798479e-02, "ENO": 5.093562e+00, "GPDDA1": 0, "GPDDA2": 0, "DASYN180": 0, "GPDDA4": 0, "FACOAL140": 0, "FACOAL160": 0, "DASYN181": 1.517210e-03, "DB4PS": 0, "FACOAL180": 0, "H2Ot": -6.282339e+00, "DCMPDA": 0, "FBA": 4.931218e+00, "DDPA": 4.456077e-02, "FBA3": 0, "FBP": 6.878169e-02, "H2td": 0, "HACD1": 0, "DDPGA": 0, "HCO3E": 1.308451e+00, "FDH7": 6.237705e-02, "FORt2": 0, "DHAD2": 3.404204e-02, "G1PTT": 0, "HISt2r": 0, "GTPCII": 0, "GK1": 1000, "FE2abc": 2.160164e-03, "FGLU": 0, "FMNAT": 3.485144e-05, "FRD2": 1.976264e-02, "DHAD1": 1.024475e-01, "FRNDPR2r": 3.456833e+00, "GK2": -9.999877e+02, "DHAK": 3.593762e-03, "HPPK": 0, "FRUK": 5, "FUM": 6.499669e-02, "GRTT": 8.595647e-06, "FRUpts": 5, "DHFR": 4.697755e-03, "FTHFLi": 6.241190e-02, "DHDPRy": 4.464938e-02, "G1PACT": 1.129234e-02, "G3PAT140": 8.594553e-03, "GLCURt2r": 0, "GF6PTA": 1.129234e-02, "GHMT2r": 4.426954e+00, "DHDPS": 4.464938e-02, "GLCNt2r": 0, "G1SAT": 2.788115e-04, "G3PAT181": 1.517210e-03, "GLNS": 1.452700e-01, "DHFS": 0, "GLCRD": 0, "G3PAT120": 0, "G3PAT160": 2.594010e-02, "G3PAT161": 3.798479e-02, "GLU5K": 2.590150e-02, "GLUDy": -5.318300e+00, "GLUPRT": 2.565566e-02, "GLUR": -4.440199e-03, "G3PAT180": 0, "G3PD2": -1.544606e-01, "G5SD": 2.590150e-02, "GLUTRR": 2.788115e-04, "GALCTD": 0, "DHNAOT4": 0, "GALCTNt2r": 0, "GLUSy": 0, "GLUTRS": 2.788115e-04, "GLUt2r": 0, "GAPD": 9.666719e+00, "DHNPA_1": 0, "GALUi": 0, "GALURt2r": 0, "GLUt4": 0, "GLYCDx": 3.593762e-03, "GALabc": 0, "DHORTS": -1.976264e-02, "GCCb": 0, "GARFT": 2.565566e-02, "GLYBt2r": 0, "GMPS2": 1.224161e-02, "GLYCK": 0, "GLYCt": 0, "GND": 0, "GCCa": 0, "METR": 4.403861e+00, "DHORD5": 1.976264e-02, "GNK": 0, "DHPS": 0, "GTPCI": 0, "GTPDPK": 0, "GUAD": 0, "HCITS": 0, "MGSA": 0, "DHPS2": 0, "KAS15": 1.480733e-01, "IPDPS": 8.595647e-05, "HAMR": 0, "IMPC": -3.672138e-02, "DHQTi": 4.456077e-02, "HXPRT": 0, "GUAPRT": 0, "LYSDC": 0, "DHQS": 4.456077e-02, "ICDHx": 1.269497e-01, "HYDFDN2r": 0, "HEX1": 0, "HETZK": 0, "HISTD": 1.110057e-02, "HYDFDi": 0, "DMATT": 8.595647e-06, "IGPDH": 1.110057e-02, "IG3PS": 1.110057e-02, "HISDr": 0, "HISTP": 1.110057e-02, "IGPS": 6.660376e-03, "DMPPS": 8.595647e-06, "ILETRS": 0, "HMBS": 3.485144e-05, "HMPK1": 0, "HSK": 0, "DPCOAK": 7.454770e-05, "HSDy": -1.804258e-02, "HSST": 0, "HSTPT": 1.110057e-02, "ILEt2r": 0, "ILETA": -3.404204e-02, "LEUTA": -5.278993e-02, "HXAND": 0, "DPR": 7.454770e-05, "METS": 1.839109e-02, "LEUt2r": 0, "IMPD": 1.224161e-02,