{"EX_h2_e": 0, "EX_h2o_e": 3.113354e+00, "EX_his__L_e": 0, "EX_ile__L_e": 0, "EX_lac__D_e": 0, "EX_murein4p3p_e": 0, "EX_murein4p4p_e": 0, "EX_murein4px4p_e": 0, "EX_k_e": -1.887968e-02, "EX_murein4px4px4p_e": 0, "EX_alaala_e": 0, "EX_murein5p3p_e": 0, "EX_murein5p4p_e": 0, "EX_murein5p5p_e": 0, "EX_murein5p5p5p_e": 0, "EX_lac__L_e": 0, "EX_leu__L_e": 0, "EX_lys__L_e": 0, "EX_alltn_e": 0, "EX_malt_e": 0, "EX_murein5px3p_e": 0, "EX_murein5px4p_e": 0, "EX_malthx_e": 0, "EX_murein5px4px4p_e": 0, "EX_arab__L_e": 0, "EX_malttr_e": 0, "EX_man_e": 0, "EX_araban__L_e": 0, "EX_met__L_e": 8.729403e-02, "EX_mg2_e": -8.390134e-04, "EX_mn2_e": -6.685641e-05, "EX_na1_e": 0, "EX_nh4_e": -8.517101e-01, "EX_ni2_e": -3.120624e-05, "EX_no2_e": 0, "EX_no3_e": 0, "EX_pi_e": -1.164369e-01, "EX_pro__L_e": 0, "EX_mobd_e": -6.912775e-07, "EX_xan_e": 0, "EX_xyl__D_e": 0, "EX_ptrc_e": 0, "EX_arg__L_e": 0, "EX_pydxn_e": 0, "EX_pyr_e": 0, "EX_zn2_e": -3.288506e-05, "BIOMASS_Cl_DSM_WT_46p666M1": 9.875393e-02, "EX_rib__D_e": 0, "DM_mththf_c": 2.202213e-04, "5HBZIDMT": 2.202213e-05, "5HBZIDS2": 2.202213e-05, "DM_succ_c": 1.248773e-02, "ABUTD": 0, "ACACT1r": 0, "EX_ac_e": 1.055225e-01, "EX_ala__D_e": 2.805698e-03, "EX_asn__L_e": 0, "EX_asp__L_e": 0, "EX_ribflv_e": -4.404425e-05, "EX_rmn_e": 0, "EX_ser__D_e": 0, "EX_btd_RR_e": 0, "EX_ser__L_e": 0, "EX_btn_e": -1.975079e-07, "EX_so4_e": -1.059420e-01, "EX_btoh_e": 0, "EX_spmd_e": 0, "EX_taur_e": 0, "3OAS161": 4.992149e-02, "3OAS180": 0, "EX_thm_e": -2.202213e-05, "EX_but_e": 0, "EX_trp__L_e": 0, "EX_uaagmda_e": 0, "3OAS181": 1.917406e-03, "3OAS60": 9.356540e-02, "3OAS80": 9.356540e-02, "3OAS100": 9.356540e-02, "3OAS120": 4.364390e-02, "3OAS121": 4.992149e-02, "EX_udcpdp_e": 1.007961e-03, "EX_udcpp_e": 0, "3OAS140": 4.364390e-02, "EX_ura_e": 0, "EX_ca2_e": -5.034475e-04, "EX_val__L_e": 0, "3OAR100": 9.356540e-02, "3OAR120": 4.364390e-02, "3OAR121": 4.992149e-02, "EX_citr__L_e": 0, "3OAR140": 4.364390e-02, "3OAR141": 4.992149e-02, "3OAR160": 3.278235e-02, "EX_cl_e": -5.034475e-04, "3OAR161": 4.992149e-02, "3OAR180": 0, "EX_co_e": 0, "3OAR181": 1.917406e-03, "3OAS141": 4.992149e-02, "EX_co2_e": 8.927723e+00, "3OAS160": 3.278235e-02, "ACBIPGT": 2.202213e-05, "4HTHRS": 0, "EX_cobalt2_e": -2.449097e-05, "EX_csn_e": 0, "ACt2r": -1.055225e-01, "ABFA": 0, "ABTA": 0, "ACGK": 2.190036e-02, "EX_cu2_e": -6.853523e-05, "ACGS": 0, "ACALD": -8.008517e+00, "ACHBS": 2.151068e-02, "APSR": 1.055225e-01, "EX_cys__L_e": 0, "ACCOAC": 6.460167e-01, "ACLS": 6.473508e-02, "ADOCBIK": 0, "EX_etoh_e": 7.968224e+00, "ACPS1": 0, "ACKr": 0, "EX_fe2_e": -1.364977e-03, "ADA": 0, "ADCL": 0, "EX_fol_e": -8.808851e-05, "ACLDC": 0, "ADCPS2": 2.202213e-05, "EX_for_e": 0, "ADCPS1": 0, "ACOTA": -2.190036e-02, "EX_fru_e": -5, "ACOAD1z": 0, "ACONTa": 1000, "ACONTb": 1000, "EX_gal_e": 0, "ACOATA": 9.356540e-02, "ADCYRS": 2.202213e-05, "ADCS": 1.225408e-02, "EX_galctn__D_e": 0, "ADD": 0, "ADK1": 2.476119e-01, "ACONT": -9.999198e+02, "EX_galur_e": 0, "EX_glc__D_e": 0, "EX_glcn_e": 0, "ASNt2r": 0, "EX_glcur_e": 0, "ASP1DC": 4.710562e-05, "EX_gln__L_e": 0, "ASPt2r": 0, "EX_glu__L_e": 0, "ATPM": 4.500000e-01, "ADK2": 2.202213e-05, "EX_gly_e": 0, "ADMDC": 0, "ADOCBLS": 2.202213e-05, "BTDt_RR": 0, "BTOHt": 0, "EX_glyb_e": 0, "ADPRDP": 0, "EX_glyc_e": 2.270847e-03, "ADPT": 2.202213e-04, "BUTKr": 0, "ADSL1r": 1.546842e-02, "EX_h_e": 5.906832e-01, "ADSL2r": 1.618942e-02, "BUTt": 0, "ADSS": 1.546842e-02, "CYRDAR": 1.101106e-05, "AHCYSNS": 2.202213e-04, "AGPAT120": 0, "AGPR": -2.190036e-02, "CYSabc": 0, "AHSERL2": 9.869488e-02, "AIRCr": 1.618942e-02, "Cuabc": 6.853523e-05, "AICART": 2.320372e-02, "ALAALAr": 2.805698e-03, "ALAR": 4.371313e-02, "ALATA_L": -8.455223e-02, "CA2abc": 5.034475e-04, "CITRt2r": 0, "CLt3r_2": 2.517238e-04, "CO2t": -8.927723e+00, "ALCD2y": 0, "DHPTDCs2": 2.202213e-04, "AMMQLT8": 0, "COabc": 2.449097e-05, "DHPPDA": 0, "COt": 0, "ALCD4y": 0, "ALLTN": 0, "CYSSADS": 0, "CYRDAAT": 2.202213e-05, "ALLTNt2r": 0, "METt2r": -8.729403e-02, "AMAA": 0, "ASP4DC": 0, "DGK1": 0, "ANPRT": 4.208596e-03, "CTPS2": 0, "APRAUR": 0, "ASPO2": 0, "CYRDAS": 2.202213e-05, "ASPCT": 1.248773e-02, "ASPK": 1.269082e-01, "ACAFDOR": 0, "ANS": 0, "ASPO2y": 2.250602e-04, "CYSDS": 0, "ASPR": 0, "ATPPRT": 7.014294e-03, "ASPT": 0, "BACCL": 0, "BTDD_RR": 0, "ANS2": 4.208596e-03, "ARABR": 0, "ARAI": 0, "CYSTL": 0, "ARBabc": 0, "ARBt2r": 0, "BTNt2i": 1.975079e-07, "CYSTS": 0, "CBIAT": 0, "CYSS": 6.827649e-03, "CBLAT": 0, "ARGDr": 0, "ARGN": 0, "CYTD": 0, "ARGDC": 0, "CDPMEK": 1.114732e-02, "CBMKr": 3.438809e-02, "ARGSL": 2.190036e-02, "ARGSS": 2.190036e-02, "CBPS": 0, "ASAD": -1.269082e-01, "CHORS": 4.041139e-02, "DCYTD": 0, "CHORM": 2.392669e-02, "CITL": 0, "ARGt2r": 0, "ASNS1": 1.784760e-02, "CODH4": 0, "CYTDK2": 0, "CODH_ACS": 0, "CPC2MT": 2.202213e-05, "CLPNS120": 0, "CLPNS140": 2.635742e-04, "ECOAH1": 0, "CYTK1": 9.607886e-02, "CLPNS160": 7.956604e-04, "CPC3MT": 2.202213e-05, "CYTK2": 0, "D_LACt2": 0, "CPC4MT": 2.202213e-05, "ETOHt": -7.968224e+00, "DAGK120": 0, "FOLt": 8.808851e-05, "CPC6MT": 2.202213e-05, "CPC5MT": 2.202213e-05, "DAPDC": 2.540761e-02, "CPC8MM": 2.202213e-05, "CPC6R": 2.202213e-05, "G3PCT": 3.810174e-02, "DAPE": 2.821331e-02, "CPPPGOAN2": 0, "CS": 8.021772e-02, "DSERt2": 0, "CSND": 0, "G5SADs": 1.636679e-02, "DALAt2r": 0, "FOLR2": 8.808851e-05, "CTPS1": 5.292026e-03, "LDAPAT": -2.821331e-02, "CSNt2": 0, "DASYN120": 0, "FRTT": 0, "DASYN140": 5.430775e-03, "DURAD": 0, "DURIPP": 0, "DUTPDP": 0, "GLCt2": 0, "GLNabc": 0, "GLUabc": 0, "DXPRIi": 1.114732e-02, "DASYN160": 1.639118e-02, "DXPS": 1.114732e-02, "EAR100x": 4.364390e-02, "DASYN161": 2.400204e-02, "ENO": 5.083628e+00, "GPDDA1": 0, "GPDDA2": 0, "DASYN180": 0, "GPDDA4": 0, "FACOAL140": 0, "FACOAL160": 0, "DASYN181": 9.587032e-04, "DB4PS": 0, "FACOAL180": 0, "H2Ot": -3.117152e+00, "DCMPDA": 0, "FBA": 4.952453e+00, "DDPA": 4.041139e-02, "FBA3": 0, "FBP": 4.754686e-02, "H2td": 0, "HACD1": 0, "DDPGA": 0, "HCO3E": 9.140854e-01, "FDH7": 3.941516e-02, "FORt2": 0, "DHAD2": 2.151068e-02, "G1PTT": 0, "HISt2r": 0, "GTPCII": 0, "GK1": -9.999922e+02, "FE2abc": 1.364977e-03, "FGLU": 0, "FMNAT": 2.202213e-05, "FRD2": 1.248773e-02, "DHAD1": 6.473508e-02, "FRNDPR2r": 3.265168e+00, "GK2": 1000, "DHAK": 0, "HPPK": 0, "FRUK": 5, "FUM": 4.107048e-02, "GRTT": 1.013393e-03, "FRUpts": 5, "DHFR": 2.968444e-03, "FTHFLi": 3.943718e-02, "DHDPRy": 2.821331e-02, "G1PACT": 7.135465e-03, "G3PAT140": 5.430775e-03, "GLCURt2r": 0, "GF6PTA": 7.135465e-03, "GHMT2r": 1.018866e-01, "DHDPS": 2.821331e-02, "GLCNt2r": 0, "G1SAT": 1.761770e-04, "G3PAT181": 9.587032e-04, "GLNS": 1.040481e-01, "DHFS": 0, "GLCRD": 0, "G3PAT120": 0, "G3PAT160": 1.639118e-02, "G3PAT161": 2.400204e-02, "GLU5K": 1.636679e-02, "GLUDy": -5.237024e+00, "GLUPRT": 1.621145e-02, "GLUR": -2.805698e-03, "G3PAT180": 0, "G3PD2": -9.760147e-02, "G5SD": 1.636679e-02, "GLUTRR": 1.761770e-04, "GALCTD": 0, "DHNAOT4": 0, "GALCTNt2r": 0, "GLUSy": 0, "GLUTRS": 1.761770e-04, "GLUt2r": 0, "GAPD": 9.759708e+00, "DHNPA_1": 0, "GALUi": 0, "GALURt2r": 0, "GLUt4": 0, "GLYCDx": 0, "GALabc": 0, "DHORTS": -1.248773e-02, "GCCb": 0, "GARFT": 1.621145e-02, "GLYBt2r": 0, "GMPS2": 7.735297e-03, "GLYCK": 0, "GLYCt": 2.270847e-03, "GND": 0, "GCCa": 0, "METR": 0, "DHORD5": 1.248773e-02, "GNK": 0, "DHPS": 0, "GTPCI": 0, "GTPDPK": 0, "GUAD": 0, "HCITS": 0, "MGSA": 0, "DHPS2": 0, "KAS15": 0, "IPDPS": 1.013393e-02, "HAMR": 0, "IMPC": -2.320372e-02, "DHQTi": 4.041139e-02, "HXPRT": 0, "GUAPRT": 0, "LYSDC": 0, "DHQS": 4.041139e-02, "ICDHx": 8.021772e-02, "HYDFDN2r": 0, "HEX1": 0, "HETZK": 0, "HISTD": 7.014294e-03, "HYDFDi": 0, "DMATT": 1.013393e-03, "IGPDH": 7.014294e-03, "IG3PS": 7.014294e-03, "HISDr": 0, "HISTP": 7.014294e-03, "IGPS": 4.208596e-03, "DMPPS": 1.013393e-03, "ILETRS": 0, "HMBS": 2.202213e-05, "HMPK1": 0, "HSK": 0, "DPCOAK": 4.710562e-05, "HSDy": -9.869488e-02, "HSST": 0, "HSTPT": 7.014294e-03, "ILEt2r": 0, "ILETA": -2.151068e-02, "LEUTA": -3.335720e-02, "HXAND": 0, "DPR": 4.710562e-05, "METS": 9.891510e-02, "LEUt2r": 0,