{"EX_h2_e": 1.896997e+00, "EX_h2o_e": 2.727990e+00, "EX_his__L_e": 0, "EX_ile__L_e": 0, "EX_lac__D_e": 0, "EX_murein4p3p_e": 0, "EX_murein4p4p_e": 0, "EX_murein4px4p_e": 0, "EX_k_e": -6.893165e-03, "EX_murein4px4px4p_e": 0, "EX_alaala_e": 0, "EX_murein5p3p_e": 0, "EX_murein5p4p_e": 0, "EX_murein5p5p_e": 0, "EX_murein5p5p5p_e": 0, "EX_lac__L_e": 0, "EX_leu__L_e": 0, "EX_lys__L_e": 0, "EX_alltn_e": 0, "EX_malt_e": 0, "EX_murein5px3p_e": 0, "EX_murein5px4p_e": 0, "EX_malthx_e": 0, "EX_murein5px4px4p_e": 0, "EX_arab__L_e": 0, "EX_malttr_e": 0, "EX_man_e": 0, "EX_araban__L_e": 0, "EX_met__L_e": 3.187195e-02, "EX_mg2_e": -3.063324e-04, "EX_mn2_e": -2.440996e-05, "EX_na1_e": 0, "EX_nh4_e": -4.410948e-01, "EX_ni2_e": -1.139372e-05, "EX_no2_e": 0, "EX_no3_e": 0, "EX_pi_e": -1.763770e-01, "EX_pro__L_e": 0, "EX_mobd_e": -2.523925e-07, "EX_xan_e": 0, "EX_xyl__D_e": 0, "EX_ptrc_e": 0, "EX_arg__L_e": 0, "EX_pydxn_e": 0, "EX_pyr_e": 1.369967e+00, "EX_zn2_e": -1.200667e-05, "BIOMASS_Cl_DSM_WT_46p666M1": 3.605608e-02, "EX_rib__D_e": 0, "DM_mththf_c": 8.040505e-05, "5HBZIDMT": 8.040505e-06, "5HBZIDS2": 8.040505e-06, "DM_succ_c": 1.955465e-02, "ABUTD": 0, "ACACT1r": 0, "EX_ac_e": 3.852736e-02, "EX_ala__D_e": 1.024389e-03, "EX_asn__L_e": 0, "EX_asp__L_e": 0, "EX_ribflv_e": -1.608101e-05, "EX_rmn_e": 0, "EX_ser__D_e": 0, "EX_btd_RR_e": 0, "EX_ser__L_e": 0, "EX_btn_e": -7.211216e-08, "EX_so4_e": -3.868053e-02, "EX_btoh_e": 0, "EX_spmd_e": 0, "EX_taur_e": 0, "3OAS161": 1.822685e-02, "3OAS180": 0, "EX_thm_e": -8.040505e-06, "EX_but_e": 0, "EX_trp__L_e": 0, "EX_uaagmda_e": 0, "3OAS181": 7.000648e-04, "3OAS60": 3.033631e-01, "3OAS80": 3.033631e-01, "3OAS100": 3.033631e-01, "3OAS120": 2.851363e-01, "3OAS121": 1.822685e-02, "EX_udcpdp_e": 0, "EX_udcpp_e": 0, "3OAS140": 1.593484e-02, "EX_ura_e": 0, "EX_ca2_e": -1.838139e-04, "EX_val__L_e": 0, "3OAR100": 3.033631e-01, "3OAR120": 2.851363e-01, "3OAR121": 1.822685e-02, "EX_citr__L_e": 0, "3OAR140": 1.593484e-02, "3OAR141": 1.822685e-02, "3OAR160": 1.196918e-02, "EX_cl_e": -1.838139e-04, "3OAR161": 1.822685e-02, "3OAR180": 0, "EX_co_e": 0, "3OAR181": 7.000648e-04, "3OAS141": 1.822685e-02, "EX_co2_e": 8.092904e+00, "3OAS160": 1.196918e-02, "ACBIPGT": 8.040505e-06, "4HTHRS": 0, "EX_cobalt2_e": -8.941907e-06, "EX_csn_e": 0, "ACt2r": -3.852736e-02, "ABFA": 0, "ABTA": 0, "ACGK": 7.996048e-03, "EX_cu2_e": -2.502292e-05, "ACGS": 0, "ACALD": -6.026527e+00, "ACHBS": 7.853771e-03, "APSR": 3.852736e-02, "EX_cys__L_e": 0, "ACCOAC": 1.581875e+00, "ACLS": 2.363544e-02, "ADOCBIK": 0, "EX_etoh_e": 6.011815e+00, "ACPS1": 0, "ACKr": 0, "EX_fe2_e": -4.983671e-04, "ADA": 0, "ADCL": 0, "EX_fol_e": -3.216202e-05, "ACLDC": 0, "ADCPS2": 8.040505e-06, "EX_for_e": 0, "ADCPS1": 0, "ACOTA": -7.996048e-03, "EX_fru_e": -5, "ACOAD1z": 0, "ACONTa": 1000, "ACONTb": 1000, "EX_gal_e": 0, "ACOATA": 3.033631e-01, "ADCYRS": 8.040505e-06, "ADCS": 0, "EX_galctn__D_e": 0, "ADD": 0, "ADK1": 9.040564e-02, "ACONT": -9.999707e+02, "EX_galur_e": 0, "EX_glc__D_e": 0, "EX_glcn_e": 0, "ASNt2r": 0, "EX_glcur_e": 0, "ASP1DC": 1.719875e-05, "EX_gln__L_e": 0, "ASPt2r": 0, "EX_glu__L_e": 0, "ATPM": 4.500000e-01, "ADK2": 8.040505e-06, "EX_gly_e": 0, "ADMDC": 0, "ADOCBLS": 8.040505e-06, "BTDt_RR": 0, "BTOHt": 0, "EX_glyb_e": 0, "ADPRDP": 0, "EX_glyc_e": 8.291095e-04, "ADPT": 8.040505e-05, "BUTKr": 0, "ADSL1r": 5.647680e-03, "EX_h_e": 1.472441e+00, "ADSL2r": 5.910925e-03, "BUTt": 0, "ADSS": 5.647680e-03, "CYRDAR": 4.020253e-06, "AHCYSNS": 8.040505e-05, "AGPAT120": 1.346007e-01, "AGPR": -7.996048e-03, "CYSabc": 0, "AHSERL2": 3.603452e-02, "AIRCr": 5.910925e-03, "Cuabc": 2.502292e-05, "AICART": 8.471916e-03, "ALAALAr": 1.024389e-03, "ALAR": 1.596011e-02, "ALATA_L": -3.087089e-02, "CA2abc": 1.838139e-04, "CITRt2r": 0, "CLt3r_2": 9.190694e-05, "CO2t": -8.092904e+00, "ALCD2y": -6.011815e+00, "DHPTDCs2": 8.040505e-05, "AMMQLT8": 0, "COabc": 8.941907e-06, "DHPPDA": 0, "COt": 0, "ALCD4y": 0, "ALLTN": 0, "CYSSADS": 0, "CYRDAAT": 8.040505e-06, "ALLTNt2r": 0, "METt2r": -3.187195e-02, "AMAA": 0, "ASP4DC": 0, "DGK1": 0, "ANPRT": 1.536602e-03, "CTPS2": 0, "APRAUR": 0, "ASPO2": 8.217180e-05, "CYRDAS": 8.040505e-06, "ASPCT": 4.559399e-03, "ASPK": 4.633549e-02, "ACAFDOR": 0, "ANS": 0, "ASPO2y": 0, "CYSDS": 0, "ASPR": 0, "ATPPRT": 2.560991e-03, "ASPT": 0, "BACCL": 0, "BTDD_RR": 0, "ANS2": 1.536602e-03, "ARABR": 0, "ARAI": 0, "CYSTL": 0, "ARBabc": 0, "ARBt2r": 0, "BTNt2i": 7.211216e-08, "CYSTS": 0, "CBIAT": 0, "CYSS": 2.492845e-03, "CBLAT": 0, "ARGDr": 0, "ARGN": 0, "CYTD": 0, "ARGDC": 0, "CDPMEK": 2.181393e-05, "CBMKr": 1.255545e-02, "ARGSL": 7.996048e-03, "ARGSS": 7.996048e-03, "CBPS": 0, "ASAD": -4.633549e-02, "CHORS": 1.028053e-02, "DCYTD": 0, "CHORM": 8.735883e-03, "CITL": 0, "ARGt2r": 0, "ASNS1": 6.516343e-03, "CODH4": 0, "CYTDK2": 0, "CODH_ACS": 0, "CPC2MT": 8.040505e-06, "CLPNS120": 0, "CLPNS140": 9.623367e-05, "ECOAH1": 0, "CYTK1": 1.656319e-01, "CLPNS160": 2.905038e-04, "CPC3MT": 8.040505e-06, "CYTK2": 0, "D_LACt2": 0, "CPC4MT": 8.040505e-06, "ETOHt": -6.011815e+00, "DAGK120": 0, "FOLt": 3.216202e-05, "CPC6MT": 8.040505e-06, "CPC5MT": 8.040505e-06, "DAPDC": 9.276580e-03, "CPC8MM": 8.040505e-06, "CPC6R": 8.040505e-06, "G3PCT": 1.391134e-02, "DAPE": 1.030097e-02, "CPPPGOAN2": 0, "CS": 2.928832e-02, "DSERt2": 0, "CSND": 0, "G5SADs": 5.975682e-03, "DALAt2r": 0, "FOLR2": 3.216202e-05, "CTPS1": 1.932173e-03, "LDAPAT": -1.030097e-02, "CSNt2": 0, "DASYN120": 1.346007e-01, "FRTT": 0, "DASYN140": 1.982832e-03, "DURAD": 0, "DURIPP": 0, "DUTPDP": 0, "GLCt2": 0, "GLNabc": 0, "GLUabc": 0, "DXPRIi": 2.181393e-05, "DASYN160": 5.984588e-03, "DXPS": 2.181393e-05, "EAR100x": 2.851363e-01, "DASYN161": 8.763394e-03, "ENO": 5.021585e+00, "GPDDA1": 0, "GPDDA2": 0, "DASYN180": 0, "GPDDA4": 0, "FACOAL140": 0, "FACOAL160": 0, "DASYN181": 3.500324e-04, "DB4PS": 0, "FACOAL180": 0, "H2Ot": -2.729745e+00, "DCMPDA": 0, "FBA": 4.984132e+00, "DDPA": 1.028053e-02, "FBA3": 0, "FBP": 1.586848e-02, "H2td": 1.896997e+00, "HACD1": 0, "DDPGA": 0, "HCO3E": 1.694745e+00, "FDH7": 1.439088e-02, "FORt2": 0, "DHAD2": 7.853771e-03, "G1PTT": 0, "HISt2r": 0, "GTPCII": 0, "GK1": 1000, "FE2abc": 4.983671e-04, "FGLU": 0, "FMNAT": 8.040505e-06, "FRD2": 1.955465e-02, "DHAD1": 2.363544e-02, "FRNDPR2r": 6.944529e+00, "GK2": -9.999972e+02, "DHAK": 0, "HPPK": 0, "FRUK": 5, "FUM": 0, "GRTT": 1.983084e-06, "FRUpts": 5, "DHFR": 1.083810e-03, "FTHFLi": 1.439892e-02, "DHDPRy": 1.030097e-02, "G1PACT": 2.605232e-03, "G3PAT140": 1.982832e-03, "GLCURt2r": 0, "GF6PTA": 2.605232e-03, "GHMT2r": 3.719985e-02, "DHDPS": 1.030097e-02, "GLCNt2r": 0, "G1SAT": 6.432404e-05, "G3PAT181": 3.500324e-04, "GLNS": 3.351495e-02, "DHFS": 0, "GLCRD": 0, "G3PAT120": 1.346007e-01, "G3PAT160": 5.984588e-03, "G3PAT161": 8.763394e-03, "GLU5K": 5.975682e-03, "GLUDy": -4.970901e+00, "GLUPRT": 5.918966e-03, "GLUR": -1.024389e-03, "G3PAT180": 0, "G3PD2": -1.702360e-01, "G5SD": 5.975682e-03, "GLUTRR": 6.432404e-05, "GALCTD": 0, "DHNAOT4": 0, "GALCTNt2r": 0, "GLUSy": 0, "GLUTRS": 6.432404e-05, "GLUt2r": 0, "GAPD": 9.787680e+00, "DHNPA_1": 0, "GALUi": 0, "GALURt2r": 0, "GLUt4": 0, "GLYCDx": 0, "GALabc": 0, "DHORTS": -4.559399e-03, "GCCb": 0, "GARFT": 5.918966e-03, "GLYBt2r": 0, "GMPS2": 2.824237e-03, "GLYCK": 0, "GLYCt": 8.291095e-04, "GND": 0, "GCCa": 0, "METR": 0, "DHORD5": 4.559399e-03, "GNK": 0, "DHPS": 0, "GTPCI": 0, "GTPDPK": 0, "GUAD": 0, "HCITS": 0, "MGSA": 0, "DHPS2": 0, "KAS15": 0, "IPDPS": 1.983084e-05, "HAMR": 0, "IMPC": -8.471916e-03, "DHQTi": 1.028053e-02, "HXPRT": 0, "GUAPRT": 0, "LYSDC": 0, "DHQS": 1.028053e-02, "ICDHx": 2.928832e-02, "HYDFDN2r": -9.559960e-01, "HEX1": 0, "HETZK": 0, "HISTD": 2.560991e-03, "HYDFDi": 0, "DMATT": 1.983084e-06, "IGPDH": 2.560991e-03, "IG3PS": 2.560991e-03, "HISDr": 0, "HISTP": 2.560991e-03, "IGPS": 1.536602e-03, "DMPPS": 1.983084e-06, "ILETRS": 0, "HMBS": 8.040505e-06, "HMPK1": 0, "HSK": 0, "DPCOAK": 1.719875e-05, "HSDy": -3.603452e-02, "HSST": 0, "HSTPT": 2.560991e-03, "ILEt2r": 0, "ILETA": -7.853771e-03, "LEUTA": -1.217906e-02, "HXAND": 0,