{"EX_h2_e": 3.619760e+00, "EX_h2o_e": 2.108597e+00, "EX_his__L_e": 0, "EX_ile__L_e": 0, "EX_lac__D_e": 0, "EX_murein4p3p_e": 0, "EX_murein4p4p_e": 0, "EX_murein4px4p_e": 0, "EX_k_e": -9.268355e-03, "EX_murein4px4px4p_e": 0, "EX_alaala_e": 0, "EX_murein5p3p_e": 0, "EX_murein5p4p_e": 0, "EX_murein5p5p_e": 0, "EX_murein5p5p5p_e": 0, "EX_lac__L_e": 0, "EX_leu__L_e": 0, "EX_lys__L_e": 0, "EX_alltn_e": 0, "EX_malt_e": 0, "EX_murein5px3p_e": 0, "EX_murein5px4p_e": 0, "EX_malthx_e": 0, "EX_murein5px4px4p_e": 0, "EX_arab__L_e": 0, "EX_malttr_e": 0, "EX_man_e": 0, "EX_araban__L_e": 0, "EX_met__L_e": 4.285412e-02, "EX_mg2_e": -4.118859e-04, "EX_mn2_e": -3.282095e-05, "EX_na1_e": 0, "EX_nh4_e": -6.709443e-01, "EX_ni2_e": -1.531968e-05, "EX_no2_e": 0, "EX_no3_e": 0, "EX_pi_e": -5.864828e-01, "EX_pro__L_e": 0, "EX_mobd_e": -3.393599e-07, "EX_xan_e": 0, "EX_xyl__D_e": 0, "EX_ptrc_e": 0, "EX_arg__L_e": 0, "EX_pydxn_e": 0, "EX_pyr_e": 3.548772e+00, "EX_zn2_e": -1.614383e-05, "BIOMASS_Cl_DSM_WT_46p666M1": 4.847998e-02, "EX_rib__D_e": 0, "DM_mththf_c": 1.081104e-04, "5HBZIDMT": 1.081104e-05, "5HBZIDS2": 1.081104e-05, "DM_succ_c": 2.629263e-02, "ABUTD": 0, "ACACT1r": 0, "EX_ac_e": 5.180280e-02, "EX_ala__D_e": 1.377365e-03, "EX_asn__L_e": 0, "EX_asp__L_e": 0, "EX_ribflv_e": -2.162207e-05, "EX_rmn_e": 0, "EX_ser__D_e": 0, "EX_btd_RR_e": 0, "EX_ser__L_e": 0, "EX_btn_e": -9.695997e-08, "EX_so4_e": -5.200875e-02, "EX_btoh_e": 0, "EX_spmd_e": 0, "EX_taur_e": 0, "3OAS161": 2.450731e-02, "3OAS180": 0, "EX_thm_e": -1.081104e-05, "EX_but_e": 0, "EX_trp__L_e": 0, "EX_uaagmda_e": 0, "3OAS181": 9.412874e-04, "3OAS60": 4.593285e-02, "3OAS80": 4.593285e-02, "3OAS100": 4.593285e-02, "3OAS120": 2.142554e-02, "3OAS121": 2.450731e-02, "EX_udcpdp_e": -2.168404e-19, "EX_udcpp_e": 0, "3OAS140": 2.142554e-02, "EX_ura_e": 0, "EX_ca2_e": -2.471510e-04, "EX_val__L_e": 0, "3OAR100": 4.593285e-02, "3OAR120": 2.142554e-02, "3OAR121": 2.450731e-02, "EX_citr__L_e": 8.628036e-02, "3OAR140": 2.142554e-02, "3OAR141": 2.450731e-02, "3OAR160": 1.609342e-02, "EX_cl_e": -2.471510e-04, "3OAR161": 2.450731e-02, "3OAR180": 0, "EX_co_e": 0, "3OAR181": 9.412874e-04, "3OAS141": 2.450731e-02, "EX_co2_e": 5.737440e+00, "3OAS160": 1.609342e-02, "ACBIPGT": 1.081104e-05, "4HTHRS": 0, "EX_cobalt2_e": -1.202304e-05, "EX_csn_e": 0, "ACt2r": -5.180280e-02, "ABFA": 0, "ABTA": 0, "ACGK": 9.703162e-02, "EX_cu2_e": -3.364511e-05, "ACGS": 0, "ACALD": -5.311791e+00, "ACHBS": 1.055996e-02, "APSR": 5.180280e-02, "EX_cys__L_e": 0, "ACCOAC": 3.171406e-01, "ACLS": 3.177955e-02, "ADOCBIK": 0, "EX_etoh_e": 5.292010e+00, "ACPS1": 0, "ACKr": 0, "EX_fe2_e": -6.700903e-04, "ADA": 0, "ADCL": 0, "EX_fol_e": -4.324415e-05, "ACLDC": 0, "ADCPS2": 1.081104e-05, "EX_for_e": 0, "ADCPS1": 0, "ACOTA": -9.703162e-02, "EX_fru_e": -5, "ACOAD1z": 0, "ACONTa": 1000, "ACONTb": 1000, "EX_gal_e": 0, "ACOATA": 4.593285e-02, "ADCYRS": 1.081104e-05, "ADCS": 0, "EX_galctn__D_e": 0, "ADD": 0, "ADK1": 2.983274e-01, "ACONT": -9.998743e+02, "EX_galur_e": 0, "EX_glc__D_e": 0, "EX_glcn_e": 0, "ASNt2r": 0, "EX_glcur_e": 0, "ASP1DC": 2.312495e-05, "EX_gln__L_e": 0, "ASPt2r": 0, "EX_glu__L_e": 0, "ATPM": 4.500000e-01, "ADK2": -1.767597e-01, "EX_gly_e": 0, "ADMDC": 0, "ADOCBLS": 1.081104e-05, "BTDt_RR": 0, "BTOHt": 0, "EX_glyb_e": 0, "ADPRDP": 0, "EX_glyc_e": 1.114797e-03, "ADPT": 1.081104e-04, "BUTKr": 0, "ADSL1r": 7.593711e-03, "EX_h_e": 3.772836e+00, "ADSL2r": 7.947663e-03, "BUTt": 0, "ADSS": 7.593711e-03, "CYRDAR": 5.405518e-06, "AHCYSNS": 1.081104e-04, "AGPAT120": 0, "AGPR": -9.703162e-02, "CYSabc": 0, "AHSERL2": 4.845099e-02, "AIRCr": 7.947663e-03, "Cuabc": 3.364511e-05, "AICART": 1.139110e-02, "ALAALAr": 1.377365e-03, "ALAR": 2.145952e-02, "ALATA_L": -4.150813e-02, "CA2abc": 2.471510e-04, "CITRt2r": -8.628036e-02, "CLt3r_2": 1.235755e-04, "CO2t": -5.737440e+00, "ALCD2y": 0, "DHPTDCs2": 1.081104e-04, "AMMQLT8": 0, "COabc": 1.202304e-05, "DHPPDA": 0, "COt": 0, "ALCD4y": 0, "ALLTN": 0, "CYSSADS": 0, "CYRDAAT": 1.081104e-05, "ALLTNt2r": 0, "METt2r": -4.285412e-02, "AMAA": 0, "ASP4DC": 0, "DGK1": 0, "ANPRT": 2.066071e-03, "CTPS2": 0, "APRAUR": 0, "ASPO2": 0, "CYRDAS": 1.081104e-05, "ASPCT": 6.130439e-03, "ASPK": 6.230139e-02, "ACAFDOR": 0, "ANS": 0, "ASPO2y": 1.104859e-04, "CYSDS": 0, "ASPR": 0, "ATPPRT": 3.443436e-03, "ASPT": 0, "BACCL": 0, "BTDD_RR": 0, "ANS2": 2.066071e-03, "ARABR": 0, "ARAI": 0, "CYSTL": 0, "ARBabc": 0, "ARBt2r": 0, "BTNt2i": 9.695997e-08, "CYSTS": 0, "CBIAT": 0, "CYSS": 3.351809e-03, "CBLAT": 0, "ARGDr": 0, "ARGN": 0, "CYTD": 0, "ARGDC": 0, "CDPMEK": 2.933039e-05, "CBMKr": 1.031621e-01, "ARGSL": 1.075126e-02, "ARGSS": 1.075126e-02, "CBPS": 0, "ASAD": -6.230139e-02, "CHORS": 1.382290e-02, "DCYTD": 0, "CHORM": 1.174602e-02, "CITL": 0, "ARGt2r": 0, "ASNS1": 8.761691e-03, "CODH4": 0, "CYTDK2": 0, "CODH_ACS": 0, "CPC2MT": 1.081104e-05, "CLPNS120": 0, "CLPNS140": 1.293931e-04, "ECOAH1": 0, "CYTK1": 4.172367e-02, "CLPNS160": 3.906032e-04, "CPC3MT": 1.081104e-05, "CYTK2": 0, "D_LACt2": 0, "CPC4MT": 1.081104e-05, "ETOHt": -5.292010e+00, "DAGK120": 0, "FOLt": 4.324415e-05, "CPC6MT": 1.081104e-05, "CPC5MT": 1.081104e-05, "DAPDC": 1.247303e-02, "CPC8MM": 1.081104e-05, "CPC6R": 1.081104e-05, "G3PCT": 1.870479e-02, "DAPE": 1.385039e-02, "CPPPGOAN2": 0, "CS": 1.256606e-01, "DSERt2": 0, "CSND": 0, "G5SADs": 8.034733e-03, "DALAt2r": 0, "FOLR2": 4.324415e-05, "CTPS1": 2.597945e-03, "LDAPAT": -1.385039e-02, "CSNt2": 0, "DASYN120": 0, "FRTT": 0, "DASYN140": 2.666060e-03, "DURAD": 0, "DURIPP": 0, "DUTPDP": 0, "GLCt2": 0, "GLNabc": 0, "GLUabc": 0, "DXPRIi": 2.933039e-05, "DASYN160": 8.046708e-03, "DXPS": 2.933039e-05, "EAR100x": 2.142554e-02, "DASYN161": 1.178301e-02, "ENO": 5.029023e+00, "GPDDA1": 0, "GPDDA2": 0, "DASYN180": 0, "GPDDA4": 0, "FACOAL140": 0, "FACOAL160": 0, "DASYN181": 4.706437e-04, "DB4PS": 0, "FACOAL180": 0, "H2Ot": -2.110957e+00, "DCMPDA": 0, "FBA": 4.978664e+00, "DDPA": 1.382290e-02, "FBA3": 0, "FBP": 2.133632e-02, "H2td": 3.619760e+00, "HACD1": 0, "DDPGA": 0, "HCO3E": 5.551826e-01, "FDH7": 1.934957e-02, "FORt2": 0, "DHAD2": 1.055996e-02, "G1PTT": 0, "HISt2r": 0, "GTPCII": 0, "GK1": 1000, "FE2abc": 6.700903e-04, "FGLU": 0, "FMNAT": 1.081104e-05, "FRD2": 2.629263e-02, "DHAD1": 3.177955e-02, "FRNDPR2r": 3.926071e+00, "GK2": -9.999962e+02, "DHAK": 0, "HPPK": 0, "FRUK": 5, "FUM": 0, "GRTT": 2.666399e-06, "FRUpts": 5, "DHFR": 1.457260e-03, "FTHFLi": 1.936038e-02, "DHDPRy": 1.385039e-02, "G1PACT": 3.502921e-03, "G3PAT140": 2.666060e-03, "GLCURt2r": 0, "GF6PTA": 3.502921e-03, "GHMT2r": 5.001787e-02, "DHDPS": 1.385039e-02, "GLCNt2r": 0, "G1SAT": 8.648829e-05, "G3PAT181": 4.706437e-04, "GLNS": 4.506326e-02, "DHFS": 0, "GLCRD": 0, "G3PAT120": 0, "G3PAT160": 8.046708e-03, "G3PAT161": 1.178301e-02, "GLU5K": 8.034733e-03, "GLUDy": -5.314415e+00, "GLUPRT": 7.958474e-03, "GLUR": -1.377365e-03, "G3PAT180": 0, "G3PD2": -4.791422e-02, "G5SD": 8.034733e-03, "GLUTRR": 8.648829e-05, "GALCTD": 0, "DHNAOT4": 0, "GALCTNt2r": 0, "GLUSy": 0, "GLUTRS": 8.648829e-05, "GLUt2r": 0, "GAPD": 9.895500e+00, "DHNPA_1": 0, "GALUi": 0, "GALURt2r": 0, "GLUt4": 0, "GLYCDx": 0, "GALabc": 0, "DHORTS": -6.130439e-03, "GCCb": 0, "GARFT": 7.958474e-03, "GLYBt2r": 0, "GMPS2": 3.797389e-03, "GLYCK": 0, "GLYCt": 1.114797e-03, "GND": 0, "GCCa": 0, "METR": 0, "DHORD5": 6.130439e-03, "GNK": 0, "DHPS": 0, "GTPCI": 0, "GTPDPK": 0, "GUAD": 0, "HCITS": 0, "MGSA": 0, "DHPS2": 0, "KAS15": 0, "IPDPS": 2.666399e-05, "HAMR": 0, "IMPC": -1.139110e-02, "DHQTi": 1.382290e-02, "HXPRT": 0, "GUAPRT": 0, "LYSDC": 0, "DHQS": 1.382290e-02, "ICDHx": 1.256606e-01, "HYDFDN2r": -1.819961e+00, "HEX1": 0, "HETZK": 0, "HISTD": 3.443436e-03, "HYDFDi": 0, "DMATT": 2.666399e-06, "IGPDH": 3.443436e-03, "IG3PS": 3.443436e-03, "HISDr": 0, "HISTP": 3.443436e-03, "IGPS": 2.066071e-03, "DMPPS": 2.666399e-06, "ILETRS": 0, "HMBS": 1.081104e-05, "HMPK1": 0, "HSK": 0, "DPCOAK": 2.312495e-05, "HSDy": -4.845099e-02, "HSST": 0, "HSTPT": 3.443436e-03, "ILEt2r": 0, "ILETA": -1.055996e-02, "LEUTA": -1.637562e-02, "HXAND": 0,