{"EX_h2_e": 0, "EX_h2o_e": 5.432549e+00, "EX_his__L_e": 0, "EX_ile__L_e": 0, "EX_lac__D_e": 0, "EX_murein4p3p_e": 0, "EX_murein4p4p_e": 0, "EX_murein4px4p_e": 0, "EX_k_e": -2.191168e-02, "EX_murein4px4px4p_e": 0, "EX_alaala_e": 0, "EX_murein5p3p_e": 0, "EX_murein5p4p_e": 0, "EX_murein5p5p_e": 0, "EX_murein5p5p5p_e": 0, "EX_lac__L_e": 0, "EX_leu__L_e": 0, "EX_lys__L_e": 0, "EX_alltn_e": 0, "EX_malt_e": 0, "EX_murein5px3p_e": 0, "EX_murein5px4p_e": 0, "EX_malthx_e": 0, "EX_murein5px4px4p_e": 0, "EX_arab__L_e": 0, "EX_malttr_e": 0, "EX_man_e": 0, "EX_araban__L_e": 0, "EX_met__L_e": 0, "EX_mg2_e": -9.737556e-04, "EX_mn2_e": -7.759328e-05, "EX_na1_e": 0, "EX_nh4_e": -2.155794e+00, "EX_ni2_e": -3.621784e-05, "EX_no2_e": 0, "EX_no3_e": 0, "EX_pi_e": -1.327965e-01, "EX_pro__L_e": 0, "EX_mobd_e": -8.022939e-07, "EX_xan_e": 0, "EX_xyl__D_e": 0, "EX_ptrc_e": 0, "EX_arg__L_e": 0, "EX_pydxn_e": 0, "EX_pyr_e": 0, "EX_zn2_e": -3.816627e-05, "BIOMASS_Cl_DSM_WT_46p666M1": 1.146134e-01, "EX_rib__D_e": 0, "DM_mththf_c": 2.555879e-04, "5HBZIDMT": 2.555879e-05, "5HBZIDS2": 2.555879e-05, "DM_succ_c": 1.449321e-02, "ABUTD": 0, "ACACT1r": 0, "EX_ac_e": 0, "EX_ala__D_e": 3.256282e-03, "EX_asn__L_e": 0, "EX_asp__L_e": 0, "EX_ribflv_e": -5.111758e-05, "EX_rmn_e": 0, "EX_ser__D_e": 0, "EX_btd_RR_e": 9.350633e-01, "EX_ser__L_e": 0, "EX_btn_e": -2.292268e-07, "EX_so4_e": -2.164280e-02, "EX_btoh_e": 0, "EX_spmd_e": 0, "EX_taur_e": 0, "3OAS161": 5.793869e-02, "3OAS180": 0, "EX_thm_e": -2.555879e-05, "EX_but_e": 0, "EX_trp__L_e": 0, "EX_uaagmda_e": 0, "3OAS181": 2.225334e-03, "3OAS60": 1.085916e-01, "3OAS80": 1.085916e-01, "3OAS100": 1.085916e-01, "3OAS120": 5.065294e-02, "3OAS121": 5.793869e-02, "EX_udcpdp_e": 0, "EX_udcpp_e": 0, "3OAS140": 5.065294e-02, "EX_ura_e": 0, "EX_ca2_e": -5.842992e-04, "EX_val__L_e": 0, "3OAR100": 1.085916e-01, "3OAR120": 5.065294e-02, "3OAR121": 5.793869e-02, "EX_citr__L_e": 0, "3OAR140": 5.065294e-02, "3OAR141": 5.793869e-02, "3OAR160": 3.804707e-02, "EX_cl_e": -5.842992e-04, "3OAR161": 5.793869e-02, "3OAR180": 0, "EX_co_e": 0, "3OAR181": 2.225334e-03, "3OAS141": 5.793869e-02, "EX_co2_e": 7.087027e+00, "3OAS160": 3.804707e-02, "ACBIPGT": 2.555879e-05, "4HTHRS": 0, "EX_cobalt2_e": -2.842413e-05, "EX_csn_e": 0, "ACt2r": 0, "ABFA": 0, "ABTA": 0, "ACGK": 2.541747e-02, "EX_cu2_e": -7.954171e-05, "ACGS": 0, "ACALD": -4.797092e+00, "ACHBS": 2.496521e-02, "APSR": 2.115592e-02, "EX_cys__L_e": 0, "ACCOAC": 7.497644e-01, "ACLS": 1.010195e+00, "ADOCBIK": 0, "EX_etoh_e": 4.844067e+00, "ACPS1": 0, "ACKr": 0, "EX_fe2_e": -1.584187e-03, "ADA": 0, "ADCL": 0, "EX_fol_e": -1.022352e-04, "ACLDC": 9.350633e-01, "ADCPS2": 2.555879e-05, "EX_for_e": 0, "ADCPS1": 0, "ACOTA": -2.541747e-02, "EX_fru_e": -5, "ACOAD1z": 0, "ACONTa": -9.999069e+02, "ACONTb": -9.999069e+02, "EX_gal_e": 0, "ACOATA": 0, "ADCYRS": 2.555879e-05, "ADCS": 0, "EX_galctn__D_e": 0, "ADD": 0, "ADK1": 1.860642e-01, "ACONT": 1000, "EX_galur_e": 0, "EX_glc__D_e": 0, "EX_glcn_e": 0, "ASNt2r": 0, "EX_glcur_e": 0, "ASP1DC": 5.467060e-05, "EX_gln__L_e": 0, "ASPt2r": 0, "EX_glu__L_e": 0, "ATPM": 4.500000e-01, "ADK2": 2.555879e-05, "EX_gly_e": 0, "ADMDC": 0, "ADOCBLS": 2.555879e-05, "BTDt_RR": 9.350633e-01, "BTOHt": 0, "EX_glyb_e": 0, "ADPRDP": 0, "EX_glyc_e": 0, "ADPT": 2.555879e-04, "BUTKr": 0, "ADSL1r": 1.795259e-02, "EX_h_e": 1.919953e+00, "ADSL2r": 1.878938e-02, "BUTt": 0, "ADSS": 1.795259e-02, "CYRDAR": 1.277940e-05, "AHCYSNS": 2.555879e-04, "AGPAT120": 0, "AGPR": -2.541747e-02, "CYSabc": 0, "AHSERL2": 3.819698e-02, "AIRCr": 1.878938e-02, "Cuabc": 7.954171e-05, "AICART": 2.693014e-02, "ALAALAr": 3.256282e-03, "ALAR": 5.073328e-02, "ALATA_L": -9.813098e-02, "CA2abc": 5.842992e-04, "CITRt2r": 0, "CLt3r_2": 2.921496e-04, "CO2t": -7.087027e+00, "ALCD2y": -4.844067e+00, "DHPTDCs2": 2.555879e-04, "AMMQLT8": 0, "COabc": 2.842413e-05, "DHPPDA": 0, "COt": 0, "ALCD4y": 0, "ALLTN": 0, "CYSSADS": 0, "CYRDAAT": 2.555879e-05, "ALLTNt2r": 0, "METt2r": 0, "AMAA": 0, "ASP4DC": 0, "DGK1": 0, "ANPRT": 4.884480e-03, "CTPS2": 0, "APRAUR": 0, "ASPO2": 2.612040e-04, "CYRDAS": 2.555879e-05, "ASPCT": 1.449321e-02, "ASPK": 7.429376e-01, "ACAFDOR": -3.819698e-02, "ANS": 0, "ASPO2y": 0, "CYSDS": 1.704107e-02, "ASPR": 0, "ATPPRT": 8.140762e-03, "ASPT": 0, "BACCL": 0, "BTDD_RR": -9.350633e-01, "ANS2": 4.884480e-03, "ARABR": 0, "ARAI": 0, "CYSTL": 0, "ARBabc": 0, "ARBt2r": 0, "BTNt2i": 2.292268e-07, "CYSTS": 2.496521e-02, "CBIAT": 0, "CYSS": 0, "CBLAT": 0, "ARGDr": 0, "ARGN": 0, "CYTD": 0, "ARGDC": 0, "CDPMEK": 6.934112e-05, "CBMKr": 3.991068e-02, "ARGSL": 2.541747e-02, "ARGSS": 2.541747e-02, "CBPS": 0, "ASAD": -7.429376e-01, "CHORS": 3.267926e-02, "DCYTD": 0, "CHORM": 2.776923e-02, "CITL": 0, "ARGt2r": 0, "ASNS1": 2.071385e-02, "CODH4": 0, "CYTDK2": 0, "CODH_ACS": 0, "CPC2MT": 2.555879e-05, "CLPNS120": 0, "CLPNS140": 3.059032e-04, "ECOAH1": 0, "CYTK1": 9.864055e-02, "CLPNS160": 9.234403e-04, "CPC3MT": 2.555879e-05, "CYTK2": 0, "D_LACt2": 0, "CPC4MT": 2.555879e-05, "ETOHt": -4.844067e+00, "DAGK120": 0, "FOLt": 1.022352e-04, "CPC6MT": 2.555879e-05, "CPC5MT": 2.555879e-05, "DAPDC": 2.948797e-02, "CPC8MM": 2.555879e-05, "CPC6R": 2.555879e-05, "G3PCT": 4.422072e-02, "DAPE": 3.274425e-02, "CPPPGOAN2": 0, "CS": 9.310036e-02, "DSERt2": 0, "CSND": 0, "G5SADs": 1.899523e-02, "DALAt2r": 0, "FOLR2": 1.022352e-04, "CTPS1": 6.141904e-03, "LDAPAT": -6.741634e-01, "CSNt2": 0, "DASYN120": 0, "FRTT": 0, "DASYN140": 6.302936e-03, "DURAD": 0, "DURIPP": 0, "DUTPDP": 0, "GLCt2": 0, "GLNabc": 0, "GLUabc": 0, "DXPRIi": 6.934112e-05, "DASYN160": 1.902353e-02, "DXPS": 6.934112e-05, "EAR100x": 5.065294e-02, "DASYN161": 2.785668e-02, "ENO": 9.604948e+00, "GPDDA1": 0, "GPDDA2": 0, "DASYN180": 0, "GPDDA4": 0, "FACOAL140": 0, "FACOAL160": 0, "DASYN181": 1.112667e-03, "DB4PS": 0, "FACOAL180": 0, "H2Ot": -5.438127e+00, "DCMPDA": 0, "FBA": 4.949558e+00, "DDPA": 3.267926e-02, "FBA3": 0, "FBP": 5.044201e-02, "H2td": 0, "HACD1": 0, "DDPGA": 0, "HCO3E": 1.704199e+00, "FDH7": -2.555879e-05, "FORt2": 0, "DHAD2": 2.496521e-02, "G1PTT": 0, "HISt2r": 0, "GTPCII": 0, "GK1": -9.999877e+02, "FE2abc": 1.584187e-03, "FGLU": 0, "FMNAT": 2.555879e-05, "FRD2": 1.449321e-02, "DHAD1": 7.513127e-02, "FRNDPR2r": 4.710096e+00, "GK2": 9.999967e+02, "DHAK": 2.635536e-03, "HPPK": 0, "FRUK": 5, "FUM": 4.766623e-02, "GRTT": 6.303738e-06, "FRUpts": 5, "DHFR": 3.445165e-03, "FTHFLi": 0, "DHDPRy": 6.741634e-01, "G1PACT": 8.281392e-03, "G3PAT140": 6.302936e-03, "GLCURt2r": 0, "GF6PTA": 8.281392e-03, "GHMT2r": 6.270672e-02, "DHDPS": 6.741634e-01, "GLCNt2r": 0, "G1SAT": 2.044703e-04, "G3PAT181": 1.112667e-03, "GLNS": 1.065358e-01, "DHFS": 0, "GLCRD": 0, "G3PAT120": 0, "G3PAT160": 1.902353e-02, "G3PAT161": 2.785668e-02, "GLU5K": 1.899523e-02, "GLUDy": -2.038734e+00, "GLUPRT": 1.881494e-02, "GLUR": -3.256282e-03, "G3PAT180": 0, "G3PD2": -1.132759e-01, "G5SD": 1.899523e-02, "GLUTRR": 2.044703e-04, "GALCTD": 0, "DHNAOT4": 0, "GALCTNt2r": 0, "GLUSy": 0, "GLUTRS": 2.044703e-04, "GLUt2r": 0, "GAPD": 9.755584e+00, "DHNPA_1": 0, "GALUi": 0, "GALURt2r": 0, "GLUt4": 0, "GLYCDx": 2.635536e-03, "GALabc": 0, "DHORTS": -1.449321e-02, "GCCb": 0, "GARFT": 1.881494e-02, "GLYBt2r": 0, "GMPS2": 8.977554e-03, "GLYCK": 0, "GLYCt": 0, "GND": 0, "GCCa": 0, "METR": 0, "DHORD5": 1.449321e-02, "GNK": 0, "DHPS": 0, "GTPCI": 0, "GTPDPK": 0, "GUAD": 0, "HCITS": 0, "MGSA": 0, "DHPS2": 0, "KAS15": 1.085916e-01, "IPDPS": 6.303738e-05, "HAMR": 0, "IMPC": -2.693014e-02, "DHQTi": 3.267926e-02, "HXPRT": 0, "GUAPRT": 0, "LYSDC": 0, "DHQS": 3.267926e-02, "ICDHx": 9.310036e-02, "HYDFDN2r": 0, "HEX1": 0, "HETZK": 0, "HISTD": 8.140762e-03, "HYDFDi": 0, "DMATT": 6.303738e-06, "IGPDH": 8.140762e-03, "IG3PS": 8.140762e-03, "HISDr": 0, "HISTP": 8.140762e-03, "IGPS": 4.884480e-03, "DMPPS": 6.303738e-06, "ILETRS": 0, "HMBS": 2.555879e-05, "HMPK1": 0, "HSK": 3.057725e-02, "DPCOAK": 5.467060e-05, "HSDy": -6.877424e-02, "HSST": 0, "HSTPT": 8.140762e-03, "ILEt2r": 0, "ILETA": -2.496521e-02, "LEUTA": -3.871423e-02, "HXAND": 0, "DPR": 5.467060e-05,