{"EX_h2_e": 0, "EX_h2o_e": 3.243312e+00, "EX_his__L_e": 0, "EX_ile__L_e": 0, "EX_lac__D_e": 0, "EX_murein4p3p_e": 0, "EX_murein4p4p_e": 0, "EX_murein4px4p_e": 0, "EX_k_e": -7.858824e-03, "EX_murein4px4px4p_e": 0, "EX_alaala_e": 0, "EX_murein5p3p_e": 0, "EX_murein5p4p_e": 0, "EX_murein5p5p_e": 0, "EX_murein5p5p5p_e": 0, "EX_lac__L_e": 0, "EX_leu__L_e": 0, "EX_lys__L_e": 0, "EX_alltn_e": 0, "EX_malt_e": 0, "EX_murein5px3p_e": 0, "EX_murein5px4p_e": 0, "EX_malthx_e": 0, "EX_murein5px4px4p_e": 0, "EX_arab__L_e": 0, "EX_malttr_e": 0, "EX_man_e": 0, "EX_araban__L_e": 0, "EX_met__L_e": 2.923316e-01, "EX_mg2_e": -3.492464e-04, "EX_mn2_e": -2.782954e-05, "EX_na1_e": 0, "EX_nh4_e": -6.150395e-01, "EX_ni2_e": -1.298986e-05, "EX_no2_e": 0, "EX_no3_e": 0, "EX_pi_e": -5.724288e-02, "EX_pro__L_e": 0, "EX_mobd_e": -2.877501e-07, "EX_xan_e": 0, "EX_xyl__D_e": 0, "EX_ptrc_e": 0, "EX_arg__L_e": 0, "EX_pydxn_e": 0, "EX_pyr_e": 1.636936e+00, "EX_zn2_e": -1.368868e-05, "BIOMASS_Cl_DSM_WT_46p666M1": 4.110715e-02, "EX_rib__D_e": 0, "DM_mththf_c": 9.166895e-05, "5HBZIDMT": 9.166895e-06, "5HBZIDS2": 9.166895e-06, "DM_succ_c": 5.198123e-03, "ABUTD": 0, "ACACT1r": 0, "EX_ac_e": 0, "EX_ala__D_e": 1.167895e-03, "EX_asn__L_e": 0, "EX_asp__L_e": 0, "EX_ribflv_e": -1.833379e-05, "EX_rmn_e": 0, "EX_ser__D_e": 0, "EX_btd_RR_e": 0, "EX_ser__L_e": 0, "EX_btn_e": -8.221430e-08, "EX_so4_e": -3.000940e-01, "EX_btoh_e": 0, "EX_spmd_e": 0, "EX_taur_e": 0, "3OAS161": 2.078024e-02, "3OAS180": 0, "EX_thm_e": -9.166895e-06, "EX_but_e": 0, "EX_trp__L_e": 0, "EX_uaagmda_e": 0, "3OAS181": 7.981365e-04, "3OAS60": 3.894738e-02, "3OAS80": 3.894738e-02, "3OAS100": 3.894738e-02, "3OAS120": 1.816714e-02, "3OAS121": 2.078024e-02, "EX_udcpdp_e": 0, "EX_udcpp_e": 0, "3OAS140": 1.816714e-02, "EX_ura_e": 0, "EX_ca2_e": -2.095643e-04, "EX_val__L_e": 0, "3OAR100": 3.894738e-02, "3OAR120": 1.816714e-02, "3OAR121": 2.078024e-02, "EX_citr__L_e": 0, "3OAR140": 1.816714e-02, "3OAR141": 2.078024e-02, "3OAR160": 1.364593e-02, "EX_cl_e": -2.095643e-04, "3OAR161": 2.078024e-02, "3OAR180": 0, "EX_co_e": 0, "3OAR181": 7.981365e-04, "3OAS141": 2.078024e-02, "EX_co2_e": 7.417395e+00, "3OAS160": 1.364593e-02, "ACBIPGT": 9.166895e-06, "4HTHRS": 0, "EX_cobalt2_e": -1.019457e-05, "EX_csn_e": 0, "ACt2r": 0, "ABFA": 0, "ABTA": 0, "ACGK": 9.116210e-03, "EX_cu2_e": -2.852836e-05, "ACGS": 0, "ACALD": -7.210975e+00, "ACHBS": 8.954001e-03, "APSR": 2.999194e-01, "EX_cys__L_e": 0, "ACCOAC": 2.689099e-01, "ACLS": 2.694652e-02, "ADOCBIK": 0, "EX_etoh_e": 7.193542e+00, "ACPS1": 0, "ACKr": 3.060313e-01, "EX_fe2_e": -5.681831e-04, "ADA": 0, "ADCL": 0, "EX_fol_e": -3.666758e-05, "ACLDC": 0, "ADCPS2": 9.166895e-06, "EX_for_e": 0, "ADCPS1": 0, "ACOTA": -9.116210e-03, "EX_fru_e": -5, "ACOAD1z": 0, "ACONTa": -9.999666e+02, "ACONTb": -9.999666e+02, "EX_gal_e": 0, "ACOATA": 3.894738e-02, "ADCYRS": 9.166895e-06, "ADCS": 0, "EX_galctn__D_e": 0, "ADD": 0, "ADK1": 3.590652e-01, "ACONT": 1000, "EX_galur_e": 0, "EX_glc__D_e": 0, "EX_glcn_e": 0, "ASNt2r": 0, "EX_glcur_e": 0, "ASP1DC": 1.960811e-05, "EX_gln__L_e": 0, "ASPt2r": 0, "EX_glu__L_e": 0, "ATPM": 4.500000e-01, "ADK2": 9.166895e-06, "EX_gly_e": 0, "ADMDC": 0, "ADOCBLS": 9.166895e-06, "BTDt_RR": 0, "BTOHt": 0, "EX_glyb_e": 0, "ADPRDP": 0, "EX_glyc_e": 9.452590e-04, "ADPT": 9.166895e-05, "BUTKr": 0, "ADSL1r": 6.438860e-03, "EX_h_e": 1.573111e+00, "ADSL2r": 6.738983e-03, "BUTt": 0, "ADSS": 6.438860e-03, "CYRDAR": 4.583447e-06, "AHCYSNS": 9.166895e-05, "AGPAT120": 0, "AGPR": -9.116210e-03, "CYSabc": 0, "AHSERL2": 3.060313e-01, "AIRCr": 6.738983e-03, "Cuabc": 2.852836e-05, "AICART": 9.658742e-03, "ALAALAr": 1.167895e-03, "ALAR": 1.819596e-02, "ALATA_L": -3.519557e-02, "CA2abc": 2.095643e-04, "CITRt2r": 0, "CLt3r_2": 1.047821e-04, "CO2t": -7.417395e+00, "ALCD2y": -7.193542e+00, "DHPTDCs2": 9.166895e-05, "AMMQLT8": 0, "COabc": 1.019457e-05, "DHPPDA": 0, "COt": 0, "ALCD4y": 0, "ALLTN": 0, "CYSSADS": 0, "CYRDAAT": 9.166895e-06, "ALLTNt2r": 0, "METt2r": -2.923316e-01, "AMAA": 0, "ASP4DC": 0, "DGK1": 0, "ANPRT": 1.751864e-03, "CTPS2": 0, "APRAUR": 0, "ASPO2": 9.368320e-05, "CYRDAS": 9.166895e-06, "ASPCT": 5.198123e-03, "ASPK": 3.177753e-01, "ACAFDOR": 0, "ANS": 0, "ASPO2y": 0, "CYSDS": 6.111935e-03, "ASPR": 0, "ATPPRT": 2.919759e-03, "ASPT": 0, "BACCL": 0, "BTDD_RR": 0, "ANS2": 1.751864e-03, "ARABR": 0, "ARAI": 0, "CYSTL": 0, "ARBabc": 0, "ARBt2r": 0, "BTNt2i": 8.221430e-08, "CYSTS": 8.954001e-03, "CBIAT": 0, "CYSS": 0, "CBLAT": 0, "ARGDr": 0, "ARGN": 0, "CYTD": 0, "ARGDC": 0, "CDPMEK": 2.486983e-05, "CBMKr": 1.431433e-02, "ARGSL": 9.116210e-03, "ARGSS": 9.116210e-03, "CBPS": 0, "ASAD": -3.177753e-01, "CHORS": 1.172072e-02, "DCYTD": 0, "CHORM": 9.959688e-03, "CITL": 0, "ARGt2r": 0, "ASNS1": 7.429213e-03, "CODH4": 0, "CYTDK2": 0, "CODH_ACS": 0, "CPC2MT": 9.166895e-06, "CLPNS120": 0, "CLPNS140": 1.097150e-04, "ECOAH1": 0, "CYTK1": 3.537834e-02, "CLPNS160": 3.312003e-04, "CPC3MT": 9.166895e-06, "CYTK2": 0, "D_LACt2": 0, "CPC4MT": 9.166895e-06, "ETOHt": -7.193542e+00, "DAGK120": 0, "FOLt": 3.666758e-05, "CPC6MT": 9.166895e-06, "CPC5MT": 9.166895e-06, "DAPDC": 1.057613e-02, "CPC8MM": 9.166895e-06, "CPC6R": 9.166895e-06, "G3PCT": 1.586017e-02, "DAPE": 1.174403e-02, "CPPPGOAN2": 0, "CS": 3.339130e-02, "DSERt2": 0, "CSND": 0, "G5SADs": 6.812812e-03, "DALAt2r": 0, "FOLR2": 3.666758e-05, "CTPS1": 2.202850e-03, "LDAPAT": -1.174403e-02, "CSNt2": 0, "DASYN120": 0, "FRTT": 0, "DASYN140": 2.260606e-03, "DURAD": 0, "DURIPP": 0, "DUTPDP": 0, "GLCt2": 0, "GLNabc": 0, "GLUabc": 0, "DXPRIi": 2.486983e-05, "DASYN160": 6.822965e-03, "DXPS": 2.486983e-05, "EAR100x": 1.816714e-02, "DASYN161": 9.991052e-03, "ENO": 5.024609e+00, "GPDDA1": 0, "GPDDA2": 0, "DASYN180": 0, "GPDDA4": 0, "FACOAL140": 0, "FACOAL160": 0, "DASYN181": 3.990682e-04, "DB4PS": 0, "FACOAL180": 0, "H2Ot": -3.245313e+00, "DCMPDA": 0, "FBA": 4.981909e+00, "DDPA": 1.172072e-02, "FBA3": 0, "FBP": 1.809149e-02, "H2td": 0, "HACD1": 0, "DDPGA": 0, "HCO3E": 6.625404e-01, "FDH7": 1.640689e-02, "FORt2": 0, "DHAD2": 8.954001e-03, "G1PTT": 0, "HISt2r": 0, "GTPCII": 0, "GK1": 1000, "FE2abc": 5.681831e-04, "FGLU": 0, "FMNAT": 9.166895e-06, "FRD2": 5.198123e-03, "DHAD1": 2.694652e-02, "FRNDPR2r": 6.950103e+00, "GK2": -9.999968e+02, "DHAK": 0, "HPPK": 0, "FRUK": 5, "FUM": 1.709593e-02, "GRTT": 2.260893e-06, "FRUpts": 5, "DHFR": 1.235640e-03, "FTHFLi": 1.641606e-02, "DHDPRy": 1.174403e-02, "G1PACT": 2.970197e-03, "G3PAT140": 2.260606e-03, "GLCURt2r": 0, "GF6PTA": 2.970197e-03, "GHMT2r": 1.707386e-01, "DHDPS": 1.174403e-02, "GLCNt2r": 0, "G1SAT": 7.333516e-05, "G3PAT181": 3.990682e-04, "GLNS": 3.821004e-02, "DHFS": 0, "GLCRD": 0, "G3PAT120": 0, "G3PAT160": 6.822965e-03, "G3PAT161": 9.991052e-03, "GLU5K": 6.812812e-03, "GLUDy": -5.385230e+00, "GLUPRT": 6.748150e-03, "GLUR": -1.167895e-03, "G3PAT180": 0, "G3PD2": -4.062743e-02, "G5SD": 6.812812e-03, "GLUTRR": 7.333516e-05, "GALCTD": 0, "DHNAOT4": 0, "GALCTNt2r": 0, "GLUSy": 0, "GLUTRS": 7.333516e-05, "GLUt2r": 0, "GAPD": 9.911393e+00, "DHNPA_1": 0, "GALUi": 0, "GALURt2r": 0, "GLUt4": 0, "GLYCDx": 0, "GALabc": 0, "DHORTS": -5.198123e-03, "GCCb": 1.276673e-01, "GARFT": 6.748150e-03, "GLYBt2r": 0, "GMPS2": 3.219882e-03, "GLYCK": 0, "GLYCt": 9.452590e-04, "GND": 0, "GCCa": 1.276673e-01, "METR": 0, "DHORD5": 5.198123e-03, "GNK": 0, "DHPS": 0, "GTPCI": 0, "GTPDPK": 0, "GUAD": 0, "HCITS": 0, "MGSA": 0, "DHPS2": 0, "KAS15": 0, "IPDPS": 2.260893e-05, "HAMR": 0, "IMPC": -9.658742e-03, "DHQTi": 1.172072e-02, "HXPRT": 0, "GUAPRT": 0, "LYSDC": 0, "DHQS": 1.172072e-02, "ICDHx": 3.339130e-02, "HYDFDN2r": 0, "HEX1": 0, "HETZK": 0, "HISTD": 2.919759e-03, "HYDFDi": 0, "DMATT": 2.260893e-06, "IGPDH": 2.919759e-03, "IG3PS": 2.919759e-03, "HISDr": 0, "HISTP": 2.919759e-03, "IGPS": 1.751864e-03, "DMPPS": 2.260893e-06, "ILETRS": 0, "HMBS": 9.166895e-06, "HMPK1": 0, "HSK": 0, "DPCOAK": 1.960811e-05, "HSDy": -3.060313e-01, "HSST": 0, "HSTPT": 2.919759e-03, "ILEt2r": 0, "ILETA": -8.954001e-03, "LEUTA": -1.388522e-02, "HXAND": 0, "DPR": 1.960811e-05,