{"EX_h2_e": 0, "EX_h2o_e": 3.230008e+00, "EX_his__L_e": 1.512468e-01, "EX_ile__L_e": 0, "EX_lac__D_e": 8.124897e+00, "EX_murein4p3p_e": 0, "EX_murein4p4p_e": 0, "EX_murein4px4p_e": 0, "EX_k_e": -1.532778e-02, "EX_murein4px4px4p_e": 0, "EX_alaala_e": 0, "EX_murein5p3p_e": 0, "EX_murein5p4p_e": 0, "EX_murein5p5p_e": 0, "EX_murein5p5p5p_e": 0, "EX_lac__L_e": 0, "EX_leu__L_e": 0, "EX_lys__L_e": 0, "EX_alltn_e": 0, "EX_malt_e": 0, "EX_murein5px3p_e": 0, "EX_murein5px4p_e": 0, "EX_malthx_e": 0, "EX_murein5px4px4p_e": 0, "EX_arab__L_e": 0, "EX_malttr_e": 0, "EX_man_e": 0, "EX_araban__L_e": 0, "EX_met__L_e": 7.087113e-02, "EX_mg2_e": -6.811672e-04, "EX_mn2_e": -5.427850e-05, "EX_na1_e": 0, "EX_nh4_e": -1.135267e+00, "EX_ni2_e": -2.533531e-05, "EX_no2_e": 0, "EX_no3_e": 0, "EX_pi_e": -9.289457e-02, "EX_pro__L_e": 0, "EX_mobd_e": -5.612253e-07, "EX_xan_e": 0, "EX_xyl__D_e": 0, "EX_ptrc_e": 0, "EX_arg__L_e": 0, "EX_pydxn_e": 0, "EX_pyr_e": 5.737146e-02, "EX_zn2_e": -2.669829e-05, "BIOMASS_Cl_DSM_WT_46p666M1": 8.017504e-02, "EX_rib__D_e": 0, "DM_mththf_c": 1.787903e-04, "5HBZIDMT": 1.787903e-05, "5HBZIDS2": 1.787903e-05, "DM_succ_c": 1.013837e-02, "ABUTD": 0, "ACACT1r": 0, "EX_ac_e": 5.295722e-02, "EX_ala__D_e": 2.277853e-03, "EX_asn__L_e": 0, "EX_asp__L_e": 0, "EX_ribflv_e": -3.575807e-05, "EX_rmn_e": 0, "EX_ser__D_e": 0, "EX_btd_RR_e": 0, "EX_ser__L_e": 0, "EX_btn_e": -1.603501e-07, "EX_so4_e": -8.601082e-02, "EX_btoh_e": 0, "EX_spmd_e": 0, "EX_taur_e": 0, "3OAS161": 4.052961e-02, "3OAS180": 0, "EX_thm_e": -1.787903e-05, "EX_but_e": 0, "EX_trp__L_e": 0, "EX_uaagmda_e": 0, "3OAS181": 1.556679e-03, "3OAS60": 7.596265e-02, "3OAS80": 7.596265e-02, "3OAS100": 7.596265e-02, "3OAS120": 3.543304e-02, "3OAS121": 4.052961e-02, "EX_udcpdp_e": 0, "EX_udcpp_e": 0, "3OAS140": 3.543304e-02, "EX_ura_e": 0, "EX_ca2_e": -4.087324e-04, "EX_val__L_e": 0, "3OAR100": 7.596265e-02, "3OAR120": 3.543304e-02, "3OAR121": 4.052961e-02, "EX_citr__L_e": 0, "3OAR140": 3.543304e-02, "3OAR141": 4.052961e-02, "3OAR160": 2.661491e-02, "EX_cl_e": -4.087324e-04, "3OAR161": 4.052961e-02, "3OAR180": 0, "EX_co_e": 0, "3OAR181": 1.556679e-03, "3OAS141": 4.052961e-02, "EX_co2_e": 5.860242e-01, "3OAS160": 2.661491e-02, "ACBIPGT": 1.787903e-05, "4HTHRS": 0, "EX_cobalt2_e": -1.988341e-05, "EX_csn_e": 0, "ACt2r": -5.295722e-02, "ABFA": 0, "ABTA": 0, "ACGK": 1.778018e-02, "EX_cu2_e": -5.564148e-05, "ACGS": 0, "ACALD": 0, "ACHBS": 1.746381e-02, "APSR": 8.567024e-02, "EX_cys__L_e": 0, "ACCOAC": 5.244796e-01, "ACLS": 5.255626e-02, "ADOCBIK": 0, "EX_etoh_e": 0, "ACPS1": 0, "ACKr": 0, "EX_fe2_e": -1.108179e-03, "ADA": 0, "ADCL": 0, "EX_fol_e": -7.151614e-05, "ACLDC": 0, "ADCPS2": 1.787903e-05, "EX_for_e": 0, "ADCPS1": 0, "ACOTA": -1.778018e-02, "EX_fru_e": -5, "ACOAD1z": 0, "ACONTa": 1000, "ACONTb": 1000, "EX_gal_e": 0, "ACOATA": 7.596265e-02, "ADCYRS": 1.787903e-05, "ADCS": 0, "EX_galctn__D_e": 0, "ADD": 0, "ADK1": 5.035215e-01, "ACONT": -9.999349e+02, "EX_galur_e": 0, "EX_glc__D_e": 0, "EX_glcn_e": 0, "ASNt2r": 0, "EX_glcur_e": 0, "ASP1DC": 3.824350e-05, "EX_gln__L_e": 0, "ASPt2r": 0, "EX_glu__L_e": 0, "ATPM": 4.500000e-01, "ADK2": 1.787903e-05, "EX_gly_e": 0, "ADMDC": 0, "ADOCBLS": 1.787903e-05, "BTDt_RR": 0, "BTOHt": 0, "EX_glyb_e": 0, "ADPRDP": 0, "EX_glyc_e": 1.843625e-03, "ADPT": 1.787903e-04, "BUTKr": 0, "ADSL1r": 1.638051e-01, "EX_h_e": 9.063773e+00, "ADSL2r": 1.314366e-02, "BUTt": 0, "ADSS": 1.638051e-01, "CYRDAR": 8.939517e-06, "AHCYSNS": 1.787903e-04, "AGPAT120": 0, "AGPR": -1.778018e-02, "CYSabc": 0, "AHSERL2": 8.012710e-02, "AIRCr": 1.314366e-02, "Cuabc": 5.564148e-05, "AICART": 1.700851e-01, "ALAALAr": 2.277853e-03, "ALAR": 3.548924e-02, "ALATA_L": -6.864515e-02, "CA2abc": 4.087324e-04, "CITRt2r": 0, "CLt3r_2": 2.043662e-04, "CO2t": -5.860242e-01, "ALCD2y": 0, "DHPTDCs2": 1.787903e-04, "AMMQLT8": 0, "COabc": 1.988341e-05, "DHPPDA": 0, "COt": 0, "ALCD4y": 0, "ALLTN": 0, "CYSSADS": 0, "CYRDAAT": 1.787903e-05, "ALLTNt2r": 0, "METt2r": -7.087113e-02, "AMAA": 0, "ASP4DC": 0, "DGK1": 0, "ANPRT": 3.416820e-03, "CTPS2": 0, "APRAUR": 0, "ASPO2": 0, "CYRDAS": 1.787903e-05, "ASPCT": 1.013837e-02, "ASPK": 1.030325e-01, "ACAFDOR": -3.271302e-02, "ANS": 0, "ASPO2y": 1.827189e-04, "CYSDS": 0, "ASPR": 0, "ATPPRT": 1.569415e-01, "ASPT": 0, "BACCL": 0, "BTDD_RR": 0, "ANS2": 3.416820e-03, "ARABR": 0, "ARAI": 0, "CYSTL": 0, "ARBabc": 0, "ARBt2r": 0, "BTNt2i": 1.603501e-07, "CYSTS": 0, "CBIAT": 0, "CYSS": 5.543142e-03, "CBLAT": 0, "ARGDr": 0, "ARGN": 0, "CYTD": 0, "ARGDC": 0, "CDPMEK": 4.850590e-05, "CBMKr": 2.791855e-02, "ARGSL": 1.778018e-02, "ARGSS": 1.778018e-02, "CBPS": 0, "ASAD": -1.030325e-01, "CHORS": 2.285999e-02, "DCYTD": 0, "CHORM": 1.942529e-02, "CITL": 0, "ARGt2r": 0, "ASNS1": 1.448988e-02, "CODH4": 0, "CYTDK2": 0, "CODH_ACS": 0, "CPC2MT": 1.787903e-05, "CLPNS120": 0, "CLPNS140": 2.139872e-04, "ECOAH1": 0, "CYTK1": 6.900161e-02, "CLPNS160": 6.459703e-04, "CPC3MT": 1.787903e-05, "CYTK2": 0, "D_LACt2": -8.124897e+00, "CPC4MT": 1.787903e-05, "ETOHt": 0, "DAGK120": 0, "FOLt": 7.151614e-05, "CPC6MT": 1.787903e-05, "CPC5MT": 1.787903e-05, "DAPDC": 2.062760e-02, "CPC8MM": 1.787903e-05, "CPC6R": 1.787903e-05, "G3PCT": 3.093354e-02, "DAPE": 2.290545e-02, "CPPPGOAN2": 0, "CS": 6.512611e-02, "DSERt2": 0, "CSND": 0, "G5SADs": 1.328765e-02, "DALAt2r": 0, "FOLR2": 7.151614e-05, "CTPS1": 4.296420e-03, "LDAPAT": -2.290545e-02, "CSNt2": 0, "DASYN120": 0, "FRTT": 0, "DASYN140": 4.409066e-03, "DURAD": 0, "DURIPP": 0, "DUTPDP": 0, "GLCt2": 0, "GLNabc": 0, "GLUabc": 0, "DXPRIi": 4.850590e-05, "DASYN160": 1.330745e-02, "DXPS": 4.850590e-05, "EAR100x": 3.543304e-02, "DASYN161": 1.948646e-02, "ENO": 9.442797e+00, "GPDDA1": 0, "GPDDA2": 0, "DASYN180": 0, "GPDDA4": 0, "FACOAL140": 0, "FACOAL160": 0, "DASYN181": 7.783393e-04, "DB4PS": 0, "FACOAL180": 0, "H2Ot": -3.233910e+00, "DCMPDA": 0, "FBA": 4.863883e+00, "DDPA": 2.285999e-02, "FBA3": 0, "FBP": 1.361167e-01, "H2td": 0, "HACD1": 0, "DDPGA": 0, "HCO3E": 2.663375e+00, "FDH7": 1.832467e-01, "FORt2": 0, "DHAD2": 1.746381e-02, "G1PTT": 0, "HISt2r": -1.512468e-01, "GTPCII": 0, "GK1": -9.999937e+02, "FE2abc": 1.108179e-03, "FGLU": 0, "FMNAT": 1.787903e-05, "FRD2": 1.013837e-02, "DHAD1": 5.255626e-02, "FRNDPR2r": 0, "GK2": 1000, "DHAK": 0, "HPPK": 0, "FRUK": 5, "FUM": 1.845906e-01, "GRTT": 4.409627e-06, "FRUpts": 5, "DHFR": 2.409982e-03, "FTHFLi": 1.832646e-01, "DHDPRy": 2.290545e-02, "G1PACT": 5.793048e-03, "G3PAT140": 4.409066e-03, "GLCURt2r": 0, "GF6PTA": 5.793048e-03, "GHMT2r": 8.271836e-02, "DHDPS": 2.290545e-02, "GLCNt2r": 0, "G1SAT": 1.430323e-04, "G3PAT181": 7.783393e-04, "GLNS": 2.257714e-01, "DHFS": 0, "GLCRD": 0, "G3PAT120": 0, "G3PAT160": 1.330745e-02, "G3PAT161": 1.948646e-02, "GLU5K": 1.328765e-02, "GLUDy": -8.902125e-01, "GLUPRT": 1.316154e-02, "GLUR": -2.277853e-03, "G3PAT180": 0, "G3PD2": -7.923940e-02, "G5SD": 1.328765e-02, "GLUTRR": 1.430323e-04, "GALCTD": 0, "DHNAOT4": 0, "GALCTNt2r": 0, "GLUSy": 0, "GLUTRS": 1.430323e-04, "GLUt2r": 0, "GAPD": 9.575103e+00, "DHNPA_1": 0, "GALUi": 0, "GALURt2r": 0, "GLUt4": 0, "GLYCDx": 0, "GALabc": 0, "DHORTS": -1.013837e-02, "GCCb": 0, "GARFT": 1.316154e-02, "GLYBt2r": 0, "GMPS2": 6.280031e-03, "GLYCK": 0, "GLYCt": 1.843625e-03, "GND": 0, "GCCa": 0, "METR": 0, "DHORD5": 1.013837e-02, "GNK": 0, "DHPS": 0, "GTPCI": 0, "GTPDPK": 0, "GUAD": 0, "HCITS": 0, "MGSA": 0, "DHPS2": 0, "KAS15": 0, "IPDPS": 4.409627e-05, "HAMR": 0, "IMPC": -1.700851e-01, "DHQTi": 2.285999e-02, "HXPRT": 0, "GUAPRT": 0, "LYSDC": 0, "DHQS": 2.285999e-02, "ICDHx": 6.512611e-02, "HYDFDN2r": 0, "HEX1": 0, "HETZK": 0, "HISTD": 1.569415e-01, "HYDFDi": 0, "DMATT": 4.409627e-06, "IGPDH": 1.569415e-01, "IG3PS": 1.569415e-01, "HISDr": 0, "HISTP": 1.569415e-01, "IGPS": 3.416820e-03, "DMPPS": 4.409627e-06, "ILETRS": 0, "HMBS": 1.787903e-05, "HMPK1": 0, "HSK": 0, "DPCOAK": 3.824350e-05, "HSDy": -8.012710e-02, "HSST": 0, "HSTPT": 1.569415e-01, "ILEt2r": 0, "ILETA": -1.746381e-02, "LEUTA": -2.708161e-02, "HXAND": 0, "DPR": 3.824350e-05, "METS": 8.030589e-02, "LEUt2r": 0,