{"EX_h2_e": 0, "EX_h2o_e": 8.357309e+00, "EX_his__L_e": 0, "EX_ile__L_e": 0, "EX_lac__D_e": 0, "EX_murein4p3p_e": 0, "EX_murein4p4p_e": 0, "EX_murein4px4p_e": 0, "EX_k_e": -2.771076e-02, "EX_murein4px4px4p_e": 0, "EX_alaala_e": 0, "EX_murein5p3p_e": 0, "EX_murein5p4p_e": 0, "EX_murein5p5p_e": 0, "EX_murein5p5p5p_e": 0, "EX_lac__L_e": 0, "EX_leu__L_e": 0, "EX_lys__L_e": 0, "EX_alltn_e": 0, "EX_malt_e": 0, "EX_murein5px3p_e": 0, "EX_murein5px4p_e": 0, "EX_malthx_e": 0, "EX_murein5px4px4p_e": 0, "EX_arab__L_e": 0, "EX_malttr_e": 0, "EX_man_e": 0, "EX_araban__L_e": 0, "EX_met__L_e": 0, "EX_mg2_e": -1.231467e-03, "EX_mn2_e": -9.812889e-05, "EX_na1_e": 0, "EX_nh4_e": -1.099872e+00, "EX_ni2_e": -4.580314e-05, "EX_no2_e": 0, "EX_no3_e": 0, "EX_pi_e": -1.679420e-01, "EX_pro__L_e": 0, "EX_mobd_e": -1.014627e-06, "EX_xan_e": 0, "EX_xyl__D_e": 0, "EX_ptrc_e": 0, "EX_arg__L_e": 0, "EX_pydxn_e": 0, "EX_pyr_e": 0, "EX_zn2_e": -4.826724e-05, "BIOMASS_Cl_DSM_WT_46p666M1": 1.449467e-01, "EX_rib__D_e": 0, "DM_mththf_c": 3.232310e-04, "5HBZIDMT": 3.232310e-05, "5HBZIDS2": 3.232310e-05, "DM_succ_c": 1.832894e-02, "ABUTD": 0, "ACACT1r": 0, "EX_ac_e": 2.675498e-02, "EX_ala__D_e": 0, "EX_asn__L_e": 0, "EX_asp__L_e": 0, "EX_ribflv_e": -6.464621e-05, "EX_rmn_e": 0, "EX_ser__D_e": 0, "EX_btd_RR_e": 0, "EX_ser__L_e": 0, "EX_btn_e": -2.898933e-07, "EX_so4_e": -2.737071e-02, "EX_btoh_e": 0, "EX_spmd_e": 0, "EX_taur_e": 0, "3OAS161": 7.327257e-02, "3OAS180": 0, "EX_thm_e": -3.232310e-05, "EX_but_e": 0, "EX_trp__L_e": 0, "EX_uaagmda_e": 0, "3OAS181": 2.814284e-03, "3OAS60": 1.373312e-01, "3OAS80": 1.373312e-01, "3OAS100": 1.373312e-01, "3OAS120": 6.405860e-02, "3OAS121": 7.327257e-02, "EX_udcpdp_e": 0, "EX_udcpp_e": 0, "3OAS140": 6.405860e-02, "EX_ura_e": 0, "EX_ca2_e": -7.389381e-04, "EX_val__L_e": 0, "3OAR100": 1.373312e-01, "3OAR120": 6.405860e-02, "3OAR121": 7.327257e-02, "EX_citr__L_e": 0, "3OAR140": 6.405860e-02, "3OAR141": 7.327257e-02, "3OAR160": 4.811649e-02, "EX_cl_e": -7.389381e-04, "3OAR161": 7.327257e-02, "3OAR180": 0, "EX_co_e": 0, "3OAR181": 2.814284e-03, "3OAS141": 7.327257e-02, "EX_co2_e": 5.578683e+00, "3OAS160": 4.811649e-02, "ACBIPGT": 3.232310e-05, "4HTHRS": 0, "EX_cobalt2_e": -3.594677e-05, "EX_csn_e": 0, "ACt2r": -2.675498e-02, "ABFA": 0, "ABTA": 0, "ACGK": 3.214439e-02, "EX_cu2_e": -1.005930e-04, "ACGS": 0, "ACALD": -9.090961e+00, "ACHBS": 3.157243e-02, "APSR": 2.675498e-02, "EX_cys__L_e": 0, "ACCOAC": 9.481948e-01, "ACLS": 9.501529e-02, "ADOCBIK": 0, "EX_etoh_e": 0, "ACPS1": 0, "ACKr": 0, "EX_fe2_e": -2.003453e-03, "ADA": 0, "ADCL": 0, "EX_fol_e": -1.292924e-04, "ACLDC": 0, "ADCPS2": 3.232310e-05, "EX_for_e": 0, "ADCPS1": 0, "ACOTA": -3.214439e-02, "EX_fru_e": -5, "ACOAD1z": 0, "ACONTa": -9.998823e+02, "ACONTb": -9.998823e+02, "EX_gal_e": 0, "ACOATA": 0, "ADCYRS": 3.232310e-05, "ADCS": 0, "EX_galctn__D_e": 0, "ADD": 0, "ADK1": 2.353074e-01, "ACONT": 1000, "EX_galur_e": 0, "EX_glc__D_e": 0, "EX_glcn_e": 0, "ASNt2r": 0, "EX_glcur_e": 0, "ASP1DC": 6.913956e-05, "EX_gln__L_e": 0, "ASPt2r": 0, "EX_glu__L_e": 0, "ATPM": 4.500000e-01, "ADK2": 3.232310e-05, "EX_gly_e": 0, "ADMDC": 0, "ADOCBLS": 3.232310e-05, "BTDt_RR": 0, "BTOHt": 0, "EX_glyb_e": 0, "ADPRDP": 0, "EX_glyc_e": 0, "ADPT": 3.232310e-04, "BUTKr": 0, "ADSL1r": 2.270386e-02, "EX_h_e": 8.283681e-01, "ADSL2r": 2.376212e-02, "BUTt": 0, "ADSS": 2.270386e-02, "CYRDAR": 1.616155e-05, "AHCYSNS": 3.232310e-04, "AGPAT120": 0, "AGPR": -3.214439e-02, "CYSabc": 0, "AHSERL2": 1.673366e-02, "AIRCr": 2.376212e-02, "Cuabc": 1.005930e-04, "AICART": 3.405739e-02, "ALAALAr": 4.118080e-03, "ALAR": 6.004212e-02, "ALATA_L": -1.199839e-01, "CA2abc": 7.389381e-04, "CITRt2r": 0, "CLt3r_2": 3.694690e-04, "CO2t": -5.578683e+00, "ALCD2y": 0, "DHPTDCs2": 3.232310e-04, "AMMQLT8": 0, "COabc": 3.594677e-05, "DHPPDA": 0, "COt": 0, "ALCD4y": 0, "ALLTN": 0, "CYSSADS": 0, "CYRDAAT": 3.232310e-05, "ALLTNt2r": 0, "METt2r": 0, "AMAA": 0, "ASP4DC": 0, "DGK1": 0, "ANPRT": 6.177192e-03, "CTPS2": 0, "APRAUR": 0, "ASPO2": 0, "CYRDAS": 3.232310e-05, "ASPCT": 1.832894e-02, "ASPK": 5.814390e-02, "ACAFDOR": 0, "ANS": 0, "ASPO2y": 3.303334e-04, "CYSDS": 0, "ASPR": 0, "ATPPRT": 1.029527e-02, "ASPT": 0, "BACCL": 0, "BTDD_RR": 0, "ANS2": 6.177192e-03, "ARABR": 0, "ARAI": 0, "CYSTL": 0, "ARBabc": 0, "ARBt2r": 0, "BTNt2i": 2.898933e-07, "CYSTS": 0, "CBIAT": 0, "CYSS": 1.002132e-02, "CBLAT": 0, "ARGDr": 0, "ARGN": 0, "CYTD": 0, "ARGDC": 0, "CDPMEK": 8.769273e-05, "CBMKr": 5.047333e-02, "ARGSL": 3.214439e-02, "ARGSS": 3.214439e-02, "CBPS": 0, "ASAD": -5.814390e-02, "CHORS": 4.132806e-02, "DCYTD": 0, "CHORM": 3.511855e-02, "CITL": 0, "ARGt2r": 0, "ASNS1": 2.619592e-02, "CODH4": 0, "CYTDK2": 0, "CODH_ACS": 1.657766e+00, "CPC2MT": 3.232310e-05, "CLPNS120": 0, "CLPNS140": 3.868626e-04, "ECOAH1": 0, "CYTK1": 1.247465e-01, "CLPNS160": 1.167835e-03, "CPC3MT": 3.232310e-05, "CYTK2": 0, "D_LACt2": 0, "CPC4MT": 3.232310e-05, "ETOHt": 0, "DAGK120": 0, "FOLt": 1.292924e-04, "CPC6MT": 3.232310e-05, "CPC5MT": 3.232310e-05, "DAPDC": 3.729217e-02, "CPC8MM": 3.232310e-05, "CPC6R": 3.232310e-05, "G3PCT": 5.592404e-02, "DAPE": 4.141025e-02, "CPPPGOAN2": 0, "CS": 1.177400e-01, "DSERt2": 0, "CSND": 0, "G5SADs": 2.402244e-02, "DALAt2r": 4.118080e-03, "FOLR2": 1.292924e-04, "CTPS1": 7.767402e-03, "LDAPAT": -4.141025e-02, "CSNt2": 0, "DASYN120": 0, "FRTT": 0, "DASYN140": 7.971052e-03, "DURAD": 0, "DURIPP": 0, "DUTPDP": 0, "GLCt2": 0, "GLNabc": 0, "GLUabc": 0, "DXPRIi": 8.769273e-05, "DASYN160": 2.405825e-02, "DXPS": 8.769273e-05, "EAR100x": 6.405860e-02, "DASYN161": 3.522914e-02, "ENO": 9.451704e+00, "GPDDA1": 0, "GPDDA2": 0, "DASYN180": 0, "GPDDA4": 0, "FACOAL140": 0, "FACOAL160": 0, "DASYN181": 1.407142e-03, "DB4PS": 0, "FACOAL180": 0, "H2Ot": -8.364364e+00, "DCMPDA": 0, "FBA": 4.936208e+00, "DDPA": 4.132806e-02, "FBA3": 0, "FBP": 6.379185e-02, "H2td": 0, "HACD1": 0, "DDPGA": 0, "HCO3E": 1.213528e+00, "FDH7": 1.587492e+00, "FORt2": 0, "DHAD2": 3.157243e-02, "G1PTT": 0, "HISt2r": 0, "GTPCII": 0, "GK1": 1000, "FE2abc": 2.003453e-03, "FGLU": 0, "FMNAT": 3.232310e-05, "FRD2": 1.832894e-02, "DHAD1": 9.501529e-02, "FRNDPR2r": 1.969773e+00, "GK2": -9.999886e+02, "DHAK": 3.333048e-03, "HPPK": 0, "FRUK": 5, "FUM": 6.028143e-02, "GRTT": 7.972066e-06, "FRUpts": 5, "DHFR": 4.356952e-03, "FTHFLi": 1.587524e+00, "DHDPRy": 4.141025e-02, "G1PACT": 1.047312e-02, "G3PAT140": 7.971052e-03, "GLCURt2r": 0, "GF6PTA": 1.047312e-02, "GHMT2r": 1.495447e-01, "DHDPS": 4.141025e-02, "GLCNt2r": 0, "G1SAT": 2.585848e-04, "G3PAT181": 1.407142e-03, "GLNS": 1.347313e-01, "DHFS": 0, "GLCRD": 0, "G3PAT120": 0, "G3PAT160": 2.405825e-02, "G3PAT161": 3.522914e-02, "GLU5K": 2.402244e-02, "GLUDy": -9.302793e-01, "GLUPRT": 2.379444e-02, "GLUR": -4.118080e-03, "G3PAT180": 0, "G3PD2": -1.432551e-01, "G5SD": 2.402244e-02, "GLUTRR": 2.585848e-04, "GALCTD": 0, "DHNAOT4": 0, "GALCTNt2r": 0, "GLUSy": 0, "GLUTRS": 2.585848e-04, "GLUt2r": 0, "GAPD": 9.690898e+00, "DHNPA_1": 0, "GALUi": 0, "GALURt2r": 0, "GLUt4": 0, "GLYCDx": 3.333048e-03, "GALabc": 0, "DHORTS": -1.832894e-02, "GCCb": 0, "GARFT": 2.379444e-02, "GLYBt2r": 0, "GMPS2": 1.135353e-02, "GLYCK": 0, "GLYCt": 0, "GND": 0, "GCCa": 0, "METR": 1.657766e+00, "DHORD5": 1.832894e-02, "GNK": 0, "DHPS": 0, "GTPCI": 0, "GTPDPK": 0, "GUAD": 0, "HCITS": 0, "MGSA": 0, "DHPS2": 0, "KAS15": 1.373312e-01, "IPDPS": 7.972066e-05, "HAMR": 0, "IMPC": -3.405739e-02, "DHQTi": 4.132806e-02, "HXPRT": 0, "GUAPRT": 0, "LYSDC": 0, "DHQS": 4.132806e-02, "ICDHx": 1.177400e-01, "HYDFDN2r": 0, "HEX1": 0, "HETZK": 0, "HISTD": 1.029527e-02, "HYDFDi": 0, "DMATT": 7.972066e-06, "IGPDH": 1.029527e-02, "IG3PS": 1.029527e-02, "HISDr": 0, "HISTP": 1.029527e-02, "IGPS": 6.177192e-03, "DMPPS": 7.972066e-06, "ILETRS": 0, "HMBS": 3.232310e-05, "HMPK1": 0, "HSK": 0, "DPCOAK": 6.913956e-05, "HSDy": -1.673366e-02, "HSST": 0, "HSTPT": 1.029527e-02, "ILEt2r": 0, "ILETA": -3.157243e-02, "LEUTA": -4.896023e-02, "HXAND": 0, "DPR": 6.913956e-05, "METS": 1.705689e-02, "LEUt2r": 0, "IMPD": 1.135353e-02, "DRPA": 0,