{"EX_h2_e": 0, "EX_h2o_e": 5.557610e+00, "EX_his__L_e": 0, "EX_ile__L_e": 0, "EX_lac__D_e": 0, "EX_murein4p3p_e": 0, "EX_murein4p4p_e": 0, "EX_murein4px4p_e": 0, "EX_k_e": -3.948588e-02, "EX_murein4px4px4p_e": 0, "EX_alaala_e": 0, "EX_murein5p3p_e": 0, "EX_murein5p4p_e": 0, "EX_murein5p5p_e": 0, "EX_murein5p5p5p_e": 0, "EX_lac__L_e": 0, "EX_leu__L_e": 0, "EX_lys__L_e": 0, "EX_alltn_e": 0, "EX_malt_e": 0, "EX_murein5px3p_e": 0, "EX_murein5px4p_e": 0, "EX_malthx_e": 0, "EX_murein5px4px4p_e": 0, "EX_arab__L_e": 0, "EX_malttr_e": 0, "EX_man_e": 0, "EX_araban__L_e": 0, "EX_met__L_e": 0, "EX_mg2_e": -1.754754e-03, "EX_mn2_e": -1.398268e-04, "EX_na1_e": 0, "EX_nh4_e": -1.735012e+00, "EX_ni2_e": -6.526626e-05, "EX_no2_e": 0, "EX_no3_e": 0, "EX_pi_e": -2.393056e-01, "EX_pro__L_e": 0, "EX_mobd_e": -1.445772e-06, "EX_xan_e": 0, "EX_xyl__D_e": 0, "EX_ptrc_e": 0, "EX_arg__L_e": 0, "EX_pydxn_e": 0, "EX_pyr_e": 0, "EX_zn2_e": -6.877742e-05, "BIOMASS_Cl_DSM_WT_46p666M1": 2.065388e-01, "EX_rib__D_e": 0, "DM_mththf_c": 4.605815e-04, "5HBZIDMT": 4.605815e-05, "5HBZIDS2": 4.605815e-05, "DM_succ_c": 2.611745e-02, "ABUTD": 0, "ACACT1r": 0, "EX_ac_e": 9.709371e+00, "EX_ala__D_e": 0, "EX_asn__L_e": 0, "EX_asp__L_e": 0, "EX_ribflv_e": -9.211630e-05, "EX_rmn_e": 0, "EX_ser__D_e": 0, "EX_btd_RR_e": 0, "EX_ser__L_e": 0, "EX_btn_e": -4.130776e-07, "EX_so4_e": -3.900134e-02, "EX_btoh_e": 0, "EX_spmd_e": 0, "EX_taur_e": 0, "3OAS161": 1.044083e-01, "3OAS180": 0, "EX_thm_e": -4.605815e-05, "EX_but_e": 0, "EX_trp__L_e": 0, "EX_uaagmda_e": 0, "3OAS181": 4.010157e-03, "3OAS60": 1.956872e-01, "3OAS80": 1.956872e-01, "3OAS100": 1.956872e-01, "3OAS120": 9.127899e-02, "3OAS121": 1.044083e-01, "EX_udcpdp_e": 0, "EX_udcpp_e": 0, "3OAS140": 9.127899e-02, "EX_ura_e": 0, "EX_ca2_e": -1.052935e-03, "EX_val__L_e": 0, "3OAR100": 1.956872e-01, "3OAR120": 9.127899e-02, "3OAR121": 1.044083e-01, "EX_citr__L_e": 0, "3OAR140": 9.127899e-02, "3OAR141": 1.044083e-01, "3OAR160": 6.856262e-02, "EX_cl_e": -1.052935e-03, "3OAR161": 1.044083e-01, "3OAR180": 0, "EX_co_e": 0, "3OAR181": 4.010157e-03, "3OAS141": 1.044083e-01, "EX_co2_e": 1.430492e+00, "3OAS160": 6.856262e-02, "ACBIPGT": 4.605815e-05, "4HTHRS": 0, "EX_cobalt2_e": -5.122162e-05, "EX_csn_e": 0, "ACt2r": -9.709371e+00, "ABFA": 0, "ABTA": 0, "ACGK": 4.580349e-02, "EX_cu2_e": -1.433379e-04, "ACGS": 0, "ACALD": 0, "ACHBS": 4.498849e-02, "APSR": 3.812396e-02, "EX_cys__L_e": 0, "ACCOAC": 1.351111e+00, "ACLS": 1.353901e-01, "ADOCBIK": 0, "EX_etoh_e": 0, "ACPS1": 0, "ACKr": -9.755519e+00, "EX_fe2_e": -2.854779e-03, "ADA": 0, "ADCL": 0, "EX_fol_e": -1.842326e-04, "ACLDC": 0, "ADCPS2": 4.605815e-05, "EX_for_e": 0, "ADCPS1": 0, "ACOTA": -4.580349e-02, "EX_fru_e": -5, "ACOAD1z": 0, "ACONTa": -1000, "ACONTb": -1000, "EX_gal_e": 0, "ACOATA": 0, "ADCYRS": 4.605815e-05, "ADCS": 0, "EX_galctn__D_e": 0, "ADD": 0, "ADK1": 6.708390e-01, "ACONT": 1000, "EX_galur_e": 0, "EX_glc__D_e": 0, "EX_glcn_e": 0, "ASNt2r": 0, "EX_glcur_e": 0, "ASP1DC": 9.851900e-05, "EX_gln__L_e": 0, "ASPt2r": 0, "EX_glu__L_e": 0, "ATPM": 4.500000e-01, "ADK2": 4.605815e-05, "EX_gly_e": 0, "ADMDC": 0, "ADOCBLS": 4.605815e-05, "BTDt_RR": 0, "BTOHt": 0, "EX_glyb_e": 0, "ADPRDP": 0, "EX_glyc_e": 0, "ADPT": 4.605815e-04, "BUTKr": 0, "ADSL1r": 2.001227e-01, "EX_h_e": 1.101938e+01, "ADSL2r": 3.385935e-02, "BUTt": 0, "ADSS": 2.001227e-01, "CYRDAR": 2.302908e-05, "AHCYSNS": 4.605815e-04, "AGPAT120": 0, "AGPR": -4.580349e-02, "CYSabc": 0, "AHSERL2": 2.384428e-02, "AIRCr": 3.385935e-02, "Cuabc": 1.433379e-04, "AICART": 2.163006e-01, "ALAALAr": 5.867974e-03, "ALAR": 8.555580e-02, "ALATA_L": -1.709687e-01, "CA2abc": 1.052935e-03, "CITRt2r": 0, "CLt3r_2": 5.264674e-04, "CO2t": -1.430492e+00, "ALCD2y": 0, "DHPTDCs2": 4.605815e-04, "AMMQLT8": 0, "COabc": 5.122162e-05, "DHPPDA": 0, "COt": 0, "ALCD4y": 0, "ALLTN": 0, "CYSSADS": 0, "CYRDAAT": 4.605815e-05, "ALLTNt2r": 0, "METt2r": 0, "AMAA": 0, "ASP4DC": 0, "DGK1": 0, "ANPRT": 8.802064e-03, "CTPS2": 0, "APRAUR": 0, "ASPO2": 0, "CYRDAS": 4.605815e-05, "ASPCT": 2.611745e-02, "ASPK": 8.285097e-02, "ACAFDOR": -8.427196e-02, "ANS": 0, "ASPO2y": 4.707019e-04, "CYSDS": 0, "ASPR": 0, "ATPPRT": 1.824413e-01, "ASPT": 0, "BACCL": 0, "BTDD_RR": 0, "ANS2": 8.802064e-03, "ARABR": 0, "ARAI": 0, "CYSTL": 0, "ARBabc": 0, "ARBt2r": 0, "BTNt2i": 4.130776e-07, "CYSTS": 0, "CBIAT": 0, "CYSS": 1.427968e-02, "CBLAT": 0, "ARGDr": 0, "ARGN": 0, "CYTD": 0, "ARGDC": 0, "CDPMEK": 1.249560e-04, "CBMKr": 7.192094e-02, "ARGSL": 4.580349e-02, "ARGSS": 4.580349e-02, "CBPS": 0, "ASAD": -8.285097e-02, "CHORS": 5.888958e-02, "DCYTD": 0, "CHORM": 5.004146e-02, "CITL": 0, "ARGt2r": 0, "ASNS1": 3.732734e-02, "CODH4": 0, "CYTDK2": 0, "CODH_ACS": 3.357113e+00, "CPC2MT": 4.605815e-05, "CLPNS120": 0, "CLPNS140": 5.512520e-04, "ECOAH1": 0, "CYTK1": 1.777549e-01, "CLPNS160": 1.664083e-03, "CPC3MT": 4.605815e-05, "CYTK2": 0, "D_LACt2": 0, "CPC4MT": 4.605815e-05, "ETOHt": 0, "DAGK120": 0, "FOLt": 1.842326e-04, "CPC6MT": 4.605815e-05, "CPC5MT": 4.605815e-05, "DAPDC": 5.313871e-02, "CPC8MM": 4.605815e-05, "CPC6R": 4.605815e-05, "G3PCT": 7.968783e-02, "DAPE": 5.900669e-02, "CPPPGOAN2": 0, "CS": 0, "DSERt2": 0, "CSND": 0, "G5SADs": 3.423029e-02, "DALAt2r": 5.867974e-03, "FOLR2": 1.842326e-04, "CTPS1": 1.106800e-02, "LDAPAT": -5.900669e-02, "CSNt2": 0, "DASYN120": 0, "FRTT": 0, "DASYN140": 1.135819e-02, "DURAD": 0, "DURIPP": 0, "DUTPDP": 0, "GLCt2": 0, "GLNabc": 0, "GLUabc": 0, "DXPRIi": 1.249560e-04, "DASYN160": 3.428131e-02, "DXPS": 1.249560e-04, "EAR100x": 9.127899e-02, "DASYN161": 5.019905e-02, "ENO": 8.939098e+00, "GPDDA1": 0, "GPDDA2": 0, "DASYN180": 0, "GPDDA4": 0, "FACOAL140": 0, "FACOAL160": 0, "DASYN181": 2.005079e-03, "DB4PS": 0, "FACOAL180": 0, "H2Ot": -5.567662e+00, "DCMPDA": 0, "FBA": 4.797254e+00, "DDPA": 5.888958e-02, "FBA3": 0, "FBP": 2.027464e-01, "H2td": 0, "HACD1": 0, "DDPGA": 0, "HCO3E": 1.561421e+00, "FDH7": 3.424748e+00, "FORt2": 0, "DHAD2": 4.498849e-02, "G1PTT": 0, "HISt2r": 0, "GTPCII": 0, "GK1": 1000, "FE2abc": 2.854779e-03, "FGLU": 1.677713e-01, "FMNAT": 4.605815e-05, "FRD2": 2.611745e-02, "DHAD1": 1.353901e-01, "FRNDPR2r": 3.388130e+00, "GK2": -9.999838e+02, "DHAK": 4.749360e-03, "HPPK": 0, "FRUK": 5, "FUM": 2.536681e-01, "GRTT": 1.135963e-05, "FRUpts": 5, "DHFR": 6.208350e-03, "FTHFLi": 3.424794e+00, "DHDPRy": 5.900669e-02, "G1PACT": 1.492346e-02, "G3PAT140": 1.135819e-02, "GLCURt2r": 0, "GF6PTA": 1.492346e-02, "GHMT2r": 2.130906e-01, "DHDPS": 5.900669e-02, "GLCNt2r": 0, "G1SAT": 3.684652e-04, "G3PAT181": 2.005079e-03, "GLNS": 3.597538e-01, "DHFS": 0, "GLCRD": 0, "G3PAT120": 0, "G3PAT160": 3.428131e-02, "G3PAT161": 5.019905e-02, "GLU5K": 3.423029e-02, "GLUDy": -1.493354e+00, "GLUPRT": 3.390541e-02, "GLUR": -5.867974e-03, "G3PAT180": 0, "G3PD2": -2.041285e-01, "G5SD": 3.423029e-02, "GLUTRR": 3.684652e-04, "GALCTD": 0, "DHNAOT4": 0, "GALCTNt2r": 0, "GLUSy": 0, "GLUTRS": 3.684652e-04, "GLUt2r": 0, "GAPD": 9.279932e+00, "DHNPA_1": 0, "GALUi": 0, "GALURt2r": 0, "GLUt4": 0, "GLYCDx": 4.749360e-03, "GALabc": 0, "DHORTS": -2.611745e-02, "GCCb": 0, "GARFT": 3.390541e-02, "GLYBt2r": 0, "GMPS2": 1.617798e-02, "GLYCK": 0, "GLYCt": 0, "GND": 0, "GCCa": 0, "METR": 3.357113e+00, "DHORD5": 2.611745e-02, "GNK": 0, "DHPS": 0, "GTPCI": 0, "GTPDPK": 0, "GUAD": 0, "HCITS": 0, "MGSA": 0, "DHPS2": 0, "KAS15": 1.956872e-01, "IPDPS": 1.135963e-04, "HAMR": 0, "IMPC": -2.163006e-01, "DHQTi": 5.888958e-02, "HXPRT": 0, "GUAPRT": 0, "LYSDC": 0, "DHQS": 5.888958e-02, "ICDHx": 0, "HYDFDN2r": 0, "HEX1": 0, "HETZK": 0, "HISTD": 1.824413e-01, "HYDFDi": 0, "DMATT": 1.135963e-05, "IGPDH": 1.824413e-01, "IG3PS": 1.824413e-01, "HISDr": 1.677713e-01, "HISTP": 1.824413e-01, "IGPS": 8.802064e-03, "DMPPS": 1.135963e-05, "ILETRS": 0, "HMBS": 4.605815e-05, "HMPK1": 0, "HSK": 0, "DPCOAK": 9.851900e-05, "HSDy": -2.384428e-02, "HSST": 0, "HSTPT": 1.824413e-01, "ILEt2r": 0, "ILETA": -4.498849e-02, "LEUTA": -6.976488e-02, "HXAND": 0, "DPR": 9.851900e-05, "METS": 2.430487e-02, "LEUt2r": 0, "IMPD": 1.617798e-02, "DRPA": 0,