{"EX_h2_e": 0, "EX_h2o_e": 3.419307e+00, "EX_his__L_e": 0, "EX_ile__L_e": 0, "EX_lac__D_e": 0, "EX_murein4p3p_e": 0, "EX_murein4p4p_e": 0, "EX_murein4px4p_e": 0, "EX_k_e": -5.161599e-03, "EX_murein4px4px4p_e": 0, "EX_alaala_e": 0, "EX_murein5p3p_e": 0, "EX_murein5p4p_e": 0, "EX_murein5p5p_e": 0, "EX_murein5p5p5p_e": 0, "EX_lac__L_e": 0, "EX_leu__L_e": 0, "EX_lys__L_e": 0, "EX_alltn_e": 0, "EX_malt_e": 0, "EX_murein5px3p_e": 0, "EX_murein5px4p_e": 0, "EX_malthx_e": 0, "EX_murein5px4px4p_e": 0, "EX_arab__L_e": 0, "EX_malttr_e": 0, "EX_man_e": 0, "EX_araban__L_e": 0, "EX_met__L_e": 2.386570e-02, "EX_mg2_e": -2.293816e-04, "EX_mn2_e": -1.827817e-05, "EX_na1_e": 0, "EX_nh4_e": -1.301401e+00, "EX_ni2_e": -8.531614e-06, "EX_no2_e": 0, "EX_no3_e": 0, "EX_pi_e": -3.128205e-02, "EX_pro__L_e": 0, "EX_mobd_e": -1.889914e-07, "EX_xan_e": 0, "EX_xyl__D_e": 0, "EX_ptrc_e": 0, "EX_arg__L_e": 0, "EX_pydxn_e": 0, "EX_pyr_e": 3.179378e-01, "EX_zn2_e": -8.990593e-06, "BIOMASS_Cl_DSM_WT_46p666M1": 2.699878e-02, "EX_rib__D_e": 0, "DM_mththf_c": 6.020727e-05, "5HBZIDMT": 6.020727e-06, "5HBZIDS2": 6.020727e-06, "DM_succ_c": 3.414076e-03, "ABUTD": 0, "ACACT1r": 0, "EX_ac_e": 5.373115e-01, "EX_ala__D_e": 7.670623e-04, "EX_asn__L_e": 0, "EX_asp__L_e": 0, "EX_ribflv_e": -1.204145e-05, "EX_rmn_e": 0, "EX_ser__D_e": 0, "EX_btd_RR_e": 0, "EX_ser__L_e": 0, "EX_btn_e": -5.399756e-08, "EX_so4_e": -5.374262e-01, "EX_btoh_e": 0, "EX_spmd_e": 0, "EX_taur_e": 0, "3OAS161": 1.364826e-02, "3OAS180": 0, "EX_thm_e": -6.020727e-06, "EX_but_e": 0, "EX_trp__L_e": 0, "EX_uaagmda_e": 0, "3OAS181": 5.242083e-04, "3OAS60": 2.558026e-02, "3OAS80": 2.558026e-02, "3OAS100": 2.558026e-02, "3OAS120": 1.193200e-02, "3OAS121": 1.364826e-02, "EX_udcpdp_e": 0, "EX_udcpp_e": 0, "3OAS140": 1.193200e-02, "EX_ura_e": 0, "EX_ca2_e": -1.376398e-04, "EX_val__L_e": 0, "3OAR100": 2.558026e-02, "3OAR120": 1.193200e-02, "3OAR121": 1.364826e-02, "EX_citr__L_e": 1.878120e-01, "3OAR140": 1.193200e-02, "3OAR141": 1.364826e-02, "3OAR160": 8.962514e-03, "EX_cl_e": -1.376398e-04, "3OAR161": 1.364826e-02, "3OAR180": 0, "EX_co_e": 0, "3OAR181": 5.242083e-04, "3OAS141": 1.364826e-02, "EX_co2_e": 8.519020e+00, "3OAS160": 8.962514e-03, "ACBIPGT": 6.020727e-06, "4HTHRS": 0, "EX_cobalt2_e": -6.695697e-06, "EX_csn_e": 0, "ACt2r": -5.373115e-01, "ABFA": 0, "ABTA": 0, "ACGK": 1.937995e-01, "EX_cu2_e": -1.873715e-05, "ACGS": 0, "ACALD": -7.762283e+00, "ACHBS": 5.880901e-03, "APSR": 5.373115e-01, "EX_cys__L_e": 0, "ACCOAC": 1.766174e-01, "ACLS": 1.769821e-02, "ADOCBIK": 0, "EX_etoh_e": 7.751267e+00, "ACPS1": 0, "ACKr": 0, "EX_fe2_e": -3.731771e-04, "ADA": 0, "ADCL": 0, "EX_fol_e": -2.408291e-05, "ACLDC": 0, "ADCPS2": 6.020727e-06, "EX_for_e": 0, "ADCPS1": 0, "ACOTA": -1.937995e-01, "EX_fru_e": -5, "ACOAD1z": 0, "ACONTa": 1000, "ACONTb": 1000, "EX_gal_e": 0, "ACOATA": 2.558026e-02, "ADCYRS": 6.020727e-06, "ADCS": 0, "EX_galctn__D_e": 0, "ADD": 0, "ADK1": 5.761579e-01, "ACONT": -9.997903e+02, "EX_galur_e": 0, "EX_glc__D_e": 0, "EX_glcn_e": 0, "ASNt2r": 0, "EX_glcur_e": 0, "ASP1DC": 1.287842e-05, "EX_gln__L_e": 0, "ASPt2r": 0, "EX_glu__L_e": 0, "ATPM": 4.500000e-01, "ADK2": 6.020727e-06, "EX_gly_e": 0, "ADMDC": 0, "ADOCBLS": 6.020727e-06, "BTDt_RR": 0, "BTOHt": 0, "EX_glyb_e": 0, "ADPRDP": 0, "EX_glyc_e": 6.208369e-04, "ADPT": 6.020727e-05, "BUTKr": 0, "ADSL1r": 4.228981e-03, "EX_h_e": 1.036439e+00, "ADSL2r": 4.426099e-03, "BUTt": 0, "ADSS": 4.228981e-03, "CYRDAR": 3.010364e-06, "AHCYSNS": 6.020727e-05, "AGPAT120": 0, "AGPR": -1.937995e-01, "CYSabc": 0, "AHSERL2": 2.698263e-02, "AIRCr": 4.426099e-03, "Cuabc": 1.873715e-05, "AICART": 6.343768e-03, "ALAALAr": 7.670623e-04, "ALAR": 1.195093e-02, "ALATA_L": -2.311611e-02, "CA2abc": 1.376398e-04, "CITRt2r": -1.878120e-01, "CLt3r_2": 6.881988e-05, "CO2t": -8.519020e+00, "ALCD2y": -7.751267e+00, "DHPTDCs2": 6.020727e-05, "AMMQLT8": 0, "COabc": 6.695697e-06, "DHPPDA": 0, "COt": 0, "ALCD4y": 0, "ALLTN": 0, "CYSSADS": 0, "CYRDAAT": 6.020727e-06, "ALLTNt2r": 0, "METt2r": -2.386570e-02, "AMAA": 0, "ASP4DC": 0, "DGK1": 0, "ANPRT": 1.150607e-03, "CTPS2": 0, "APRAUR": 0, "ASPO2": 6.153021e-05, "CYRDAS": 6.020727e-06, "ASPCT": 3.414076e-03, "ASPK": 3.469599e-02, "ACAFDOR": 0, "ANS": 0, "ASPO2y": 0, "CYSDS": 0, "ASPR": 0, "ATPPRT": 1.917669e-03, "ASPT": 0, "BACCL": 0, "BTDD_RR": 0, "ANS2": 1.150607e-03, "ARABR": 0, "ARAI": 0, "CYSTL": 0, "ARBabc": 0, "ARBt2r": 0, "BTNt2i": 5.399756e-08, "CYSTS": 0, "CBIAT": 0, "CYSS": 5.103288e-01, "CBLAT": 0, "ARGDr": 0, "ARGN": 0, "CYTD": 0, "ARGDC": 0, "CDPMEK": 1.633426e-05, "CBMKr": 1.972136e-01, "ARGSL": 5.987438e-03, "ARGSS": 5.987438e-03, "CBPS": 0, "ASAD": -3.469599e-02, "CHORS": 7.698053e-03, "DCYTD": 0, "CHORM": 6.541426e-03, "CITL": 0, "ARGt2r": 0, "ASNS1": 4.879435e-03, "CODH4": 0, "CYTDK2": 0, "CODH_ACS": 0, "CPC2MT": 6.020727e-06, "CLPNS120": 0, "CLPNS140": 7.205974e-05, "ECOAH1": 0, "CYTK1": 2.323615e-02, "CLPNS160": 2.175292e-04, "CPC3MT": 6.020727e-06, "CYTK2": 0, "D_LACt2": 0, "CPC4MT": 6.020727e-06, "ETOHt": -7.751267e+00, "DAGK120": 0, "FOLt": 2.408291e-05, "CPC6MT": 6.020727e-06, "CPC5MT": 6.020727e-06, "DAPDC": 6.946300e-03, "CPC8MM": 6.020727e-06, "CPC6R": 6.020727e-06, "G3PCT": 1.041680e-02, "DAPE": 7.713362e-03, "CPPPGOAN2": 0, "CS": 2.097431e-01, "DSERt2": 0, "CSND": 0, "G5SADs": 4.474588e-03, "DALAt2r": 0, "FOLR2": 2.408291e-05, "CTPS1": 1.446810e-03, "LDAPAT": -7.713362e-03, "CSNt2": 0, "DASYN120": 0, "FRTT": 0, "DASYN140": 1.484744e-03, "DURAD": 0, "DURIPP": 0, "DUTPDP": 0, "GLCt2": 0, "GLNabc": 0, "GLUabc": 0, "DXPRIi": 1.633426e-05, "DASYN160": 4.481257e-03, "DXPS": 1.633426e-05, "EAR100x": 1.193200e-02, "DASYN161": 6.562026e-03, "ENO": 5.016163e+00, "GPDDA1": 0, "GPDDA2": 0, "DASYN180": 0, "GPDDA4": 0, "FACOAL140": 0, "FACOAL160": 0, "DASYN181": 2.621041e-04, "DB4PS": 0, "FACOAL180": 0, "H2Ot": -3.420621e+00, "DCMPDA": 0, "FBA": 4.988118e+00, "DDPA": 7.698053e-03, "FBA3": 0, "FBP": 1.188232e-02, "H2td": 0, "HACD1": 0, "DDPGA": 0, "HCO3E": 4.377179e-01, "FDH7": 1.077589e-02, "FORt2": 0, "DHAD2": 5.880901e-03, "G1PTT": 0, "HISt2r": 0, "GTPCII": 0, "GK1": 1000, "FE2abc": 3.731771e-04, "FGLU": 0, "FMNAT": 6.020727e-06, "FRD2": 3.414076e-03, "DHAD1": 1.769821e-02, "FRNDPR2r": 7.126952e+00, "GK2": -9.999979e+02, "DHAK": 0, "HPPK": 0, "FRUK": 5, "FUM": 1.122844e-02, "GRTT": 1.484933e-06, "FRUpts": 5, "DHFR": 8.115563e-04, "FTHFLi": 1.078191e-02, "DHDPRy": 7.713362e-03, "G1PACT": 1.950797e-03, "G3PAT140": 1.484744e-03, "GLCURt2r": 0, "GF6PTA": 1.950797e-03, "GHMT2r": 2.785523e-02, "DHDPS": 7.713362e-03, "GLCNt2r": 0, "G1SAT": 4.816582e-05, "G3PAT181": 2.621041e-04, "GLNS": 2.509598e-02, "DHFS": 0, "GLCRD": 0, "G3PAT120": 0, "G3PAT160": 4.481257e-03, "G3PAT161": 6.562026e-03, "GLU5K": 4.474588e-03, "GLUDy": -5.454624e+00, "GLUPRT": 4.432119e-03, "GLUR": -7.670623e-04, "G3PAT180": 0, "G3PD2": -2.668370e-02, "G5SD": 4.474588e-03, "GLUTRR": 4.816582e-05, "GALCTD": 0, "DHNAOT4": 0, "GALCTNt2r": 0, "GLUSy": 0, "GLUTRS": 4.816582e-05, "GLUt2r": 0, "GAPD": 9.941804e+00, "DHNPA_1": 0, "GALUi": 0, "GALURt2r": 0, "GLUt4": 0, "GLYCDx": 0, "GALabc": 0, "DHORTS": -3.414076e-03, "GCCb": 0, "GARFT": 4.432119e-03, "GLYBt2r": 0, "GMPS2": 2.114787e-03, "GLYCK": 0, "GLYCt": 6.208369e-04, "GND": 0, "GCCa": 0, "METR": 0, "DHORD5": 3.414076e-03, "GNK": 0, "DHPS": 0, "GTPCI": 0, "GTPDPK": 0, "GUAD": 0, "HCITS": 0, "MGSA": 0, "DHPS2": 0, "KAS15": 0, "IPDPS": 1.484933e-05, "HAMR": 0, "IMPC": -6.343768e-03, "DHQTi": 7.698053e-03, "HXPRT": 0, "GUAPRT": 0, "LYSDC": 0, "DHQS": 7.698053e-03, "ICDHx": 2.097431e-01, "HYDFDN2r": 0, "HEX1": 0, "HETZK": 0, "HISTD": 1.917669e-03, "HYDFDi": 0, "DMATT": 1.484933e-06, "IGPDH": 1.917669e-03, "IG3PS": 1.917669e-03, "HISDr": 0, "HISTP": 1.917669e-03, "IGPS": 1.150607e-03, "DMPPS": 1.484933e-06, "ILETRS": 0, "HMBS": 6.020727e-06, "HMPK1": 0, "HSK": 0, "DPCOAK": 1.287842e-05, "HSDy": -2.698263e-02, "HSST": 0, "HSTPT": 1.917669e-03, "ILEt2r": 0, "ILETA": -5.880901e-03, "LEUTA": -9.119674e-03, "HXAND": 0, "DPR": 1.287842e-05,