{"EX_h2_e": 3.701843e+00, "EX_h2o_e": 3.076596e+00, "EX_his__L_e": 0, "EX_ile__L_e": 0, "EX_lac__D_e": 0, "EX_murein4p3p_e": 0, "EX_murein4p4p_e": 0, "EX_murein4px4p_e": 0, "EX_k_e": -5.458415e-03, "EX_murein4px4px4p_e": 0, "EX_alaala_e": 0, "EX_murein5p3p_e": 0, "EX_murein5p4p_e": 0, "EX_murein5p5p_e": 0, "EX_murein5p5p5p_e": 0, "EX_lac__L_e": 0, "EX_leu__L_e": 0, "EX_lys__L_e": 0, "EX_alltn_e": 0, "EX_malt_e": 0, "EX_murein5px3p_e": 0, "EX_murein5px4p_e": 0, "EX_malthx_e": 0, "EX_murein5px4px4p_e": 0, "EX_arab__L_e": 0, "EX_malttr_e": 0, "EX_man_e": 0, "EX_araban__L_e": 0, "EX_met__L_e": 2.523809e-02, "EX_mg2_e": -2.425721e-04, "EX_mn2_e": -1.932925e-05, "EX_na1_e": 0, "EX_nh4_e": -3.799144e-01, "EX_ni2_e": -9.022221e-06, "EX_no2_e": 0, "EX_no3_e": 0, "EX_pi_e": -1.702953e-01, "EX_pro__L_e": 0, "EX_mobd_e": -1.998593e-07, "EX_xan_e": 0, "EX_xyl__D_e": 0, "EX_ptrc_e": 0, "EX_arg__L_e": 0, "EX_pydxn_e": 0, "EX_pyr_e": 2.887563e+00, "EX_zn2_e": -9.507594e-06, "BIOMASS_Cl_DSM_WT_46p666M1": 2.855133e-02, "EX_rib__D_e": 0, "DM_mththf_c": 6.366947e-05, "5HBZIDMT": 6.366947e-06, "5HBZIDS2": 6.366947e-06, "DM_succ_c": 1.548453e-02, "ABUTD": 0, "ACACT1r": 0, "EX_ac_e": 3.050824e-02, "EX_ala__D_e": 8.111719e-04, "EX_asn__L_e": 0, "EX_asp__L_e": 0, "EX_ribflv_e": -1.273389e-05, "EX_rmn_e": 0, "EX_ser__D_e": 0, "EX_btd_RR_e": 0, "EX_ser__L_e": 0, "EX_btn_e": -5.710267e-08, "EX_so4_e": -3.062953e-02, "EX_btoh_e": 0, "EX_spmd_e": 0, "EX_taur_e": 0, "3OAS161": 2.888618e-01, "3OAS180": 0, "EX_thm_e": -6.366947e-06, "EX_but_e": 0, "EX_trp__L_e": 0, "EX_uaagmda_e": 0, "3OAS181": 5.543527e-04, "3OAS60": 3.014799e-01, "3OAS80": 3.014799e-01, "3OAS100": 3.014799e-01, "3OAS120": 1.261815e-02, "3OAS121": 2.888618e-01, "EX_udcpdp_e": 0, "EX_udcpp_e": 0, "3OAS140": 1.261815e-02, "EX_ura_e": 0, "EX_ca2_e": -1.455547e-04, "EX_val__L_e": 0, "3OAR100": 3.014799e-01, "3OAR120": 1.261815e-02, "3OAR121": 2.888618e-01, "EX_citr__L_e": 0, "3OAR140": 1.261815e-02, "3OAR141": 2.888618e-01, "3OAR160": 9.477900e-03, "EX_cl_e": -1.455547e-04, "3OAR161": 2.888618e-01, "3OAR180": 0, "EX_co_e": 0, "3OAR181": 5.543527e-04, "3OAS141": 2.888618e-01, "EX_co2_e": 6.656477e+00, "3OAS160": 9.477900e-03, "ACBIPGT": 6.366947e-06, "4HTHRS": 0, "EX_cobalt2_e": -7.080730e-06, "EX_csn_e": 0, "ACt2r": -3.050824e-02, "ABFA": 0, "ABTA": 0, "ACGK": 6.331743e-03, "EX_cu2_e": -1.981462e-05, "ACGS": 0, "ACALD": -4.073156e+00, "ACHBS": 6.219080e-03, "APSR": 3.050824e-02, "EX_cys__L_e": 0, "ACCOAC": 2.107774e+00, "ACLS": 1.871594e-02, "ADOCBIK": 0, "EX_etoh_e": 4.061507e+00, "ACPS1": 0, "ACKr": 0, "EX_fe2_e": -3.946365e-04, "ADA": 0, "ADCL": 0, "EX_fol_e": -2.546779e-05, "ACLDC": 0, "ADCPS2": 6.366947e-06, "EX_for_e": 0, "ADCPS1": 0, "ACOTA": -6.331743e-03, "EX_fru_e": -5, "ACOAD1z": 0, "ACONTa": 1000, "ACONTb": 1000, "EX_gal_e": 0, "ACOATA": 3.014799e-01, "ADCYRS": 6.366947e-06, "ADCS": 0, "EX_galctn__D_e": 0, "ADD": 0, "ADK1": 7.158853e-02, "ACONT": -9.999768e+02, "EX_galur_e": 0, "EX_glc__D_e": 0, "EX_glcn_e": 0, "ASNt2r": 0, "EX_glcur_e": 0, "ASP1DC": 1.361899e-05, "EX_gln__L_e": 0, "ASPt2r": 0, "EX_glu__L_e": 0, "ATPM": 4.500000e-01, "ADK2": 6.366947e-06, "EX_gly_e": 0, "ADMDC": 0, "ADOCBLS": 6.366947e-06, "BTDt_RR": 0, "BTOHt": 0, "EX_glyb_e": 0, "ADPRDP": 0, "EX_glyc_e": 6.565379e-04, "ADPT": 6.366947e-05, "BUTKr": 0, "ADSL1r": 4.472167e-03, "EX_h_e": 2.938079e+00, "ADSL2r": 4.680620e-03, "BUTt": 0, "ADSS": 4.472167e-03, "CYRDAR": 3.183474e-06, "AHCYSNS": 6.366947e-05, "AGPAT120": 0, "AGPR": -6.331743e-03, "CYSabc": 0, "AHSERL2": 2.853426e-02, "AIRCr": 4.680620e-03, "Cuabc": 1.981462e-05, "AICART": 6.708564e-03, "ALAALAr": 8.111719e-04, "ALAR": 1.263816e-02, "ALATA_L": -2.444539e-02, "CA2abc": 1.455547e-04, "CITRt2r": 0, "CLt3r_2": 7.277735e-05, "CO2t": -6.656477e+00, "ALCD2y": 0, "DHPTDCs2": 6.366947e-05, "AMMQLT8": 0, "COabc": 7.080730e-06, "DHPPDA": 0, "COt": 0, "ALCD4y": 0, "ALLTN": 0, "CYSSADS": 0, "CYRDAAT": 6.366947e-06, "ALLTNt2r": 0, "METt2r": -2.523809e-02, "AMAA": 0, "ASP4DC": 0, "DGK1": 0, "ANPRT": 1.216772e-03, "CTPS2": 0, "APRAUR": 0, "ASPO2": 0, "CYRDAS": 6.366947e-06, "ASPCT": 3.610402e-03, "ASPK": 3.669117e-02, "ACAFDOR": 0, "ANS": 0, "ASPO2y": 6.506849e-05, "CYSDS": 0, "ASPR": 0, "ATPPRT": 2.027944e-03, "ASPT": 0, "BACCL": 0, "BTDD_RR": 0, "ANS2": 1.216772e-03, "ARABR": 0, "ARAI": 0, "CYSTL": 0, "ARBabc": 0, "ARBt2r": 0, "BTNt2i": 5.710267e-08, "CYSTS": 0, "CBIAT": 0, "CYSS": 1.973982e-03, "CBLAT": 0, "ARGDr": 0, "ARGN": 0, "CYTD": 0, "ARGDC": 0, "CDPMEK": 1.727356e-05, "CBMKr": 9.942145e-03, "ARGSL": 6.331743e-03, "ARGSS": 6.331743e-03, "CBPS": 0, "ASAD": -3.669117e-02, "CHORS": 8.140727e-03, "DCYTD": 0, "CHORM": 6.917588e-03, "CITL": 0, "ARGt2r": 0, "ASNS1": 5.160025e-03, "CODH4": 0, "CYTDK2": 0, "CODH_ACS": 0, "CPC2MT": 6.366947e-06, "CLPNS120": 0, "CLPNS140": 7.620351e-05, "ECOAH1": 0, "CYTK1": 1.617867e-01, "CLPNS160": 2.300381e-04, "CPC3MT": 6.366947e-06, "CYTK2": 0, "D_LACt2": 0, "CPC4MT": 6.366947e-06, "ETOHt": -4.061507e+00, "DAGK120": 0, "FOLt": 2.546779e-05, "CPC6MT": 6.366947e-06, "CPC5MT": 6.366947e-06, "DAPDC": 7.345744e-03, "CPC8MM": 6.366947e-06, "CPC6R": 6.366947e-06, "G3PCT": 1.101582e-02, "DAPE": 8.156916e-03, "CPPPGOAN2": 0, "CS": 2.319222e-02, "DSERt2": 0, "CSND": 0, "G5SADs": 4.731898e-03, "DALAt2r": 0, "FOLR2": 2.546779e-05, "CTPS1": 1.530009e-03, "LDAPAT": -8.156916e-03, "CSNt2": 0, "DASYN120": 0, "FRTT": 0, "DASYN140": 1.570123e-03, "DURAD": 0, "DURIPP": 0, "DUTPDP": 0, "GLCt2": 0, "GLNabc": 0, "GLUabc": 0, "DXPRIi": 1.727356e-05, "DASYN160": 4.738950e-03, "DXPS": 1.727356e-05, "EAR100x": 1.261815e-02, "DASYN161": 1.441537e-01, "ENO": 5.017093e+00, "GPDDA1": 0, "GPDDA2": 0, "DASYN180": 0, "GPDDA4": 0, "FACOAL140": 0, "FACOAL160": 0, "DASYN181": 2.771763e-04, "DB4PS": 0, "FACOAL180": 0, "H2Ot": -3.077985e+00, "DCMPDA": 0, "FBA": 4.987434e+00, "DDPA": 8.140727e-03, "FBA3": 0, "FBP": 1.256560e-02, "H2td": 3.701843e+00, "HACD1": 0, "DDPGA": 0, "HCO3E": 2.197151e+00, "FDH7": 1.139555e-02, "FORt2": 0, "DHAD2": 6.219080e-03, "G1PTT": 0, "HISt2r": 0, "GTPCII": 0, "GK1": 1000, "FE2abc": 3.946365e-04, "FGLU": 0, "FMNAT": 6.366947e-06, "FRD2": 1.548453e-02, "DHAD1": 1.871594e-02, "FRNDPR2r": 4.616651e+00, "GK2": -9.999978e+02, "DHAK": 0, "HPPK": 0, "FRUK": 5, "FUM": 0, "GRTT": 1.570323e-06, "FRUpts": 5, "DHFR": 8.582245e-04, "FTHFLi": 1.140192e-02, "DHDPRy": 8.156916e-03, "G1PACT": 2.062977e-03, "G3PAT140": 1.570123e-03, "GLCURt2r": 0, "GF6PTA": 2.062977e-03, "GHMT2r": 2.945704e-02, "DHDPS": 8.156916e-03, "GLCNt2r": 0, "G1SAT": 5.093558e-05, "G3PAT181": 2.771763e-04, "GLNS": 2.653912e-02, "DHFS": 0, "GLCRD": 0, "G3PAT120": 0, "G3PAT160": 4.738950e-03, "G3PAT161": 1.441537e-01, "GLU5K": 4.731898e-03, "GLUDy": -4.946328e+00, "GLUPRT": 4.686987e-03, "GLUR": -8.111719e-04, "G3PAT180": 0, "G3PD2": -1.654325e-01, "G5SD": 4.731898e-03, "GLUTRR": 5.093558e-05, "GALCTD": 0, "DHNAOT4": 0, "GALCTNt2r": 0, "GLUSy": 0, "GLUTRS": 5.093558e-05, "GLUt2r": 0, "GAPD": 9.801243e+00, "DHNPA_1": 0, "GALUi": 0, "GALURt2r": 0, "GLUt4": 0, "GLYCDx": 0, "GALabc": 0, "DHORTS": -3.610402e-03, "GCCb": 0, "GARFT": 4.686987e-03, "GLYBt2r": 0, "GMPS2": 2.236397e-03, "GLYCK": 0, "GLYCt": 6.565379e-04, "GND": 0, "GCCa": 0, "METR": 0, "DHORD5": 3.610402e-03, "GNK": 0, "DHPS": 0, "GTPCI": 0, "GTPDPK": 0, "GUAD": 0, "HCITS": 0, "MGSA": 0, "DHPS2": 0, "KAS15": 0, "IPDPS": 1.570323e-05, "HAMR": 0, "IMPC": -6.708564e-03, "DHQTi": 8.140727e-03, "HXPRT": 0, "GUAPRT": 0, "LYSDC": 0, "DHQS": 8.140727e-03, "ICDHx": 2.319222e-02, "HYDFDN2r": -1.856859e+00, "HEX1": 0, "HETZK": 0, "HISTD": 2.027944e-03, "HYDFDi": 0, "DMATT": 1.570323e-06, "IGPDH": 2.027944e-03, "IG3PS": 2.027944e-03, "HISDr": 0, "HISTP": 2.027944e-03, "IGPS": 1.216772e-03, "DMPPS": 1.570323e-06, "ILETRS": 0, "HMBS": 6.366947e-06, "HMPK1": 0, "HSK": 0, "DPCOAK": 1.361899e-05, "HSDy": -2.853426e-02, "HSST": 0, "HSTPT": 2.027944e-03, "ILEt2r": 0, "ILETA": -6.219080e-03, "LEUTA": -9.644098e-03, "HXAND": 0, "DPR": 1.361899e-05, "METS": 2.859793e-02,