{"EX_h2_e": 0, "EX_h2o_e": 4.489131e+00, "EX_his__L_e": 0, "EX_ile__L_e": 0, "EX_lac__D_e": 0, "EX_murein4p3p_e": 0, "EX_murein4p4p_e": 0, "EX_murein4px4p_e": 0, "EX_k_e": -4.354367e-03, "EX_murein4px4px4p_e": 0, "EX_alaala_e": 0, "EX_murein5p3p_e": 0, "EX_murein5p4p_e": 0, "EX_murein5p5p_e": 0, "EX_murein5p5p5p_e": 0, "EX_lac__L_e": 0, "EX_leu__L_e": 0, "EX_lys__L_e": 5.875543e-01, "EX_alltn_e": 0, "EX_malt_e": 0, "EX_murein5px3p_e": 0, "EX_murein5px4p_e": 0, "EX_malthx_e": 0, "EX_murein5px4px4p_e": 0, "EX_arab__L_e": 0, "EX_malttr_e": 0, "EX_man_e": 0, "EX_araban__L_e": 0, "EX_met__L_e": 2.013330e-02, "EX_mg2_e": -1.935082e-04, "EX_mn2_e": -1.541962e-05, "EX_na1_e": 0, "EX_nh4_e": -1.368719e+00, "EX_ni2_e": -7.197339e-06, "EX_no2_e": 0, "EX_no3_e": 0, "EX_pi_e": -1.964426e-01, "EX_pro__L_e": 0, "EX_mobd_e": -1.594347e-07, "EX_xan_e": 0, "EX_xyl__D_e": 0, "EX_ptrc_e": 0, "EX_arg__L_e": 0, "EX_pydxn_e": 0, "EX_pyr_e": 1.002768e+00, "EX_zn2_e": -7.584538e-06, "BIOMASS_Cl_DSM_WT_46p666M1": 2.277639e-02, "EX_rib__D_e": 0, "DM_mththf_c": 5.079135e-05, "5HBZIDMT": 5.079135e-06, "5HBZIDS2": 5.079135e-06, "DM_succ_c": 2.880143e-03, "ABUTD": 0, "ACACT1r": 0, "EX_ac_e": 2.433748e-02, "EX_ala__D_e": 6.471000e-04, "EX_asn__L_e": 0, "EX_asp__L_e": 0, "EX_ribflv_e": -1.015827e-05, "EX_rmn_e": 0, "EX_ser__D_e": 0, "EX_btd_RR_e": 0, "EX_ser__L_e": 0, "EX_btn_e": -4.555278e-08, "EX_so4_e": -2.443424e-02, "EX_btoh_e": 0, "EX_spmd_e": 0, "EX_taur_e": 0, "3OAS161": 1.151378e-02, "3OAS180": 0, "EX_thm_e": -5.079135e-06, "EX_but_e": 0, "EX_trp__L_e": 0, "EX_uaagmda_e": 0, "3OAS181": 4.422264e-04, "3OAS60": 1.916325e-01, "3OAS80": 1.916325e-01, "3OAS100": 1.916325e-01, "3OAS120": 1.801187e-01, "3OAS121": 1.151378e-02, "EX_udcpdp_e": 0, "EX_udcpp_e": 0, "3OAS140": 1.801187e-01, "EX_ura_e": 0, "EX_ca2_e": -1.161140e-04, "EX_val__L_e": 0, "3OAR100": 1.916325e-01, "3OAR120": 1.801187e-01, "3OAR121": 1.151378e-02, "EX_citr__L_e": 0, "3OAR140": 1.801187e-01, "3OAR141": 1.151378e-02, "3OAR160": 1.776137e-01, "EX_cl_e": -1.161140e-04, "3OAR161": 1.151378e-02, "3OAR180": 0, "EX_co_e": 0, "3OAR181": 4.422264e-04, "3OAS141": 1.151378e-02, "EX_co2_e": 7.416741e+00, "3OAS160": 1.776137e-01, "ACBIPGT": 5.079135e-06, "4HTHRS": 0, "EX_cobalt2_e": -5.648545e-06, "EX_csn_e": 0, "ACt2r": -2.433748e-02, "ABFA": 0, "ABTA": 0, "ACGK": 5.051052e-03, "EX_cu2_e": -1.580681e-05, "ACGS": 0, "ACALD": -5.846873e+00, "ACHBS": 4.961176e-03, "APSR": 2.433748e-02, "EX_cys__L_e": 0, "ACCOAC": 1.339366e+00, "ACLS": 1.493036e-02, "ADOCBIK": 0, "EX_etoh_e": 5.837579e+00, "ACPS1": 0, "ACKr": 0, "EX_fe2_e": -3.148153e-04, "ADA": 0, "ADCL": 0, "EX_fol_e": -2.031654e-05, "ACLDC": 0, "ADCPS2": 5.079135e-06, "EX_for_e": 0, "ADCPS1": 0, "ACOTA": -5.051052e-03, "EX_fru_e": -5, "ACOAD1z": 0, "ACONTa": 1000, "ACONTb": 1000, "EX_gal_e": 0, "ACOATA": 1.916325e-01, "ADCYRS": 5.079135e-06, "ADCS": 0, "EX_galctn__D_e": 0, "ADD": 0, "ADK1": 5.710865e-02, "ACONT": -9.999815e+02, "EX_galur_e": 0, "EX_glc__D_e": 0, "EX_glcn_e": 0, "ASNt2r": 0, "EX_glcur_e": 0, "ASP1DC": 1.086434e-05, "EX_gln__L_e": 0, "ASPt2r": 0, "EX_glu__L_e": 0, "ATPM": 4.500000e-01, "ADK2": 5.079135e-06, "EX_gly_e": 0, "ADMDC": 0, "ADOCBLS": 5.079135e-06, "BTDt_RR": 0, "BTOHt": 0, "EX_glyb_e": 0, "ADPRDP": 0, "EX_glyc_e": 5.237431e-04, "ADPT": 5.079135e-05, "BUTKr": 0, "ADSL1r": 3.567603e-03, "EX_h_e": 1.636109e+00, "ADSL2r": 3.733893e-03, "BUTt": 0, "ADSS": 3.567603e-03, "CYRDAR": 2.539567e-06, "AHCYSNS": 5.079135e-05, "AGPAT120": 0, "AGPR": -5.051052e-03, "CYSabc": 0, "AHSERL2": 2.276277e-02, "AIRCr": 3.733893e-03, "Cuabc": 1.580681e-05, "AICART": 5.351654e-03, "ALAALAr": 6.471000e-04, "ALAR": 1.008190e-02, "ALATA_L": -1.950094e-02, "CA2abc": 1.161140e-04, "CITRt2r": 0, "CLt3r_2": 5.805702e-05, "CO2t": -7.416741e+00, "ALCD2y": -5.837579e+00, "DHPTDCs2": 5.079135e-05, "AMMQLT8": 0, "COabc": 5.648545e-06, "DHPPDA": 0, "COt": 0, "ALCD4y": 0, "ALLTN": 0, "CYSSADS": 0, "CYRDAAT": 5.079135e-06, "ALLTNt2r": 0, "METt2r": -2.013330e-02, "AMAA": 0, "ASP4DC": 0, "DGK1": 0, "ANPRT": 9.706614e-04, "CTPS2": 0, "APRAUR": 0, "ASPO2": 5.190739e-05, "CYRDAS": 5.079135e-06, "ASPCT": 2.880143e-03, "ASPK": 6.168241e-01, "ACAFDOR": 0, "ANS": 0, "ASPO2y": 0, "CYSDS": 0, "ASPR": 0, "ATPPRT": 1.617761e-03, "ASPT": 0, "BACCL": 0, "BTDD_RR": 0, "ANS2": 9.706614e-04, "ARABR": 0, "ARAI": 0, "CYSTL": 0, "ARBabc": 0, "ARBt2r": 0, "BTNt2i": 4.555278e-08, "CYSTS": 0, "CBIAT": 0, "CYSS": 1.574714e-03, "CBLAT": 0, "ARGDr": 0, "ARGN": 0, "CYTD": 0, "ARGDC": 0, "CDPMEK": 1.377972e-05, "CBMKr": 7.931194e-03, "ARGSL": 5.051052e-03, "ARGSS": 5.051052e-03, "CBPS": 0, "ASAD": -6.168241e-01, "CHORS": 6.494141e-03, "DCYTD": 0, "CHORM": 5.518400e-03, "CITL": 0, "ARGt2r": 0, "ASNS1": 4.116331e-03, "CODH4": 0, "CYTDK2": 0, "CODH_ACS": 0, "CPC2MT": 5.079135e-06, "CLPNS120": 0, "CLPNS140": 6.079018e-05, "ECOAH1": 0, "CYTK1": 1.046286e-01, "CLPNS160": 1.835094e-04, "CPC3MT": 5.079135e-06, "CYTK2": 0, "D_LACt2": 0, "CPC4MT": 5.079135e-06, "ETOHt": -5.837579e+00, "DAGK120": 0, "FOLt": 2.031654e-05, "CPC6MT": 5.079135e-06, "CPC5MT": 5.079135e-06, "DAPDC": 5.934143e-01, "CPC8MM": 5.079135e-06, "CPC6R": 5.079135e-06, "G3PCT": 8.787701e-03, "DAPE": 5.940614e-01, "CPPPGOAN2": 0, "CS": 1.850124e-02, "DSERt2": 0, "CSND": 0, "G5SADs": 3.774799e-03, "DALAt2r": 0, "FOLR2": 2.031654e-05, "CTPS1": 1.220541e-03, "LDAPAT": -5.940614e-01, "CSNt2": 0, "DASYN120": 0, "FRTT": 0, "DASYN140": 1.252542e-03, "DURAD": 0, "DURIPP": 0, "DUTPDP": 0, "GLCt2": 0, "GLNabc": 0, "GLUabc": 0, "DXPRIi": 1.377972e-05, "DASYN160": 8.880683e-02, "DXPS": 1.377972e-05, "EAR100x": 1.801187e-01, "DASYN161": 5.535779e-03, "ENO": 5.013635e+00, "GPDDA1": 0, "GPDDA2": 0, "DASYN180": 0, "GPDDA4": 0, "FACOAL140": 0, "FACOAL160": 0, "DASYN181": 2.211132e-04, "DB4PS": 0, "FACOAL180": 0, "H2Ot": -4.490239e+00, "DCMPDA": 0, "FBA": 4.989976e+00, "DDPA": 6.494141e-03, "FBA3": 0, "FBP": 1.002402e-02, "H2td": 0, "HACD1": 0, "DDPGA": 0, "HCO3E": 1.988747e+00, "FDH7": 9.090627e-03, "FORt2": 0, "DHAD2": 4.961176e-03, "G1PTT": 0, "HISt2r": 0, "GTPCII": 0, "GK1": 1000, "FE2abc": 3.148153e-04, "FGLU": 0, "FMNAT": 5.079135e-06, "FRD2": 2.880143e-03, "DHAD1": 1.493036e-02, "FRNDPR2r": 7.370770e+00, "GK2": -9.999982e+02, "DHAK": 0, "HPPK": 0, "FRUK": 5, "FUM": 9.472404e-03, "GRTT": 1.252701e-06, "FRUpts": 5, "DHFR": 6.846355e-04, "FTHFLi": 9.095706e-03, "DHDPRy": 5.940614e-01, "G1PACT": 1.645708e-03, "G3PAT140": 1.252542e-03, "GLCURt2r": 0, "GF6PTA": 1.645708e-03, "GHMT2r": 2.349890e-02, "DHDPS": 5.940614e-01, "GLCNt2r": 0, "G1SAT": 4.063308e-05, "G3PAT181": 2.211132e-04, "GLNS": 2.117118e-02, "DHFS": 0, "GLCRD": 0, "G3PAT120": 0, "G3PAT160": 8.880683e-02, "G3PAT161": 5.535779e-03, "GLU5K": 3.774799e-03, "GLUDy": -6.071701e+00, "GLUPRT": 3.738972e-03, "GLUR": -6.471000e-04, "G3PAT180": 0, "G3PD2": -1.925634e-01, "G5SD": 3.774799e-03, "GLUTRR": 4.063308e-05, "GALCTD": 0, "DHNAOT4": 0, "GALCTNt2r": 0, "GLUSy": 0, "GLUTRS": 4.063308e-05, "GLUt2r": 0, "GAPD": 9.780852e+00, "DHNPA_1": 0, "GALUi": 0, "GALURt2r": 0, "GLUt4": 0, "GLYCDx": 0, "GALabc": 0, "DHORTS": -2.880143e-03, "GCCb": 0, "GARFT": 3.738972e-03, "GLYBt2r": 0, "GMPS2": 1.784052e-03, "GLYCK": 0, "GLYCt": 5.237431e-04, "GND": 0, "GCCa": 0, "METR": 0, "DHORD5": 2.880143e-03, "GNK": 0, "DHPS": 0, "GTPCI": 0, "GTPDPK": 0, "GUAD": 0, "HCITS": 0, "MGSA": 0, "DHPS2": 0, "KAS15": 0, "IPDPS": 1.252701e-05, "HAMR": 0, "IMPC": -5.351654e-03, "DHQTi": 6.494141e-03, "HXPRT": 0, "GUAPRT": 0, "LYSDC": 0, "DHQS": 6.494141e-03, "ICDHx": 1.850124e-02, "HYDFDN2r": 0, "HEX1": 0, "HETZK": 0, "HISTD": 1.617761e-03, "HYDFDi": 0, "DMATT": 1.252701e-06, "IGPDH": 1.617761e-03, "IG3PS": 1.617761e-03, "HISDr": 0, "HISTP": 1.617761e-03, "IGPS": 9.706614e-04, "DMPPS": 1.252701e-06, "ILETRS": 0, "HMBS": 5.079135e-06, "HMPK1": 0, "HSK": 0, "DPCOAK": 1.086434e-05, "HSDy": -2.276277e-02, "HSST": 0, "HSTPT": 1.617761e-03, "ILEt2r": 0, "ILETA": -4.961176e-03, "LEUTA": -7.693432e-03, "HXAND": 0, "DPR": 1.086434e-05, "METS": 2.281356e-02,