{"EX_h2_e": 0, "EX_h2o_e": 2.577498e+00, "EX_his__L_e": 0, "EX_ile__L_e": 0, "EX_lac__D_e": 0, "EX_murein4p3p_e": 0, "EX_murein4p4p_e": 0, "EX_murein4px4p_e": 0, "EX_k_e": -1.024296e-02, "EX_murein4px4px4p_e": 0, "EX_alaala_e": 0, "EX_murein5p3p_e": 0, "EX_murein5p4p_e": 0, "EX_murein5p5p_e": 0, "EX_murein5p5p5p_e": 0, "EX_lac__L_e": 0, "EX_leu__L_e": 0, "EX_lys__L_e": 0, "EX_alltn_e": 0, "EX_malt_e": 0, "EX_murein5px3p_e": 0, "EX_murein5px4p_e": 0, "EX_malthx_e": 0, "EX_murein5px4px4p_e": 0, "EX_arab__L_e": 0, "EX_malttr_e": 0, "EX_man_e": 0, "EX_araban__L_e": 0, "EX_met__L_e": 1.429382e-02, "EX_mg2_e": -4.551974e-04, "EX_mn2_e": -3.627220e-05, "EX_na1_e": 0, "EX_nh4_e": -7.102637e-01, "EX_ni2_e": -1.693060e-05, "EX_no2_e": 0, "EX_no3_e": 0, "EX_pi_e": -6.207782e-02, "EX_pro__L_e": 0, "EX_mobd_e": -3.750450e-07, "EX_xan_e": 0, "EX_xyl__D_e": 0, "EX_ptrc_e": 0, "EX_arg__L_e": 0, "EX_pydxn_e": 0, "EX_pyr_e": 0, "EX_zn2_e": -1.784142e-05, "BIOMASS_Cl_DSM_WT_46p666M1": 5.357785e-02, "EX_rib__D_e": 0, "DM_mththf_c": 1.194786e-04, "5HBZIDMT": 1.194786e-05, "5HBZIDS2": 1.194786e-05, "DM_succ_c": 6.775080e-03, "ABUTD": 0, "ACACT1r": 0, "EX_ac_e": 0, "EX_ala__D_e": 1.522200e-03, "EX_asn__L_e": 0, "EX_asp__L_e": 0, "EX_ribflv_e": -2.389572e-05, "EX_rmn_e": 0, "EX_ser__D_e": 0, "EX_btd_RR_e": 7.452187e-01, "EX_ser__L_e": 0, "EX_btn_e": -1.071557e-07, "EX_so4_e": -2.441109e-02, "EX_btoh_e": 0, "EX_spmd_e": 0, "EX_taur_e": 0, "3OAS161": 2.708435e-02, "3OAS180": 0, "EX_thm_e": -1.194786e-05, "EX_but_e": 0, "EX_trp__L_e": 0, "EX_uaagmda_e": 0, "3OAS181": 1.040268e-03, "3OAS60": 5.076287e-02, "3OAS80": 5.076287e-02, "3OAS100": 5.076287e-02, "3OAS120": 2.367852e-02, "3OAS121": 2.708435e-02, "EX_udcpdp_e": 0, "EX_udcpp_e": 0, "3OAS140": 2.367852e-02, "EX_ura_e": 0, "EX_ca2_e": -2.731399e-04, "EX_val__L_e": 0, "3OAR100": 5.076287e-02, "3OAR120": 2.367852e-02, "3OAR121": 2.708435e-02, "EX_citr__L_e": 0, "3OAR140": 2.367852e-02, "3OAR141": 2.708435e-02, "3OAR160": 1.778570e-02, "EX_cl_e": -2.731399e-04, "3OAR161": 2.708435e-02, "3OAR180": 0, "EX_co_e": 0, "3OAR181": 1.040268e-03, "3OAS141": 2.708435e-02, "EX_co2_e": 8.946498e+00, "3OAS160": 1.778570e-02, "ACBIPGT": 1.194786e-05, "4HTHRS": 0, "EX_cobalt2_e": -1.328731e-05, "EX_csn_e": 0, "ACt2r": 0, "ABFA": 0, "ABTA": 0, "ACGK": 1.188180e-02, "EX_cu2_e": -3.718303e-05, "ACGS": 0, "ACALD": -6.977829e+00, "ACHBS": 2.995631e-01, "APSR": 2.418349e-02, "EX_cys__L_e": 0, "ACCOAC": 3.504892e-01, "ACLS": 7.803400e-01, "ADOCBIK": 0, "EX_etoh_e": 6.967638e+00, "ACPS1": 0, "ACKr": 3.200423e-01, "EX_fe2_e": -7.405531e-04, "ADA": 0, "ADCL": 0, "EX_fol_e": -4.779144e-05, "ACLDC": 7.452187e-01, "ADCPS2": 1.194786e-05, "EX_for_e": 0, "ADCPS1": 0, "ACOTA": -1.188180e-02, "EX_fru_e": -5, "ACOAD1z": 0, "ACONTa": -9.999565e+02, "ACONTb": -9.999565e+02, "EX_gal_e": 0, "ACOATA": 5.076287e-02, "ADCYRS": 1.194786e-05, "ADCS": 0, "EX_galctn__D_e": 0, "ADD": 0, "ADK1": 1.012725e-01, "ACONT": 1000, "EX_galur_e": 0, "EX_glc__D_e": 0, "EX_glcn_e": 0, "ASNt2r": 0, "EX_glcur_e": 0, "ASP1DC": 2.555663e-05, "EX_gln__L_e": 0, "ASPt2r": 0, "EX_glu__L_e": 0, "ATPM": 4.500000e-01, "ADK2": 1.194786e-05, "EX_gly_e": 0, "ADMDC": 0, "ADOCBLS": 1.194786e-05, "BTDt_RR": 7.452187e-01, "BTOHt": 0, "EX_glyb_e": 0, "ADPRDP": 0, "EX_glyc_e": 1.232023e-03, "ADPT": 1.194786e-04, "BUTKr": 0, "ADSL1r": 8.392220e-03, "EX_h_e": 5.714281e-01, "ADSL2r": 8.783392e-03, "BUTt": 0, "ADSS": 8.392220e-03, "CYRDAR": 5.973930e-06, "AHCYSNS": 1.194786e-04, "AGPAT120": 0, "AGPR": -1.188180e-02, "CYSabc": 0, "AHSERL2": 3.200423e-01, "AIRCr": 8.783392e-03, "Cuabc": 3.718303e-05, "AICART": 1.258892e-02, "ALAALAr": 1.522200e-03, "ALAR": 2.371607e-02, "ALATA_L": -4.587287e-02, "CA2abc": 2.731399e-04, "CITRt2r": 0, "CLt3r_2": 1.365699e-04, "CO2t": -8.946498e+00, "ALCD2y": -6.967638e+00, "DHPTDCs2": 1.194786e-04, "AMMQLT8": 0, "COabc": 1.328731e-05, "DHPPDA": 0, "COt": 0, "ALCD4y": 0, "ALLTN": 0, "CYSSADS": 0, "CYRDAAT": 1.194786e-05, "ALLTNt2r": 0, "METt2r": -1.429382e-02, "AMAA": 0, "ASP4DC": 0, "DGK1": 0, "ANPRT": 2.283327e-03, "CTPS2": 0, "APRAUR": 0, "ASPO2": 1.221039e-04, "CYRDAS": 1.194786e-05, "ASPCT": 6.775080e-03, "ASPK": 3.353491e-01, "ACAFDOR": 0, "ANS": 0, "ASPO2y": 0, "CYSDS": 2.958588e-01, "ASPR": 0, "ATPPRT": 3.805528e-03, "ASPT": 0, "BACCL": 0, "BTDD_RR": -7.452187e-01, "ANS2": 2.283327e-03, "ARABR": 0, "ARAI": 0, "CYSTL": 0, "ARBabc": 0, "ARBt2r": 0, "BTNt2i": 1.071557e-07, "CYSTS": 2.995631e-01, "CBIAT": 0, "CYSS": 0, "CBLAT": 0, "ARGDr": 0, "ARGN": 0, "CYTD": 0, "ARGDC": 0, "CDPMEK": 3.241460e-05, "CBMKr": 1.865688e-02, "ARGSL": 1.188180e-02, "ARGSS": 1.188180e-02, "CBPS": 0, "ASAD": -3.353491e-01, "CHORS": 1.527644e-02, "DCYTD": 0, "CHORM": 1.298116e-02, "CITL": 0, "ARGt2r": 0, "ASNS1": 9.683018e-03, "CODH4": 0, "CYTDK2": 0, "CODH_ACS": 0, "CPC2MT": 1.194786e-05, "CLPNS120": 0, "CLPNS140": 1.429993e-04, "ECOAH1": 0, "CYTK1": 4.611108e-02, "CLPNS160": 4.316767e-04, "CPC3MT": 1.194786e-05, "CYTK2": 0, "D_LACt2": 0, "CPC4MT": 1.194786e-05, "ETOHt": -6.967638e+00, "DAGK120": 0, "FOLt": 4.779144e-05, "CPC6MT": 1.194786e-05, "CPC5MT": 1.194786e-05, "DAPDC": 1.378462e-02, "CPC8MM": 1.194786e-05, "CPC6R": 1.194786e-05, "G3PCT": 2.067167e-02, "DAPE": 1.530682e-02, "CPPPGOAN2": 0, "CS": 4.352123e-02, "DSERt2": 0, "CSND": 0, "G5SADs": 8.879618e-03, "DALAt2r": 0, "FOLR2": 4.779144e-05, "CTPS1": 2.871130e-03, "LDAPAT": -1.530682e-02, "CSNt2": 0, "DASYN120": 0, "FRTT": 0, "DASYN140": 2.946407e-03, "DURAD": 0, "DURIPP": 0, "DUTPDP": 0, "GLCt2": 0, "GLNabc": 0, "GLUabc": 0, "DXPRIi": 3.241460e-05, "DASYN160": 8.892852e-03, "DXPS": 3.241460e-05, "EAR100x": 2.367852e-02, "DASYN161": 1.302204e-02, "ENO": 5.032075e+00, "GPDDA1": 0, "GPDDA2": 0, "DASYN180": 0, "GPDDA4": 0, "FACOAL140": 0, "FACOAL160": 0, "DASYN181": 5.201338e-04, "DB4PS": 0, "FACOAL180": 0, "H2Ot": -2.580106e+00, "DCMPDA": 0, "FBA": 4.976420e+00, "DDPA": 1.527644e-02, "FBA3": 0, "FBP": 2.357992e-02, "H2td": 0, "HACD1": 0, "DDPGA": 0, "HCO3E": 7.624234e-01, "FDH7": -1.194786e-05, "FORt2": 0, "DHAD2": 2.995631e-01, "G1PTT": 0, "HISt2r": 0, "GTPCII": 0, "GK1": 1000, "FE2abc": 7.405531e-04, "FGLU": 0, "FMNAT": 1.194786e-05, "FRD2": 6.775080e-03, "DHAD1": 3.512130e-02, "FRNDPR2r": 7.071616e+00, "GK2": -9.999958e+02, "DHAK": 0, "HPPK": 0, "FRUK": 5, "FUM": 2.228233e-02, "GRTT": 2.946782e-06, "FRUpts": 5, "DHFR": 1.610497e-03, "FTHFLi": 0, "DHDPRy": 1.530682e-02, "G1PACT": 3.871268e-03, "G3PAT140": 2.946407e-03, "GLCURt2r": 0, "GF6PTA": 3.871268e-03, "GHMT2r": 4.360707e-02, "DHDPS": 1.530682e-02, "GLCNt2r": 0, "G1SAT": 9.558289e-05, "G3PAT181": 5.201338e-04, "GLNS": 4.980184e-02, "DHFS": 0, "GLCRD": 0, "G3PAT120": 0, "G3PAT160": 8.892852e-03, "G3PAT161": 1.302204e-02, "GLU5K": 8.879618e-03, "GLUDy": -5.711160e+00, "GLUPRT": 8.795340e-03, "GLUR": -1.522200e-03, "G3PAT180": 0, "G3PD2": -5.295260e-02, "G5SD": 8.879618e-03, "GLUTRR": 9.558289e-05, "GALCTD": 0, "DHNAOT4": 0, "GALCTNt2r": 0, "GLUSy": 0, "GLUTRS": 9.558289e-05, "GLUt2r": 0, "GAPD": 9.884512e+00, "DHNPA_1": 0, "GALUi": 0, "GALURt2r": 0, "GLUt4": 0, "GLYCDx": 0, "GALabc": 0, "DHORTS": -6.775080e-03, "GCCb": 0, "GARFT": 8.795340e-03, "GLYBt2r": 0, "GMPS2": 4.196699e-03, "GLYCK": 0, "GLYCt": 1.232023e-03, "GND": 0, "GCCa": 0, "METR": 0, "DHORD5": 6.775080e-03, "GNK": 0, "DHPS": 0, "GTPCI": 0, "GTPDPK": 0, "GUAD": 0, "HCITS": 0, "MGSA": 0, "DHPS2": 0, "KAS15": 0, "IPDPS": 2.946782e-05, "HAMR": 0, "IMPC": -1.258892e-02, "DHQTi": 1.527644e-02, "HXPRT": 0, "GUAPRT": 0, "LYSDC": 0, "DHQS": 1.527644e-02, "ICDHx": 4.352123e-02, "HYDFDN2r": 0, "HEX1": 0, "HETZK": 0, "HISTD": 3.805528e-03, "HYDFDi": 0, "DMATT": 2.946782e-06, "IGPDH": 3.805528e-03, "IG3PS": 3.805528e-03, "HISDr": 0, "HISTP": 3.805528e-03, "IGPS": 2.283327e-03, "DMPPS": 2.946782e-06, "ILETRS": 0, "HMBS": 1.194786e-05, "HMPK1": 0, "HSK": 0, "DPCOAK": 2.555663e-05, "HSDy": -3.200423e-01, "HSST": 0, "HSTPT": 3.805528e-03, "ILEt2r": 0, "ILETA": -2.995631e-01, "LEUTA": -1.809758e-02, "HXAND": 0, "DPR": 2.555663e-05,