{"EX_h2_e": 0, "EX_h2o_e": 6.685913e+00, "EX_his__L_e": 0, "EX_ile__L_e": 0, "EX_lac__D_e": 0, "EX_murein4p3p_e": 0, "EX_murein4p4p_e": 0, "EX_murein4px4p_e": 0, "EX_k_e": -2.999603e-02, "EX_murein4px4px4p_e": 0, "EX_alaala_e": 0, "EX_murein5p3p_e": 0, "EX_murein5p4p_e": 0, "EX_murein5p5p_e": 0, "EX_murein5p5p5p_e": 0, "EX_lac__L_e": 0, "EX_leu__L_e": 0, "EX_lys__L_e": 0, "EX_alltn_e": 0, "EX_malt_e": 0, "EX_murein5px3p_e": 0, "EX_murein5px4p_e": 0, "EX_malthx_e": 0, "EX_murein5px4px4p_e": 0, "EX_arab__L_e": 0, "EX_malttr_e": 0, "EX_man_e": 0, "EX_araban__L_e": 0, "EX_met__L_e": 4.315544e-01, "EX_mg2_e": -1.333024e-03, "EX_mn2_e": -1.062215e-04, "EX_na1_e": 0, "EX_nh4_e": -1.914993e+00, "EX_ni2_e": -4.958047e-05, "EX_no2_e": 0, "EX_no3_e": 0, "EX_pi_e": -4.746536e-01, "EX_pro__L_e": 0, "EX_mobd_e": -1.098302e-06, "EX_xan_e": 0, "EX_xyl__D_e": 0, "EX_ptrc_e": 0, "EX_arg__L_e": 0, "EX_pydxn_e": 0, "EX_pyr_e": 0, "EX_zn2_e": -5.224777e-05, "BIOMASS_Cl_DSM_WT_46p666M1": 1.569002e-01, "EX_rib__D_e": 0, "DM_mththf_c": 3.498875e-04, "5HBZIDMT": 3.498875e-05, "5HBZIDS2": 3.498875e-05, "DM_succ_c": 1.984050e-02, "ABUTD": 0, "ACACT1r": 0, "EX_ac_e": 8.901230e-01, "EX_ala__D_e": 0, "EX_asn__L_e": 0, "EX_asp__L_e": 0, "EX_ribflv_e": -6.997750e-05, "EX_rmn_e": 0, "EX_ser__D_e": 0, "EX_btd_RR_e": 0, "EX_ser__L_e": 0, "EX_btn_e": -3.138004e-07, "EX_so4_e": -4.611823e-01, "EX_btoh_e": 0, "EX_spmd_e": 0, "EX_taur_e": 0, "3OAS161": 7.931526e-02, "3OAS180": 0, "EX_thm_e": -3.498875e-05, "EX_but_e": 0, "EX_trp__L_e": 0, "EX_uaagmda_e": 0, "3OAS181": 3.046375e-03, "3OAS60": 1.486567e-01, "3OAS80": 1.486567e-01, "3OAS100": 1.486567e-01, "3OAS120": 6.934143e-02, "3OAS121": 7.931526e-02, "EX_udcpdp_e": 0, "EX_udcpp_e": 0, "3OAS140": 6.934143e-02, "EX_ura_e": 0, "EX_ca2_e": -7.998773e-04, "EX_val__L_e": 0, "3OAR100": 1.486567e-01, "3OAR120": 6.934143e-02, "3OAR121": 7.931526e-02, "EX_citr__L_e": 0, "3OAR140": 6.934143e-02, "3OAR141": 7.931526e-02, "3OAR160": 5.208460e-02, "EX_cl_e": -7.998773e-04, "3OAR161": 7.931526e-02, "3OAR180": 0, "EX_co_e": 0, "3OAR181": 3.046375e-03, "3OAS141": 7.931526e-02, "EX_co2_e": 7.801222e+00, "3OAS160": 5.208460e-02, "ACBIPGT": 3.498875e-05, "4HTHRS": 0, "EX_cobalt2_e": -3.891126e-05, "EX_csn_e": 0, "ACt2r": -8.901230e-01, "ABFA": 0, "ABTA": 0, "ACGK": 3.479529e-02, "EX_cu2_e": -1.088888e-04, "ACGS": 0, "ACALD": -1.050982e+00, "ACHBS": 3.417616e-02, "APSR": 4.605158e-01, "EX_cys__L_e": 0, "ACCOAC": 1.026391e+00, "ACLS": 1.028511e-01, "ADOCBIK": 0, "EX_etoh_e": 5.279055e+00, "ACPS1": 0, "ACKr": -5.014561e+00, "EX_fe2_e": -2.168675e-03, "ADA": 0, "ADCL": 0, "EX_fol_e": -1.399550e-04, "ACLDC": 0, "ADCPS2": 3.498875e-05, "EX_for_e": 0, "ADCPS1": 0, "ACOTA": -3.479529e-02, "EX_fru_e": -5, "ACOAD1z": 0, "ACONTa": -9.998726e+02, "ACONTb": -9.998726e+02, "EX_gal_e": 0, "ACOATA": 0, "ADCYRS": 3.498875e-05, "ADCS": 0, "EX_galctn__D_e": 0, "ADD": 0, "ADK1": 6.862673e-01, "ACONT": 1000, "EX_galur_e": 0, "EX_glc__D_e": 0, "EX_glcn_e": 0, "ASNt2r": 0, "EX_glcur_e": 0, "ASP1DC": 7.484141e-05, "EX_gln__L_e": 0, "ASPt2r": 0, "EX_glu__L_e": 0, "ATPM": 4.500000e-01, "ADK2": 3.498875e-05, "EX_gly_e": 0, "ADMDC": 0, "ADOCBLS": 3.498875e-05, "BTDt_RR": 0, "BTOHt": 0, "EX_glyb_e": 0, "ADPRDP": 0, "EX_glyc_e": 0, "ADPT": 3.498875e-04, "BUTKr": 0, "ADSL1r": 2.457622e-02, "EX_h_e": 1.326290e+00, "ADSL2r": 2.572175e-02, "BUTt": 0, "ADSS": 2.457622e-02, "CYRDAR": 1.749437e-05, "AHCYSNS": 3.498875e-04, "AGPAT120": 0, "AGPR": -3.479529e-02, "CYSabc": 0, "AHSERL2": 4.496680e-01, "AIRCr": 2.572175e-02, "Cuabc": 1.088888e-04, "AICART": 3.686606e-02, "ALAALAr": 4.457692e-03, "ALAR": 6.499372e-02, "ALATA_L": -1.298789e-01, "CA2abc": 7.998773e-04, "CITRt2r": 0, "CLt3r_2": 3.999387e-04, "CO2t": -7.801222e+00, "ALCD2y": 0, "DHPTDCs2": 3.498875e-04, "AMMQLT8": 0, "COabc": 3.891126e-05, "DHPPDA": 0, "COt": 0, "ALCD4y": 0, "ALLTN": 0, "CYSSADS": 0, "CYRDAAT": 3.498875e-05, "ALLTNt2r": 0, "METt2r": -4.315544e-01, "AMAA": 0, "ASP4DC": 0, "DGK1": 0, "ANPRT": 6.686617e-03, "CTPS2": 0, "APRAUR": 0, "ASPO2": 0, "CYRDAS": 3.498875e-05, "ASPCT": 1.984050e-02, "ASPK": 4.944933e-01, "ACAFDOR": -4.584954e+00, "ANS": 0, "ASPO2y": 3.575756e-04, "CYSDS": 0, "ASPR": 0, "ATPPRT": 1.114431e-02, "ASPT": 0, "BACCL": 0, "BTDD_RR": 0, "ANS2": 6.686617e-03, "ARABR": 0, "ARAI": 0, "CYSTL": 0, "ARBabc": 0, "ARBt2r": 0, "BTNt2i": 3.138004e-07, "CYSTS": 0, "CBIAT": 0, "CYSS": 1.084777e-02, "CBLAT": 0, "ARGDr": 0, "ARGN": 0, "CYTD": 0, "ARGDC": 0, "CDPMEK": 9.492463e-05, "CBMKr": 5.463580e-02, "ARGSL": 3.479529e-02, "ARGSS": 3.479529e-02, "CBPS": 0, "ASAD": -4.944933e-01, "CHORS": 4.473633e-02, "DCYTD": 0, "CHORM": 3.801473e-02, "CITL": 0, "ARGt2r": 0, "ASNS1": 2.835626e-02, "CODH4": 0, "CYTDK2": 0, "CODH_ACS": 0, "CPC2MT": 3.498875e-05, "CLPNS120": 0, "CLPNS140": 4.187667e-04, "ECOAH1": 0, "CYTK1": 1.350341e-01, "CLPNS160": 1.264145e-03, "CPC3MT": 3.498875e-05, "CYTK2": 0, "D_LACt2": 0, "CPC4MT": 3.498875e-05, "ETOHt": -5.279055e+00, "DAGK120": 0, "FOLt": 1.399550e-04, "CPC6MT": 3.498875e-05, "CPC5MT": 3.498875e-05, "DAPDC": 4.036760e-02, "CPC8MM": 3.498875e-05, "CPC6R": 3.498875e-05, "G3PCT": 6.053603e-02, "DAPE": 4.482530e-02, "CPPPGOAN2": 0, "CS": 1.274499e-01, "DSERt2": 0, "CSND": 0, "G5SADs": 2.600354e-02, "DALAt2r": 4.457692e-03, "FOLR2": 1.399550e-04, "CTPS1": 8.407969e-03, "LDAPAT": -4.482530e-02, "CSNt2": 0, "DASYN120": 0, "FRTT": 0, "DASYN140": 8.628414e-03, "DURAD": 0, "DURIPP": 0, "DUTPDP": 0, "GLCt2": 0, "GLNabc": 0, "GLUabc": 0, "DXPRIi": 9.492463e-05, "DASYN160": 2.604230e-02, "DXPS": 9.492463e-05, "EAR100x": 6.934143e-02, "DASYN161": 3.813444e-02, "ENO": 9.113625e+00, "GPDDA1": 0, "GPDDA2": 0, "DASYN180": 0, "GPDDA4": 0, "FACOAL140": 0, "FACOAL160": 0, "DASYN181": 1.523187e-03, "DB4PS": 0, "FACOAL180": 0, "H2Ot": -6.693549e+00, "DCMPDA": 0, "FBA": 4.930947e+00, "DDPA": 4.473633e-02, "FBA3": 0, "FBP": 6.905268e-02, "H2td": 0, "HACD1": 0, "DDPGA": 0, "HCO3E": 1.745160e+00, "FDH7": 6.262280e-02, "FORt2": 0, "DHAD2": 3.417616e-02, "G1PTT": 0, "HISt2r": 0, "GTPCII": 0, "GK1": 1000, "FE2abc": 2.168675e-03, "FGLU": 0, "FMNAT": 3.498875e-05, "FRD2": 1.984050e-02, "DHAD1": 1.028511e-01, "FRNDPR2r": 2.313864e+00, "GK2": -9.999877e+02, "DHAK": 3.607921e-03, "HPPK": 0, "FRUK": 5, "FUM": 6.525276e-02, "GRTT": 8.629512e-06, "FRUpts": 5, "DHFR": 4.716264e-03, "FTHFLi": 6.265779e-02, "DHDPRy": 4.482530e-02, "G1PACT": 1.133683e-02, "G3PAT140": 8.628414e-03, "GLCURt2r": 0, "GF6PTA": 1.133683e-02, "GHMT2r": 4.547391e-01, "DHDPS": 4.482530e-02, "GLCNt2r": 0, "G1SAT": 2.799100e-04, "G3PAT181": 1.523187e-03, "GLNS": 1.458424e-01, "DHFS": 0, "GLCRD": 0, "G3PAT120": 0, "G3PAT160": 2.604230e-02, "G3PAT161": 3.813444e-02, "GLU5K": 2.600354e-02, "GLUDy": -1.731414e+00, "GLUPRT": 2.575674e-02, "GLUR": -4.457692e-03, "G3PAT180": 0, "G3PD2": -1.550692e-01, "G5SD": 2.600354e-02, "GLUTRR": 2.799100e-04, "GALCTD": 0, "DHNAOT4": 0, "GALCTNt2r": 0, "GLUSy": 0, "GLUTRS": 2.799100e-04, "GLUt2r": 0, "GAPD": 9.665406e+00, "DHNPA_1": 0, "GALUi": 0, "GALURt2r": 0, "GLUt4": 0, "GLYCDx": 3.607921e-03, "GALabc": 0, "DHORTS": -1.984050e-02, "GCCb": 0, "GARFT": 2.575674e-02, "GLYBt2r": 0, "GMPS2": 1.228984e-02, "GLYCK": 0, "GLYCt": 0, "GND": 0, "GCCa": 0, "METR": 0, "DHORD5": 1.984050e-02, "GNK": 0, "DHPS": 0, "GTPCI": 0, "GTPDPK": 0, "GUAD": 0, "HCITS": 0, "MGSA": 0, "DHPS2": 0, "KAS15": 1.486567e-01, "IPDPS": 8.629512e-05, "HAMR": 0, "IMPC": -3.686606e-02, "DHQTi": 4.473633e-02, "HXPRT": 0, "GUAPRT": 0, "LYSDC": 0, "DHQS": 4.473633e-02, "ICDHx": 1.274499e-01, "HYDFDN2r": 0, "HEX1": 0, "HETZK": 0, "HISTD": 1.114431e-02, "HYDFDi": 0, "DMATT": 8.629512e-06, "IGPDH": 1.114431e-02, "IG3PS": 1.114431e-02, "HISDr": 0, "HISTP": 1.114431e-02, "IGPS": 6.686617e-03, "DMPPS": 8.629512e-06, "ILETRS": 0, "HMBS": 3.498875e-05, "HMPK1": 0, "HSK": 0, "DPCOAK": 7.484141e-05, "HSDy": -4.496680e-01, "HSST": 0, "HSTPT": 1.114431e-02, "ILEt2r": 0, "ILETA": -3.417616e-02, "LEUTA": -5.299791e-02, "HXAND": 0, "DPR": 7.484141e-05, "METS": 4.500179e-01,