{"EX_h2_e": 0, "EX_h2o_e": 5.439366e+00, "EX_his__L_e": 0, "EX_ile__L_e": 0, "EX_lac__D_e": 0, "EX_murein4p3p_e": 0, "EX_murein4p4p_e": 0, "EX_murein4px4p_e": 0, "EX_k_e": -1.817339e-02, "EX_murein4px4px4p_e": 0, "EX_alaala_e": 0, "EX_murein5p3p_e": 0, "EX_murein5p4p_e": 0, "EX_murein5p5p_e": 0, "EX_murein5p5p5p_e": 0, "EX_lac__L_e": 0, "EX_leu__L_e": 0, "EX_lys__L_e": 0, "EX_alltn_e": 0, "EX_malt_e": 0, "EX_murein5px3p_e": 0, "EX_murein5px4p_e": 0, "EX_malthx_e": 0, "EX_murein5px4px4p_e": 0, "EX_arab__L_e": 0, "EX_malttr_e": 0, "EX_man_e": 0, "EX_araban__L_e": 0, "EX_met__L_e": 3.664762e-01, "EX_mg2_e": -8.076259e-04, "EX_mn2_e": -6.435531e-05, "EX_na1_e": 0, "EX_nh4_e": -1.271520e+00, "EX_ni2_e": -3.003882e-05, "EX_no2_e": 0, "EX_no3_e": 0, "EX_pi_e": -1.101405e-01, "EX_pro__L_e": 0, "EX_mobd_e": -6.654168e-07, "EX_xan_e": 0, "EX_xyl__D_e": 0, "EX_ptrc_e": 0, "EX_arg__L_e": 0, "EX_pydxn_e": 0, "EX_pyr_e": 0, "EX_zn2_e": -3.165483e-05, "BIOMASS_Cl_DSM_WT_46p666M1": 9.505954e-02, "EX_rib__D_e": 0, "DM_mththf_c": 2.119828e-04, "5HBZIDMT": 2.119828e-05, "5HBZIDS2": 2.119828e-05, "DM_succ_c": 1.202056e-02, "ABUTD": 0, "ACACT1r": 0, "EX_ac_e": 3.981565e-01, "EX_ala__D_e": 2.700737e-03, "EX_asn__L_e": 0, "EX_asp__L_e": 0, "EX_ribflv_e": -4.239656e-05, "EX_rmn_e": 0, "EX_ser__D_e": 0, "EX_btd_RR_e": 2.050326e+00, "EX_ser__L_e": 0, "EX_btn_e": -1.901191e-07, "EX_so4_e": -3.985603e-01, "EX_btoh_e": 0, "EX_spmd_e": 0, "EX_taur_e": 0, "3OAS161": 4.805393e-02, "3OAS180": 0, "EX_thm_e": -2.119828e-05, "EX_but_e": 0, "EX_trp__L_e": 0, "EX_uaagmda_e": 0, "3OAS181": 1.845676e-03, "3OAS60": 9.006511e-02, "3OAS80": 9.006511e-02, "3OAS100": 9.006511e-02, "3OAS120": 4.201118e-02, "3OAS121": 4.805393e-02, "EX_udcpdp_e": 0, "EX_udcpp_e": 0, "3OAS140": 4.201118e-02, "EX_ura_e": 0, "EX_ca2_e": -4.846136e-04, "EX_val__L_e": 0, "3OAR100": 9.006511e-02, "3OAR120": 4.201118e-02, "3OAR121": 4.805393e-02, "EX_citr__L_e": 5.562884e-02, "3OAR140": 4.201118e-02, "3OAR141": 4.805393e-02, "3OAR160": 3.155597e-02, "EX_cl_e": -4.846136e-04, "3OAR161": 4.805393e-02, "3OAR180": 0, "EX_co_e": 0, "3OAR181": 1.845676e-03, "3OAS141": 4.805393e-02, "EX_co2_e": 8.003681e+00, "3OAS160": 3.155597e-02, "ACBIPGT": 2.119828e-05, "4HTHRS": 0, "EX_cobalt2_e": -2.357477e-05, "EX_csn_e": 0, "ACt2r": -3.981565e-01, "ABFA": 0, "ABTA": 0, "ACGK": 7.670991e-02, "EX_cu2_e": -6.597132e-05, "ACGS": 0, "ACALD": -3.338611e+00, "ACHBS": 2.070596e-02, "APSR": 3.981565e-01, "EX_cys__L_e": 0, "ACCOAC": 6.218492e-01, "ACLS": 2.112639e+00, "ADOCBIK": 0, "EX_etoh_e": 3.320530e+00, "ACPS1": 0, "ACKr": 0, "EX_fe2_e": -1.313913e-03, "ADA": 0, "ADCL": 0, "EX_fol_e": -8.479311e-05, "ACLDC": 2.050326e+00, "ADCPS2": 2.119828e-05, "EX_for_e": 0, "ADCPS1": 0, "ACOTA": -7.670991e-02, "EX_fru_e": -5, "ACOAD1z": 0, "ACONTa": -9.998672e+02, "ACONTb": -9.998672e+02, "EX_gal_e": 0, "ACOATA": 0, "ADCYRS": 2.119828e-05, "ADCS": 0, "EX_galctn__D_e": 0, "ADD": 0, "ADK1": 5.349303e-01, "ACONT": 1000, "EX_galur_e": 0, "EX_glc__D_e": 0, "EX_glcn_e": 0, "ASNt2r": 0, "EX_glcur_e": 0, "ASP1DC": 4.534340e-05, "EX_gln__L_e": 0, "ASPt2r": 0, "EX_glu__L_e": 0, "ATPM": 4.500000e-01, "ADK2": 2.119828e-05, "EX_gly_e": 0, "ADMDC": 0, "ADOCBLS": 2.119828e-05, "BTDt_RR": 2.050326e+00, "BTOHt": 0, "EX_glyb_e": 0, "ADPRDP": 0, "EX_glyc_e": 2.185894e-03, "ADPT": 2.119828e-04, "BUTKr": 0, "ADSL1r": 1.488975e-02, "EX_h_e": 7.128512e-01, "ADSL2r": 1.558378e-02, "BUTt": 0, "ADSS": 1.488975e-02, "CYRDAR": 1.059914e-05, "AHCYSNS": 2.119828e-04, "AGPAT120": 0, "AGPR": -7.670991e-02, "CYSabc": 0, "AHSERL2": 3.981565e-01, "AIRCr": 1.558378e-02, "Cuabc": 6.597132e-05, "AICART": 2.233567e-02, "ALAALAr": 2.700737e-03, "ALAR": 4.207782e-02, "ALATA_L": -8.138913e-02, "CA2abc": 4.846136e-04, "CITRt2r": -5.562884e-02, "CLt3r_2": 2.423068e-04, "CO2t": -8.003681e+00, "ALCD2y": -3.320530e+00, "DHPTDCs2": 2.119828e-04, "AMMQLT8": 0, "COabc": 2.357477e-05, "DHPPDA": 0, "COt": 0, "ALCD4y": 0, "ALLTN": 0, "CYSSADS": 0, "CYRDAAT": 2.119828e-05, "ALLTNt2r": 0, "METt2r": -3.664762e-01, "AMAA": 0, "ASP4DC": 0, "DGK1": 0, "ANPRT": 4.051153e-03, "CTPS2": 0, "APRAUR": 0, "ASPO2": 2.166407e-04, "CYRDAS": 2.119828e-05, "ASPCT": 1.202056e-02, "ASPK": 4.253144e-01, "ACAFDOR": 0, "ANS": 0, "ASPO2y": 0, "CYSDS": 0, "ASPR": 0, "ATPPRT": 6.751889e-03, "ASPT": 0, "BACCL": 0, "BTDD_RR": -2.050326e+00, "ANS2": 4.051153e-03, "ARABR": 0, "ARAI": 0, "CYSTL": 0, "ARBabc": 0, "ARBt2r": 0, "BTNt2i": 1.901191e-07, "CYSTS": 2.070596e-02, "CBIAT": 0, "CYSS": 0, "CBLAT": 0, "ARGDr": 0, "ARGN": 0, "CYTD": 0, "ARGDC": 0, "CDPMEK": 5.751102e-05, "CBMKr": 8.873048e-02, "ARGSL": 2.108107e-02, "ARGSS": 2.108107e-02, "CBPS": 0, "ASAD": -4.253144e-01, "CHORS": 2.710395e-02, "DCYTD": 0, "CHORM": 2.303160e-02, "CITL": 0, "ARGt2r": 0, "ASNS1": 1.717992e-02, "CODH4": 0, "CYTDK2": 0, "CODH_ACS": 0, "CPC2MT": 2.119828e-05, "CLPNS120": 0, "CLPNS140": 2.537139e-04, "ECOAH1": 0, "CYTK1": 8.181176e-02, "CLPNS160": 7.658947e-04, "CPC3MT": 2.119828e-05, "CYTK2": 0, "D_LACt2": 0, "CPC4MT": 2.119828e-05, "ETOHt": -3.320530e+00, "DAGK120": 0, "FOLt": 8.479311e-05, "CPC6MT": 2.119828e-05, "CPC5MT": 2.119828e-05, "DAPDC": 2.445711e-02, "CPC8MM": 2.119828e-05, "CPC6R": 2.119828e-05, "G3PCT": 3.667635e-02, "DAPE": 2.715785e-02, "CPPPGOAN2": 0, "CS": 1.328456e-01, "DSERt2": 0, "CSND": 0, "G5SADs": 1.575450e-02, "DALAt2r": 0, "FOLR2": 8.479311e-05, "CTPS1": 5.094051e-03, "LDAPAT": -2.715785e-02, "CSNt2": 0, "DASYN120": 0, "FRTT": 0, "DASYN140": 5.227609e-03, "DURAD": 0, "DURIPP": 0, "DUTPDP": 0, "GLCt2": 0, "GLNabc": 0, "GLUabc": 0, "DXPRIi": 5.751102e-05, "DASYN160": 1.577798e-02, "DXPS": 5.751102e-05, "EAR100x": 4.201118e-02, "DASYN161": 2.310413e-02, "ENO": 9.644800e+00, "GPDDA1": 0, "GPDDA2": 0, "DASYN180": 0, "GPDDA4": 0, "FACOAL140": 0, "FACOAL160": 0, "DASYN181": 9.228380e-04, "DB4PS": 0, "FACOAL180": 0, "H2Ot": -5.443993e+00, "DCMPDA": 0, "FBA": 4.958164e+00, "DDPA": 2.710395e-02, "FBA3": 0, "FBP": 4.183624e-02, "H2td": 0, "HACD1": 0, "DDPGA": 0, "HCO3E": 1.238672e+00, "FDH7": 3.410945e-01, "FORt2": 0, "DHAD2": 2.070596e-02, "G1PTT": 0, "HISt2r": 0, "GTPCII": 0, "GK1": 1000, "FE2abc": 1.313913e-03, "FGLU": 0, "FMNAT": 2.119828e-05, "FRD2": 1.202056e-02, "DHAD1": 6.231334e-02, "FRNDPR2r": 3.462651e+00, "GK2": -9.999925e+02, "DHAK": 0, "HPPK": 0, "FRUK": 5, "FUM": 3.953403e-02, "GRTT": 5.228275e-06, "FRUpts": 5, "DHFR": 2.857395e-03, "FTHFLi": 3.411157e-01, "DHDPRy": 2.715785e-02, "G1PACT": 6.868527e-03, "G3PAT140": 5.227609e-03, "GLCURt2r": 0, "GF6PTA": 6.868527e-03, "GHMT2r": 7.736906e-02, "DHDPS": 2.715785e-02, "GLCNt2r": 0, "G1SAT": 1.695862e-04, "G3PAT181": 9.228380e-04, "GLNS": 8.836003e-02, "DHFS": 0, "GLCRD": 0, "G3PAT120": 0, "G3PAT160": 1.577798e-02, "G3PAT161": 2.310413e-02, "GLU5K": 1.575450e-02, "GLUDy": -1.104668e+00, "GLUPRT": 1.560497e-02, "GLUR": -2.700737e-03, "G3PAT180": 0, "G3PD2": -9.395020e-02, "G5SD": 1.575450e-02, "GLUTRR": 1.695862e-04, "GALCTD": 0, "DHNAOT4": 0, "GALCTNt2r": 0, "GLUSy": 0, "GLUTRS": 1.695862e-04, "GLUt2r": 0, "GAPD": 9.795097e+00, "DHNPA_1": 0, "GALUi": 0, "GALURt2r": 0, "GLUt4": 0, "GLYCDx": 0, "GALabc": 0, "DHORTS": -1.202056e-02, "GCCb": 0, "GARFT": 1.560497e-02, "GLYBt2r": 0, "GMPS2": 7.445919e-03, "GLYCK": 0, "GLYCt": 2.185894e-03, "GND": 0, "GCCa": 0, "METR": 0, "DHORD5": 1.202056e-02, "GNK": 0, "DHPS": 0, "GTPCI": 0, "GTPDPK": 0, "GUAD": 0, "HCITS": 0, "MGSA": 0, "DHPS2": 0, "KAS15": 9.006511e-02, "IPDPS": 5.228275e-05, "HAMR": 0, "IMPC": -2.233567e-02, "DHQTi": 2.710395e-02, "HXPRT": 0, "GUAPRT": 0, "LYSDC": 0, "DHQS": 2.710395e-02, "ICDHx": 1.328456e-01, "HYDFDN2r": 0, "HEX1": 0, "HETZK": 0, "HISTD": 6.751889e-03, "HYDFDi": 0, "DMATT": 5.228275e-06, "IGPDH": 6.751889e-03, "IG3PS": 6.751889e-03, "HISDr": 0, "HISTP": 6.751889e-03, "IGPS": 4.051153e-03, "DMPPS": 5.228275e-06, "ILETRS": 0, "HMBS": 2.119828e-05, "HMPK1": 0, "HSK": 0, "DPCOAK": 4.534340e-05, "HSDy": -3.981565e-01, "HSST": 0, "HSTPT": 6.751889e-03, "ILEt2r": 0, "ILETA": -2.070596e-02, "LEUTA": -3.210931e-02,