{"EX_h2_e": 7.490246e+00, "EX_h2o_e": 3.141265e+00, "EX_his__L_e": 0, "EX_ile__L_e": 0, "EX_lac__D_e": 0, "EX_murein4p3p_e": 0, "EX_murein4p4p_e": 0, "EX_murein4px4p_e": 0, "EX_k_e": -6.037366e-03, "EX_murein4px4px4p_e": 0, "EX_alaala_e": 0, "EX_murein5p3p_e": 0, "EX_murein5p4p_e": 0, "EX_murein5p5p_e": 0, "EX_murein5p5p5p_e": 0, "EX_lac__L_e": 0, "EX_leu__L_e": 0, "EX_lys__L_e": 0, "EX_alltn_e": 0, "EX_malt_e": 0, "EX_murein5px3p_e": 0, "EX_murein5px4p_e": 0, "EX_malthx_e": 0, "EX_murein5px4px4p_e": 0, "EX_arab__L_e": 0, "EX_malttr_e": 0, "EX_man_e": 0, "EX_araban__L_e": 0, "EX_met__L_e": 2.791499e-02, "EX_mg2_e": -2.683007e-04, "EX_mn2_e": -2.137942e-05, "EX_na1_e": 0, "EX_nh4_e": -5.427987e-01, "EX_ni2_e": -9.979169e-06, "EX_no2_e": 0, "EX_no3_e": 0, "EX_pi_e": -1.069732e-01, "EX_pro__L_e": 0, "EX_mobd_e": -2.210575e-07, "EX_xan_e": 0, "EX_xyl__D_e": 0, "EX_ptrc_e": 0, "EX_arg__L_e": 0, "EX_pydxn_e": 0, "EX_pyr_e": 0, "EX_zn2_e": -1.051602e-05, "BIOMASS_Cl_DSM_WT_46p666M1": 3.157965e-02, "EX_rib__D_e": 0, "DM_mththf_c": 7.042262e-05, "5HBZIDMT": 7.042262e-06, "5HBZIDS2": 7.042262e-06, "DM_succ_c": 1.712691e-02, "ABUTD": 0, "ACACT1r": 0, "EX_ac_e": 3.374412e-02, "EX_ala__D_e": 8.972094e-04, "EX_asn__L_e": 0, "EX_asp__L_e": 0, "EX_ribflv_e": -1.408452e-05, "EX_rmn_e": 0, "EX_ser__D_e": 0, "EX_btd_RR_e": 0, "EX_ser__L_e": 0, "EX_btn_e": -6.315930e-08, "EX_so4_e": -3.387827e-02, "EX_btoh_e": 0, "EX_spmd_e": 0, "EX_taur_e": 0, "3OAS161": 1.596396e-02, "3OAS180": 0, "EX_thm_e": -7.042262e-06, "EX_but_e": 0, "EX_trp__L_e": 0, "EX_uaagmda_e": 3.429456e-02, "3OAS181": 6.131505e-04, "3OAS60": 2.992046e-02, "3OAS80": 2.992046e-02, "3OAS100": 2.992046e-02, "3OAS120": 1.395650e-02, "3OAS121": 1.596396e-02, "EX_udcpdp_e": 8.972094e-04, "EX_udcpp_e": 0, "3OAS140": 1.395650e-02, "EX_ura_e": 0, "EX_ca2_e": -1.609931e-04, "EX_val__L_e": 0, "3OAR100": 2.992046e-02, "3OAR120": 1.395650e-02, "3OAR121": 1.596396e-02, "EX_citr__L_e": 0, "3OAR140": 1.395650e-02, "3OAR141": 1.596396e-02, "3OAR160": 1.048318e-02, "EX_cl_e": -1.609931e-04, "3OAR161": 1.596396e-02, "3OAR180": 0, "EX_co_e": 0, "3OAR181": 6.131505e-04, "3OAS141": 1.596396e-02, "EX_co2_e": 8.848802e+00, "3OAS160": 1.048318e-02, "ACBIPGT": 7.042262e-06, "4HTHRS": 0, "EX_cobalt2_e": -7.831753e-06, "EX_csn_e": 0, "ACt2r": -3.374412e-02, "ABFA": 0, "ABTA": 0, "ACGK": 7.003324e-03, "EX_cu2_e": -2.191628e-05, "ACGS": 0, "ACALD": -8.115838e+00, "ACHBS": 6.878711e-03, "APSR": 3.374412e-02, "EX_cys__L_e": 0, "ACCOAC": 2.065840e-01, "ACLS": 2.070106e-02, "ADOCBIK": 0, "EX_etoh_e": 0, "ACPS1": 0, "ACKr": 0, "EX_fe2_e": -4.364939e-04, "ADA": 0, "ADCL": 0, "EX_fol_e": -2.816905e-05, "ACLDC": 0, "ADCPS2": 7.042262e-06, "EX_for_e": 0, "ADCPS1": 0, "ACOTA": -7.003324e-03, "EX_fru_e": -5, "ACOAD1z": 0, "ACONTa": 1000, "ACONTb": 1000, "EX_gal_e": 0, "ACOATA": 2.992046e-02, "ADCYRS": 7.042262e-06, "ADCS": 0, "EX_galctn__D_e": 0, "ADD": 0, "ADK1": 7.918161e-02, "ACONT": -9.999401e+02, "EX_galur_e": 0, "EX_glc__D_e": 0, "EX_glcn_e": 0, "ASNt2r": 0, "EX_glcur_e": 0, "ASP1DC": 1.506349e-05, "EX_gln__L_e": 0, "ASPt2r": 0, "EX_glu__L_e": 0, "ATPM": 4.500000e-01, "ADK2": 7.042262e-06, "EX_gly_e": 0, "ADMDC": 0, "ADOCBLS": 7.042262e-06, "BTDt_RR": 0, "BTOHt": 0, "EX_glyb_e": 0, "ADPRDP": 0, "EX_glyc_e": 7.261741e-04, "ADPT": 7.042262e-05, "BUTKr": 0, "ADSL1r": 4.946510e-03, "EX_h_e": 4.811009e-01, "ADSL2r": 5.177073e-03, "BUTt": 0, "ADSS": 4.946510e-03, "CYRDAR": 3.521131e-06, "AHCYSNS": 7.042262e-05, "AGPAT120": 0, "AGPR": -7.003324e-03, "CYSabc": 0, "AHSERL2": 3.156077e-02, "AIRCr": 5.177073e-03, "Cuabc": 2.191628e-05, "AICART": 7.420112e-03, "ALAALAr": 3.519177e-02, "ALAR": 8.256776e-02, "ALATA_L": -1.299219e-01, "CA2abc": 1.609931e-04, "CITRt2r": 0, "CLt3r_2": 8.049653e-05, "CO2t": -8.848802e+00, "ALCD2y": 0, "DHPTDCs2": 7.042262e-05, "AMMQLT8": 0, "COabc": 7.831753e-06, "DHPPDA": 0, "COt": 0, "ALCD4y": 0, "ALLTN": 0, "CYSSADS": 0, "CYRDAAT": 7.042262e-06, "ALLTNt2r": 0, "METt2r": -2.791499e-02, "AMAA": 0, "ASP4DC": 0, "DGK1": 0, "ANPRT": 1.345830e-03, "CTPS2": 0, "APRAUR": 0, "ASPO2": 0, "CYRDAS": 7.042262e-06, "ASPCT": 3.993341e-03, "ASPK": 7.487741e-02, "ACAFDOR": 0, "ANS": 0, "ASPO2y": 7.197002e-05, "CYSDS": 0, "ASPR": 0, "ATPPRT": 2.243039e-03, "ASPT": 0, "BACCL": 0, "BTDD_RR": 0, "ANS2": 1.345830e-03, "ARABR": 0, "ARAI": 0, "CYSTL": 0, "ARBabc": 0, "ARBt2r": 0, "BTNt2i": 6.315930e-08, "CYSTS": 0, "CBIAT": 0, "CYSS": 2.183354e-03, "CBLAT": 0, "ARGDr": 0, "ARGN": 0, "CYTD": 0, "ARGDC": 0, "CDPMEK": 3.871286e-01, "CBMKr": 0, "ARGSL": 7.003324e-03, "ARGSS": 7.003324e-03, "CBPS": 1.099667e-02, "ASAD": -7.487741e-02, "CHORS": 9.004179e-03, "DCYTD": 0, "CHORM": 7.651307e-03, "CITL": 0, "ARGt2r": 0, "ASNS1": 5.707327e-03, "CODH4": 0, "CYTDK2": 0, "CODH_ACS": 0, "CPC2MT": 7.042262e-06, "CLPNS120": 0, "CLPNS140": 8.428609e-05, "ECOAH1": 0, "CYTK1": 4.142881e-01, "CLPNS160": 2.544372e-04, "CPC3MT": 7.042262e-06, "CYTK2": 0, "D_LACt2": 0, "CPC4MT": 7.042262e-06, "ETOHt": 0, "DAGK120": 0, "FOLt": 2.816905e-05, "CPC6MT": 7.042262e-06, "CPC5MT": 7.042262e-06, "DAPDC": 8.124876e-03, "CPC8MM": 7.042262e-06, "CPC6R": 7.042262e-06, "G3PCT": 1.218422e-02, "DAPE": 4.331665e-02, "CPPPGOAN2": 0, "CS": 5.994668e-02, "DSERt2": 0, "CSND": 0, "G5SADs": 5.233790e-03, "DALAt2r": 0, "FOLR2": 2.816905e-05, "CTPS1": 1.692290e-03, "LDAPAT": -4.331665e-02, "CSNt2": 0, "DASYN120": 0, "FRTT": 0, "DASYN140": 1.736660e-03, "DURAD": 0, "DURIPP": 0, "DUTPDP": 0, "GLCt2": 0, "GLNabc": 0, "GLUabc": 0, "DXPRIi": 3.871286e-01, "DASYN160": 5.241590e-03, "DXPS": 3.871286e-01, "EAR100x": 1.395650e-02, "DASYN161": 7.675402e-03, "ENO": 5.053200e+00, "GPDDA1": 0, "GPDDA2": 0, "DASYN180": 0, "GPDDA4": 0, "FACOAL140": 0, "FACOAL160": 0, "DASYN181": 3.065752e-04, "DB4PS": 0, "FACOAL180": 0, "H2Ot": -3.141905e+00, "DCMPDA": 0, "FBA": 4.917512e+00, "DDPA": 9.004179e-03, "FBA3": 0, "FBP": 8.248750e-02, "H2td": 7.490246e+00, "HACD1": 0, "DDPGA": 0, "HCO3E": 3.850267e-01, "FDH7": 1.260423e-02, "FORt2": 0, "DHAD2": 6.878711e-03, "G1PTT": 0, "HISt2r": 0, "GTPCII": 0, "GK1": -9.999975e+02, "FE2abc": 4.364939e-04, "FGLU": 0, "FMNAT": 7.042262e-06, "FRD2": 1.712691e-02, "DHAD1": 2.070106e-02, "FRNDPR2r": 4.693692e+00, "GK2": 1000, "DHAK": 0, "HPPK": 0, "FRUK": 5, "FUM": 0, "GRTT": 3.519351e-02, "FRUpts": 5, "DHFR": 9.492527e-04, "FTHFLi": 1.261127e-02, "DHDPRy": 4.331665e-02, "G1PACT": 7.087091e-02, "G3PAT140": 1.736660e-03, "GLCURt2r": 0, "GF6PTA": 7.087091e-02, "GHMT2r": 3.258142e-02, "DHDPS": 4.331665e-02, "GLCNt2r": 0, "G1SAT": 5.633810e-05, "G3PAT181": 3.065752e-04, "GLNS": 1.089398e-01, "DHFS": 0, "GLCRD": 0, "G3PAT120": 0, "G3PAT160": 5.241590e-03, "G3PAT161": 7.675402e-03, "GLU5K": 5.233790e-03, "GLUDy": -4.739589e+00, "GLUPRT": 5.184115e-03, "GLUR": -3.519177e-02, "G3PAT180": 0, "G3PD2": -3.121112e-02, "G5SD": 5.233790e-03, "GLUTRR": 5.633810e-05, "GALCTD": 0, "DHNAOT4": 0, "GALCTNt2r": 0, "GLUSy": 0, "GLUTRS": 5.633810e-05, "GLUt2r": 0, "GAPD": 9.407642e+00, "DHNPA_1": 0, "GALUi": 0, "GALURt2r": 0, "GLUt4": 0, "GLYCDx": 0, "GALabc": 0, "DHORTS": -3.993341e-03, "GCCb": 0, "GARFT": 5.184115e-03, "GLYBt2r": 0, "GMPS2": 2.473602e-03, "GLYCK": 0, "GLYCt": 7.261741e-04, "GND": 0, "GCCa": 0, "METR": 0, "DHORD5": 3.993341e-03, "GNK": 0, "DHPS": 0, "GTPCI": 0, "GTPDPK": 0, "GUAD": 0, "HCITS": 0, "MGSA": 0, "DHPS2": 0, "KAS15": 0, "IPDPS": 3.519351e-01, "HAMR": 0, "IMPC": -7.420112e-03, "DHQTi": 9.004179e-03, "HXPRT": 0, "GUAPRT": 0, "LYSDC": 0, "DHQS": 9.004179e-03, "ICDHx": 5.994668e-02, "HYDFDN2r": -3.751690e+00, "HEX1": 0, "HETZK": 0, "HISTD": 2.243039e-03, "HYDFDi": 0, "DMATT": 3.519351e-02, "IGPDH": 2.243039e-03, "IG3PS": 2.243039e-03, "HISDr": 0, "HISTP": 2.243039e-03, "IGPS": 1.345830e-03, "DMPPS": 3.519351e-02, "ILETRS": 0, "HMBS": 7.042262e-06, "HMPK1": 0, "HSK": 0, "DPCOAK": 1.506349e-05, "HSDy": -3.156077e-02, "HSST": 0, "HSTPT": 2.243039e-03, "ILEt2r": 0, "ILETA": -6.878711e-03, "LEUTA": -1.066701e-02, "HXAND": 0, "DPR": 1.506349e-05, "METS": 3.163119e-02, "LEUt2r": 0,