{"EX_h2_e": 0, "EX_h2o_e": 2.770194e+00, "EX_his__L_e": 0, "EX_ile__L_e": 0, "EX_lac__D_e": 0, "EX_murein4p3p_e": 0, "EX_murein4p4p_e": 0, "EX_murein4px4p_e": 0, "EX_k_e": -1.045207e-02, "EX_murein4px4px4p_e": 0, "EX_alaala_e": 0, "EX_murein5p3p_e": 0, "EX_murein5p4p_e": 0, "EX_murein5p5p_e": 0, "EX_murein5p5p5p_e": 0, "EX_lac__L_e": 0, "EX_leu__L_e": 0, "EX_lys__L_e": 0, "EX_alltn_e": 0, "EX_malt_e": 0, "EX_murein5px3p_e": 0, "EX_murein5px4p_e": 0, "EX_malthx_e": 0, "EX_murein5px4px4p_e": 0, "EX_arab__L_e": 0, "EX_malttr_e": 0, "EX_man_e": 0, "EX_araban__L_e": 0, "EX_met__L_e": 1.792283e-01, "EX_mg2_e": -4.644901e-04, "EX_mn2_e": -3.701269e-05, "EX_na1_e": 0, "EX_nh4_e": -7.265372e-01, "EX_ni2_e": -1.727623e-05, "EX_no2_e": 0, "EX_no3_e": 0, "EX_pi_e": -6.334511e-02, "EX_pro__L_e": 0, "EX_mobd_e": -3.827014e-07, "EX_xan_e": 0, "EX_xyl__D_e": 0, "EX_ptrc_e": 0, "EX_arg__L_e": 0, "EX_pydxn_e": 0, "EX_pyr_e": 0, "EX_zn2_e": -1.820565e-05, "BIOMASS_Cl_DSM_WT_46p666M1": 5.467162e-02, "EX_rib__D_e": 0, "DM_mththf_c": 1.219177e-04, "5HBZIDMT": 1.219177e-05, "5HBZIDS2": 1.219177e-05, "DM_succ_c": 6.913391e-03, "ABUTD": 0, "ACACT1r": 0, "EX_ac_e": 0, "EX_ala__D_e": 1.553276e-03, "EX_asn__L_e": 0, "EX_asp__L_e": 0, "EX_ribflv_e": -2.438354e-05, "EX_rmn_e": 0, "EX_ser__D_e": 0, "EX_btd_RR_e": 8.967514e-01, "EX_ser__L_e": 0, "EX_btn_e": -1.093432e-07, "EX_so4_e": -1.895521e-01, "EX_btoh_e": 0, "EX_spmd_e": 0, "EX_taur_e": 0, "3OAS161": 2.763727e-02, "3OAS180": 0, "EX_thm_e": -1.219177e-05, "EX_but_e": 0, "EX_trp__L_e": 0, "EX_uaagmda_e": 0, "3OAS181": 1.061504e-03, "3OAS60": 5.179918e-02, "3OAS80": 5.179918e-02, "3OAS100": 5.179918e-02, "3OAS120": 2.416191e-02, "3OAS121": 2.763727e-02, "EX_udcpdp_e": 0, "EX_udcpp_e": 0, "3OAS140": 2.416191e-02, "EX_ura_e": 0, "EX_ca2_e": -2.787159e-04, "EX_val__L_e": 0, "3OAR100": 5.179918e-02, "3OAR120": 2.416191e-02, "3OAR121": 2.763727e-02, "EX_citr__L_e": 0, "3OAR140": 2.416191e-02, "3OAR141": 2.763727e-02, "3OAR160": 1.814879e-02, "EX_cl_e": -2.787159e-04, "3OAR161": 2.763727e-02, "3OAR180": 0, "EX_co_e": 0, "3OAR181": 1.061504e-03, "3OAS141": 2.763727e-02, "EX_co2_e": 9.042420e+00, "3OAS160": 1.814879e-02, "ACBIPGT": 1.219177e-05, "4HTHRS": 0, "EX_cobalt2_e": -1.355856e-05, "EX_csn_e": 0, "ACt2r": 0, "ABFA": 0, "ABTA": 0, "ACGK": 1.212436e-02, "EX_cu2_e": -3.794211e-05, "ACGS": 0, "ACALD": -6.746170e+00, "ACHBS": 1.190863e-02, "APSR": 1.893199e-01, "EX_cys__L_e": 0, "ACCOAC": 3.576443e-01, "ACLS": 9.325897e-01, "ADOCBIK": 0, "EX_etoh_e": 6.913183e+00, "ACPS1": 0, "ACKr": 0, "EX_fe2_e": -7.556712e-04, "ADA": 0, "ADCL": 0, "EX_fol_e": -4.876709e-05, "ACLDC": 8.967514e-01, "ADCPS2": 1.219177e-05, "EX_for_e": 0, "ADCPS1": 0, "ACOTA": -1.212436e-02, "EX_fru_e": -5, "ACOAD1z": 0, "ACONTa": -9.999556e+02, "ACONTb": -9.999556e+02, "EX_gal_e": 0, "ACOATA": 5.179918e-02, "ADCYRS": 1.219177e-05, "ADCS": 0, "EX_galctn__D_e": 0, "ADD": 0, "ADK1": 2.679826e-01, "ACONT": 1000, "EX_galur_e": 0, "EX_glc__D_e": 0, "EX_glcn_e": 0, "ASNt2r": 0, "EX_glcur_e": 0, "ASP1DC": 2.607836e-05, "EX_gln__L_e": 0, "ASPt2r": 0, "EX_glu__L_e": 0, "ATPM": 4.500000e-01, "ADK2": 1.219177e-05, "EX_gly_e": 0, "ADMDC": 0, "ADOCBLS": 1.219177e-05, "BTDt_RR": 8.967514e-01, "BTOHt": 0, "EX_glyb_e": 0, "ADPRDP": 0, "EX_glyc_e": 1.257174e-03, "ADPT": 1.219177e-04, "BUTKr": 0, "ADSL1r": 8.563544e-03, "EX_h_e": 2.555820e-01, "ADSL2r": 8.962702e-03, "BUTt": 0, "ADSS": 8.563544e-03, "CYRDAR": 6.095886e-06, "AHCYSNS": 1.219177e-04, "AGPAT120": 0, "AGPR": -1.212436e-02, "CYSabc": 0, "AHSERL2": 1.855400e-01, "AIRCr": 8.962702e-03, "Cuabc": 3.794211e-05, "AICART": 1.284592e-02, "ALAALAr": 1.553276e-03, "ALAR": 2.420023e-02, "ALATA_L": -4.680935e-02, "CA2abc": 2.787159e-04, "CITRt2r": 0, "CLt3r_2": 1.393580e-04, "CO2t": -9.042420e+00, "ALCD2y": -6.913183e+00, "DHPTDCs2": 1.219177e-04, "AMMQLT8": 0, "COabc": 1.355856e-05, "DHPPDA": 0, "COt": 0, "ALCD4y": 0, "ALLTN": 0, "CYSSADS": 0, "CYRDAAT": 1.219177e-05, "ALLTNt2r": 0, "METt2r": -1.792283e-01, "AMAA": 0, "ASP4DC": 0, "DGK1": 0, "ANPRT": 2.329941e-03, "CTPS2": 0, "APRAUR": 0, "ASPO2": 1.245966e-04, "CYRDAS": 1.219177e-05, "ASPCT": 6.913391e-03, "ASPK": 2.011593e-01, "ACAFDOR": -1.893199e-01, "ANS": 0, "ASPO2y": 0, "CYSDS": 0, "ASPR": 0, "ATPPRT": 3.883216e-03, "ASPT": 0, "BACCL": 0, "BTDD_RR": -8.967514e-01, "ANS2": 2.329941e-03, "ARABR": 0, "ARAI": 0, "CYSTL": 4.628303e+00, "ARBabc": 0, "ARBt2r": 0, "BTNt2i": 1.093432e-07, "CYSTS": 4.628303e+00, "CBIAT": 0, "CYSS": 3.779887e-03, "CBLAT": 0, "ARGDr": 0, "ARGN": 0, "CYTD": 0, "ARGDC": 0, "CDPMEK": 3.307633e-05, "CBMKr": 1.903775e-02, "ARGSL": 1.212436e-02, "ARGSS": 1.212436e-02, "CBPS": 0, "ASAD": -2.011593e-01, "CHORS": 1.558830e-02, "DCYTD": 0, "CHORM": 1.324617e-02, "CITL": 0, "ARGt2r": 0, "ASNS1": 9.880693e-03, "CODH4": 0, "CYTDK2": 0, "CODH_ACS": 0, "CPC2MT": 1.219177e-05, "CLPNS120": 0, "CLPNS140": 1.459186e-04, "ECOAH1": 0, "CYTK1": 4.705242e-02, "CLPNS160": 4.404893e-04, "CPC3MT": 1.219177e-05, "CYTK2": 0, "D_LACt2": 0, "CPC4MT": 1.219177e-05, "ETOHt": -6.913183e+00, "DAGK120": 0, "FOLt": 4.876709e-05, "CPC6MT": 1.219177e-05, "CPC5MT": 1.219177e-05, "DAPDC": 1.406602e-02, "CPC8MM": 1.219177e-05, "CPC6R": 1.219177e-05, "G3PCT": 2.109368e-02, "DAPE": 1.561930e-02, "CPPPGOAN2": 0, "CS": 4.440971e-02, "DSERt2": 0, "CSND": 0, "G5SADs": 9.060892e-03, "DALAt2r": 0, "FOLR2": 4.876709e-05, "CTPS1": 2.929743e-03, "LDAPAT": -1.561930e-02, "CSNt2": 0, "DASYN120": 0, "FRTT": 0, "DASYN140": 3.006557e-03, "DURAD": 0, "DURIPP": 0, "DUTPDP": 0, "GLCt2": 0, "GLNabc": 0, "GLUabc": 0, "DXPRIi": 3.307633e-05, "DASYN160": 9.074396e-03, "DXPS": 3.307633e-05, "EAR100x": 2.416191e-02, "DASYN161": 1.328788e-02, "ENO": 5.032730e+00, "GPDDA1": 0, "GPDDA2": 0, "DASYN180": 0, "GPDDA4": 0, "FACOAL140": 0, "FACOAL160": 0, "DASYN181": 5.307521e-04, "DB4PS": 0, "FACOAL180": 0, "H2Ot": -2.772855e+00, "DCMPDA": 0, "FBA": 4.975939e+00, "DDPA": 1.558830e-02, "FBA3": 0, "FBP": 2.406129e-02, "H2td": 0, "HACD1": 0, "DDPGA": 0, "HCO3E": 6.369521e-01, "FDH7": 2.182081e-02, "FORt2": 0, "DHAD2": 1.190863e-02, "G1PTT": 0, "HISt2r": 0, "GTPCII": 0, "GK1": -9.999941e+02, "FE2abc": 7.556712e-04, "FGLU": 0, "FMNAT": 1.219177e-05, "FRD2": 6.913391e-03, "DHAD1": 3.583829e-02, "FRNDPR2r": 6.654509e+00, "GK2": 9.999984e+02, "DHAK": 0, "HPPK": 0, "FRUK": 5, "FUM": 2.273722e-02, "GRTT": 3.006939e-06, "FRUpts": 5, "DHFR": 1.643374e-03, "FTHFLi": 2.183300e-02, "DHDPRy": 1.561930e-02, "G1PACT": 3.950298e-03, "G3PAT140": 3.006557e-03, "GLCURt2r": 0, "GF6PTA": 3.950298e-03, "GHMT2r": 1.873070e-01, "DHDPS": 1.561930e-02, "GLCNt2r": 0, "G1SAT": 9.753418e-05, "G3PAT181": 5.307521e-04, "GLNS": 5.081853e-02, "DHFS": 0, "GLCRD": 0, "G3PAT120": 0, "G3PAT160": 9.074396e-03, "G3PAT161": 1.328788e-02, "GLU5K": 9.060892e-03, "GLUDy": -5.290873e+00, "GLUPRT": 8.974894e-03, "GLUR": -1.553276e-03, "G3PAT180": 0, "G3PD2": -5.403361e-02, "G5SD": 9.060892e-03, "GLUTRR": 9.753418e-05, "GALCTD": 0, "DHNAOT4": 0, "GALCTNt2r": 0, "GLUSy": 0, "GLUTRS": 9.753418e-05, "GLUt2r": 0, "GAPD": 9.882154e+00, "DHNPA_1": 0, "GALUi": 0, "GALURt2r": 0, "GLUt4": 0, "GLYCDx": 0, "GALabc": 0, "DHORTS": -6.913391e-03, "GCCb": 0, "GARFT": 8.974894e-03, "GLYBt2r": 0, "GMPS2": 4.282374e-03, "GLYCK": 0, "GLYCt": 1.257174e-03, "GND": 0, "GCCa": 0, "METR": 0, "DHORD5": 6.913391e-03, "GNK": 0, "DHPS": 0, "GTPCI": 0, "GTPDPK": 0, "GUAD": 0, "HCITS": 0, "MGSA": 0, "DHPS2": 0, "KAS15": 0, "IPDPS": 3.006939e-05, "HAMR": 0, "IMPC": -1.284592e-02, "DHQTi": 1.558830e-02, "HXPRT": 0, "GUAPRT": 0, "LYSDC": 0, "DHQS": 1.558830e-02, "ICDHx": 4.440971e-02, "HYDFDN2r": 0, "HEX1": 0, "HETZK": 0, "HISTD": 3.883216e-03, "HYDFDi": 0, "DMATT": 3.006939e-06, "IGPDH": 3.883216e-03, "IG3PS": 3.883216e-03, "HISDr": 0, "HISTP": 3.883216e-03, "IGPS": 2.329941e-03, "DMPPS": 3.006939e-06, "ILETRS": 0, "HMBS": 1.219177e-05, "HMPK1": 0, "HSK": 0, "DPCOAK": 2.607836e-05, "HSDy": -1.855400e-01, "HSST": 0, "HSTPT": 3.883216e-03, "ILEt2r": 0, "ILETA": -1.190863e-02, "LEUTA": -1.846704e-02,