{"EX_h2_e": 1.806520e+00, "EX_h2o_e": 2.752880e+00, "EX_his__L_e": 0, "EX_ile__L_e": 0, "EX_lac__D_e": 0, "EX_murein4p3p_e": 0, "EX_murein4p4p_e": 0, "EX_murein4px4p_e": 0, "EX_k_e": -6.331278e-03, "EX_murein4px4px4p_e": 0, "EX_alaala_e": 0, "EX_murein5p3p_e": 0, "EX_murein5p4p_e": 0, "EX_murein5p5p_e": 0, "EX_murein5p5p5p_e": 0, "EX_lac__L_e": 0, "EX_leu__L_e": 0, "EX_lys__L_e": 0, "EX_alltn_e": 0, "EX_malt_e": 0, "EX_murein5px3p_e": 0, "EX_murein5px4p_e": 0, "EX_malthx_e": 0, "EX_murein5px4px4p_e": 0, "EX_arab__L_e": 0, "EX_malttr_e": 0, "EX_man_e": 0, "EX_araban__L_e": 0, "EX_met__L_e": 2.927395e-02, "EX_mg2_e": -2.813622e-04, "EX_mn2_e": -2.242022e-05, "EX_na1_e": 0, "EX_nh4_e": -2.815106e-01, "EX_ni2_e": -1.046498e-05, "EX_no2_e": 0, "EX_no3_e": 0, "EX_pi_e": -1.619999e-01, "EX_pro__L_e": 0, "EX_mobd_e": -2.318191e-07, "EX_xan_e": 0, "EX_xyl__D_e": 0, "EX_ptrc_e": 0, "EX_arg__L_e": 0, "EX_pydxn_e": 0, "EX_pyr_e": 1.569708e+00, "EX_zn2_e": -1.102797e-05, "BIOMASS_Cl_DSM_WT_46p666M1": 3.311702e-02, "EX_rib__D_e": 0, "DM_mththf_c": 7.385095e-05, "5HBZIDMT": 7.385095e-06, "5HBZIDS2": 7.385095e-06, "DM_succ_c": 1.796068e-02, "ABUTD": 0, "ACACT1r": 0, "EX_ac_e": 3.538686e-02, "EX_ala__D_e": 9.408876e-04, "EX_asn__L_e": 0, "EX_asp__L_e": 0, "EX_ribflv_e": -1.477019e-05, "EX_rmn_e": 0, "EX_ser__D_e": 0, "EX_btd_RR_e": 0, "EX_ser__L_e": 0, "EX_btn_e": -6.623404e-08, "EX_so4_e": -3.552754e-02, "EX_btoh_e": 0, "EX_spmd_e": 0, "EX_taur_e": 0, "3OAS161": 1.674112e-02, "3OAS180": 0, "EX_thm_e": -7.385095e-06, "EX_but_e": 0, "EX_trp__L_e": 0, "EX_uaagmda_e": 0, "3OAS181": 6.430000e-04, "3OAS60": 2.786349e-01, "3OAS80": 2.786349e-01, "3OAS100": 2.786349e-01, "3OAS120": 2.618938e-01, "3OAS121": 1.674112e-02, "EX_udcpdp_e": 0, "EX_udcpp_e": 0, "3OAS140": 2.618938e-01, "EX_ura_e": 0, "EX_ca2_e": -1.688306e-04, "EX_val__L_e": 0, "3OAR100": 2.786349e-01, "3OAR120": 2.618938e-01, "3OAR121": 1.674112e-02, "EX_citr__L_e": 0, "3OAR140": 2.618938e-01, "3OAR141": 1.674112e-02, "3OAR160": 1.099353e-02, "EX_cl_e": -1.688306e-04, "3OAR161": 1.674112e-02, "3OAR180": 0, "EX_co_e": 0, "3OAR181": 6.430000e-04, "3OAS141": 1.674112e-02, "EX_co2_e": 7.813318e+00, "3OAS160": 1.099353e-02, "ACBIPGT": 7.385095e-06, "4HTHRS": 0, "EX_cobalt2_e": -8.213020e-06, "EX_csn_e": 0, "ACt2r": -3.538686e-02, "ABFA": 0, "ABTA": 0, "ACGK": 7.344262e-03, "EX_cu2_e": -2.298321e-05, "ACGS": 0, "ACALD": -5.791749e+00, "ACHBS": 7.213582e-03, "APSR": 3.538686e-02, "EX_cys__L_e": 0, "ACCOAC": 1.700188e+00, "ACLS": 2.170883e-02, "ADOCBIK": 0, "EX_etoh_e": 5.778237e+00, "ACPS1": 0, "ACKr": 0, "EX_fe2_e": -4.577434e-04, "ADA": 0, "ADCL": 0, "EX_fol_e": -2.954038e-05, "ACLDC": 0, "ADCPS2": 7.385095e-06, "EX_for_e": 0, "ADCPS1": 0, "ACOTA": -7.344262e-03, "EX_fru_e": -5, "ACOAD1z": 0, "ACONTa": 1000, "ACONTb": 1000, "EX_gal_e": 0, "ACOATA": 2.786349e-01, "ADCYRS": 7.385095e-06, "ADCS": 0, "EX_galctn__D_e": 0, "ADD": 0, "ADK1": 8.303635e-02, "ACONT": -9.999731e+02, "EX_galur_e": 0, "EX_glc__D_e": 0, "EX_glcn_e": 0, "ASNt2r": 0, "EX_glcur_e": 0, "ASP1DC": 1.579682e-05, "EX_gln__L_e": 0, "ASPt2r": 0, "EX_glu__L_e": 0, "ATPM": 4.500000e-01, "ADK2": 7.385095e-06, "EX_gly_e": 0, "ADMDC": 0, "ADOCBLS": 7.385095e-06, "BTDt_RR": 0, "BTOHt": 0, "EX_glyb_e": 0, "ADPRDP": 0, "EX_glyc_e": 7.615258e-04, "ADPT": 7.385095e-05, "BUTKr": 0, "ADSL1r": 5.187317e-03, "EX_h_e": 1.663829e+00, "ADSL2r": 5.429105e-03, "BUTt": 0, "ADSS": 5.187317e-03, "CYRDAR": 3.692547e-06, "AHCYSNS": 7.385095e-05, "AGPAT120": 0, "AGPR": -7.344262e-03, "CYSabc": 0, "AHSERL2": 3.309721e-02, "AIRCr": 5.429105e-03, "Cuabc": 2.298321e-05, "AICART": 7.781340e-03, "ALAALAr": 9.408876e-04, "ALAR": 1.465915e-02, "ALATA_L": -2.835449e-02, "CA2abc": 1.688306e-04, "CITRt2r": 0, "CLt3r_2": 8.441528e-05, "CO2t": -7.813318e+00, "ALCD2y": -5.778237e+00, "DHPTDCs2": 7.385095e-05, "AMMQLT8": 0, "COabc": 8.213020e-06, "DHPPDA": 0, "COt": 0, "ALCD4y": 0, "ALLTN": 0, "CYSSADS": 0, "CYRDAAT": 7.385095e-06, "ALLTNt2r": 0, "METt2r": -2.927395e-02, "AMAA": 0, "ASP4DC": 0, "DGK1": 0, "ANPRT": 1.411348e-03, "CTPS2": 0, "APRAUR": 0, "ASPO2": 0, "CYRDAS": 7.385095e-06, "ASPCT": 4.187746e-03, "ASPK": 4.255851e-02, "ACAFDOR": 0, "ANS": 0, "ASPO2y": 7.547368e-05, "CYSDS": 0, "ASPR": 0, "ATPPRT": 2.352236e-03, "ASPT": 0, "BACCL": 0, "BTDD_RR": 0, "ANS2": 1.411348e-03, "ARABR": 0, "ARAI": 0, "CYSTL": 0, "ARBabc": 0, "ARBt2r": 0, "BTNt2i": 6.623404e-08, "CYSTS": 0, "CBIAT": 0, "CYSS": 2.289644e-03, "CBLAT": 0, "ARGDr": 0, "ARGN": 0, "CYTD": 0, "ARGDC": 0, "CDPMEK": 2.003580e-05, "CBMKr": 1.153201e-02, "ARGSL": 7.344262e-03, "ARGSS": 7.344262e-03, "CBPS": 0, "ASAD": -4.255851e-02, "CHORS": 9.442523e-03, "DCYTD": 0, "CHORM": 8.023790e-03, "CITL": 0, "ARGt2r": 0, "ASNS1": 5.985172e-03, "CODH4": 0, "CYTDK2": 0, "CODH_ACS": 0, "CPC2MT": 7.385095e-06, "CLPNS120": 0, "CLPNS140": 8.838932e-05, "ECOAH1": 0, "CYTK1": 1.521307e-01, "CLPNS160": 2.668238e-04, "CPC3MT": 7.385095e-06, "CYTK2": 0, "D_LACt2": 0, "CPC4MT": 7.385095e-06, "ETOHt": -5.778237e+00, "DAGK120": 0, "FOLt": 2.954038e-05, "CPC6MT": 7.385095e-06, "CPC5MT": 7.385095e-06, "DAPDC": 8.520413e-03, "CPC8MM": 7.385095e-06, "CPC6R": 7.385095e-06, "G3PCT": 1.277737e-02, "DAPE": 9.461300e-03, "CPPPGOAN2": 0, "CS": 2.690092e-02, "DSERt2": 0, "CSND": 0, "G5SADs": 5.488583e-03, "DALAt2r": 0, "FOLR2": 2.954038e-05, "CTPS1": 1.774675e-03, "LDAPAT": -9.461300e-03, "CSNt2": 0, "DASYN120": 0, "FRTT": 0, "DASYN140": 1.254501e-01, "DURAD": 0, "DURIPP": 0, "DUTPDP": 0, "GLCt2": 0, "GLNabc": 0, "GLUabc": 0, "DXPRIi": 2.003580e-05, "DASYN160": 5.496763e-03, "DXPS": 2.003580e-05, "EAR100x": 2.618938e-01, "DASYN161": 8.049058e-03, "ENO": 5.019826e+00, "GPDDA1": 0, "GPDDA2": 0, "DASYN180": 0, "GPDDA4": 0, "FACOAL140": 0, "FACOAL160": 0, "DASYN181": 3.215000e-04, "DB4PS": 0, "FACOAL180": 0, "H2Ot": -2.754492e+00, "DCMPDA": 0, "FBA": 4.985425e+00, "DDPA": 9.442523e-03, "FBA3": 0, "FBP": 1.457499e-02, "H2td": 1.806520e+00, "HACD1": 0, "DDPGA": 0, "HCO3E": 1.803858e+00, "FDH7": 1.321783e-02, "FORt2": 0, "DHAD2": 7.213582e-03, "G1PTT": 0, "HISt2r": 0, "GTPCII": 0, "GK1": 1000, "FE2abc": 4.577434e-04, "FGLU": 0, "FMNAT": 7.385095e-06, "FRD2": 1.796068e-02, "DHAD1": 2.170883e-02, "FRNDPR2r": 6.850102e+00, "GK2": -9.999974e+02, "DHAK": 0, "HPPK": 0, "FRUK": 5, "FUM": 0, "GRTT": 1.821436e-06, "FRUpts": 5, "DHFR": 9.954644e-04, "FTHFLi": 1.322521e-02, "DHDPRy": 9.461300e-03, "G1PACT": 2.392870e-03, "G3PAT140": 1.254501e-01, "GLCURt2r": 0, "GF6PTA": 2.392870e-03, "GHMT2r": 3.416756e-02, "DHDPS": 9.461300e-03, "GLCNt2r": 0, "G1SAT": 5.908076e-05, "G3PAT181": 3.215000e-04, "GLNS": 3.078303e-02, "DHFS": 0, "GLCRD": 0, "G3PAT120": 0, "G3PAT160": 5.496763e-03, "G3PAT161": 8.049058e-03, "GLU5K": 5.488583e-03, "GLUDy": -4.849644e+00, "GLUPRT": 5.436490e-03, "GLUR": -9.408876e-04, "G3PAT180": 0, "G3PD2": -2.799884e-01, "G5SD": 5.488583e-03, "GLUTRR": 5.908076e-05, "GALCTD": 0, "DHNAOT4": 0, "GALCTNt2r": 0, "GLUSy": 0, "GLUTRS": 5.908076e-05, "GLUt2r": 0, "GAPD": 9.681358e+00, "DHNPA_1": 0, "GALUi": 0, "GALURt2r": 0, "GLUt4": 0, "GLYCDx": 0, "GALabc": 0, "DHORTS": -4.187746e-03, "GCCb": 0, "GARFT": 5.436490e-03, "GLYBt2r": 0, "GMPS2": 2.594023e-03, "GLYCK": 0, "GLYCt": 7.615258e-04, "GND": 0, "GCCa": 0, "METR": 0, "DHORD5": 4.187746e-03, "GNK": 0, "DHPS": 0, "GTPCI": 0, "GTPDPK": 0, "GUAD": 0, "HCITS": 0, "MGSA": 0, "DHPS2": 0, "KAS15": 0, "IPDPS": 1.821436e-05, "HAMR": 0, "IMPC": -7.781340e-03, "DHQTi": 9.442523e-03, "HXPRT": 0, "GUAPRT": 0, "LYSDC": 0, "DHQS": 9.442523e-03, "ICDHx": 2.690092e-02, "HYDFDN2r": -9.101464e-01, "HEX1": 0, "HETZK": 0, "HISTD": 2.352236e-03, "HYDFDi": 0, "DMATT": 1.821436e-06, "IGPDH": 2.352236e-03, "IG3PS": 2.352236e-03, "HISDr": 0, "HISTP": 2.352236e-03, "IGPS": 1.411348e-03, "DMPPS": 1.821436e-06, "ILETRS": 0, "HMBS": 7.385095e-06, "HMPK1": 0, "HSK": 0, "DPCOAK": 1.579682e-05, "HSDy": -3.309721e-02, "HSST": 0, "HSTPT": 2.352236e-03, "ILEt2r": 0, "ILETA": -7.213582e-03, "LEUTA": -1.118630e-02, "HXAND": 0, "DPR": 1.579682e-05,