{"EX_h2_e": 0, "EX_h2o_e": 6.785245e+00, "EX_his__L_e": 0, "EX_ile__L_e": 0, "EX_lac__D_e": 0, "EX_murein4p3p_e": 0, "EX_murein4p4p_e": 0, "EX_murein4px4p_e": 0, "EX_k_e": -1.347090e-02, "EX_murein4px4px4p_e": 0, "EX_alaala_e": 0, "EX_murein5p3p_e": 0, "EX_murein5p4p_e": 0, "EX_murein5p5p_e": 0, "EX_murein5p5p5p_e": 0, "EX_lac__L_e": 0, "EX_leu__L_e": 0, "EX_lys__L_e": 0, "EX_alltn_e": 0, "EX_malt_e": 0, "EX_murein5px3p_e": 0, "EX_murein5px4p_e": 0, "EX_malthx_e": 0, "EX_murein5px4px4p_e": 0, "EX_arab__L_e": 0, "EX_malttr_e": 0, "EX_man_e": 0, "EX_araban__L_e": 0, "EX_met__L_e": 5.643488e-01, "EX_mg2_e": -5.986472e-04, "EX_mn2_e": -4.770294e-05, "EX_na1_e": 0, "EX_nh4_e": -1.618438e+00, "EX_ni2_e": -2.226607e-05, "EX_no2_e": 0, "EX_no3_e": 0, "EX_pi_e": -5.990524e-01, "EX_pro__L_e": 0, "EX_mobd_e": -4.932357e-07, "EX_xan_e": 0, "EX_xyl__D_e": 0, "EX_ptrc_e": 0, "EX_arg__L_e": 0, "EX_pydxn_e": 0, "EX_pyr_e": 2.684518e+00, "EX_zn2_e": -2.346393e-05, "BIOMASS_Cl_DSM_WT_46p666M1": 7.046224e-02, "EX_rib__D_e": 0, "DM_mththf_c": 1.571308e-04, "5HBZIDMT": 1.571308e-05, "5HBZIDS2": 1.571308e-05, "DM_succ_c": 8.910162e-03, "ABUTD": 0, "ACACT1r": 0, "EX_ac_e": 0, "EX_ala__D_e": 2.001903e-03, "EX_asn__L_e": 0, "EX_asp__L_e": 0, "EX_ribflv_e": -3.142616e-05, "EX_rmn_e": 0, "EX_ser__D_e": 0, "EX_btd_RR_e": 0, "EX_ser__L_e": 0, "EX_btn_e": -1.409245e-07, "EX_so4_e": -5.776544e-01, "EX_btoh_e": 0, "EX_spmd_e": 0, "EX_taur_e": 0, "3OAS161": 3.561965e-02, "3OAS180": 0, "EX_thm_e": -1.571308e-05, "EX_but_e": 0, "EX_trp__L_e": 0, "EX_uaagmda_e": 0, "3OAS181": 1.368095e-03, "3OAS60": 6.676015e-02, "3OAS80": 6.676015e-02, "3OAS100": 6.676015e-02, "3OAS120": 3.114051e-02, "3OAS121": 3.561965e-02, "EX_udcpdp_e": 0, "EX_udcpp_e": 0, "3OAS140": 3.114051e-02, "EX_ura_e": 0, "EX_ca2_e": -3.592165e-04, "EX_val__L_e": 0, "3OAR100": 6.676015e-02, "3OAR120": 3.114051e-02, "3OAR121": 3.561965e-02, "EX_citr__L_e": 0, "3OAR140": 3.114051e-02, "3OAR141": 3.561965e-02, "3OAR160": 2.339065e-02, "EX_cl_e": -3.592165e-04, "3OAR161": 3.561965e-02, "3OAR180": 0, "EX_co_e": 0, "3OAR181": 1.368095e-03, "3OAS141": 3.561965e-02, "EX_co2_e": 5.050568e+00, "3OAS160": 2.339065e-02, "ACBIPGT": 1.571308e-05, "4HTHRS": 0, "EX_cobalt2_e": -1.747464e-05, "EX_csn_e": 0, "ACt2r": 0, "ABFA": 0, "ABTA": 0, "ACGK": 1.562620e-02, "EX_cu2_e": -4.890079e-05, "ACGS": 0, "ACALD": -4.995317e+00, "ACHBS": 1.534816e-02, "APSR": 5.773551e-01, "EX_cys__L_e": 0, "ACCOAC": 4.609415e-01, "ACLS": 4.618934e-02, "ADOCBIK": 0, "EX_etoh_e": 4.464504e+00, "ACPS1": 0, "ACKr": 5.878316e-01, "EX_fe2_e": -9.739291e-04, "ADA": 0, "ADCL": 0, "EX_fol_e": -6.285232e-05, "ACLDC": 0, "ADCPS2": 1.571308e-05, "EX_for_e": 0, "ADCPS1": 0, "ACOTA": -1.562620e-02, "EX_fru_e": -5, "ACOAD1z": 0, "ACONTa": -9.999428e+02, "ACONTb": -9.999428e+02, "EX_gal_e": 0, "ACOATA": 0, "ADCYRS": 1.571308e-05, "ADCS": 0, "EX_galctn__D_e": 0, "ADD": 0, "ADK1": 6.787377e-01, "ACONT": 1000, "EX_galur_e": 0, "EX_glc__D_e": 0, "EX_glcn_e": 0, "ASNt2r": 0, "EX_glcur_e": 0, "ASP1DC": 3.361049e-05, "EX_gln__L_e": 0, "ASPt2r": 0, "EX_glu__L_e": 0, "ATPM": 4.500000e-01, "ADK2": 1.571308e-05, "EX_gly_e": 0, "ADMDC": 0, "ADOCBLS": 1.571308e-05, "BTDt_RR": 0, "BTOHt": 0, "EX_glyb_e": 0, "ADPRDP": 0, "EX_glyc_e": 1.620279e-03, "ADPT": 1.571308e-04, "BUTKr": 0, "ADSL1r": 1.103692e-02, "EX_h_e": 3.029267e+00, "ADSL2r": 1.155137e-02, "BUTt": 0, "ADSS": 1.103692e-02, "CYRDAR": 7.856540e-06, "AHCYSNS": 1.571308e-04, "AGPAT120": 0, "AGPR": -1.562620e-02, "CYSabc": 0, "AHSERL2": 5.878316e-01, "AIRCr": 1.155137e-02, "Cuabc": 4.890079e-05, "AICART": 1.655616e-02, "ALAALAr": 2.001903e-03, "ALAR": 3.118990e-02, "ALATA_L": -6.032914e-02, "CA2abc": 3.592165e-04, "CITRt2r": 0, "CLt3r_2": 1.796083e-04, "CO2t": -5.050568e+00, "ALCD2y": -4.464504e+00, "DHPTDCs2": 1.571308e-04, "AMMQLT8": 0, "COabc": 1.747464e-05, "DHPPDA": 0, "COt": 0, "ALCD4y": 0, "ALLTN": 0, "CYSSADS": 0, "CYRDAAT": 1.571308e-05, "ALLTNt2r": 0, "METt2r": -5.643488e-01, "AMAA": 0, "ASP4DC": 0, "DGK1": 0, "ANPRT": 3.002889e-03, "CTPS2": 0, "APRAUR": 0, "ASPO2": 1.605834e-04, "CYRDAS": 1.571308e-05, "ASPCT": 8.910162e-03, "ASPK": 6.079622e-01, "ACAFDOR": 0, "ANS": 0, "ASPO2y": 0, "CYSDS": 1.047654e-02, "ASPR": 0, "ATPPRT": 5.004792e-03, "ASPT": 0, "BACCL": 0, "BTDD_RR": 0, "ANS2": 3.002889e-03, "ARABR": 0, "ARAI": 0, "CYSTL": 0, "ARBabc": 0, "ARBt2r": 0, "BTNt2i": 1.409245e-07, "CYSTS": 1.534816e-02, "CBIAT": 0, "CYSS": 0, "CBLAT": 0, "ARGDr": 0, "ARGN": 0, "CYTD": 0, "ARGDC": 0, "CDPMEK": 4.262966e-05, "CBMKr": 2.453636e-02, "ARGSL": 1.562620e-02, "ARGSS": 1.562620e-02, "CBPS": 0, "ASAD": -6.079622e-01, "CHORS": 2.009062e-02, "DCYTD": 0, "CHORM": 1.707201e-02, "CITL": 0, "ARGt2r": 0, "ASNS1": 1.273450e-02, "CODH4": 0, "CYTDK2": 0, "CODH_ACS": 0, "CPC2MT": 1.571308e-05, "CLPNS120": 0, "CLPNS140": 1.880637e-04, "ECOAH1": 0, "CYTK1": 6.064241e-02, "CLPNS160": 5.677143e-04, "CPC3MT": 1.571308e-05, "CYTK2": 0, "D_LACt2": 0, "CPC4MT": 1.571308e-05, "ETOHt": -4.464504e+00, "DAGK120": 0, "FOLt": 6.285232e-05, "CPC6MT": 1.571308e-05, "CPC5MT": 1.571308e-05, "DAPDC": 1.812867e-02, "CPC8MM": 1.571308e-05, "CPC6R": 1.571308e-05, "G3PCT": 2.718609e-02, "DAPE": 2.013057e-02, "CPPPGOAN2": 0, "CS": 5.723641e-02, "DSERt2": 0, "CSND": 0, "G5SADs": 1.167792e-02, "DALAt2r": 0, "FOLR2": 6.285232e-05, "CTPS1": 3.775931e-03, "LDAPAT": -2.013057e-02, "CSNt2": 0, "DASYN120": 0, "FRTT": 0, "DASYN140": 3.874930e-03, "DURAD": 0, "DURIPP": 0, "DUTPDP": 0, "GLCt2": 0, "GLNabc": 0, "GLUabc": 0, "DXPRIi": 4.262966e-05, "DASYN160": 1.169532e-02, "DXPS": 4.262966e-05, "EAR100x": 3.114051e-02, "DASYN161": 1.712578e-02, "ENO": 9.219299e+00, "GPDDA1": 0, "GPDDA2": 0, "DASYN180": 0, "GPDDA4": 0, "FACOAL140": 0, "FACOAL160": 0, "DASYN181": 6.840474e-04, "DB4PS": 0, "FACOAL180": 0, "H2Ot": -6.788674e+00, "DCMPDA": 0, "FBA": 4.968989e+00, "DDPA": 2.009062e-02, "FBA3": 0, "FBP": 3.101083e-02, "H2td": 0, "HACD1": 0, "DDPGA": 0, "HCO3E": 1.169624e+00, "FDH7": 2.812324e-02, "FORt2": 0, "DHAD2": 1.534816e-02, "G1PTT": 0, "HISt2r": 0, "GTPCII": 0, "GK1": 1000, "FE2abc": 9.739291e-04, "FGLU": 0, "FMNAT": 1.571308e-05, "FRD2": 8.910162e-03, "DHAD1": 4.618934e-02, "FRNDPR2r": 4.232920e+00, "GK2": -9.999945e+02, "DHAK": 0, "HPPK": 0, "FRUK": 5, "FUM": 2.930433e-02, "GRTT": 3.875423e-06, "FRUpts": 5, "DHFR": 2.118024e-03, "FTHFLi": 2.813895e-02, "DHDPRy": 2.013057e-02, "G1PACT": 5.091249e-03, "G3PAT140": 3.874930e-03, "GLCURt2r": 0, "GF6PTA": 5.091249e-03, "GHMT2r": 5.747608e-01, "DHDPS": 2.013057e-02, "GLCNt2r": 0, "G1SAT": 1.257046e-04, "G3PAT181": 6.840474e-04, "GLNS": 6.549627e-02, "DHFS": 0, "GLCRD": 0, "G3PAT120": 0, "G3PAT160": 1.169532e-02, "G3PAT161": 1.712578e-02, "GLU5K": 1.167792e-02, "GLUDy": -1.546471e+00, "GLUPRT": 1.156708e-02, "GLUR": -2.001903e-03, "G3PAT180": 0, "G3PD2": -6.963995e-02, "G5SD": 1.167792e-02, "GLUTRR": 1.257046e-04, "GALCTD": 0, "DHNAOT4": 0, "GALCTNt2r": 0, "GLUSy": 0, "GLUTRS": 1.257046e-04, "GLUt2r": 0, "GAPD": 9.848117e+00, "DHNPA_1": 0, "GALUi": 0, "GALURt2r": 0, "GLUt4": 0, "GLYCDx": 0, "GALabc": 0, "DHORTS": -8.910162e-03, "GCCb": 0, "GARFT": 1.156708e-02, "GLYBt2r": 0, "GMPS2": 5.519237e-03, "GLYCK": 0, "GLYCt": 1.620279e-03, "GND": 0, "GCCa": 0, "METR": 0, "DHORD5": 8.910162e-03, "GNK": 0, "DHPS": 0, "GTPCI": 0, "GTPDPK": 0, "GUAD": 0, "HCITS": 0, "MGSA": 0, "DHPS2": 0, "KAS15": 6.676015e-02, "IPDPS": 3.875423e-05, "HAMR": 0, "IMPC": -1.655616e-02, "DHQTi": 2.009062e-02, "HXPRT": 0, "GUAPRT": 0, "LYSDC": 0, "DHQS": 2.009062e-02, "ICDHx": 5.723641e-02, "HYDFDN2r": 0, "HEX1": 0, "HETZK": 0, "HISTD": 5.004792e-03, "HYDFDi": 0, "DMATT": 3.875423e-06, "IGPDH": 5.004792e-03, "IG3PS": 5.004792e-03, "HISDr": 0, "HISTP": 5.004792e-03, "IGPS": 3.002889e-03, "DMPPS": 3.875423e-06, "ILETRS": 0, "HMBS": 1.571308e-05, "HMPK1": 0, "HSK": 0, "DPCOAK": 3.361049e-05, "HSDy": -5.878316e-01, "HSST": 0, "HSTPT": 5.004792e-03, "ILEt2r": 0, "ILETA": -1.534816e-02, "LEUTA": -2.380081e-02, "HXAND": 0, "DPR": 3.361049e-05, "METS": 5.726406e-01,