{"EX_h2_e": 0, "EX_h2o_e": 3.803776e+00, "EX_his__L_e": 0, "EX_ile__L_e": 0, "EX_lac__D_e": 0, "EX_murein4p3p_e": 0, "EX_murein4p4p_e": 0, "EX_murein4px4p_e": 0, "EX_k_e": -6.328328e-03, "EX_murein4px4px4p_e": 0, "EX_alaala_e": 0, "EX_murein5p3p_e": 0, "EX_murein5p4p_e": 0, "EX_murein5p5p_e": 0, "EX_murein5p5p5p_e": 0, "EX_lac__L_e": 0, "EX_leu__L_e": 0, "EX_lys__L_e": 0, "EX_alltn_e": 0, "EX_malt_e": 0, "EX_murein5px3p_e": 0, "EX_murein5px4p_e": 0, "EX_malthx_e": 0, "EX_murein5px4px4p_e": 0, "EX_arab__L_e": 0, "EX_malttr_e": 0, "EX_man_e": 0, "EX_araban__L_e": 0, "EX_met__L_e": 3.492857e-01, "EX_mg2_e": -2.812311e-04, "EX_mn2_e": -2.240977e-05, "EX_na1_e": 0, "EX_nh4_e": -8.371455e-01, "EX_ni2_e": -1.046010e-05, "EX_no2_e": 0, "EX_no3_e": 0, "EX_pi_e": -3.835305e-02, "EX_pro__L_e": 0, "EX_mobd_e": -2.317111e-07, "EX_xan_e": 0, "EX_xyl__D_e": 0, "EX_ptrc_e": 0, "EX_arg__L_e": 0, "EX_pydxn_e": 0, "EX_pyr_e": 8.781703e-01, "EX_zn2_e": -1.102283e-05, "BIOMASS_Cl_DSM_WT_46p666M1": 3.310159e-02, "EX_rib__D_e": 0, "DM_mththf_c": 7.381654e-05, "5HBZIDMT": 7.381654e-06, "5HBZIDS2": 7.381654e-06, "DM_succ_c": 4.185795e-03, "ABUTD": 0, "ACACT1r": 0, "EX_ac_e": 3.553957e-01, "EX_ala__D_e": 9.404492e-04, "EX_asn__L_e": 0, "EX_asp__L_e": 0, "EX_ribflv_e": -1.476331e-05, "EX_rmn_e": 0, "EX_ser__D_e": 0, "EX_btd_RR_e": 0, "EX_ser__L_e": 0, "EX_btn_e": -6.620317e-08, "EX_so4_e": -3.555363e-01, "EX_btoh_e": 0, "EX_spmd_e": 0, "EX_taur_e": 0, "3OAS161": 1.673332e-02, "3OAS180": 0, "EX_thm_e": -7.381654e-06, "EX_but_e": 0, "EX_trp__L_e": 0, "EX_uaagmda_e": 0, "3OAS181": 6.427004e-04, "3OAS60": 3.136243e-02, "3OAS80": 3.136243e-02, "3OAS100": 3.136243e-02, "3OAS120": 1.462911e-02, "3OAS121": 1.673332e-02, "EX_udcpdp_e": 0, "EX_udcpp_e": 0, "3OAS140": 1.462911e-02, "EX_ura_e": 0, "EX_ca2_e": -1.687519e-04, "EX_val__L_e": 0, "3OAR100": 3.136243e-02, "3OAR120": 1.462911e-02, "3OAR121": 1.673332e-02, "EX_citr__L_e": 7.858025e-02, "3OAR140": 1.462911e-02, "3OAR141": 1.673332e-02, "3OAR160": 1.098840e-02, "EX_cl_e": -1.687519e-04, "3OAR161": 1.673332e-02, "3OAR180": 0, "EX_co_e": 0, "3OAR181": 6.427004e-04, "3OAS141": 1.673332e-02, "EX_co2_e": 7.662582e+00, "3OAS160": 1.098840e-02, "ACBIPGT": 7.381654e-06, "4HTHRS": 0, "EX_cobalt2_e": -8.209194e-06, "EX_csn_e": 0, "ACt2r": -3.553957e-01, "ABFA": 0, "ABTA": 0, "ACGK": 8.592109e-02, "EX_cu2_e": -2.297250e-05, "ACGS": 0, "ACALD": -7.038162e+00, "ACHBS": 3.272356e-01, "APSR": 3.553957e-01, "EX_cys__L_e": 0, "ACCOAC": 2.165400e-01, "ACLS": 2.169872e-02, "ADOCBIK": 0, "EX_etoh_e": 6.704631e+00, "ACPS1": 0, "ACKr": 0, "EX_fe2_e": -4.575301e-04, "ADA": 0, "ADCL": 0, "EX_fol_e": -2.952662e-05, "ACLDC": 0, "ADCPS2": 7.381654e-06, "EX_for_e": 0, "ADCPS1": 0, "ACOTA": -8.592109e-02, "EX_fru_e": -5, "ACOAD1z": 0, "ACONTa": 1000, "ACONTb": 1000, "EX_gal_e": 0, "ACOATA": 0, "ADCYRS": 7.381654e-06, "ADCS": 0, "EX_galctn__D_e": 0, "ADD": 0, "ADK1": 4.030230e-01, "ACONT": -9.998945e+02, "EX_galur_e": 0, "EX_glc__D_e": 0, "EX_glcn_e": 0, "ASNt2r": 0, "EX_glcur_e": 0, "ASP1DC": 1.578946e-05, "EX_gln__L_e": 0, "ASPt2r": 0, "EX_glu__L_e": 0, "ATPM": 4.500000e-01, "ADK2": 7.381654e-06, "EX_gly_e": 0, "ADMDC": 0, "ADOCBLS": 7.381654e-06, "BTDt_RR": 0, "BTOHt": 0, "EX_glyb_e": 0, "ADPRDP": 0, "EX_glyc_e": 7.611710e-04, "ADPT": 7.381654e-05, "BUTKr": 0, "ADSL1r": 5.184900e-03, "EX_h_e": 1.624052e+00, "ADSL2r": 5.426575e-03, "BUTt": 0, "ADSS": 5.184900e-03, "CYRDAR": 3.690827e-06, "AHCYSNS": 7.381654e-05, "AGPAT120": 0, "AGPR": -8.592109e-02, "CYSabc": 0, "AHSERL2": 3.531071e-01, "AIRCr": 5.426575e-03, "Cuabc": 2.297250e-05, "AICART": 7.777714e-03, "ALAALAr": 9.404492e-04, "ALAR": 1.465232e-02, "ALATA_L": -2.834128e-02, "CA2abc": 1.687519e-04, "CITRt2r": -7.858025e-02, "CLt3r_2": 8.437594e-05, "CO2t": -7.662582e+00, "ALCD2y": -6.704631e+00, "DHPTDCs2": 7.381654e-05, "AMMQLT8": 0, "COabc": 8.209194e-06, "DHPPDA": 0, "COt": 0, "ALCD4y": 0, "ALLTN": 0, "CYSSADS": 0, "CYRDAAT": 7.381654e-06, "ALLTNt2r": 0, "METt2r": -3.492857e-01, "AMAA": 0, "ASP4DC": 0, "DGK1": 0, "ANPRT": 1.410690e-03, "CTPS2": 0, "APRAUR": 0, "ASPO2": 7.543852e-05, "CYRDAS": 7.381654e-06, "ASPCT": 4.185795e-03, "ASPK": 3.625640e-01, "ACAFDOR": 0, "ANS": 0, "ASPO2y": 0, "CYSDS": 0, "ASPR": 0, "ATPPRT": 2.351140e-03, "ASPT": 0, "BACCL": 0, "BTDD_RR": 0, "ANS2": 1.410690e-03, "ARABR": 0, "ARAI": 0, "CYSTL": 0, "ARBabc": 0, "ARBt2r": 0, "BTNt2i": 6.620317e-08, "CYSTS": 0, "CBIAT": 0, "CYSS": 2.288578e-03, "CBLAT": 0, "ARGDr": 0, "ARGN": 0, "CYTD": 0, "ARGDC": 0, "CDPMEK": 2.002646e-05, "CBMKr": 9.010689e-02, "ARGSL": 7.340840e-03, "ARGSS": 7.340840e-03, "CBPS": 0, "ASAD": -3.625640e-01, "CHORS": 9.438123e-03, "DCYTD": 0, "CHORM": 8.020051e-03, "CITL": 0, "ARGt2r": 0, "ASNS1": 5.982384e-03, "CODH4": 0, "CYTDK2": 0, "CODH_ACS": 0, "CPC2MT": 7.381654e-06, "CLPNS120": 0, "CLPNS140": 8.834814e-05, "ECOAH1": 0, "CYTK1": 2.848845e-02, "CLPNS160": 2.666995e-04, "CPC3MT": 7.381654e-06, "CYTK2": 0, "D_LACt2": 0, "CPC4MT": 7.381654e-06, "ETOHt": -6.704631e+00, "DAGK120": 0, "FOLt": 2.952662e-05, "CPC6MT": 7.381654e-06, "CPC5MT": 7.381654e-06, "DAPDC": 8.516442e-03, "CPC8MM": 7.381654e-06, "CPC6R": 7.381654e-06, "G3PCT": 1.277142e-02, "DAPE": 9.456892e-03, "CPPPGOAN2": 0, "CS": 1.054686e-01, "DSERt2": 0, "CSND": 0, "G5SADs": 5.486025e-03, "DALAt2r": 0, "FOLR2": 2.952662e-05, "CTPS1": 1.773848e-03, "LDAPAT": -9.456892e-03, "CSNt2": 0, "DASYN120": 0, "FRTT": 0, "DASYN140": 1.820356e-03, "DURAD": 0, "DURIPP": 0, "DUTPDP": 0, "GLCt2": 0, "GLNabc": 0, "GLUabc": 0, "DXPRIi": 2.002646e-05, "DASYN160": 5.494201e-03, "DXPS": 2.002646e-05, "EAR100x": 1.462911e-02, "DASYN161": 8.045308e-03, "ENO": 5.019817e+00, "GPDDA1": 0, "GPDDA2": 0, "DASYN180": 0, "GPDDA4": 0, "FACOAL140": 0, "FACOAL160": 0, "DASYN181": 3.213502e-04, "DB4PS": 0, "FACOAL180": 0, "H2Ot": -3.805387e+00, "DCMPDA": 0, "FBA": 4.985432e+00, "DDPA": 9.438123e-03, "FBA3": 0, "FBP": 1.456820e-02, "H2td": 0, "HACD1": 0, "DDPGA": 0, "HCO3E": 7.050003e-01, "FDH7": 1.321167e-02, "FORt2": 0, "DHAD2": 3.272356e-01, "G1PTT": 0, "HISt2r": 0, "GTPCII": 0, "GK1": 1000, "FE2abc": 4.575301e-04, "FGLU": 0, "FMNAT": 7.381654e-06, "FRD2": 4.185795e-03, "DHAD1": 2.169872e-02, "FRNDPR2r": 7.034300e+00, "GK2": -9.999974e+02, "DHAK": 0, "HPPK": 0, "FRUK": 5, "FUM": 1.376652e-02, "GRTT": 1.820587e-06, "FRUpts": 5, "DHFR": 9.950006e-04, "FTHFLi": 1.321905e-02, "DHDPRy": 9.456892e-03, "G1PACT": 2.391755e-03, "G3PAT140": 1.820356e-03, "GLCURt2r": 0, "GF6PTA": 2.391755e-03, "GHMT2r": 3.541770e-01, "DHDPS": 9.456892e-03, "GLCNt2r": 0, "G1SAT": 5.905323e-05, "G3PAT181": 3.213502e-04, "GLNS": 3.076869e-02, "DHFS": 0, "GLCRD": 0, "G3PAT120": 0, "G3PAT160": 5.494201e-03, "G3PAT161": 8.045308e-03, "GLU5K": 5.486025e-03, "GLUDy": -5.574043e+00, "GLUPRT": 5.433956e-03, "GLUR": -9.404492e-04, "G3PAT180": 0, "G3PD2": -3.271529e-02, "G5SD": 5.486025e-03, "GLUTRR": 5.905323e-05, "GALCTD": 0, "DHNAOT4": 0, "GALCTNt2r": 0, "GLUSy": 0, "GLUTRS": 5.905323e-05, "GLUt2r": 0, "GAPD": 9.928649e+00, "DHNPA_1": 0, "GALUi": 0, "GALURt2r": 0, "GLUt4": 0, "GLYCDx": 0, "GALabc": 0, "DHORTS": -4.185795e-03, "GCCb": 0, "GARFT": 5.433956e-03, "GLYBt2r": 0, "GMPS2": 2.592814e-03, "GLYCK": 0, "GLYCt": 7.611710e-04, "GND": 0, "GCCa": 0, "METR": 0, "DHORD5": 4.185795e-03, "GNK": 0, "DHPS": 0, "GTPCI": 0, "GTPDPK": 0, "GUAD": 0, "HCITS": 0, "MGSA": 0, "DHPS2": 0, "KAS15": 3.136243e-02, "IPDPS": 1.820587e-05, "HAMR": 0, "IMPC": -7.777714e-03, "DHQTi": 9.438123e-03, "HXPRT": 0, "GUAPRT": 0, "LYSDC": 0, "DHQS": 9.438123e-03, "ICDHx": 1.054686e-01, "HYDFDN2r": 0, "HEX1": 0, "HETZK": 0, "HISTD": 2.351140e-03, "HYDFDi": 0, "DMATT": 1.820587e-06, "IGPDH": 2.351140e-03, "IG3PS": 2.351140e-03, "HISDr": 0, "HISTP": 2.351140e-03, "IGPS": 1.410690e-03, "DMPPS": 1.820587e-06, "ILETRS": 0, "HMBS": 7.381654e-06, "HMPK1": 0, "HSK": 0, "DPCOAK": 1.578946e-05, "HSDy": -3.531071e-01, "HSST": 0, "HSTPT": 2.351140e-03, "ILEt2r": 0, "ILETA": -7.210221e-03, "LEUTA": -1.118109e-02, "HXAND": 0, "DPR": 1.578946e-05,