{"EX_h2_e": 0, "EX_h2o_e": 8.417404e+00, "EX_his__L_e": 0, "EX_ile__L_e": 0, "EX_lac__D_e": 0, "EX_murein4p3p_e": 0, "EX_murein4p4p_e": 0, "EX_murein4px4p_e": 0, "EX_k_e": -2.432038e-02, "EX_murein4px4px4p_e": 0, "EX_alaala_e": 0, "EX_murein5p3p_e": 0, "EX_murein5p4p_e": 0, "EX_murein5p5p_e": 0, "EX_murein5p5p5p_e": 0, "EX_lac__L_e": 0, "EX_leu__L_e": 0, "EX_lys__L_e": 0, "EX_alltn_e": 0, "EX_malt_e": 0, "EX_murein5px3p_e": 0, "EX_murein5px4p_e": 0, "EX_malthx_e": 0, "EX_murein5px4px4p_e": 0, "EX_arab__L_e": 0, "EX_malttr_e": 0, "EX_man_e": 0, "EX_araban__L_e": 0, "EX_met__L_e": 0, "EX_mg2_e": -1.080798e-03, "EX_mn2_e": -8.612293e-05, "EX_na1_e": 0, "EX_nh4_e": -3.469810e+00, "EX_ni2_e": -4.019918e-05, "EX_no2_e": 0, "EX_no3_e": 0, "EX_pi_e": -1.473945e-01, "EX_pro__L_e": 0, "EX_mobd_e": -8.904882e-07, "EX_xan_e": 0, "EX_xyl__D_e": 0, "EX_ptrc_e": 0, "EX_arg__L_e": 0, "EX_pydxn_e": 0, "EX_pyr_e": 0, "EX_zn2_e": -4.236180e-05, "BIOMASS_Cl_DSM_WT_46p666M1": 1.272126e-01, "EX_rib__D_e": 0, "DM_mththf_c": 2.836841e-04, "5HBZIDMT": 2.836841e-05, "5HBZIDS2": 2.836841e-05, "DM_succ_c": 1.608642e-02, "ABUTD": 0, "ACACT1r": 0, "EX_ac_e": 0, "EX_ala__D_e": 3.614237e-03, "EX_asn__L_e": 0, "EX_asp__L_e": 0, "EX_ribflv_e": -5.673682e-05, "EX_rmn_e": 0, "EX_ser__D_e": 0, "EX_btd_RR_e": 0, "EX_ser__L_e": 0, "EX_btn_e": -2.544252e-07, "EX_so4_e": -4.432006e-02, "EX_btoh_e": 0, "EX_spmd_e": 0, "EX_taur_e": 0, "3OAS161": 6.430775e-02, "3OAS180": 0, "EX_thm_e": -2.836841e-05, "EX_but_e": 0, "EX_trp__L_e": 0, "EX_uaagmda_e": 0, "3OAS181": 2.469960e-03, "3OAS60": 1.205289e-01, "3OAS80": 1.205289e-01, "3OAS100": 1.205289e-01, "3OAS120": 5.622110e-02, "3OAS121": 6.430775e-02, "EX_udcpdp_e": 0, "EX_udcpp_e": 0, "3OAS140": 5.622110e-02, "EX_ura_e": 0, "EX_ca2_e": -6.485298e-04, "EX_val__L_e": 2.500892e+00, "3OAR100": 1.205289e-01, "3OAR120": 5.622110e-02, "3OAR121": 6.430775e-02, "EX_citr__L_e": 0, "3OAR140": 5.622110e-02, "3OAR141": 6.430775e-02, "3OAR160": 4.222950e-02, "EX_cl_e": -6.485298e-04, "3OAR161": 6.430775e-02, "3OAR180": 0, "EX_co_e": 0, "3OAR181": 2.469960e-03, "3OAS141": 6.430775e-02, "EX_co2_e": 6.300101e+00, "3OAS160": 4.222950e-02, "ACBIPGT": 2.836841e-05, "4HTHRS": 0, "EX_cobalt2_e": -3.154873e-05, "EX_csn_e": 0, "ACt2r": 0, "ABFA": 0, "ABTA": 0, "ACGK": 2.821156e-02, "EX_cu2_e": -8.828555e-05, "ACGS": 0, "ACALD": -2.741841e+00, "ACHBS": 2.770958e-02, "APSR": 4.377966e-02, "EX_cys__L_e": 0, "ACCOAC": 8.321843e-01, "ACLS": 2.584282e+00, "ADOCBIK": 0, "EX_etoh_e": 2.825868e+00, "ACPS1": 0, "ACKr": 0, "EX_fe2_e": -1.758333e-03, "ADA": 0, "ADCL": 0, "EX_fol_e": -1.134736e-04, "ACLDC": 0, "ADCPS2": 2.836841e-05, "EX_for_e": 0, "ADCPS1": 0, "ACOTA": -2.821156e-02, "EX_fru_e": -5, "ACOAD1z": 0, "ACONTa": -9.998967e+02, "ACONTb": -9.998967e+02, "EX_gal_e": 0, "ACOATA": 1.205289e-01, "ADCYRS": 2.836841e-05, "ADCS": 0, "EX_galctn__D_e": 0, "ADD": 0, "ADK1": 2.268160e-01, "ACONT": 1000, "EX_galur_e": 0, "EX_glc__D_e": 0, "EX_glcn_e": 0, "ASNt2r": 0, "EX_glcur_e": 0, "ASP1DC": 6.068041e-05, "EX_gln__L_e": 0, "ASPt2r": 0, "EX_glu__L_e": 0, "ATPM": 4.500000e-01, "ADK2": 2.836841e-05, "EX_gly_e": 0, "ADMDC": 0, "ADOCBLS": 2.836841e-05, "BTDt_RR": 0, "BTOHt": 0, "EX_glyb_e": 0, "ADPRDP": 0, "EX_glyc_e": 0, "ADPT": 2.836841e-04, "BUTKr": 0, "ADSL1r": 1.992607e-02, "EX_h_e": 3.167447e+00, "ADSL2r": 2.085485e-02, "BUTt": 0, "ADSS": 1.992607e-02, "CYRDAR": 1.418421e-05, "AHCYSNS": 2.836841e-04, "AGPAT120": 0, "AGPR": -2.821156e-02, "CYSabc": 0, "AHSERL2": 2.348154e-02, "AIRCr": 2.085485e-02, "Cuabc": 8.828555e-05, "AICART": 2.989051e-02, "ALAALAr": 3.614237e-03, "ALAR": 5.631028e-02, "ALATA_L": -1.089183e-01, "CA2abc": 6.485298e-04, "CITRt2r": 0, "CLt3r_2": 3.242649e-04, "CO2t": -6.300101e+00, "ALCD2y": 0, "DHPTDCs2": 2.836841e-04, "AMMQLT8": 0, "COabc": 3.154873e-05, "DHPPDA": 0, "COt": 0, "ALCD4y": 0, "ALLTN": 0, "CYSSADS": 0, "CYRDAAT": 2.836841e-05, "ALLTNt2r": 0, "METt2r": 0, "AMAA": 0, "ASP4DC": 0, "DGK1": 0, "ANPRT": 5.421419e-03, "CTPS2": 0, "APRAUR": 0, "ASPO2": 2.899175e-04, "CYRDAS": 2.836841e-05, "ASPCT": 1.608642e-02, "ASPK": 1.634803e-01, "ACAFDOR": -2.348154e-02, "ANS": 0, "ASPO2y": 0, "CYSDS": 0, "ASPR": 0, "ATPPRT": 9.035657e-03, "ASPT": 0, "BACCL": 0, "BTDD_RR": 0, "ANS2": 5.421419e-03, "ARABR": 0, "ARAI": 0, "CYSTL": 0, "ARBabc": 0, "ARBt2r": 0, "BTNt2i": 2.544252e-07, "CYSTS": 8.795225e-03, "CBIAT": 0, "CYSS": 0, "CBLAT": 0, "ARGDr": 0, "ARGN": 0, "CYTD": 0, "ARGDC": 0, "CDPMEK": 7.696362e-05, "CBMKr": 4.429797e-02, "ARGSL": 2.821156e-02, "ARGSS": 2.821156e-02, "CBPS": 0, "ASAD": -1.634803e-01, "CHORS": 3.627162e-02, "DCYTD": 0, "CHORM": 3.082183e-02, "CITL": 0, "ARGt2r": 0, "ASNS1": 2.299088e-02, "CODH4": 0, "CYTDK2": 0, "CODH_ACS": 0, "CPC2MT": 2.836841e-05, "CLPNS120": 0, "CLPNS140": 3.395304e-04, "ECOAH1": 0, "CYTK1": 1.094839e-01, "CLPNS160": 1.024952e-03, "CPC3MT": 2.836841e-05, "CYTK2": 0, "D_LACt2": 0, "CPC4MT": 2.836841e-05, "ETOHt": -2.825868e+00, "DAGK120": 0, "FOLt": 1.134736e-04, "CPC6MT": 2.836841e-05, "CPC5MT": 2.836841e-05, "DAPDC": 3.272951e-02, "CPC8MM": 2.836841e-05, "CPC6R": 2.836841e-05, "G3PCT": 4.908180e-02, "DAPE": 3.634375e-02, "CPPPGOAN2": 0, "CS": 1.033347e-01, "DSERt2": 0, "CSND": 0, "G5SADs": 2.108333e-02, "DALAt2r": 0, "FOLR2": 1.134736e-04, "CTPS1": 6.817069e-03, "LDAPAT": -3.634375e-02, "CSNt2": 0, "DASYN120": 0, "FRTT": 0, "DASYN140": 6.995803e-03, "DURAD": 0, "DURIPP": 0, "DUTPDP": 0, "GLCt2": 0, "GLNabc": 0, "GLUabc": 0, "DXPRIi": 7.696362e-05, "DASYN160": 2.111475e-02, "DXPS": 7.696362e-05, "EAR100x": 5.622110e-02, "DASYN161": 3.091890e-02, "ENO": 9.631238e+00, "GPDDA1": 0, "GPDDA2": 0, "DASYN180": 0, "GPDDA4": 0, "FACOAL140": 0, "FACOAL160": 0, "DASYN181": 1.234980e-03, "DB4PS": 0, "FACOAL180": 0, "H2Ot": -8.423595e+00, "DCMPDA": 0, "FBA": 4.944013e+00, "DDPA": 3.627162e-02, "FBA3": 0, "FBP": 5.598699e-02, "H2td": 0, "HACD1": 0, "DDPGA": 0, "HCO3E": 1.177504e+00, "FDH7": 5.077373e-02, "FORt2": 0, "DHAD2": 2.770958e-02, "G1PTT": 0, "HISt2r": 0, "GTPCII": 0, "GK1": 1000, "FE2abc": 1.758333e-03, "FGLU": 0, "FMNAT": 2.836841e-05, "FRD2": 1.608642e-02, "DHAD1": 2.584282e+00, "FRNDPR2r": 3.682972e+00, "GK2": -9.999900e+02, "DHAK": 2.925254e-03, "HPPK": 0, "FRUK": 5, "FUM": 5.290607e-02, "GRTT": 6.996693e-06, "FRUpts": 5, "DHFR": 3.823884e-03, "FTHFLi": 5.080210e-02, "DHDPRy": 3.634375e-02, "G1PACT": 9.191747e-03, "G3PAT140": 6.995803e-03, "GLCURt2r": 0, "GF6PTA": 9.191747e-03, "GHMT2r": 1.879782e-02, "DHDPS": 3.634375e-02, "GLCNt2r": 0, "G1SAT": 2.269473e-04, "G3PAT181": 1.234980e-03, "GLNS": 1.182470e-01, "DHFS": 0, "GLCRD": 0, "G3PAT120": 0, "G3PAT160": 2.111475e-02, "G3PAT161": 3.091890e-02, "GLU5K": 2.108333e-02, "GLUDy": -3.320967e+00, "GLUPRT": 2.088322e-02, "GLUR": -3.614237e-03, "G3PAT180": 0, "G3PD2": -1.257280e-01, "G5SD": 2.108333e-02, "GLUTRR": 2.269473e-04, "GALCTD": 0, "DHNAOT4": 0, "GALCTNt2r": 0, "GLUSy": 0, "GLUTRS": 2.269473e-04, "GLUt2r": 0, "GAPD": 9.728716e+00, "DHNPA_1": 0, "GALUi": 0, "GALURt2r": 0, "GLUt4": 0, "GLYCDx": 2.925254e-03, "GALabc": 0, "DHORTS": -1.608642e-02, "GCCb": 0, "GARFT": 2.088322e-02, "GLYBt2r": 0, "GMPS2": 9.964436e-03, "GLYCK": 0, "GLYCt": 0, "GND": 0, "GCCa": 0, "METR": 0, "DHORD5": 1.608642e-02, "GNK": 0, "DHPS": 0, "GTPCI": 0, "GTPDPK": 0, "GUAD": 0, "HCITS": 0, "MGSA": 0, "DHPS2": 0, "KAS15": 0, "IPDPS": 6.996693e-05, "HAMR": 0, "IMPC": -2.989051e-02, "DHQTi": 3.627162e-02, "HXPRT": 0, "GUAPRT": 0, "LYSDC": 0, "DHQS": 3.627162e-02, "ICDHx": 1.033347e-01, "HYDFDN2r": 0, "HEX1": 0, "HETZK": 0, "HISTD": 9.035657e-03, "HYDFDi": 0, "DMATT": 6.996693e-06, "IGPDH": 9.035657e-03, "IG3PS": 9.035657e-03, "HISDr": 0, "HISTP": 9.035657e-03, "IGPS": 5.421419e-03, "DMPPS": 6.996693e-06, "ILETRS": 0, "HMBS": 2.836841e-05, "HMPK1": 0, "HSK": 1.036550e-01, "DPCOAK": 6.068041e-05, "HSDy": -1.271365e-01, "HSST": 0, "HSTPT": 9.035657e-03, "ILEt2r": 0, "ILETA": -2.770958e-02, "LEUTA": -4.297000e-02, "HXAND": 0, "DPR": 6.068041e-05, "METS": 1.497000e-02, "LEUt2r": 0, "IMPD": 9.964436e-03,