{"EX_h2_e": 0, "EX_h2o_e": 2.944202e+00, "EX_his__L_e": 0, "EX_ile__L_e": 0, "EX_lac__D_e": 0, "EX_murein4p3p_e": 0, "EX_murein4p4p_e": 0, "EX_murein4px4p_e": 0, "EX_k_e": -1.036688e-02, "EX_murein4px4px4p_e": 0, "EX_alaala_e": 0, "EX_murein5p3p_e": 0, "EX_murein5p4p_e": 0, "EX_murein5p5p_e": 0, "EX_murein5p5p5p_e": 0, "EX_lac__L_e": 0, "EX_leu__L_e": 0, "EX_lys__L_e": 0, "EX_alltn_e": 0, "EX_malt_e": 0, "EX_murein5px3p_e": 0, "EX_murein5px4p_e": 0, "EX_malthx_e": 0, "EX_murein5px4px4p_e": 0, "EX_arab__L_e": 0, "EX_malttr_e": 0, "EX_man_e": 0, "EX_araban__L_e": 0, "EX_met__L_e": 1.851843e-01, "EX_mg2_e": -4.607044e-04, "EX_mn2_e": -3.671103e-05, "EX_na1_e": 0, "EX_nh4_e": -5.981983e-01, "EX_ni2_e": -1.713543e-05, "EX_no2_e": 0, "EX_no3_e": 0, "EX_pi_e": -6.282883e-02, "EX_pro__L_e": 0, "EX_mobd_e": -3.795822e-07, "EX_xan_e": 0, "EX_xyl__D_e": 0, "EX_ptrc_e": 0, "EX_arg__L_e": 0, "EX_pydxn_e": 0, "EX_pyr_e": 0, "EX_zn2_e": -1.805727e-05, "BIOMASS_Cl_DSM_WT_46p666M1": 5.422603e-02, "EX_rib__D_e": 0, "DM_mththf_c": 1.209241e-04, "5HBZIDMT": 1.209241e-05, "5HBZIDS2": 1.209241e-05, "DM_succ_c": 6.857045e-03, "ABUTD": 0, "ACACT1r": 0, "EX_ac_e": 0, "EX_ala__D_e": 1.540616e-03, "EX_asn__L_e": 0, "EX_asp__L_e": 0, "EX_ribflv_e": -2.418481e-05, "EX_rmn_e": 0, "EX_ser__D_e": 0, "EX_btd_RR_e": 7.966923e-01, "EX_ser__L_e": 0, "EX_btn_e": -1.084521e-07, "EX_so4_e": -1.954240e-01, "EX_btoh_e": 0, "EX_spmd_e": 0, "EX_taur_e": 0, "3OAS161": 2.741202e-02, "3OAS180": 0, "EX_thm_e": -1.209241e-05, "EX_but_e": 0, "EX_trp__L_e": 0, "EX_uaagmda_e": 0, "3OAS181": 1.052853e-03, "3OAS60": 5.137700e-02, "3OAS80": 5.137700e-02, "3OAS100": 5.137700e-02, "3OAS120": 2.396498e-02, "3OAS121": 2.741202e-02, "EX_udcpdp_e": 0, "EX_udcpp_e": 0, "3OAS140": 2.396498e-02, "EX_ura_e": 0, "EX_ca2_e": -2.764443e-04, "EX_val__L_e": 0, "3OAR100": 5.137700e-02, "3OAR120": 2.396498e-02, "3OAR121": 2.741202e-02, "EX_citr__L_e": 0, "3OAR140": 2.396498e-02, "3OAR141": 2.741202e-02, "3OAR160": 1.800087e-02, "EX_cl_e": -2.764443e-04, "3OAR161": 2.741202e-02, "3OAR180": 0, "EX_co_e": 0, "3OAR181": 1.052853e-03, "3OAS141": 2.741202e-02, "EX_co2_e": 9.027975e+00, "3OAS160": 1.800087e-02, "ACBIPGT": 1.209241e-05, "4HTHRS": 0, "EX_cobalt2_e": -1.344806e-05, "EX_csn_e": 0, "ACt2r": 0, "ABFA": 0, "ABTA": 0, "ACGK": 1.202554e-02, "EX_cu2_e": -3.763287e-05, "ACGS": 0, "ACALD": -6.798689e+00, "ACHBS": 1.490625e-01, "APSR": 1.951936e-01, "EX_cys__L_e": 0, "ACCOAC": 3.547294e-01, "ACLS": 8.322385e-01, "ADOCBIK": 0, "EX_etoh_e": 6.834506e+00, "ACPS1": 0, "ACKr": 0, "EX_fe2_e": -7.495122e-04, "ADA": 0, "ADCL": 0, "EX_fol_e": -4.836962e-05, "ACLDC": 7.966923e-01, "ADCPS2": 1.209241e-05, "EX_for_e": 0, "ADCPS1": 0, "ACOTA": -1.202554e-02, "EX_fru_e": -5, "ACOAD1z": 0, "ACONTa": -9.999560e+02, "ACONTb": -9.999560e+02, "EX_gal_e": 0, "ACOATA": 5.137700e-02, "ADCYRS": 1.209241e-05, "ADCS": 0, "EX_galctn__D_e": 0, "ADD": 0, "ADK1": 2.732152e-01, "ACONT": 1000, "EX_galur_e": 0, "EX_glc__D_e": 0, "EX_glcn_e": 0, "ASNt2r": 0, "EX_glcur_e": 0, "ASP1DC": 2.586582e-05, "EX_gln__L_e": 0, "ASPt2r": 0, "EX_glu__L_e": 0, "ATPM": 4.500000e-01, "ADK2": 1.209241e-05, "EX_gly_e": 0, "ADMDC": 0, "ADOCBLS": 1.209241e-05, "BTDt_RR": 7.966923e-01, "BTOHt": 0, "EX_glyb_e": 0, "ADPRDP": 0, "EX_glyc_e": 1.246928e-03, "ADPT": 1.209241e-04, "BUTKr": 0, "ADSL1r": 8.493749e-03, "EX_h_e": 2.534990e-01, "ADSL2r": 8.889653e-03, "BUTt": 0, "ADSS": 8.493749e-03, "CYRDAR": 6.046203e-06, "AHCYSNS": 1.209241e-04, "AGPAT120": 0, "AGPR": -1.202554e-02, "CYSabc": 0, "AHSERL2": 1.914445e-01, "AIRCr": 8.889653e-03, "Cuabc": 3.763287e-05, "AICART": 1.274122e-02, "ALAALAr": 1.540616e-03, "ALAR": 2.400299e-02, "ALATA_L": -4.642784e-02, "CA2abc": 2.764443e-04, "CITRt2r": 0, "CLt3r_2": 1.382222e-04, "CO2t": -9.027975e+00, "ALCD2y": -6.834506e+00, "DHPTDCs2": 1.209241e-04, "AMMQLT8": 0, "COabc": 1.344806e-05, "DHPPDA": 0, "COt": 0, "ALCD4y": 0, "ALLTN": 0, "CYSSADS": 0, "CYRDAAT": 1.209241e-05, "ALLTNt2r": 0, "METt2r": -1.851843e-01, "AMAA": 0, "ASP4DC": 0, "DGK1": 0, "ANPRT": 2.310951e-03, "CTPS2": 0, "APRAUR": 0, "ASPO2": 1.235811e-04, "CYRDAS": 1.209241e-05, "ASPCT": 6.857045e-03, "ASPK": 2.069365e-01, "ACAFDOR": -1.951936e-01, "ANS": 0, "ASPO2y": 0, "CYSDS": 0, "ASPR": 0, "ATPPRT": 3.851567e-03, "ASPT": 0, "BACCL": 0, "BTDD_RR": -7.966923e-01, "ANS2": 2.310951e-03, "ARABR": 0, "ARAI": 0, "CYSTL": 4.623916e+00, "ARBabc": 0, "ARBt2r": 0, "BTNt2i": 1.084521e-07, "CYSTS": 4.623916e+00, "CBIAT": 0, "CYSS": 3.749080e-03, "CBLAT": 0, "ARGDr": 0, "ARGN": 0, "CYTD": 0, "ARGDC": 0, "CDPMEK": 3.280675e-05, "CBMKr": 1.888259e-02, "ARGSL": 1.202554e-02, "ARGSS": 1.202554e-02, "CBPS": 0, "ASAD": -2.069365e-01, "CHORS": 1.546125e-02, "DCYTD": 0, "CHORM": 1.313821e-02, "CITL": 0, "ARGt2r": 0, "ASNS1": 9.800163e-03, "CODH4": 0, "CYTDK2": 0, "CODH_ACS": 0, "CPC2MT": 1.209241e-05, "CLPNS120": 0, "CLPNS140": 1.447293e-04, "ECOAH1": 0, "CYTK1": 4.666893e-02, "CLPNS160": 4.368992e-04, "CPC3MT": 1.209241e-05, "CYTK2": 0, "D_LACt2": 0, "CPC4MT": 1.209241e-05, "ETOHt": -6.834506e+00, "DAGK120": 0, "FOLt": 4.836962e-05, "CPC6MT": 1.209241e-05, "CPC5MT": 1.209241e-05, "DAPDC": 1.395138e-02, "CPC8MM": 1.209241e-05, "CPC6R": 1.209241e-05, "G3PCT": 2.092176e-02, "DAPE": 1.549200e-02, "CPPPGOAN2": 0, "CS": 4.404775e-02, "DSERt2": 0, "CSND": 0, "G5SADs": 8.987043e-03, "DALAt2r": 0, "FOLR2": 4.836962e-05, "CTPS1": 2.905865e-03, "LDAPAT": -1.549200e-02, "CSNt2": 0, "DASYN120": 0, "FRTT": 0, "DASYN140": 2.982052e-03, "DURAD": 0, "DURIPP": 0, "DUTPDP": 0, "GLCt2": 0, "GLNabc": 0, "GLUabc": 0, "DXPRIi": 3.280675e-05, "DASYN160": 9.000437e-03, "DXPS": 3.280675e-05, "EAR100x": 2.396498e-02, "DASYN161": 1.317958e-02, "ENO": 5.032463e+00, "GPDDA1": 0, "GPDDA2": 0, "DASYN180": 0, "GPDDA4": 0, "FACOAL140": 0, "FACOAL160": 0, "DASYN181": 5.264263e-04, "DB4PS": 0, "FACOAL180": 0, "H2Ot": -2.946841e+00, "DCMPDA": 0, "FBA": 4.976135e+00, "DDPA": 1.546125e-02, "FBA3": 0, "FBP": 2.386518e-02, "H2td": 0, "HACD1": 0, "DDPGA": 0, "HCO3E": 6.391776e-01, "FDH7": 2.164297e-02, "FORt2": 0, "DHAD2": 1.490625e-01, "G1PTT": 0, "HISt2r": 0, "GTPCII": 0, "GK1": -9.999942e+02, "FE2abc": 7.495122e-04, "FGLU": 0, "FMNAT": 1.209241e-05, "FRD2": 6.857045e-03, "DHAD1": 3.554620e-02, "FRNDPR2r": 6.692942e+00, "GK2": 9.999984e+02, "DHAK": 0, "HPPK": 0, "FRUK": 5, "FUM": 2.255190e-02, "GRTT": 2.982432e-06, "FRUpts": 5, "DHFR": 1.629980e-03, "FTHFLi": 2.165506e-02, "DHDPRy": 1.549200e-02, "G1PACT": 3.918102e-03, "G3PAT140": 2.982052e-03, "GLCURt2r": 0, "GF6PTA": 3.918102e-03, "GHMT2r": 1.931971e-01, "DHDPS": 1.549200e-02, "GLCNt2r": 0, "G1SAT": 9.673924e-05, "G3PAT181": 5.264263e-04, "GLNS": 5.040435e-02, "DHFS": 0, "GLCRD": 0, "G3PAT120": 0, "G3PAT160": 9.000437e-03, "G3PAT161": 1.317958e-02, "GLU5K": 8.987043e-03, "GLUDy": -5.295919e+00, "GLUPRT": 8.901746e-03, "GLUR": -1.540616e-03, "G3PAT180": 0, "G3PD2": -5.359322e-02, "G5SD": 8.987043e-03, "GLUTRR": 9.673924e-05, "GALCTD": 0, "DHNAOT4": 0, "GALCTNt2r": 0, "GLUSy": 0, "GLUTRS": 9.673924e-05, "GLUt2r": 0, "GAPD": 9.883115e+00, "DHNPA_1": 0, "GALUi": 0, "GALURt2r": 0, "GLUt4": 0, "GLYCDx": 0, "GALabc": 0, "DHORTS": -6.857045e-03, "GCCb": 0, "GARFT": 8.901746e-03, "GLYBt2r": 0, "GMPS2": 4.247471e-03, "GLYCK": 0, "GLYCt": 1.246928e-03, "GND": 0, "GCCa": 0, "METR": 0, "DHORD5": 6.857045e-03, "GNK": 0, "DHPS": 0, "GTPCI": 0, "GTPDPK": 0, "GUAD": 0, "HCITS": 0, "MGSA": 0, "DHPS2": 0, "KAS15": 0, "IPDPS": 2.982432e-05, "HAMR": 0, "IMPC": -1.274122e-02, "DHQTi": 1.546125e-02, "HXPRT": 0, "GUAPRT": 0, "LYSDC": 0, "DHQS": 1.546125e-02, "ICDHx": 4.404775e-02, "HYDFDN2r": 0, "HEX1": 0, "HETZK": 0, "HISTD": 3.851567e-03, "HYDFDi": 0, "DMATT": 2.982432e-06, "IGPDH": 3.851567e-03, "IG3PS": 3.851567e-03, "HISDr": 0, "HISTP": 3.851567e-03, "IGPS": 2.310951e-03, "DMPPS": 2.982432e-06, "ILETRS": 0, "HMBS": 1.209241e-05, "HMPK1": 0, "HSK": 0, "DPCOAK": 2.586582e-05, "HSDy": -1.914445e-01, "HSST": 0, "HSTPT": 3.851567e-03, "ILEt2r": 0, "ILETA": -1.181157e-02, "LEUTA": -1.831652e-02,