{"EX_h2_e": 0, "EX_h2o_e": 3.446145e+00, "EX_his__L_e": 0, "EX_ile__L_e": 0, "EX_lac__D_e": 0, "EX_murein4p3p_e": 0, "EX_murein4p4p_e": 0, "EX_murein4px4p_e": 0, "EX_k_e": -4.703567e-03, "EX_murein4px4px4p_e": 0, "EX_alaala_e": 0, "EX_murein5p3p_e": 0, "EX_murein5p4p_e": 0, "EX_murein5p5p_e": 0, "EX_murein5p5p5p_e": 0, "EX_lac__L_e": 0, "EX_leu__L_e": 0, "EX_lys__L_e": 0, "EX_alltn_e": 0, "EX_malt_e": 0, "EX_murein5px3p_e": 0, "EX_murein5px4p_e": 0, "EX_malthx_e": 0, "EX_murein5px4px4p_e": 0, "EX_arab__L_e": 0, "EX_malttr_e": 0, "EX_man_e": 0, "EX_araban__L_e": 0, "EX_met__L_e": 1.715850e-01, "EX_mg2_e": -2.090267e-04, "EX_mn2_e": -1.665620e-05, "EX_na1_e": 0, "EX_nh4_e": -1.108160e+00, "EX_ni2_e": -7.774532e-06, "EX_no2_e": 0, "EX_no3_e": 0, "EX_pi_e": -1.783432e-01, "EX_pro__L_e": 0, "EX_mobd_e": -1.722206e-07, "EX_xan_e": 0, "EX_xyl__D_e": 0, "EX_ptrc_e": 0, "EX_arg__L_e": 0, "EX_pydxn_e": 0, "EX_pyr_e": 8.965510e-01, "EX_zn2_e": -8.192782e-06, "BIOMASS_Cl_DSM_WT_46p666M1": 2.460295e-02, "EX_rib__D_e": 0, "DM_mththf_c": 5.486458e-05, "5HBZIDMT": 5.486458e-06, "5HBZIDS2": 5.486458e-06, "DM_succ_c": 3.111117e-03, "ABUTD": 0, "ACACT1r": 0, "EX_ac_e": 1.761264e-01, "EX_ala__D_e": 6.989944e-04, "EX_asn__L_e": 0, "EX_asp__L_e": 0, "EX_ribflv_e": -1.097292e-05, "EX_rmn_e": 0, "EX_ser__D_e": 0, "EX_btd_RR_e": 0, "EX_ser__L_e": 0, "EX_btn_e": -4.920590e-08, "EX_so4_e": -1.762309e-01, "EX_btoh_e": 0, "EX_spmd_e": 0, "EX_taur_e": 0, "3OAS161": 1.243714e-02, "3OAS180": 0, "EX_thm_e": -5.486458e-06, "EX_but_e": 0, "EX_trp__L_e": 0, "EX_uaagmda_e": 0, "3OAS181": 4.776909e-04, "3OAS60": 2.331031e-02, "3OAS80": 2.331031e-02, "3OAS100": 2.331031e-02, "3OAS120": 1.087317e-02, "3OAS121": 1.243714e-02, "EX_udcpdp_e": 0, "EX_udcpp_e": 0, "3OAS140": 1.087317e-02, "EX_ura_e": 0, "EX_ca2_e": -1.254258e-04, "EX_val__L_e": 0, "3OAR100": 2.331031e-02, "3OAR120": 1.087317e-02, "3OAR121": 1.243714e-02, "EX_citr__L_e": 0, "3OAR140": 1.087317e-02, "3OAR141": 1.243714e-02, "3OAR160": 8.167195e-03, "EX_cl_e": -1.254258e-04, "3OAR161": 1.243714e-02, "3OAR180": 0, "EX_co_e": 0, "3OAR181": 4.776909e-04, "3OAS141": 1.243714e-02, "EX_co2_e": 7.400822e+00, "3OAS160": 8.167195e-03, "ACBIPGT": 5.486458e-06, "4HTHRS": 0, "EX_cobalt2_e": -6.101531e-06, "EX_csn_e": 0, "ACt2r": -1.761264e-01, "ABFA": 0, "ABTA": 0, "ACGK": 5.456122e-03, "EX_cu2_e": -1.707445e-05, "ACGS": 0, "ACALD": -7.773927e+00, "ACHBS": 5.359039e-03, "APSR": 1.761264e-01, "EX_cys__L_e": 0, "ACCOAC": 1.609446e-01, "ACLS": 1.612770e-02, "ADOCBIK": 0, "EX_etoh_e": 7.763889e+00, "ACPS1": 0, "ACKr": 0, "EX_fe2_e": -3.400620e-04, "ADA": 0, "ADCL": 0, "EX_fol_e": -2.194583e-05, "ACLDC": 0, "ADCPS2": 5.486458e-06, "EX_for_e": 0, "ADCPS1": 0, "ACOTA": -5.456122e-03, "EX_fru_e": -5, "ACOAD1z": 0, "ACONTa": 1000, "ACONTb": 1000, "EX_gal_e": 0, "ACOATA": 2.331031e-02, "ADCYRS": 5.486458e-06, "ADCS": 0, "EX_galctn__D_e": 0, "ADD": 0, "ADK1": 3.613627e-01, "ACONT": -9.999800e+02, "EX_galur_e": 0, "EX_glc__D_e": 0, "EX_glcn_e": 0, "ASNt2r": 0, "EX_glcur_e": 0, "ASP1DC": 1.173561e-05, "EX_gln__L_e": 0, "ASPt2r": 0, "EX_glu__L_e": 0, "ATPM": 4.500000e-01, "ADK2": 5.486458e-06, "EX_gly_e": 0, "ADMDC": 0, "ADOCBLS": 5.486458e-06, "BTDt_RR": 0, "BTOHt": 0, "EX_glyb_e": 0, "ADPRDP": 0, "EX_glyc_e": 5.657448e-04, "ADPT": 5.486458e-05, "BUTKr": 0, "ADSL1r": 3.853707e-03, "EX_h_e": 2.086715e+00, "ADSL2r": 1.538705e-01, "BUTt": 0, "ADSS": 1.536908e-01, "CYRDAR": 2.743229e-06, "AHCYSNS": 5.486458e-05, "AGPAT120": 0, "AGPR": -5.456122e-03, "CYSabc": 0, "AHSERL2": 1.744254e-01, "AIRCr": 1.538705e-01, "Cuabc": 1.707445e-05, "AICART": 1.556179e-01, "ALAALAr": 6.989944e-04, "ALAR": 1.089042e-02, "ALATA_L": -2.106482e-02, "CA2abc": 1.254258e-04, "CITRt2r": 0, "CLt3r_2": 6.271292e-05, "CO2t": -7.400822e+00, "ALCD2y": -7.763889e+00, "DHPTDCs2": 5.486458e-05, "AMMQLT8": 0, "COabc": 6.101531e-06, "DHPPDA": 0, "COt": 0, "ALCD4y": 0, "ALLTN": 0, "CYSSADS": 0, "CYRDAAT": 5.486458e-06, "ALLTNt2r": 0, "METt2r": -1.715850e-01, "AMAA": 0, "ASP4DC": 0, "DGK1": 0, "ANPRT": 1.048504e-03, "CTPS2": 0, "APRAUR": 0, "ASPO2": 5.607012e-05, "CYRDAS": 5.486458e-06, "ASPCT": 3.111117e-03, "ASPK": 1.814542e-01, "ACAFDOR": 0, "ANS": 0, "ASPO2y": 0, "CYSDS": 0, "ASPR": 0, "ATPPRT": 1.747498e-03, "ASPT": 0, "BACCL": 0, "BTDD_RR": 0, "ANS2": 1.048504e-03, "ARABR": 0, "ARAI": 0, "CYSTL": 0, "ARBabc": 0, "ARBt2r": 0, "BTNt2i": 4.920590e-08, "CYSTS": 0, "CBIAT": 0, "CYSS": 1.700999e-03, "CBLAT": 0, "ARGDr": 0, "ARGN": 0, "CYTD": 0, "ARGDC": 0, "CDPMEK": 1.488478e-05, "CBMKr": 8.567239e-03, "ARGSL": 5.456122e-03, "ARGSS": 5.456122e-03, "CBPS": 0, "ASAD": -1.814542e-01, "CHORS": 7.014940e-03, "DCYTD": 0, "CHORM": 5.960950e-03, "CITL": 0, "ARGt2r": 0, "ASNS1": 4.446442e-03, "CODH4": 0, "CYTDK2": 0, "CODH_ACS": 0, "CPC2MT": 5.486458e-06, "CLPNS120": 0, "CLPNS140": 6.566527e-05, "ECOAH1": 0, "CYTK1": 2.117421e-02, "CLPNS160": 1.982260e-04, "CPC3MT": 5.486458e-06, "CYTK2": 0, "D_LACt2": 0, "CPC4MT": 5.486458e-06, "ETOHt": -7.763889e+00, "DAGK120": 0, "FOLt": 2.194583e-05, "CPC6MT": 5.486458e-06, "CPC5MT": 5.486458e-06, "DAPDC": 6.329896e-03, "CPC8MM": 5.486458e-06, "CPC6R": 5.486458e-06, "G3PCT": 9.492433e-03, "DAPE": 7.028890e-03, "CPPPGOAN2": 0, "CS": 1.998495e-02, "DSERt2": 0, "CSND": 0, "G5SADs": 4.077521e-03, "DALAt2r": 0, "FOLR2": 2.194583e-05, "CTPS1": 1.318423e-03, "LDAPAT": -7.028890e-03, "CSNt2": 0, "DASYN120": 0, "FRTT": 0, "DASYN140": 1.352990e-03, "DURAD": 0, "DURIPP": 0, "DUTPDP": 0, "GLCt2": 0, "GLNabc": 0, "GLUabc": 0, "DXPRIi": 1.488478e-05, "DASYN160": 4.083597e-03, "DXPS": 1.488478e-05, "EAR100x": 1.087317e-02, "DASYN161": 5.979722e-03, "ENO": 5.014729e+00, "GPDDA1": 0, "GPDDA2": 0, "DASYN180": 0, "GPDDA4": 0, "FACOAL140": 0, "FACOAL160": 0, "DASYN181": 2.388454e-04, "DB4PS": 0, "FACOAL180": 0, "H2Ot": -3.447343e+00, "DCMPDA": 0, "FBA": 4.889281e+00, "DDPA": 7.014940e-03, "FBA3": 0, "FBP": 1.107193e-01, "H2td": 0, "HACD1": 0, "DDPGA": 0, "HCO3E": 5.274039e-01, "FDH7": 3.094939e-01, "FORt2": 0, "DHAD2": 5.359039e-03, "G1PTT": 0, "HISt2r": 0, "GTPCII": 0, "GK1": -9.999981e+02, "FE2abc": 3.400620e-04, "FGLU": 0, "FMNAT": 5.486458e-06, "FRD2": 3.111117e-03, "DHAD1": 1.612770e-02, "FRNDPR2r": 6.902849e+00, "GK2": 1000, "DHAK": 0, "HPPK": 0, "FRUK": 5, "FUM": 1.600692e-01, "GRTT": 1.353162e-06, "FRUpts": 5, "DHFR": 7.395400e-04, "FTHFLi": 3.094994e-01, "DHDPRy": 7.028890e-03, "G1PACT": 1.777686e-03, "G3PAT140": 1.352990e-03, "GLCURt2r": 0, "GF6PTA": 1.777686e-03, "GHMT2r": 1.752205e-01, "DHDPS": 7.028890e-03, "GLCNt2r": 0, "G1SAT": 4.389166e-05, "G3PAT181": 2.388454e-04, "GLNS": 3.225432e-01, "DHFS": 0, "GLCRD": 0, "G3PAT120": 0, "G3PAT160": 4.083597e-03, "G3PAT161": 5.979722e-03, "GLU5K": 4.077521e-03, "GLUDy": -5.271772e+00, "GLUPRT": 1.538759e-01, "GLUR": -6.989944e-04, "G3PAT180": 0, "G3PD2": -2.431583e-02, "G5SD": 4.077521e-03, "GLUTRR": 4.389166e-05, "GALCTD": 0, "DHNAOT4": 0, "GALCTNt2r": 0, "GLUSy": 0, "GLUTRS": 4.389166e-05, "GLUt2r": 0, "GAPD": 9.697239e+00, "DHNPA_1": 0, "GALUi": 0, "GALURt2r": 0, "GLUt4": 0, "GLYCDx": 0, "GALabc": 0, "DHORTS": -3.111117e-03, "GCCb": 0, "GARFT": 1.538759e-01, "GLYBt2r": 0, "GMPS2": 1.927124e-03, "GLYCK": 0, "GLYCt": 5.657448e-04, "GND": 0, "GCCa": 0, "METR": 0, "DHORD5": 3.111117e-03, "GNK": 0, "DHPS": 0, "GTPCI": 0, "GTPDPK": 0, "GUAD": 0, "HCITS": 0, "MGSA": 0, "DHPS2": 0, "KAS15": 0, "IPDPS": 1.353162e-05, "HAMR": 0, "IMPC": -1.556179e-01, "DHQTi": 7.014940e-03, "HXPRT": 0, "GUAPRT": 0, "LYSDC": 0, "DHQS": 7.014940e-03, "ICDHx": 1.998495e-02, "HYDFDN2r": 0, "HEX1": 0, "HETZK": 0, "HISTD": 1.747498e-03, "HYDFDi": 0, "DMATT": 1.353162e-06, "IGPDH": 1.747498e-03, "IG3PS": 1.747498e-03, "HISDr": 0, "HISTP": 1.747498e-03, "IGPS": 1.048504e-03, "DMPPS": 1.353162e-06, "ILETRS": 0, "HMBS": 5.486458e-06, "HMPK1": 0, "HSK": 0, "DPCOAK": 1.173561e-05, "HSDy": -1.744254e-01, "HSST": 0, "HSTPT": 1.747498e-03, "ILEt2r": 0, "ILETA": -5.359039e-03, "LEUTA": -8.310409e-03, "HXAND": 0, "DPR": 1.173561e-05, "METS": 1.744802e-01, "LEUt2r": 0,