{"EX_h2_e": 0, "EX_h2o_e": 4.090638e+00, "EX_his__L_e": 0, "EX_ile__L_e": 0, "EX_lac__D_e": 0, "EX_murein4p3p_e": 0, "EX_murein4p4p_e": 0, "EX_murein4px4p_e": 0, "EX_k_e": -2.432410e-03, "EX_murein4px4px4p_e": 0, "EX_alaala_e": 0, "EX_murein5p3p_e": 0, "EX_murein5p4p_e": 0, "EX_murein5p5p_e": 0, "EX_murein5p5p5p_e": 0, "EX_lac__L_e": 0, "EX_leu__L_e": 0, "EX_lys__L_e": 0, "EX_alltn_e": 0, "EX_malt_e": 0, "EX_murein5px3p_e": 0, "EX_murein5px4p_e": 0, "EX_malthx_e": 0, "EX_murein5px4px4p_e": 0, "EX_arab__L_e": 0, "EX_malttr_e": 0, "EX_man_e": 0, "EX_araban__L_e": 0, "EX_met__L_e": 1.124674e-02, "EX_mg2_e": -1.080964e-04, "EX_mn2_e": -8.613612e-06, "EX_na1_e": 0, "EX_nh4_e": -5.838944e-01, "EX_ni2_e": -4.020534e-06, "EX_no2_e": 0, "EX_no3_e": 0, "EX_pi_e": -1.343999e-01, "EX_pro__L_e": 0, "EX_mobd_e": -8.906246e-08, "EX_xan_e": 0, "EX_xyl__D_e": 0, "EX_ptrc_e": 0, "EX_arg__L_e": 0, "EX_pydxn_e": 0, "EX_pyr_e": 0, "EX_zn2_e": -4.236828e-06, "BIOMASS_Cl_DSM_WT_46p666M1": 1.272321e-02, "EX_rib__D_e": 0, "DM_mththf_c": 2.837275e-05, "5HBZIDMT": 2.837275e-06, "5HBZIDS2": 2.837275e-06, "DM_succ_c": 1.608888e-03, "ABUTD": 0, "ACACT1r": 0, "EX_ac_e": 1.359526e-02, "EX_ala__D_e": 3.614791e-04, "EX_asn__L_e": 0, "EX_asp__L_e": 0, "EX_ribflv_e": -5.674551e-06, "EX_rmn_e": 0, "EX_ser__D_e": 0, "EX_btd_RR_e": 1.017624e+00, "EX_ser__L_e": 0, "EX_btn_e": -2.544642e-08, "EX_so4_e": -1.364931e-02, "EX_btoh_e": 0, "EX_spmd_e": 0, "EX_taur_e": 0, "3OAS161": 6.431760e-03, "3OAS180": 0, "EX_thm_e": -2.837275e-06, "EX_but_e": 0, "EX_trp__L_e": 0, "EX_uaagmda_e": 5.946762e-02, "3OAS181": 2.470338e-04, "3OAS60": 1.205473e-02, "3OAS80": 1.205473e-02, "3OAS100": 1.205473e-02, "3OAS120": 5.622971e-03, "3OAS121": 6.431760e-03, "EX_udcpdp_e": 3.614791e-04, "EX_udcpp_e": 0, "3OAS140": 5.622971e-03, "EX_ura_e": 0, "EX_ca2_e": -6.486292e-05, "EX_val__L_e": 0, "3OAR100": 1.205473e-02, "3OAR120": 5.622971e-03, "3OAR121": 6.431760e-03, "EX_citr__L_e": 0, "3OAR140": 5.622971e-03, "3OAR141": 6.431760e-03, "3OAR160": 4.223596e-03, "EX_cl_e": -6.486292e-05, "3OAR161": 6.431760e-03, "3OAR180": 0, "EX_co_e": 0, "3OAR181": 2.470338e-04, "3OAS141": 6.431760e-03, "EX_co2_e": 8.496810e+00, "3OAS160": 4.223596e-03, "ACBIPGT": 2.837275e-06, "4HTHRS": 0, "EX_cobalt2_e": -3.155356e-06, "EX_csn_e": 0, "ACt2r": -1.359526e-02, "ABFA": 0, "ABTA": 0, "ACGK": 2.821588e-03, "EX_cu2_e": -8.829906e-06, "ACGS": 0, "ACALD": -5.567507e+00, "ACHBS": 2.771382e-03, "APSR": 1.359526e-02, "EX_cys__L_e": 0, "ACCOAC": 8.323117e-02, "ACLS": 1.025964e+00, "ADOCBIK": 0, "EX_etoh_e": 5.562316e+00, "ACPS1": 0, "ACKr": 0, "EX_fe2_e": -1.758602e-04, "ADA": 0, "ADCL": 0, "EX_fol_e": -1.134910e-05, "ACLDC": 1.017624e+00, "ADCPS2": 2.837275e-06, "EX_for_e": 0, "ADCPS1": 0, "ACOTA": -2.821588e-03, "EX_fru_e": -5, "ACOAD1z": 0, "ACONTa": 1000, "ACONTb": 1000, "EX_gal_e": 0, "ACOATA": 1.205473e-02, "ADCYRS": 2.837275e-06, "ADCS": 0, "EX_galctn__D_e": 0, "ADD": 0, "ADK1": 3.190169e-02, "ACONT": -9.999302e+02, "EX_galur_e": 0, "EX_glc__D_e": 0, "EX_glcn_e": 0, "ASNt2r": 0, "EX_glcur_e": 0, "ASP1DC": 6.068970e-06, "EX_gln__L_e": 0, "ASPt2r": 0, "EX_glu__L_e": 0, "ATPM": 4.500000e-01, "ADK2": 2.837275e-06, "EX_gly_e": 0, "ADMDC": 0, "ADOCBLS": 2.837275e-06, "BTDt_RR": 1.017624e+00, "BTOHt": 0, "EX_glyb_e": 0, "ADPRDP": 0, "EX_glyc_e": 2.925702e-04, "ADPT": 2.837275e-05, "BUTKr": 0, "ADSL1r": 1.992912e-03, "EX_h_e": 5.484539e-01, "ADSL2r": 2.085805e-03, "BUTt": 0, "ADSS": 1.992912e-03, "CYRDAR": 1.418638e-06, "AHCYSNS": 2.837275e-05, "AGPAT120": 0, "AGPR": -2.821588e-03, "CYSabc": 0, "AHSERL2": 1.271560e-02, "AIRCr": 2.085805e-03, "Cuabc": 8.829906e-06, "AICART": 2.989509e-03, "ALAALAr": 5.982910e-02, "ALAR": 1.245671e-01, "ALATA_L": -1.892964e-01, "CA2abc": 6.486292e-05, "CITRt2r": 0, "CLt3r_2": 3.243146e-05, "CO2t": -8.496810e+00, "ALCD2y": -5.562316e+00, "DHPTDCs2": 2.837275e-05, "AMMQLT8": 0, "COabc": 3.155356e-06, "DHPPDA": 0, "COt": 0, "ALCD4y": 0, "ALLTN": 0, "CYSSADS": 0, "CYRDAAT": 2.837275e-06, "ALLTNt2r": 0, "METt2r": -1.124674e-02, "AMAA": 0, "ASP4DC": 0, "DGK1": 0, "ANPRT": 5.422250e-04, "CTPS2": 0, "APRAUR": 0, "ASPO2": 2.899619e-05, "CYRDAS": 2.837275e-06, "ASPCT": 1.608888e-03, "ASPK": 7.581815e-02, "ACAFDOR": 0, "ANS": 0, "ASPO2y": 0, "CYSDS": 0, "ASPR": 0, "ATPPRT": 9.037040e-04, "ASPT": 0, "BACCL": 0, "BTDD_RR": -1.017624e+00, "ANS2": 5.422250e-04, "ARABR": 0, "ARAI": 0, "CYSTL": 0, "ARBabc": 0, "ARBt2r": 0, "BTNt2i": 2.544642e-08, "CYSTS": 0, "CBIAT": 0, "CYSS": 8.796572e-04, "CBLAT": 0, "ARGDr": 0, "ARGN": 0, "CYTD": 0, "ARGDC": 0, "CDPMEK": 6.581278e-01, "CBMKr": 4.430476e-03, "ARGSL": 2.821588e-03, "ARGSS": 2.821588e-03, "CBPS": 0, "ASAD": -7.581815e-02, "CHORS": 3.627717e-03, "DCYTD": 0, "CHORM": 3.082655e-03, "CITL": 0, "ARGt2r": 0, "ASNS1": 2.299440e-03, "CODH4": 0, "CYTDK2": 0, "CODH_ACS": 0, "CPC2MT": 2.837275e-06, "CLPNS120": 0, "CLPNS140": 3.395824e-05, "ECOAH1": 0, "CYTK1": 6.690701e-01, "CLPNS160": 1.025109e-04, "CPC3MT": 2.837275e-06, "CYTK2": 0, "D_LACt2": 0, "CPC4MT": 2.837275e-06, "ETOHt": -5.562316e+00, "DAGK120": 0, "FOLt": 1.134910e-05, "CPC6MT": 2.837275e-06, "CPC5MT": 2.837275e-06, "DAPDC": 3.273452e-03, "CPC8MM": 2.837275e-06, "CPC6R": 2.837275e-06, "G3PCT": 4.908932e-03, "DAPE": 6.310255e-02, "CPPPGOAN2": 0, "CS": 6.980267e-02, "DSERt2": 0, "CSND": 0, "G5SADs": 2.108655e-03, "DALAt2r": 0, "FOLR2": 1.134910e-05, "CTPS1": 6.818113e-04, "LDAPAT": -6.310255e-02, "CSNt2": 0, "DASYN120": 0, "FRTT": 0, "DASYN140": 6.996874e-04, "DURAD": 0, "DURIPP": 0, "DUTPDP": 0, "GLCt2": 0, "GLNabc": 0, "GLUabc": 0, "DXPRIi": 6.581278e-01, "DASYN160": 2.111798e-03, "DXPS": 6.581278e-01, "EAR100x": 5.622971e-03, "DASYN161": 3.092363e-03, "ENO": 5.067085e+00, "GPDDA1": 0, "GPDDA2": 0, "DASYN180": 0, "GPDDA4": 0, "FACOAL140": 0, "FACOAL160": 0, "DASYN181": 1.235169e-04, "DB4PS": 0, "FACOAL180": 0, "H2Ot": -4.090896e+00, "DCMPDA": 0, "FBA": 4.875465e+00, "DDPA": 3.627717e-03, "FBA3": 0, "FBP": 1.245348e-01, "H2td": 0, "HACD1": 0, "DDPGA": 0, "HCO3E": 2.367037e-01, "FDH7": 5.078150e-03, "FORt2": 0, "DHAD2": 2.771382e-03, "G1PTT": 0, "HISt2r": 0, "GTPCII": 0, "GK1": -9.999990e+02, "FE2abc": 1.758602e-04, "FGLU": 0, "FMNAT": 2.837275e-06, "FRD2": 1.608888e-03, "DHAD1": 8.340305e-03, "FRNDPR2r": 5.501586e+00, "GK2": 1000, "DHAK": 0, "HPPK": 0, "FRUK": 5, "FUM": 5.291417e-03, "GRTT": 5.982980e-02, "FRUpts": 5, "DHFR": 3.824469e-04, "FTHFLi": 5.080988e-03, "DHDPRy": 6.310255e-02, "G1PACT": 1.198546e-01, "G3PAT140": 6.996874e-04, "GLCURt2r": 0, "GF6PTA": 1.198546e-01, "GHMT2r": 1.312681e-02, "DHDPS": 6.310255e-02, "GLCNt2r": 0, "G1SAT": 2.269820e-05, "G3PAT181": 1.235169e-04, "GLNS": 1.307618e-01, "DHFS": 0, "GLCRD": 0, "G3PAT120": 0, "G3PAT160": 2.111798e-03, "G3PAT161": 3.092363e-03, "GLU5K": 2.108655e-03, "GLUDy": -4.438576e+00, "GLUPRT": 2.088642e-03, "GLUR": -5.982910e-02, "G3PAT180": 0, "G3PD2": -1.257473e-02, "G5SD": 2.108655e-03, "GLUTRR": 2.269820e-05, "GALCTD": 0, "DHNAOT4": 0, "GALCTNt2r": 0, "GLUSy": 0, "GLUTRS": 2.269820e-05, "GLUt2r": 0, "GAPD": 9.076584e+00, "DHNPA_1": 0, "GALUi": 0, "GALURt2r": 0, "GLUt4": 0, "GLYCDx": 0, "GALabc": 0, "DHORTS": -1.608888e-03, "GCCb": 0, "GARFT": 2.088642e-03, "GLYBt2r": 0, "GMPS2": 9.965962e-04, "GLYCK": 0, "GLYCt": 2.925702e-04, "GND": 0, "GCCa": 0, "METR": 0, "DHORD5": 1.608888e-03, "GNK": 0, "DHPS": 0, "GTPCI": 0, "GTPDPK": 0, "GUAD": 0, "HCITS": 0, "MGSA": 0, "DHPS2": 0, "KAS15": 0, "IPDPS": 5.982980e-01, "HAMR": 0, "IMPC": -2.989509e-03, "DHQTi": 3.627717e-03, "HXPRT": 0, "GUAPRT": 0, "LYSDC": 0, "DHQS": 3.627717e-03, "ICDHx": 6.980267e-02, "HYDFDN2r": 0, "HEX1": 0, "HETZK": 0, "HISTD": 9.037040e-04, "HYDFDi": 0, "DMATT": 5.982980e-02, "IGPDH": 9.037040e-04, "IG3PS": 9.037040e-04, "HISDr": 0, "HISTP": 9.037040e-04, "IGPS": 5.422250e-04, "DMPPS": 5.982980e-02, "ILETRS": 0, "HMBS": 2.837275e-06, "HMPK1": 0, "HSK": 0, "DPCOAK": 6.068970e-06, "HSDy": -1.271560e-02, "HSST": 0, "HSTPT": 9.037040e-04, "ILEt2r": 0, "ILETA": -2.771382e-03, "LEUTA": -4.297658e-03, "HXAND": 0,