{"EX_h2_e": 0, "EX_h2o_e": 4.783470e+00, "EX_his__L_e": 0, "EX_ile__L_e": 0, "EX_lac__D_e": 0, "EX_murein4p3p_e": 0, "EX_murein4p4p_e": 0, "EX_murein4px4p_e": 0, "EX_k_e": -3.256120e-02, "EX_murein4px4px4p_e": 0, "EX_alaala_e": 0, "EX_murein5p3p_e": 0, "EX_murein5p4p_e": 0, "EX_murein5p5p_e": 0, "EX_murein5p5p5p_e": 0, "EX_lac__L_e": 0, "EX_leu__L_e": 0, "EX_lys__L_e": 0, "EX_alltn_e": 0, "EX_malt_e": 0, "EX_murein5px3p_e": 0, "EX_murein5px4p_e": 0, "EX_malthx_e": 0, "EX_murein5px4px4p_e": 0, "EX_arab__L_e": 0, "EX_malttr_e": 0, "EX_man_e": 0, "EX_araban__L_e": 0, "EX_met__L_e": 0, "EX_mg2_e": -1.447021e-03, "EX_mn2_e": -1.153052e-04, "EX_na1_e": 0, "EX_nh4_e": -1.353600e+00, "EX_ni2_e": -5.382045e-05, "EX_no2_e": 0, "EX_no3_e": 0, "EX_pi_e": -2.223181e-01, "EX_pro__L_e": 0, "EX_mobd_e": -1.192225e-06, "EX_xan_e": 0, "EX_xyl__D_e": 0, "EX_ptrc_e": 0, "EX_arg__L_e": 0, "EX_pydxn_e": 0, "EX_pyr_e": 0, "EX_zn2_e": -5.671585e-05, "BIOMASS_Cl_DSM_WT_46p666M1": 1.703179e-01, "EX_rib__D_e": 0, "DM_mththf_c": 3.798089e-04, "5HBZIDMT": 3.798089e-05, "5HBZIDS2": 3.798089e-05, "DM_succ_c": 2.153721e-02, "ABUTD": 0, "ACACT1r": 0, "EX_ac_e": 3.143812e-02, "EX_ala__D_e": 0, "EX_asn__L_e": 0, "EX_asp__L_e": 0, "EX_ribflv_e": -7.596177e-05, "EX_rmn_e": 0, "EX_ser__D_e": 0, "EX_btd_RR_e": 0, "EX_ser__L_e": 0, "EX_btn_e": -3.406357e-07, "EX_so4_e": -3.216163e-02, "EX_btoh_e": 0, "EX_spmd_e": 0, "EX_taur_e": 0, "3OAS161": 8.609807e-02, "3OAS180": 0, "EX_thm_e": -3.798089e-05, "EX_but_e": 0, "EX_trp__L_e": 0, "EX_uaagmda_e": 0, "3OAS181": 3.306892e-03, "3OAS60": 1.613694e-01, "3OAS80": 1.613694e-01, "3OAS100": 1.613694e-01, "3OAS120": 7.527130e-02, "3OAS121": 8.609807e-02, "EX_udcpdp_e": 4.838901e-03, "EX_udcpp_e": 0, "3OAS140": 7.527130e-02, "EX_ura_e": 0, "EX_ca2_e": -8.682805e-04, "EX_val__L_e": 0, "3OAR100": 1.613694e-01, "3OAR120": 7.527130e-02, "3OAR121": 8.609807e-02, "EX_citr__L_e": 0, "3OAR140": 7.527130e-02, "3OAR141": 8.609807e-02, "3OAR160": 5.653872e-02, "EX_cl_e": -8.682805e-04, "3OAR161": 8.609807e-02, "3OAR180": 0, "EX_co_e": 0, "3OAR181": 3.306892e-03, "3OAS141": 8.609807e-02, "EX_co2_e": 8.255699e+00, "3OAS160": 5.653872e-02, "ACBIPGT": 3.798089e-05, "4HTHRS": 0, "EX_cobalt2_e": -4.223883e-05, "EX_csn_e": 0, "ACt2r": -3.143812e-02, "ABFA": 0, "ABTA": 0, "ACGK": 3.777088e-02, "EX_cu2_e": -1.182006e-04, "ACGS": 0, "ACALD": -6.998583e+00, "ACHBS": 3.709881e-02, "APSR": 3.143812e-02, "EX_cys__L_e": 0, "ACCOAC": 1.114165e+00, "ACLS": 1.116466e-01, "ADOCBIK": 0, "EX_etoh_e": 6.929090e+00, "ACPS1": 0, "ACKr": 0, "EX_fe2_e": -2.354134e-03, "ADA": 0, "ADCL": 0, "EX_fol_e": -1.519235e-04, "ACLDC": 0, "ADCPS2": 3.798089e-05, "EX_for_e": 0, "ADCPS1": 0, "ACOTA": -3.777088e-02, "EX_fru_e": -5, "ACOAD1z": 0, "ACONTa": -9.998617e+02, "ACONTb": -9.998617e+02, "EX_gal_e": 0, "ACOATA": 0, "ADCYRS": 3.798089e-05, "ADCS": 0, "EX_galctn__D_e": 0, "ADD": 0, "ADK1": 2.917972e-01, "ACONT": 1000, "EX_galur_e": 0, "EX_glc__D_e": 0, "EX_glcn_e": 0, "ASNt2r": 0, "EX_glcur_e": 0, "ASP1DC": 8.124162e-05, "EX_gln__L_e": 0, "ASPt2r": 0, "EX_glu__L_e": 0, "ATPM": 4.500000e-01, "ADK2": 3.798089e-05, "EX_gly_e": 0, "ADMDC": 0, "ADOCBLS": 3.798089e-05, "BTDt_RR": 0, "BTOHt": 0, "EX_glyb_e": 0, "ADPRDP": 0, "EX_glyc_e": 3.916459e-03, "ADPT": 3.798089e-04, "BUTKr": 0, "ADSL1r": 2.667791e-02, "EX_h_e": 1.029733e+00, "ADSL2r": 4.322342e-02, "BUTt": 0, "ADSS": 2.667791e-02, "CYRDAR": 1.899044e-05, "AHCYSNS": 3.798089e-04, "AGPAT120": 0, "AGPR": -3.777088e-02, "CYSabc": 0, "AHSERL2": 1.966269e-02, "AIRCr": 4.322342e-02, "Cuabc": 1.182006e-04, "AICART": 4.001874e-02, "ALAALAr": 4.838901e-03, "ALAR": 7.055179e-02, "ALATA_L": -1.409857e-01, "CA2abc": 8.682805e-04, "CITRt2r": 0, "CLt3r_2": 4.341403e-04, "CO2t": -8.255699e+00, "ALCD2y": 0, "DHPTDCs2": 3.798089e-04, "AMMQLT8": 0, "COabc": 4.223883e-05, "DHPPDA": 0, "COt": 0, "ALCD4y": 0, "ALLTN": 0, "CYSSADS": 0, "CYRDAAT": 3.798089e-05, "ALLTNt2r": 0, "METt2r": 0, "AMAA": 0, "ASP4DC": 0, "DGK1": 0, "ANPRT": 7.258437e-03, "CTPS2": 0, "APRAUR": 0, "ASPO2": 0, "CYRDAS": 3.798089e-05, "ASPCT": 2.153721e-02, "ASPK": 6.832131e-02, "ACAFDOR": 0, "ANS": 0, "ASPO2y": 3.881544e-04, "CYSDS": 0, "ASPR": 0, "ATPPRT": 1.209734e-02, "ASPT": 0, "BACCL": 0, "BTDD_RR": 0, "ANS2": 7.258437e-03, "ARABR": 0, "ARAI": 0, "CYSTL": 0, "ARBabc": 0, "ARBt2r": 0, "BTNt2i": 3.406357e-07, "CYSTS": 0, "CBIAT": 0, "CYSS": 1.177544e-02, "CBLAT": 0, "ARGDr": 0, "ARGN": 0, "CYTD": 0, "ARGDC": 0, "CDPMEK": 5.333095e-02, "CBMKr": 5.930809e-02, "ARGSL": 3.777088e-02, "ARGSS": 3.777088e-02, "CBPS": 0, "ASAD": -6.832131e-02, "CHORS": 4.856205e-02, "DCYTD": 0, "CHORM": 4.126564e-02, "CITL": 0, "ARGt2r": 0, "ASNS1": 3.078121e-02, "CODH4": 0, "CYTDK2": 0, "CODH_ACS": 1.658554e-01, "CPC2MT": 3.798089e-05, "CLPNS120": 0, "CLPNS140": 4.545784e-04, "ECOAH1": 0, "CYTK1": 1.998098e-01, "CLPNS160": 1.372251e-03, "CPC3MT": 3.798089e-05, "CYTK2": 0, "D_LACt2": 0, "CPC4MT": 3.798089e-05, "ETOHt": -6.929090e+00, "DAGK120": 0, "FOLt": 1.519235e-04, "CPC6MT": 3.798089e-05, "CPC5MT": 3.798089e-05, "DAPDC": 4.381972e-02, "CPC8MM": 3.798089e-05, "CPC6R": 3.798089e-05, "G3PCT": 6.571289e-02, "DAPE": 4.865862e-02, "CPPPGOAN2": 0, "CS": 1.383490e-01, "DSERt2": 0, "CSND": 0, "G5SADs": 2.822729e-02, "DALAt2r": 4.838901e-03, "FOLR2": 1.519235e-04, "CTPS1": 9.126994e-03, "LDAPAT": -4.865862e-02, "CSNt2": 0, "DASYN120": 0, "FRTT": 0, "DASYN140": 9.366291e-03, "DURAD": 0, "DURIPP": 0, "DUTPDP": 0, "GLCt2": 0, "GLNabc": 0, "GLUabc": 0, "DXPRIi": 5.333095e-02, "DASYN160": 2.826936e-02, "DXPS": 5.333095e-02, "EAR100x": 7.527130e-02, "DASYN161": 4.139559e-02, "ENO": 9.257781e+00, "GPDDA1": 0, "GPDDA2": 0, "DASYN180": 0, "GPDDA4": 0, "FACOAL140": 0, "FACOAL160": 0, "DASYN181": 1.653446e-03, "DB4PS": 0, "FACOAL180": 0, "H2Ot": -4.786921e+00, "DCMPDA": 0, "FBA": 4.914841e+00, "DDPA": 4.856205e-02, "FBA3": 0, "FBP": 8.515921e-02, "H2td": 0, "HACD1": 0, "DDPGA": 0, "HCO3E": 1.425942e+00, "FDH7": 8.328014e-02, "FORt2": 0, "DHAD2": 3.709881e-02, "G1PTT": 0, "HISt2r": 0, "GTPCII": 0, "GK1": 1000, "FE2abc": 2.354134e-03, "FGLU": 0, "FMNAT": 3.798089e-05, "FRD2": 2.153721e-02, "DHAD1": 1.116466e-01, "FRNDPR2r": 1.457782e+00, "GK2": -9.999866e+02, "DHAK": 0, "HPPK": 0, "FRUK": 5, "FUM": 8.613501e-02, "GRTT": 4.848269e-03, "FRUpts": 5, "DHFR": 5.119585e-03, "FTHFLi": 8.331812e-02, "DHDPRy": 4.865862e-02, "G1PACT": 1.230632e-02, "G3PAT140": 9.366291e-03, "GLCURt2r": 0, "GF6PTA": 1.230632e-02, "GHMT2r": 1.910227e-01, "DHDPS": 4.865862e-02, "GLCNt2r": 0, "G1SAT": 3.038471e-04, "G3PAT181": 1.653446e-03, "GLNS": 1.889184e-01, "DHFS": 0, "GLCRD": 0, "G3PAT120": 0, "G3PAT160": 2.826936e-02, "G3PAT161": 4.139559e-02, "GLU5K": 2.822729e-02, "GLUDy": -1.123718e+00, "GLUPRT": 4.326140e-02, "GLUR": -4.838901e-03, "G3PAT180": 0, "G3PD2": -1.683303e-01, "G5SD": 2.822729e-02, "GLUTRR": 3.038471e-04, "GALCTD": 0, "DHNAOT4": 0, "GALCTNt2r": 0, "GLUSy": 0, "GLUTRS": 3.038471e-04, "GLUt2r": 0, "GAPD": 9.554145e+00, "DHNPA_1": 0, "GALUi": 0, "GALURt2r": 0, "GLUt4": 0, "GLYCDx": 0, "GALabc": 0, "DHORTS": -2.153721e-02, "GCCb": 0, "GARFT": 4.326140e-02, "GLYBt2r": 0, "GMPS2": 1.334083e-02, "GLYCK": 0, "GLYCt": 3.916459e-03, "GND": 0, "GCCa": 0, "METR": 1.658554e-01, "DHORD5": 2.153721e-02, "GNK": 0, "DHPS": 0, "GTPCI": 0, "GTPDPK": 0, "GUAD": 0, "HCITS": 0, "MGSA": 0, "DHPS2": 0, "KAS15": 1.613694e-01, "IPDPS": 4.848269e-02, "HAMR": 0, "IMPC": -4.001874e-02, "DHQTi": 4.856205e-02, "HXPRT": 0, "GUAPRT": 0, "LYSDC": 0, "DHQS": 4.856205e-02, "ICDHx": 1.383490e-01, "HYDFDN2r": 0, "HEX1": 0, "HETZK": 0, "HISTD": 1.209734e-02, "HYDFDi": 0, "DMATT": 4.848269e-03, "IGPDH": 1.209734e-02, "IG3PS": 1.209734e-02, "HISDr": 0, "HISTP": 1.209734e-02, "IGPS": 7.258437e-03, "DMPPS": 4.848269e-03, "ILETRS": 0, "HMBS": 3.798089e-05, "HMPK1": 0, "HSK": 0, "DPCOAK": 8.124162e-05, "HSDy": -1.966269e-02, "HSST": 0, "HSTPT": 1.209734e-02, "ILEt2r": 0, "ILETA": -3.709881e-02, "LEUTA": -5.753014e-02, "HXAND": 0, "DPR": 8.124162e-05, "METS": 2.004250e-02, "LEUt2r": 0,