{"EX_h2_e": 0, "EX_h2o_e": 6.473741e+00, "EX_his__L_e": 0, "EX_ile__L_e": 0, "EX_lac__D_e": 0, "EX_murein4p3p_e": 0, "EX_murein4p4p_e": 0, "EX_murein4px4p_e": 0, "EX_k_e": -3.628761e-02, "EX_murein4px4px4p_e": 0, "EX_alaala_e": 0, "EX_murein5p3p_e": 0, "EX_murein5p4p_e": 0, "EX_murein5p5p_e": 0, "EX_murein5p5p5p_e": 0, "EX_lac__L_e": 0, "EX_leu__L_e": 0, "EX_lys__L_e": 0, "EX_alltn_e": 0, "EX_malt_e": 0, "EX_murein5px3p_e": 0, "EX_murein5px4p_e": 0, "EX_malthx_e": 0, "EX_murein5px4px4p_e": 0, "EX_arab__L_e": 0, "EX_malttr_e": 0, "EX_man_e": 0, "EX_araban__L_e": 0, "EX_met__L_e": 0, "EX_mg2_e": -1.612622e-03, "EX_mn2_e": -1.285011e-04, "EX_na1_e": 0, "EX_nh4_e": -1.440297e+00, "EX_ni2_e": -5.997983e-05, "EX_no2_e": 0, "EX_no3_e": 0, "EX_pi_e": -2.199223e-01, "EX_pro__L_e": 0, "EX_mobd_e": -1.328667e-06, "EX_xan_e": 0, "EX_xyl__D_e": 0, "EX_ptrc_e": 0, "EX_arg__L_e": 0, "EX_pydxn_e": 0, "EX_pyr_e": 0, "EX_zn2_e": -6.320659e-05, "BIOMASS_Cl_DSM_WT_46p666M1": 1.898096e-01, "EX_rib__D_e": 0, "DM_mththf_c": 4.232754e-04, "5HBZIDMT": 4.232754e-05, "5HBZIDS2": 4.232754e-05, "DM_succ_c": 2.400199e-02, "ABUTD": 0, "ACACT1r": 0, "EX_ac_e": 9.454758e+00, "EX_ala__D_e": 0, "EX_asn__L_e": 0, "EX_asp__L_e": 0, "EX_ribflv_e": -8.465507e-05, "EX_rmn_e": 0, "EX_ser__D_e": 0, "EX_btd_RR_e": 0, "EX_ser__L_e": 0, "EX_btn_e": -3.796192e-07, "EX_so4_e": -7.575309e-01, "EX_btoh_e": 0, "EX_spmd_e": 0, "EX_taur_e": 0, "3OAS161": 9.595140e-02, "3OAS180": 0, "EX_thm_e": -4.232754e-05, "EX_but_e": 0, "EX_trp__L_e": 0, "EX_uaagmda_e": 0, "3OAS181": 3.685343e-03, "3OAS60": 1.798370e-01, "3OAS80": 1.798370e-01, "3OAS100": 1.798370e-01, "3OAS120": 8.388558e-02, "3OAS121": 9.595140e-02, "EX_udcpdp_e": 0, "EX_udcpp_e": 0, "3OAS140": 8.388558e-02, "EX_ura_e": 0, "EX_ca2_e": -9.676492e-04, "EX_val__L_e": 0, "3OAR100": 1.798370e-01, "3OAR120": 8.388558e-02, "3OAR121": 9.595140e-02, "EX_citr__L_e": 0, "3OAR140": 8.388558e-02, "3OAR141": 9.595140e-02, "3OAR160": 6.300919e-02, "EX_cl_e": -9.676492e-04, "3OAR161": 9.595140e-02, "3OAR180": 0, "EX_co_e": 0, "3OAR181": 3.685343e-03, "3OAS141": 9.595140e-02, "EX_co2_e": 2.835093e+00, "3OAS160": 6.300919e-02, "ACBIPGT": 4.232754e-05, "4HTHRS": 0, "EX_cobalt2_e": -4.707278e-05, "EX_csn_e": 0, "ACt2r": -9.454758e+00, "ABFA": 0, "ABTA": 0, "ACGK": 4.209350e-02, "EX_cu2_e": -1.317278e-04, "ACGS": 0, "ACALD": -6.432305e-02, "ACHBS": 4.134451e-02, "APSR": 7.567245e-01, "EX_cys__L_e": 0, "ACCOAC": 1.241674e+00, "ACLS": 1.244238e-01, "ADOCBIK": 0, "EX_etoh_e": 0, "ACPS1": 0, "ACKr": -9.419722e+00, "EX_fe2_e": -2.623548e-03, "ADA": 0, "ADCL": 0, "EX_fol_e": -1.693101e-04, "ACLDC": 0, "ADCPS2": 4.232754e-05, "EX_for_e": 0, "ADCPS1": 0, "ACOTA": -4.209350e-02, "EX_fru_e": -5, "ACOAD1z": 0, "ACONTa": -9.998458e+02, "ACONTb": -9.998458e+02, "EX_gal_e": 0, "ACOATA": 0, "ADCYRS": 4.232754e-05, "ADCS": 0, "EX_galctn__D_e": 0, "ADD": 0, "ADK1": 1.029827e+00, "ACONT": 1000, "EX_galur_e": 0, "EX_glc__D_e": 0, "EX_glcn_e": 0, "ASNt2r": 0, "EX_glcur_e": 0, "ASP1DC": 9.053917e-05, "EX_gln__L_e": 0, "ASPt2r": 0, "EX_glu__L_e": 0, "ATPM": 4.500000e-01, "ADK2": 4.232754e-05, "EX_gly_e": 0, "ADMDC": 0, "ADOCBLS": 4.232754e-05, "BTDt_RR": 0, "BTOHt": 0, "EX_glyb_e": 0, "ADPRDP": 0, "EX_glyc_e": 0, "ADPT": 4.232754e-04, "BUTKr": 0, "ADSL1r": 2.973101e-02, "EX_h_e": 9.061104e+00, "ADSL2r": 3.111681e-02, "BUTt": 0, "ADSS": 2.973101e-02, "CYRDAR": 2.116377e-05, "AHCYSNS": 4.232754e-04, "AGPAT120": 0, "AGPR": -4.209350e-02, "CYSabc": 0, "AHSERL2": 3.503600e-02, "AIRCr": 3.111681e-02, "Cuabc": 1.317278e-04, "AICART": 4.459861e-02, "ALAALAr": 5.392680e-03, "ALAR": 7.862596e-02, "ALATA_L": -1.571206e-01, "CA2abc": 9.676492e-04, "CITRt2r": 0, "CLt3r_2": 4.838246e-04, "CO2t": -2.835093e+00, "ALCD2y": 0, "DHPTDCs2": 4.232754e-04, "AMMQLT8": 0, "COabc": 4.707278e-05, "DHPPDA": 0, "COt": 0, "ALCD4y": 0, "ALLTN": 0, "CYSSADS": 0, "CYRDAAT": 4.232754e-05, "ALLTNt2r": 0, "METt2r": 0, "AMAA": 0, "ASP4DC": 0, "DGK1": 0, "ANPRT": 8.089115e-03, "CTPS2": 0, "APRAUR": 0, "ASPO2": 4.325760e-04, "CYRDAS": 4.232754e-05, "ASPCT": 2.400199e-02, "ASPK": 8.926327e-02, "ACAFDOR": 0, "ANS": 0, "ASPO2y": 0, "CYSDS": 0, "ASPR": 0, "ATPPRT": 1.348179e-02, "ASPT": 0, "BACCL": 0, "BTDD_RR": 0, "ANS2": 8.089115e-03, "ARABR": 0, "ARAI": 0, "CYSTL": 0, "ARBabc": 0, "ARBt2r": 0, "BTNt2i": 3.796192e-07, "CYSTS": 1.312305e-02, "CBIAT": 0, "CYSS": 0, "CBLAT": 0, "ARGDr": 0, "ARGN": 0, "CYTD": 0, "ARGDC": 0, "CDPMEK": 1.148348e-04, "CBMKr": 6.609549e-02, "ARGSL": 4.209350e-02, "ARGSS": 4.209350e-02, "CBPS": 0, "ASAD": -8.926327e-02, "CHORS": 5.411965e-02, "DCYTD": 0, "CHORM": 4.598820e-02, "CITL": 0, "ARGt2r": 0, "ASNS1": 3.430391e-02, "CODH4": 0, "CYTDK2": 0, "CODH_ACS": 5.611762e+00, "CPC2MT": 4.232754e-05, "CLPNS120": 0, "CLPNS140": 5.066018e-04, "ECOAH1": 0, "CYTK1": 1.633571e-01, "CLPNS160": 1.529296e-03, "CPC3MT": 4.232754e-05, "CYTK2": 0, "D_LACt2": 0, "CPC4MT": 4.232754e-05, "ETOHt": 0, "DAGK120": 0, "FOLt": 1.693101e-04, "CPC6MT": 4.232754e-05, "CPC5MT": 4.232754e-05, "DAPDC": 4.883459e-02, "CPC8MM": 4.232754e-05, "CPC6R": 4.232754e-05, "G3PCT": 7.323328e-02, "DAPE": 5.422727e-02, "CPPPGOAN2": 0, "CS": 1.541821e-01, "DSERt2": 0, "CSND": 0, "G5SADs": 3.145771e-02, "DALAt2r": 5.392680e-03, "FOLR2": 1.693101e-04, "CTPS1": 1.017152e-02, "LDAPAT": -5.422727e-02, "CSNt2": 0, "DASYN120": 0, "FRTT": 0, "DASYN140": 1.043820e-02, "DURAD": 0, "DURIPP": 0, "DUTPDP": 0, "GLCt2": 0, "GLNabc": 0, "GLUabc": 0, "DXPRIi": 1.148348e-04, "DASYN160": 3.150459e-02, "DXPS": 1.148348e-04, "EAR100x": 8.388558e-02, "DASYN161": 4.613303e-02, "ENO": 6.528671e+00, "GPDDA1": 0, "GPDDA2": 0, "DASYN180": 0, "GPDDA4": 0, "FACOAL140": 0, "FACOAL160": 0, "DASYN181": 1.842671e-03, "DB4PS": 0, "FACOAL180": 0, "H2Ot": -6.482979e+00, "DCMPDA": 0, "FBA": 4.916464e+00, "DDPA": 5.411965e-02, "FBA3": 0, "FBP": 8.353627e-02, "H2td": 0, "HACD1": 0, "DDPGA": 0, "HCO3E": 1.602254e+00, "FDH7": -1000, "FORt2": 0, "DHAD2": 4.134451e-02, "G1PTT": 0, "HISt2r": 0, "GTPCII": 0, "GK1": 1000, "FE2abc": 2.623548e-03, "FGLU": 0, "FMNAT": 4.232754e-05, "FRD2": 2.400199e-02, "DHAD1": 1.244238e-01, "FRNDPR2r": 3.313140e+00, "GK2": -9.999851e+02, "DHAK": 4.364671e-03, "HPPK": 0, "FRUK": 5, "FUM": 7.893934e-02, "GRTT": 1.043953e-05, "FRUpts": 5, "DHFR": 5.705486e-03, "FTHFLi": 0, "DHDPRy": 5.422727e-02, "G1PACT": 1.371469e-02, "G3PAT140": 1.043820e-02, "GLCURt2r": 0, "GF6PTA": 1.371469e-02, "GHMT2r": 2.949159e+00, "DHDPS": 5.422727e-02, "GLCNt2r": 0, "G1SAT": 3.386203e-04, "G3PAT181": 1.842671e-03, "GLNS": 1.764324e-01, "DHFS": 0, "GLCRD": 0, "G3PAT120": 0, "G3PAT160": 3.150459e-02, "G3PAT161": 4.613303e-02, "GLU5K": 3.145771e-02, "GLUDy": -3.984664e+00, "GLUPRT": 3.115914e-02, "GLUR": -5.392680e-03, "G3PAT180": 0, "G3PD2": -1.875945e-01, "G5SD": 3.145771e-02, "GLUTRR": 3.386203e-04, "GALCTD": 0, "DHNAOT4": 0, "GALCTNt2r": 0, "GLUSy": 0, "GLUTRS": 3.386203e-04, "GLUt2r": 0, "GAPD": 9.595226e+00, "DHNPA_1": 0, "GALUi": 0, "GALURt2r": 0, "GLUt4": 0, "GLYCDx": 4.364671e-03, "GALabc": 0, "DHORTS": -2.400199e-02, "GCCb": 2.766451e+00, "GARFT": 3.115914e-02, "GLYBt2r": 0, "GMPS2": 1.486759e-02, "GLYCK": 0, "GLYCt": 0, "GND": 0, "GCCa": 2.766451e+00, "METR": 5.611762e+00, "DHORD5": 2.400199e-02, "GNK": 0, "DHPS": 0, "GTPCI": 0, "GTPDPK": 0, "GUAD": 0, "HCITS": 0, "MGSA": 0, "DHPS2": 0, "KAS15": 1.798370e-01, "IPDPS": 1.043953e-04, "HAMR": 0, "IMPC": -4.459861e-02, "DHQTi": 5.411965e-02, "HXPRT": 0, "GUAPRT": 0, "LYSDC": 0, "DHQS": 5.411965e-02, "ICDHx": 1.541821e-01, "HYDFDN2r": 0, "HEX1": 0, "HETZK": 0, "HISTD": 1.348179e-02, "HYDFDi": 0, "DMATT": 1.043953e-05, "IGPDH": 1.348179e-02, "IG3PS": 1.348179e-02, "HISDr": 0, "HISTP": 1.348179e-02, "IGPS": 8.089115e-03, "DMPPS": 1.043953e-05, "ILETRS": 0, "HMBS": 4.232754e-05, "HMPK1": 0, "HSK": 0, "DPCOAK": 9.053917e-05, "HSDy": -3.503600e-02, "HSST": 0, "HSTPT": 1.348179e-02, "ILEt2r": 0, "ILETA": -4.134451e-02, "LEUTA": -6.411407e-02, "HXAND": 0, "DPR": 9.053917e-05, "METS": 2.233622e-02, "LEUt2r": 0, "IMPD": 1.486759e-02,