{"EX_h2_e": 0, "EX_h2o_e": 6.226495e+00, "EX_his__L_e": 0, "EX_ile__L_e": 0, "EX_lac__D_e": 0, "EX_murein4p3p_e": 0, "EX_murein4p4p_e": 0, "EX_murein4px4p_e": 0, "EX_k_e": -3.882371e-02, "EX_murein4px4px4p_e": 0, "EX_alaala_e": 0, "EX_murein5p3p_e": 0, "EX_murein5p4p_e": 0, "EX_murein5p5p_e": 0, "EX_murein5p5p5p_e": 0, "EX_lac__L_e": 0, "EX_leu__L_e": 0, "EX_lys__L_e": 0, "EX_alltn_e": 0, "EX_malt_e": 0, "EX_murein5px3p_e": 0, "EX_murein5px4p_e": 0, "EX_malthx_e": 0, "EX_murein5px4px4p_e": 0, "EX_arab__L_e": 0, "EX_malttr_e": 0, "EX_man_e": 0, "EX_araban__L_e": 0, "EX_met__L_e": 0, "EX_mg2_e": -1.725327e-03, "EX_mn2_e": -1.374819e-04, "EX_na1_e": 0, "EX_nh4_e": -1.709871e+00, "EX_ni2_e": -6.417176e-05, "EX_no2_e": 0, "EX_no3_e": 0, "EX_pi_e": -4.042051e-01, "EX_pro__L_e": 0, "EX_mobd_e": -1.421526e-06, "EX_xan_e": 0, "EX_xyl__D_e": 0, "EX_ptrc_e": 0, "EX_arg__L_e": 0, "EX_pydxn_e": 0, "EX_pyr_e": 0, "EX_zn2_e": -6.762404e-05, "BIOMASS_Cl_DSM_WT_46p666M1": 2.030752e-01, "EX_rib__D_e": 0, "DM_mththf_c": 4.528577e-04, "5HBZIDMT": 4.528577e-05, "5HBZIDS2": 4.528577e-05, "DM_succ_c": 1.101358e-01, "ABUTD": 0, "ACACT1r": 0, "EX_ac_e": 9.036997e+00, "EX_ala__D_e": 0, "EX_asn__L_e": 0, "EX_asp__L_e": 0, "EX_ribflv_e": -9.057154e-05, "EX_rmn_e": 0, "EX_ser__D_e": 0, "EX_btd_RR_e": 0, "EX_ser__L_e": 0, "EX_btn_e": -4.061504e-07, "EX_so4_e": -3.834730e-02, "EX_btoh_e": 0, "EX_spmd_e": 0, "EX_taur_e": 0, "3OAS161": 1.026574e-01, "3OAS180": 0, "EX_thm_e": -4.528577e-05, "EX_but_e": 0, "EX_trp__L_e": 0, "EX_uaagmda_e": 0, "3OAS181": 3.942908e-03, "3OAS60": 1.924056e-01, "3OAS80": 1.924056e-01, "3OAS100": 1.924056e-01, "3OAS120": 8.974827e-02, "3OAS121": 1.026574e-01, "EX_udcpdp_e": 0, "EX_udcpp_e": 0, "3OAS140": 8.974827e-02, "EX_ura_e": 0, "EX_ca2_e": -1.035277e-03, "EX_val__L_e": 0, "3OAR100": 1.924056e-01, "3OAR120": 8.974827e-02, "3OAR121": 1.026574e-01, "EX_citr__L_e": 0, "3OAR140": 8.974827e-02, "3OAR141": 1.026574e-01, "3OAR160": 6.741284e-02, "EX_cl_e": -1.035277e-03, "3OAR161": 1.026574e-01, "3OAR180": 0, "EX_co_e": 0, "3OAR181": 3.942908e-03, "3OAS141": 1.026574e-01, "EX_co2_e": 1.404526e+00, "3OAS160": 6.741284e-02, "ACBIPGT": 4.528577e-05, "4HTHRS": 0, "EX_cobalt2_e": -5.036265e-05, "EX_csn_e": 0, "ACt2r": -9.036997e+00, "ABFA": 0, "ABTA": 0, "ACGK": 4.503538e-02, "EX_cu2_e": -1.409342e-04, "ACGS": 0, "ACALD": 0, "ACHBS": 4.423404e-02, "APSR": 3.748463e-02, "EX_cys__L_e": 0, "ACCOAC": 1.328453e+00, "ACLS": 1.331196e-01, "ADOCBIK": 0, "EX_etoh_e": 0, "ACPS1": 0, "ACKr": -9.082371e+00, "EX_fe2_e": -2.806905e-03, "ADA": 0, "ADCL": 0, "EX_fol_e": -1.811431e-04, "ACLDC": 0, "ADCPS2": 4.528577e-05, "EX_for_e": 0, "ADCPS1": 0, "ACOTA": -4.503538e-02, "EX_fru_e": -5, "ACOAD1z": 0, "ACONTa": -9.998350e+02, "ACONTb": -9.998350e+02, "EX_gal_e": 0, "ACOATA": 1.924056e-01, "ADCYRS": 4.528577e-05, "ADCS": 0, "EX_galctn__D_e": 0, "ADD": 0, "ADK1": 4.141300e-01, "ACONT": 1000, "EX_galur_e": 0, "EX_glc__D_e": 0, "EX_glcn_e": 0, "ASNt2r": 0, "EX_glcur_e": 0, "ASP1DC": 9.686687e-05, "EX_gln__L_e": 0, "ASPt2r": 0, "EX_glu__L_e": 0, "ATPM": 4.500000e-01, "ADK2": 4.528577e-05, "EX_gly_e": 0, "ADMDC": 0, "ADOCBLS": 4.528577e-05, "BTDt_RR": 0, "BTOHt": 0, "EX_glyb_e": 0, "ADPRDP": 0, "EX_glyc_e": 0, "ADPT": 4.528577e-04, "BUTKr": 0, "ADSL1r": 3.180889e-02, "EX_h_e": 1.032900e+01, "ADSL2r": 3.329154e-02, "BUTt": 0, "ADSS": 3.180889e-02, "CYRDAR": 2.264288e-05, "AHCYSNS": 4.528577e-04, "AGPAT120": 0, "AGPR": -4.503538e-02, "CYSabc": 0, "AHSERL2": 2.344442e-02, "AIRCr": 3.329154e-02, "Cuabc": 1.409342e-04, "AICART": 4.771556e-02, "ALAALAr": 5.769569e-03, "ALAR": 8.412106e-02, "ALATA_L": -1.681016e-01, "CA2abc": 1.035277e-03, "CITRt2r": 0, "CLt3r_2": 5.176387e-04, "CO2t": -1.404526e+00, "ALCD2y": 0, "DHPTDCs2": 4.528577e-04, "AMMQLT8": 0, "COabc": 5.036265e-05, "DHPPDA": 0, "COt": 0, "ALCD4y": 0, "ALLTN": 0, "CYSSADS": 0, "CYRDAAT": 4.528577e-05, "ALLTNt2r": 0, "METt2r": 0, "AMAA": 0, "ASP4DC": 0, "DGK1": 0, "ANPRT": 8.654456e-03, "CTPS2": 0, "APRAUR": 0, "ASPO2": 0, "CYRDAS": 4.528577e-05, "ASPCT": 1.101358e-01, "ASPK": 8.146158e-02, "ACAFDOR": -8.285874e-02, "ANS": 0, "ASPO2y": 4.628084e-04, "CYSDS": 0, "ASPR": 0, "ATPPRT": 1.442402e-02, "ASPT": 0, "BACCL": 0, "BTDD_RR": 0, "ANS2": 8.654456e-03, "ARABR": 0, "ARAI": 0, "CYSTL": 0, "ARBabc": 0, "ARBt2r": 0, "BTNt2i": 4.061504e-07, "CYSTS": 0, "CBIAT": 0, "CYSS": 1.404021e-02, "CBLAT": 0, "ARGDr": 0, "ARGN": 0, "CYTD": 0, "ARGDC": 0, "CDPMEK": 1.228605e-04, "CBMKr": 1.551712e-01, "ARGSL": 4.503538e-02, "ARGSS": 4.503538e-02, "CBPS": 0, "ASAD": -8.146158e-02, "CHORS": 5.790202e-02, "DCYTD": 0, "CHORM": 4.920228e-02, "CITL": 0, "ARGt2r": 0, "ASNS1": 3.670137e-02, "CODH4": 0, "CYTDK2": 0, "CODH_ACS": 3.157139e+00, "CPC2MT": 4.528577e-05, "CLPNS120": 0, "CLPNS140": 5.420077e-04, "ECOAH1": 0, "CYTK1": 1.747740e-01, "CLPNS160": 1.636177e-03, "CPC3MT": 4.528577e-05, "CYTK2": 0, "D_LACt2": 0, "CPC4MT": 4.528577e-05, "ETOHt": 0, "DAGK120": 0, "FOLt": 1.811431e-04, "CPC6MT": 4.528577e-05, "CPC5MT": 4.528577e-05, "DAPDC": 5.224759e-02, "CPC8MM": 4.528577e-05, "CPC6R": 4.528577e-05, "G3PCT": 7.835149e-02, "DAPE": 5.801716e-02, "CPPPGOAN2": 0, "CS": 1.649578e-01, "DSERt2": 0, "CSND": 0, "G5SADs": 3.365626e-02, "DALAt2r": 5.769569e-03, "FOLR2": 1.811431e-04, "CTPS1": 1.088239e-02, "LDAPAT": -5.801716e-02, "CSNt2": 0, "DASYN120": 0, "FRTT": 0, "DASYN140": 1.116771e-02, "DURAD": 0, "DURIPP": 0, "DUTPDP": 0, "GLCt2": 0, "GLNabc": 0, "GLUabc": 0, "DXPRIi": 1.228605e-04, "DASYN160": 3.370642e-02, "DXPS": 1.228605e-04, "EAR100x": 8.974827e-02, "DASYN161": 4.935722e-02, "ENO": 8.922145e+00, "GPDDA1": 0, "GPDDA2": 0, "DASYN180": 0, "GPDDA4": 0, "FACOAL140": 0, "FACOAL160": 0, "DASYN181": 1.971454e-03, "DB4PS": 0, "FACOAL180": 0, "H2Ot": -6.236379e+00, "DCMPDA": 0, "FBA": 4.769865e+00, "DDPA": 5.790202e-02, "FBA3": 0, "FBP": 2.301351e-01, "H2td": 0, "HACD1": 0, "DDPGA": 0, "HCO3E": 1.869107e+00, "FDH7": 3.143139e+00, "FORt2": 0, "DHAD2": 4.423404e-02, "G1PTT": 8.445633e-02, "HISt2r": 0, "GTPCII": 0, "GK1": 1000, "FE2abc": 2.806905e-03, "FGLU": 0, "FMNAT": 4.528577e-05, "FRD2": 1.101358e-01, "DHAD1": 1.331196e-01, "FRNDPR2r": 3.345908e+00, "GK2": -9.999840e+02, "DHAK": 4.669714e-03, "HPPK": 0, "FRUK": 5, "FUM": 0, "GRTT": 1.116914e-05, "FRUpts": 5, "DHFR": 9.056057e-02, "FTHFLi": 3.143184e+00, "DHDPRy": 5.801716e-02, "G1PACT": 1.467320e-02, "G3PAT140": 1.116771e-02, "GLCURt2r": 0, "GF6PTA": 1.467320e-02, "GHMT2r": 2.095171e-01, "DHDPS": 5.801716e-02, "GLCNt2r": 0, "G1SAT": 3.622861e-04, "G3PAT181": 1.971454e-03, "GLNS": 1.887631e-01, "DHFS": 0, "GLCRD": 0, "G3PAT120": 0, "G3PAT160": 3.370642e-02, "G3PAT161": 4.935722e-02, "GLU5K": 3.365626e-02, "GLUDy": -1.387809e+00, "GLUPRT": 3.333682e-02, "GLUR": -5.769569e-03, "G3PAT180": 0, "G3PD2": -2.007053e-01, "G5SD": 3.365626e-02, "GLUTRR": 3.622861e-04, "GALCTD": 0, "DHNAOT4": 0, "GALCTNt2r": 0, "GLUSy": 0, "GLUTRS": 3.622861e-04, "GLUt2r": 0, "GAPD": 9.257264e+00, "DHNPA_1": 0, "GALUi": 0, "GALURt2r": 0, "GLUt4": 0, "GLYCDx": 4.669714e-03, "GALabc": 0, "DHORTS": -1.101358e-01, "GCCb": 0, "GARFT": 3.333682e-02, "GLYBt2r": 0, "GMPS2": 1.590668e-02, "GLYCK": 0, "GLYCt": 0, "GND": 0, "GCCa": 0, "METR": 3.157139e+00, "DHORD5": 1.101358e-01, "GNK": 0, "DHPS": 0, "GTPCI": 0, "GTPDPK": 0, "GUAD": 0, "HCITS": 0, "MGSA": 0, "DHPS2": 0, "KAS15": 0, "IPDPS": 1.116914e-04, "HAMR": 0, "IMPC": -4.771556e-02, "DHQTi": 5.790202e-02, "HXPRT": 0, "GUAPRT": 0, "LYSDC": 0, "DHQS": 5.790202e-02, "ICDHx": 1.649578e-01, "HYDFDN2r": 0, "HEX1": 0, "HETZK": 0, "HISTD": 1.442402e-02, "HYDFDi": 0, "DMATT": 1.116914e-05, "IGPDH": 1.442402e-02, "IG3PS": 1.442402e-02, "HISDr": 0, "HISTP": 1.442402e-02, "IGPS": 8.654456e-03, "DMPPS": 1.116914e-05, "ILETRS": 0, "HMBS": 4.528577e-05, "HMPK1": 0, "HSK": 0, "DPCOAK": 9.686687e-05, "HSDy": -2.344442e-02, "HSST": 0, "HSTPT": 1.442402e-02, "ILEt2r": 0, "ILETA": -4.423404e-02, "LEUTA": -6.859494e-02, "HXAND": 0, "DPR": 9.686687e-05, "METS": 2.389728e-02, "LEUt2r": 0, "IMPD": 1.590668e-02,