{"EX_h2_e": 3.579525e+00, "EX_h2o_e": 2.829768e+00, "EX_his__L_e": 0, "EX_ile__L_e": 0, "EX_lac__D_e": 0, "EX_murein4p3p_e": 0, "EX_murein4p4p_e": 0, "EX_murein4px4p_e": 0, "EX_k_e": -6.508111e-03, "EX_murein4px4px4p_e": 0, "EX_alaala_e": 0, "EX_murein5p3p_e": 0, "EX_murein5p4p_e": 0, "EX_murein5p5p_e": 0, "EX_murein5p5p5p_e": 0, "EX_lac__L_e": 0, "EX_leu__L_e": 0, "EX_lys__L_e": 0, "EX_alltn_e": 0, "EX_malt_e": 0, "EX_murein5px3p_e": 0, "EX_murein5px4p_e": 0, "EX_malthx_e": 0, "EX_murein5px4px4p_e": 0, "EX_arab__L_e": 0, "EX_malttr_e": 0, "EX_man_e": 0, "EX_araban__L_e": 0, "EX_met__L_e": 3.009158e-02, "EX_mg2_e": -2.892207e-04, "EX_mn2_e": -2.304642e-05, "EX_na1_e": 0, "EX_nh4_e": -4.164551e-01, "EX_ni2_e": -1.075727e-05, "EX_no2_e": 0, "EX_no3_e": 0, "EX_pi_e": -1.665245e-01, "EX_pro__L_e": 0, "EX_mobd_e": -2.382939e-07, "EX_xan_e": 0, "EX_xyl__D_e": 0, "EX_ptrc_e": 0, "EX_arg__L_e": 0, "EX_pydxn_e": 0, "EX_pyr_e": 3.081935e+00, "EX_zn2_e": -1.133598e-05, "BIOMASS_Cl_DSM_WT_46p666M1": 3.404198e-02, "EX_rib__D_e": 0, "DM_mththf_c": 7.591361e-05, "5HBZIDMT": 7.591361e-06, "5HBZIDS2": 7.591361e-06, "DM_succ_c": 1.846233e-02, "ABUTD": 0, "ACACT1r": 0, "EX_ac_e": 3.637522e-02, "EX_ala__D_e": 9.671667e-04, "EX_asn__L_e": 0, "EX_asp__L_e": 0, "EX_ribflv_e": -1.518272e-05, "EX_rmn_e": 0, "EX_ser__D_e": 0, "EX_btd_RR_e": 0, "EX_ser__L_e": 0, "EX_btn_e": -6.808396e-08, "EX_so4_e": -3.651983e-02, "EX_btoh_e": 0, "EX_spmd_e": 0, "EX_taur_e": 0, "3OAS161": 1.720870e-02, "3OAS180": 0, "EX_thm_e": -7.591361e-06, "EX_but_e": 0, "EX_trp__L_e": 0, "EX_uaagmda_e": 0, "3OAS181": 6.609591e-04, "3OAS60": 2.864172e-01, "3OAS80": 2.864172e-01, "3OAS100": 2.864172e-01, "3OAS120": 2.692085e-01, "3OAS121": 1.720870e-02, "EX_udcpdp_e": 0, "EX_udcpp_e": 0, "3OAS140": 2.692085e-01, "EX_ura_e": 0, "EX_ca2_e": -1.735460e-04, "EX_val__L_e": 0, "3OAR100": 2.864172e-01, "3OAR120": 2.692085e-01, "3OAR121": 1.720870e-02, "EX_citr__L_e": 0, "3OAR140": 2.692085e-01, "3OAR141": 1.720870e-02, "3OAR160": 1.130058e-02, "EX_cl_e": -1.735460e-04, "3OAR161": 1.720870e-02, "3OAR180": 0, "EX_co_e": 0, "3OAR181": 6.609591e-04, "3OAS141": 1.720870e-02, "EX_co2_e": 6.410940e+00, "3OAS160": 1.130058e-02, "ACBIPGT": 7.591361e-06, "4HTHRS": 0, "EX_cobalt2_e": -8.442411e-06, "EX_csn_e": 0, "ACt2r": -3.637522e-02, "ABFA": 0, "ABTA": 0, "ACGK": 7.549388e-03, "EX_cu2_e": -2.362513e-05, "ACGS": 0, "ACALD": -4.205827e+00, "ACHBS": 7.415058e-03, "APSR": 3.637522e-02, "EX_cys__L_e": 0, "ACCOAC": 1.747675e+00, "ACLS": 2.231516e-02, "ADOCBIK": 0, "EX_etoh_e": 4.191937e+00, "ACPS1": 0, "ACKr": 0, "EX_fe2_e": -4.705282e-04, "ADA": 0, "ADCL": 0, "EX_fol_e": -3.036545e-05, "ACLDC": 0, "ADCPS2": 7.591361e-06, "EX_for_e": 0, "ADCPS1": 0, "ACOTA": -7.549388e-03, "EX_fru_e": -5, "ACOAD1z": 0, "ACONTa": 1000, "ACONTb": 1000, "EX_gal_e": 0, "ACOATA": 2.864172e-01, "ADCYRS": 7.591361e-06, "ADCS": 0, "EX_galctn__D_e": 0, "ADD": 0, "ADK1": 8.535556e-02, "ACONT": -9.999723e+02, "EX_galur_e": 0, "EX_glc__D_e": 0, "EX_glcn_e": 0, "ASNt2r": 0, "EX_glcur_e": 0, "ASP1DC": 1.623802e-05, "EX_gln__L_e": 0, "ASPt2r": 0, "EX_glu__L_e": 0, "ATPM": 4.500000e-01, "ADK2": 7.591361e-06, "EX_gly_e": 0, "ADMDC": 0, "ADOCBLS": 7.591361e-06, "BTDt_RR": 0, "BTOHt": 0, "EX_glyb_e": 0, "ADPRDP": 0, "EX_glyc_e": 7.827953e-04, "ADPT": 7.591361e-05, "BUTKr": 0, "ADSL1r": 5.332199e-03, "EX_h_e": 3.178685e+00, "ADSL2r": 5.580740e-03, "BUTt": 0, "ADSS": 5.332199e-03, "CYRDAR": 3.795681e-06, "AHCYSNS": 7.591361e-05, "AGPAT120": 0, "AGPR": -7.549388e-03, "CYSabc": 0, "AHSERL2": 3.402162e-02, "AIRCr": 5.580740e-03, "Cuabc": 2.362513e-05, "AICART": 7.998674e-03, "ALAALAr": 9.671667e-04, "ALAR": 1.506858e-02, "ALATA_L": -2.914644e-02, "CA2abc": 1.735460e-04, "CITRt2r": 0, "CLt3r_2": 8.677300e-05, "CO2t": -6.410940e+00, "ALCD2y": 0, "DHPTDCs2": 7.591361e-05, "AMMQLT8": 0, "COabc": 8.442411e-06, "DHPPDA": 0, "COt": 0, "ALCD4y": 0, "ALLTN": 0, "CYSSADS": 0, "CYRDAAT": 7.591361e-06, "ALLTNt2r": 0, "METt2r": -3.009158e-02, "AMAA": 0, "ASP4DC": 0, "DGK1": 0, "ANPRT": 1.450767e-03, "CTPS2": 0, "APRAUR": 0, "ASPO2": 7.758167e-05, "CYRDAS": 7.591361e-06, "ASPCT": 4.304710e-03, "ASPK": 4.374718e-02, "ACAFDOR": 0, "ANS": 0, "ASPO2y": 0, "CYSDS": 0, "ASPR": 0, "ATPPRT": 2.417934e-03, "ASPT": 0, "BACCL": 0, "BTDD_RR": 0, "ANS2": 1.450767e-03, "ARABR": 0, "ARAI": 0, "CYSTL": 0, "ARBabc": 0, "ARBt2r": 0, "BTNt2i": 6.808396e-08, "CYSTS": 0, "CBIAT": 0, "CYSS": 2.353594e-03, "CBLAT": 0, "ARGDr": 0, "ARGN": 0, "CYTD": 0, "ARGDC": 0, "CDPMEK": 2.059540e-05, "CBMKr": 1.185410e-02, "ARGSL": 7.549388e-03, "ARGSS": 7.549388e-03, "CBPS": 0, "ASAD": -4.374718e-02, "CHORS": 9.706253e-03, "DCYTD": 0, "CHORM": 8.247895e-03, "CITL": 0, "ARGt2r": 0, "ASNS1": 6.152339e-03, "CODH4": 0, "CYTDK2": 0, "CODH_ACS": 0, "CPC2MT": 7.591361e-06, "CLPNS120": 0, "CLPNS140": 9.085804e-05, "ECOAH1": 0, "CYTK1": 1.563797e-01, "CLPNS160": 2.742762e-04, "CPC3MT": 7.591361e-06, "CYTK2": 0, "D_LACt2": 0, "CPC4MT": 7.591361e-06, "ETOHt": -4.191937e+00, "DAGK120": 0, "FOLt": 3.036545e-05, "CPC6MT": 7.591361e-06, "CPC5MT": 7.591361e-06, "DAPDC": 8.758388e-03, "CPC8MM": 7.591361e-06, "CPC6R": 7.591361e-06, "G3PCT": 1.313425e-02, "DAPE": 9.725555e-03, "CPPPGOAN2": 0, "CS": 2.765227e-02, "DSERt2": 0, "CSND": 0, "G5SADs": 5.641879e-03, "DALAt2r": 0, "FOLR2": 3.036545e-05, "CTPS1": 1.824242e-03, "LDAPAT": -9.725555e-03, "CSNt2": 0, "DASYN120": 0, "FRTT": 0, "DASYN140": 1.289540e-01, "DURAD": 0, "DURIPP": 0, "DUTPDP": 0, "GLCt2": 0, "GLNabc": 0, "GLUabc": 0, "DXPRIi": 2.059540e-05, "DASYN160": 5.650288e-03, "DXPS": 2.059540e-05, "EAR100x": 2.692085e-01, "DASYN161": 8.273869e-03, "ENO": 5.020380e+00, "GPDDA1": 0, "GPDDA2": 0, "DASYN180": 0, "GPDDA4": 0, "FACOAL140": 0, "FACOAL160": 0, "DASYN181": 3.304795e-04, "DB4PS": 0, "FACOAL180": 0, "H2Ot": -2.831425e+00, "DCMPDA": 0, "FBA": 4.985018e+00, "DDPA": 9.706253e-03, "FBA3": 0, "FBP": 1.498207e-02, "H2td": 3.579525e+00, "HACD1": 0, "DDPGA": 0, "HCO3E": 1.854240e+00, "FDH7": 1.358700e-02, "FORt2": 0, "DHAD2": 7.415058e-03, "G1PTT": 0, "HISt2r": 0, "GTPCII": 0, "GK1": 1000, "FE2abc": 4.705282e-04, "FGLU": 0, "FMNAT": 7.591361e-06, "FRD2": 1.846233e-02, "DHAD1": 2.231516e-02, "FRNDPR2r": 4.432465e+00, "GK2": -9.999973e+02, "DHAK": 0, "HPPK": 0, "FRUK": 5, "FUM": 0, "GRTT": 1.872309e-06, "FRUpts": 5, "DHFR": 1.023268e-03, "FTHFLi": 1.359460e-02, "DHDPRy": 9.725555e-03, "G1PACT": 2.459703e-03, "G3PAT140": 1.289540e-01, "GLCURt2r": 0, "GF6PTA": 2.459703e-03, "GHMT2r": 3.512186e-02, "DHDPS": 9.725555e-03, "GLCNt2r": 0, "G1SAT": 6.073089e-05, "G3PAT181": 3.304795e-04, "GLNS": 3.164280e-02, "DHFS": 0, "GLCRD": 0, "G3PAT120": 0, "G3PAT160": 5.650288e-03, "G3PAT161": 8.273869e-03, "GLU5K": 5.641879e-03, "GLUDy": -4.972526e+00, "GLUPRT": 5.588331e-03, "GLUR": -9.671667e-04, "G3PAT180": 0, "G3PD2": -1.607266e-01, "G5SD": 5.641879e-03, "GLUTRR": 6.073089e-05, "GALCTD": 0, "DHNAOT4": 0, "GALCTNt2r": 0, "GLUSy": 0, "GLUTRS": 6.073089e-05, "GLUt2r": 0, "GAPD": 9.799540e+00, "DHNPA_1": 0, "GALUi": 0, "GALURt2r": 0, "GLUt4": 0, "GLYCDx": 0, "GALabc": 0, "DHORTS": -4.304710e-03, "GCCb": 0, "GARFT": 5.588331e-03, "GLYBt2r": 0, "GMPS2": 2.666474e-03, "GLYCK": 0, "GLYCt": 7.827953e-04, "GND": 0, "GCCa": 0, "METR": 0, "DHORD5": 4.304710e-03, "GNK": 0, "DHPS": 0, "GTPCI": 0, "GTPDPK": 0, "GUAD": 0, "HCITS": 0, "MGSA": 0, "DHPS2": 0, "KAS15": 0, "IPDPS": 1.872309e-05, "HAMR": 0, "IMPC": -7.998674e-03, "DHQTi": 9.706253e-03, "HXPRT": 0, "GUAPRT": 0, "LYSDC": 0, "DHQS": 9.706253e-03, "ICDHx": 2.765227e-02, "HYDFDN2r": -1.796841e+00, "HEX1": 0, "HETZK": 0, "HISTD": 2.417934e-03, "HYDFDi": 0, "DMATT": 1.872309e-06, "IGPDH": 2.417934e-03, "IG3PS": 2.417934e-03, "HISDr": 0, "HISTP": 2.417934e-03, "IGPS": 1.450767e-03, "DMPPS": 1.872309e-06, "ILETRS": 0, "HMBS": 7.591361e-06, "HMPK1": 0, "HSK": 0, "DPCOAK": 1.623802e-05, "HSDy": -3.402162e-02, "HSST": 0, "HSTPT": 2.417934e-03, "ILEt2r": 0, "ILETA": -7.415058e-03, "LEUTA": -1.149873e-02, "HXAND": 0, "DPR": 1.623802e-05, "METS": 3.409754e-02,