{"EX_h2_e": 4.646439e-01, "EX_h2o_e": 5.529561e+00, "EX_his__L_e": 0, "EX_ile__L_e": 0, "EX_lac__D_e": 0, "EX_murein4p3p_e": 0, "EX_murein4p4p_e": 0, "EX_murein4px4p_e": 0, "EX_k_e": -3.976331e-02, "EX_murein4px4px4p_e": 0, "EX_alaala_e": 0, "EX_murein5p3p_e": 0, "EX_murein5p4p_e": 0, "EX_murein5p5p_e": 0, "EX_murein5p5p5p_e": 0, "EX_lac__L_e": 0, "EX_leu__L_e": 0, "EX_lys__L_e": 0, "EX_alltn_e": 0, "EX_malt_e": 0, "EX_murein5px3p_e": 0, "EX_murein5px4p_e": 0, "EX_malthx_e": 0, "EX_murein5px4px4p_e": 0, "EX_arab__L_e": 0, "EX_malttr_e": 0, "EX_man_e": 0, "EX_araban__L_e": 0, "EX_met__L_e": 5.548881e-02, "EX_mg2_e": -1.767083e-03, "EX_mn2_e": -1.408092e-04, "EX_na1_e": 0, "EX_nh4_e": -1.633741e+00, "EX_ni2_e": -6.572483e-05, "EX_no2_e": 0, "EX_no3_e": 0, "EX_pi_e": -2.409870e-01, "EX_pro__L_e": 0, "EX_mobd_e": -1.455930e-06, "EX_xan_e": 0, "EX_xyl__D_e": 0, "EX_ptrc_e": 0, "EX_arg__L_e": 0, "EX_pydxn_e": 0, "EX_pyr_e": 0, "EX_zn2_e": -6.926066e-05, "BIOMASS_Cl_DSM_WT_46p666M1": 2.079900e-01, "EX_rib__D_e": 0, "DM_mththf_c": 4.638176e-04, "5HBZIDMT": 4.638176e-05, "5HBZIDS2": 4.638176e-05, "DM_succ_c": 2.630096e-02, "ABUTD": 0, "ACACT1r": 0, "EX_ac_e": 0, "EX_ala__D_e": 0, "EX_asn__L_e": 0, "EX_asp__L_e": 0, "EX_ribflv_e": -9.276353e-05, "EX_rmn_e": 0, "EX_ser__D_e": 0, "EX_btd_RR_e": 0, "EX_ser__L_e": 0, "EX_btn_e": -4.159799e-07, "EX_so4_e": -9.476418e-02, "EX_btoh_e": 0, "EX_spmd_e": 0, "EX_taur_e": 0, "3OAS161": 1.051418e-01, "3OAS180": 0, "EX_thm_e": -4.638176e-05, "EX_but_e": 0, "EX_trp__L_e": 0, "EX_uaagmda_e": 0, "3OAS181": 4.038333e-03, "3OAS60": 1.970622e-01, "3OAS80": 1.970622e-01, "3OAS100": 1.970622e-01, "3OAS120": 9.192033e-02, "3OAS121": 1.051418e-01, "EX_udcpdp_e": 0, "EX_udcpp_e": 0, "3OAS140": 9.192033e-02, "EX_ura_e": 0, "EX_ca2_e": -1.060333e-03, "EX_val__L_e": 0, "3OAR100": 1.970622e-01, "3OAR120": 9.192033e-02, "3OAR121": 1.051418e-01, "EX_citr__L_e": 0, "3OAR140": 9.192033e-02, "3OAR141": 1.051418e-01, "3OAR160": 6.904435e-02, "EX_cl_e": -1.060333e-03, "3OAR161": 1.051418e-01, "3OAR180": 0, "EX_co_e": 0, "3OAR181": 4.038333e-03, "3OAS141": 1.051418e-01, "EX_co2_e": 8.156189e+00, "3OAS160": 6.904435e-02, "ACBIPGT": 4.638176e-05, "4HTHRS": 0, "EX_cobalt2_e": -5.158151e-05, "EX_csn_e": 0, "ACt2r": 0, "ABFA": 0, "ABTA": 0, "ACGK": 4.612531e-02, "EX_cu2_e": -1.443450e-04, "ACGS": 0, "ACALD": 0, "ACHBS": 4.530458e-02, "APSR": 9.388064e-02, "EX_cys__L_e": 0, "ACCOAC": 1.360604e+00, "ACLS": 1.363414e-01, "ADOCBIK": 0, "EX_etoh_e": 6.260127e+00, "ACPS1": 0, "ACKr": -6.174882e+00, "EX_fe2_e": -2.874837e-03, "ADA": 0, "ADCL": 0, "EX_fol_e": -1.855271e-04, "ACLDC": 0, "ADCPS2": 4.638176e-05, "EX_for_e": 0, "ADCPS1": 0, "ACOTA": -4.612531e-02, "EX_fru_e": -5, "ACOAD1z": 0, "ACONTa": -9.998310e+02, "ACONTb": -9.998310e+02, "EX_gal_e": 0, "ACOATA": 1.970622e-01, "ADCYRS": 4.638176e-05, "ADCS": 0, "EX_galctn__D_e": 0, "ADD": 0, "ADK1": 3.931412e-01, "ACONT": 1000, "EX_galur_e": 0, "EX_glc__D_e": 0, "EX_glcn_e": 0, "ASNt2r": 0, "EX_glcur_e": 0, "ASP1DC": 9.921121e-05, "EX_gln__L_e": 0, "ASPt2r": 0, "EX_glu__L_e": 0, "ATPM": 4.500000e-01, "ADK2": 4.638176e-05, "EX_gly_e": 0, "ADMDC": 0, "ADOCBLS": 4.638176e-05, "BTDt_RR": 0, "BTOHt": 0, "EX_glyb_e": 0, "ADPRDP": 0, "EX_glyc_e": 0, "ADPT": 4.638176e-04, "BUTKr": 0, "ADSL1r": 3.257872e-02, "EX_h_e": 1.094779e+00, "ADSL2r": 3.409725e-02, "BUTt": 0, "ADSS": 3.257872e-02, "CYRDAR": 2.319088e-05, "AHCYSNS": 4.638176e-04, "AGPAT120": 0, "AGPR": -4.612531e-02, "CYSabc": 0, "AHSERL2": 1.248052e-01, "AIRCr": 3.409725e-02, "Cuabc": 1.443450e-04, "AICART": 4.887036e-02, "ALAALAr": 5.909203e-03, "ALAR": 8.615693e-02, "ALATA_L": -1.721699e-01, "CA2abc": 1.060333e-03, "CITRt2r": 0, "CLt3r_2": 5.301664e-04, "CO2t": -8.156189e+00, "ALCD2y": 0, "DHPTDCs2": 4.638176e-04, "AMMQLT8": 0, "COabc": 5.158151e-05, "DHPPDA": 0, "COt": 0, "ALCD4y": 0, "ALLTN": 0, "CYSSADS": 0, "CYRDAAT": 4.638176e-05, "ALLTNt2r": 0, "METt2r": -5.548881e-02, "AMAA": 0, "ASP4DC": 0, "DGK1": 0, "ANPRT": 8.863908e-03, "CTPS2": 0, "APRAUR": 0, "ASPO2": 0, "CYRDAS": 4.638176e-05, "ASPCT": 2.630096e-02, "ASPK": 1.842265e-01, "ACAFDOR": -6.299687e+00, "ANS": 0, "ASPO2y": 4.740091e-04, "CYSDS": 3.092457e-02, "ASPR": 0, "ATPPRT": 1.477311e-02, "ASPT": 0, "BACCL": 0, "BTDD_RR": 0, "ANS2": 8.863908e-03, "ARABR": 0, "ARAI": 0, "CYSTL": 0, "ARBabc": 0, "ARBt2r": 0, "BTNt2i": 4.159799e-07, "CYSTS": 4.530458e-02, "CBIAT": 0, "CYSS": 0, "CBLAT": 0, "ARGDr": 0, "ARGN": 0, "CYTD": 0, "ARGDC": 0, "CDPMEK": 1.258339e-04, "CBMKr": 7.242627e-02, "ARGSL": 4.612531e-02, "ARGSS": 4.612531e-02, "CBPS": 0, "ASAD": -1.842265e-01, "CHORS": 5.930335e-02, "DCYTD": 0, "CHORM": 5.039306e-02, "CITL": 0, "ARGt2r": 0, "ASNS1": 3.758961e-02, "CODH4": 0, "CYTDK2": 0, "CODH_ACS": 0, "CPC2MT": 4.638176e-05, "CLPNS120": 0, "CLPNS140": 5.551252e-04, "ECOAH1": 0, "CYTK1": 1.790039e-01, "CLPNS160": 1.675775e-03, "CPC3MT": 4.638176e-05, "CYTK2": 0, "D_LACt2": 0, "CPC4MT": 4.638176e-05, "ETOHt": -6.260127e+00, "DAGK120": 0, "FOLt": 1.855271e-04, "CPC6MT": 4.638176e-05, "CPC5MT": 4.638176e-05, "DAPDC": 5.351207e-02, "CPC8MM": 4.638176e-05, "CPC6R": 4.638176e-05, "G3PCT": 8.024773e-02, "DAPE": 5.942128e-02, "CPPPGOAN2": 0, "CS": 1.689500e-01, "DSERt2": 0, "CSND": 0, "G5SADs": 3.447080e-02, "DALAt2r": 5.909203e-03, "FOLR2": 1.855271e-04, "CTPS1": 1.114577e-02, "LDAPAT": -5.942128e-02, "CSNt2": 0, "DASYN120": 0, "FRTT": 0, "DASYN140": 1.143799e-02, "DURAD": 0, "DURIPP": 0, "DUTPDP": 0, "GLCt2": 0, "GLNabc": 0, "GLUabc": 0, "DXPRIi": 1.258339e-04, "DASYN160": 3.452217e-02, "DXPS": 1.258339e-04, "EAR100x": 9.192033e-02, "DASYN161": 5.055175e-02, "ENO": 9.227607e+00, "GPDDA1": 0, "GPDDA2": 0, "DASYN180": 0, "GPDDA4": 0, "FACOAL140": 0, "FACOAL160": 0, "DASYN181": 2.019167e-03, "DB4PS": 0, "FACOAL180": 0, "H2Ot": -5.539684e+00, "DCMPDA": 0, "FBA": 4.908462e+00, "DDPA": 5.930335e-02, "FBA3": 0, "FBP": 9.153756e-02, "H2td": 4.646439e-01, "HACD1": 0, "DDPGA": 0, "HCO3E": 1.842135e+00, "FDH7": -4.638176e-05, "FORt2": 0, "DHAD2": 4.530458e-02, "G1PTT": 0, "HISt2r": 0, "GTPCII": 0, "GK1": -9.999776e+02, "FE2abc": 2.874837e-03, "FGLU": 0, "FMNAT": 4.638176e-05, "FRD2": 2.630096e-02, "DHAD1": 1.363414e-01, "FRNDPR2r": 1.975413e+00, "GK2": 9.999939e+02, "DHAK": 4.782729e-03, "HPPK": 0, "FRUK": 5, "FUM": 8.650032e-02, "GRTT": 1.143945e-05, "FRUpts": 5, "DHFR": 6.251970e-03, "FTHFLi": 0, "DHDPRy": 5.942128e-02, "G1PACT": 1.502832e-02, "G3PAT140": 1.143799e-02, "GLCURt2r": 0, "GF6PTA": 1.502832e-02, "GHMT2r": 1.692832e-01, "DHDPS": 5.942128e-02, "GLCNt2r": 0, "G1SAT": 3.710541e-04, "G3PAT181": 2.019167e-03, "GLNS": 1.933315e-01, "DHFS": 0, "GLCRD": 0, "G3PAT120": 0, "G3PAT160": 3.452217e-02, "G3PAT161": 5.055175e-02, "GLU5K": 3.447080e-02, "GLUDy": -1.421310e+00, "GLUPRT": 3.414363e-02, "GLUR": -5.909203e-03, "G3PAT180": 0, "G3PD2": -2.055627e-01, "G5SD": 3.447080e-02, "GLUTRR": 3.710541e-04, "GALCTD": 0, "DHNAOT4": 0, "GALCTNt2r": 0, "GLUSy": 0, "GLUTRS": 3.710541e-04, "GLUt2r": 0, "GAPD": 9.556456e+00, "DHNPA_1": 0, "GALUi": 0, "GALURt2r": 0, "GLUt4": 0, "GLYCDx": 4.782729e-03, "GALabc": 0, "DHORTS": -2.630096e-02, "GCCb": 0, "GARFT": 3.414363e-02, "GLYBt2r": 0, "GMPS2": 1.629165e-02, "GLYCK": 0, "GLYCt": 0, "GND": 0, "GCCa": 0, "METR": 0, "DHORD5": 2.630096e-02, "GNK": 0, "DHPS": 0, "GTPCI": 0, "GTPDPK": 0, "GUAD": 0, "HCITS": 0, "MGSA": 0, "DHPS2": 0, "KAS15": 0, "IPDPS": 1.143945e-04, "HAMR": 0, "IMPC": -4.887036e-02, "DHQTi": 5.930335e-02, "HXPRT": 0, "GUAPRT": 0, "LYSDC": 0, "DHQS": 5.930335e-02, "ICDHx": 1.689500e-01, "HYDFDN2r": -2.323219e-01, "HEX1": 0, "HETZK": 0, "HISTD": 1.477311e-02, "HYDFDi": 0, "DMATT": 1.143945e-05, "IGPDH": 1.477311e-02, "IG3PS": 1.477311e-02, "HISDr": 0, "HISTP": 1.477311e-02, "IGPS": 8.863908e-03, "DMPPS": 1.143945e-05, "ILETRS": 0, "HMBS": 4.638176e-05, "HMPK1": 0, "HSK": 0, "DPCOAK": 9.921121e-05, "HSDy": -1.248052e-01, "HSST": 0, "HSTPT": 1.477311e-02, "ILEt2r": 0, "ILETA": -4.530458e-02, "LEUTA": -7.025506e-02, "HXAND": 0, "DPR": 9.921121e-05, "METS": 7.996445e-02,