{"EX_h2_e": 0, "EX_h2o_e": 3.162231e+00, "EX_his__L_e": 0, "EX_ile__L_e": 0, "EX_lac__D_e": 0, "EX_murein4p3p_e": 0, "EX_murein4p4p_e": 0, "EX_murein4px4p_e": 0, "EX_k_e": -8.508271e-03, "EX_murein4px4px4p_e": 0, "EX_alaala_e": 0, "EX_murein5p3p_e": 0, "EX_murein5p4p_e": 0, "EX_murein5p5p_e": 0, "EX_murein5p5p5p_e": 0, "EX_lac__L_e": 0, "EX_leu__L_e": 0, "EX_lys__L_e": 0, "EX_alltn_e": 0, "EX_malt_e": 0, "EX_murein5px3p_e": 0, "EX_murein5px4p_e": 0, "EX_malthx_e": 0, "EX_murein5px4px4p_e": 0, "EX_arab__L_e": 0, "EX_malttr_e": 0, "EX_man_e": 0, "EX_araban__L_e": 0, "EX_met__L_e": 1.187310e-02, "EX_mg2_e": -3.781078e-04, "EX_mn2_e": -3.012935e-05, "EX_na1_e": 0, "EX_nh4_e": -1.122277e+00, "EX_ni2_e": -1.406333e-05, "EX_no2_e": 0, "EX_no3_e": 0, "EX_pi_e": -5.156467e-02, "EX_pro__L_e": 0, "EX_mobd_e": -3.115295e-07, "EX_xan_e": 0, "EX_xyl__D_e": 0, "EX_ptrc_e": 0, "EX_arg__L_e": 0, "EX_pydxn_e": 0, "EX_pyr_e": 0, "EX_zn2_e": -1.481990e-05, "BIOMASS_Cl_DSM_WT_46p666M1": 4.450421e-02, "EX_rib__D_e": 0, "DM_mththf_c": 9.924440e-05, "5HBZIDMT": 9.924440e-06, "5HBZIDS2": 9.924440e-06, "DM_succ_c": 5.627691e-03, "ABUTD": 0, "ACACT1r": 0, "EX_ac_e": 1.107956e+00, "EX_ala__D_e": 1.264409e-03, "EX_asn__L_e": 0, "EX_asp__L_e": 0, "EX_ribflv_e": -1.984888e-05, "EX_rmn_e": 0, "EX_ser__D_e": 0, "EX_btd_RR_e": 0, "EX_ser__L_e": 0, "EX_btn_e": -8.900843e-08, "EX_so4_e": -2.027697e-02, "EX_btoh_e": 0, "EX_spmd_e": 0, "EX_taur_e": 0, "3OAS161": 2.249750e-02, "3OAS180": 0, "EX_thm_e": -9.924440e-06, "EX_but_e": 0, "EX_trp__L_e": 0, "EX_uaagmda_e": 0, "3OAS181": 8.640938e-04, "3OAS60": 4.216596e-02, "3OAS80": 4.216596e-02, "3OAS100": 4.216596e-02, "3OAS120": 1.966846e-02, "3OAS121": 2.249750e-02, "EX_udcpdp_e": 0, "EX_udcpp_e": 0, "3OAS140": 1.966846e-02, "EX_ura_e": 0, "EX_ca2_e": -2.268825e-04, "EX_val__L_e": 0, "3OAR100": 4.216596e-02, "3OAR120": 1.966846e-02, "3OAR121": 2.249750e-02, "EX_citr__L_e": 0, "3OAR140": 1.966846e-02, "3OAR141": 2.249750e-02, "3OAR160": 1.477362e-02, "EX_cl_e": -2.268825e-04, "3OAR161": 2.249750e-02, "3OAR180": 0, "EX_co_e": 0, "3OAR181": 8.640938e-04, "3OAS141": 2.249750e-02, "EX_co2_e": 8.060314e+00, "3OAS160": 1.477362e-02, "ACBIPGT": 9.924440e-06, "4HTHRS": 0, "EX_cobalt2_e": -1.103705e-05, "EX_csn_e": 0, "ACt2r": -1.107956e+00, "ABFA": 0, "ABTA": 0, "ACGK": 9.869566e-03, "EX_cu2_e": -3.088592e-05, "ACGS": 0, "ACALD": -6.555117e+00, "ACHBS": 7.811304e-01, "APSR": 2.008791e-02, "EX_cys__L_e": 0, "ACCOAC": 2.911324e-01, "ACLS": 2.917336e-02, "ADOCBIK": 0, "EX_etoh_e": 6.546652e+00, "ACPS1": 0, "ACKr": -3.098144e-01, "EX_fe2_e": -6.151373e-04, "ADA": 0, "ADCL": 0, "EX_fol_e": -3.969776e-05, "ACLDC": 0, "ADCPS2": 9.924440e-06, "EX_for_e": 0, "ADCPS1": 0, "ACOTA": -9.869566e-03, "EX_fru_e": -5, "ACOAD1z": 0, "ACONTa": -9.999638e+02, "ACONTb": -9.999638e+02, "EX_gal_e": 0, "ACOATA": 0, "ADCYRS": 9.924440e-06, "ADCS": 0, "EX_galctn__D_e": 0, "ADD": 0, "ADK1": 8.412155e-02, "ACONT": 1000, "EX_galur_e": 0, "EX_glc__D_e": 0, "EX_glcn_e": 0, "ASNt2r": 0, "EX_glcur_e": 0, "ASP1DC": 2.122851e-05, "EX_gln__L_e": 0, "ASPt2r": 0, "EX_glu__L_e": 0, "ATPM": 4.500000e-01, "ADK2": 9.924440e-06, "EX_gly_e": 0, "ADMDC": 0, "ADOCBLS": 9.924440e-06, "BTDt_RR": 0, "BTOHt": 0, "EX_glyb_e": 0, "ADPRDP": 0, "EX_glyc_e": 1.023374e-03, "ADPT": 9.924440e-05, "BUTKr": 0, "ADSL1r": 6.970962e-03, "EX_h_e": 2.114910e+00, "ADSL2r": 7.295887e-03, "BUTt": 0, "ADSS": 6.970962e-03, "CYRDAR": 4.962220e-06, "AHCYSNS": 9.924440e-05, "AGPAT120": 0, "AGPR": -9.869566e-03, "CYSabc": 0, "AHSERL2": 7.981414e-01, "AIRCr": 7.295887e-03, "Cuabc": 3.088592e-05, "AICART": 1.045693e-02, "ALAALAr": 1.264409e-03, "ALAR": 1.969966e-02, "ALATA_L": -3.810411e-02, "CA2abc": 2.268825e-04, "CITRt2r": 0, "CLt3r_2": 1.134412e-04, "CO2t": -8.060314e+00, "ALCD2y": -6.546652e+00, "DHPTDCs2": 9.924440e-05, "AMMQLT8": 0, "COabc": 1.103705e-05, "DHPPDA": 0, "COt": 0, "ALCD4y": 0, "ALLTN": 0, "CYSSADS": 0, "CYRDAAT": 9.924440e-06, "ALLTNt2r": 0, "METt2r": -1.187310e-02, "AMAA": 0, "ASP4DC": 0, "DGK1": 0, "ANPRT": 1.896636e-03, "CTPS2": 0, "APRAUR": 0, "ASPO2": 1.014251e-04, "CYRDAS": 9.924440e-06, "ASPCT": 5.627691e-03, "ASPK": 8.108559e-01, "ACAFDOR": 0, "ANS": 0, "ASPO2y": 0, "CYSDS": 7.780535e-01, "ASPR": 0, "ATPPRT": 3.161045e-03, "ASPT": 0, "BACCL": 0, "BTDD_RR": 0, "ANS2": 1.896636e-03, "ARABR": 0, "ARAI": 0, "CYSTL": 0, "ARBabc": 0, "ARBt2r": 0, "BTNt2i": 8.900843e-08, "CYSTS": 7.811304e-01, "CBIAT": 0, "CYSS": 0, "CBLAT": 0, "ARGDr": 0, "ARGN": 0, "CYTD": 0, "ARGDC": 0, "CDPMEK": 2.692505e-05, "CBMKr": 1.549726e-02, "ARGSL": 9.869566e-03, "ARGSS": 9.869566e-03, "CBPS": 0, "ASAD": -8.108559e-01, "CHORS": 1.268931e-02, "DCYTD": 0, "CHORM": 1.078275e-02, "CITL": 0, "ARGt2r": 0, "ASNS1": 8.043158e-03, "CODH4": 0, "CYTDK2": 0, "CODH_ACS": 0, "CPC2MT": 9.924440e-06, "CLPNS120": 0, "CLPNS140": 1.187817e-04, "ECOAH1": 0, "CYTK1": 3.830197e-02, "CLPNS160": 3.585705e-04, "CPC3MT": 9.924440e-06, "CYTK2": 0, "D_LACt2": 0, "CPC4MT": 9.924440e-06, "ETOHt": -6.546652e+00, "DAGK120": 0, "FOLt": 3.969776e-05, "CPC6MT": 9.924440e-06, "CPC5MT": 9.924440e-06, "DAPDC": 1.145013e-02, "CPC8MM": 9.924440e-06, "CPC6R": 9.924440e-06, "G3PCT": 1.717084e-02, "DAPE": 1.271454e-02, "CPPPGOAN2": 0, "CS": 3.615073e-02, "DSERt2": 0, "CSND": 0, "G5SADs": 7.375817e-03, "DALAt2r": 0, "FOLR2": 3.969776e-05, "CTPS1": 2.384892e-03, "LDAPAT": -1.271454e-02, "CSNt2": 0, "DASYN120": 0, "FRTT": 0, "DASYN140": 2.447420e-03, "DURAD": 0, "DURIPP": 0, "DUTPDP": 0, "GLCt2": 0, "GLNabc": 0, "GLUabc": 0, "DXPRIi": 2.692505e-05, "DASYN160": 7.386809e-03, "DXPS": 2.692505e-05, "EAR100x": 1.966846e-02, "DASYN161": 1.081670e-02, "ENO": 5.026643e+00, "GPDDA1": 0, "GPDDA2": 0, "DASYN180": 0, "GPDDA4": 0, "FACOAL140": 0, "FACOAL160": 0, "DASYN181": 4.320469e-04, "DB4PS": 0, "FACOAL180": 0, "H2Ot": -3.164397e+00, "DCMPDA": 0, "FBA": 4.980413e+00, "DDPA": 1.268931e-02, "FBA3": 0, "FBP": 1.958656e-02, "H2td": 0, "HACD1": 0, "DDPGA": 0, "HCO3E": 1.165603e+00, "FDH7": -9.924440e-06, "FORt2": 0, "DHAD2": 7.811304e-01, "G1PTT": 0, "HISt2r": 0, "GTPCII": 0, "GK1": 1000, "FE2abc": 6.151373e-04, "FGLU": 0, "FMNAT": 9.924440e-06, "FRD2": 5.627691e-03, "DHAD1": 2.917336e-02, "FRNDPR2r": 8.007649e+00, "GK2": -9.999965e+02, "DHAK": 0, "HPPK": 0, "FRUK": 5, "FUM": 1.850872e-02, "GRTT": 2.447732e-06, "FRUpts": 5, "DHFR": 1.337752e-03, "FTHFLi": 0, "DHDPRy": 1.271454e-02, "G1PACT": 3.215652e-03, "G3PAT140": 2.447420e-03, "GLCURt2r": 0, "GF6PTA": 3.215652e-03, "GHMT2r": 3.622202e-02, "DHDPS": 1.271454e-02, "GLCNt2r": 0, "G1SAT": 7.939552e-05, "G3PAT181": 4.320469e-04, "GLNS": 4.136769e-02, "DHFS": 0, "GLCRD": 0, "G3PAT120": 0, "G3PAT160": 7.386809e-03, "G3PAT161": 1.081670e-02, "GLU5K": 7.375817e-03, "GLUDy": -6.655322e+00, "GLUPRT": 7.305812e-03, "GLUR": -1.264409e-03, "G3PAT180": 0, "G3PD2": -4.398485e-02, "G5SD": 7.375817e-03, "GLUTRR": 7.939552e-05, "GALCTD": 0, "DHNAOT4": 0, "GALCTNt2r": 0, "GLUSy": 0, "GLUTRS": 7.939552e-05, "GLUt2r": 0, "GAPD": 9.904070e+00, "DHNPA_1": 0, "GALUi": 0, "GALURt2r": 0, "GLUt4": 0, "GLYCDx": 0, "GALabc": 0, "DHORTS": -5.627691e-03, "GCCb": 0, "GARFT": 7.305812e-03, "GLYBt2r": 0, "GMPS2": 3.485971e-03, "GLYCK": 0, "GLYCt": 1.023374e-03, "GND": 0, "GCCa": 0, "METR": 0, "DHORD5": 5.627691e-03, "GNK": 0, "DHPS": 0, "GTPCI": 0, "GTPDPK": 0, "GUAD": 0, "HCITS": 0, "MGSA": 0, "DHPS2": 0, "KAS15": 4.216596e-02, "IPDPS": 2.447732e-05, "HAMR": 0, "IMPC": -1.045693e-02, "DHQTi": 1.268931e-02, "HXPRT": 0, "GUAPRT": 0, "LYSDC": 0, "DHQS": 1.268931e-02, "ICDHx": 3.615073e-02, "HYDFDN2r": 0, "HEX1": 0, "HETZK": 0, "HISTD": 3.161045e-03, "HYDFDi": 0, "DMATT": 2.447732e-06, "IGPDH": 3.161045e-03, "IG3PS": 3.161045e-03, "HISDr": 0, "HISTP": 3.161045e-03, "IGPS": 1.896636e-03, "DMPPS": 2.447732e-06, "ILETRS": 0, "HMBS": 9.924440e-06, "HMPK1": 0, "HSK": 0, "DPCOAK": 2.122851e-05, "HSDy": -7.981414e-01, "HSST": 0, "HSTPT": 3.161045e-03, "ILEt2r": 0, "ILETA": -7.811304e-01, "LEUTA": -1.503268e-02, "HXAND": 0, "DPR": 2.122851e-05, "METS": 1.711022e-02,