{"EX_h2_e": 6.469541e+00, "EX_h2o_e": 4.637352e+00, "EX_his__L_e": 0, "EX_ile__L_e": 0, "EX_lac__D_e": 0, "EX_murein4p3p_e": 0, "EX_murein4p4p_e": 0, "EX_murein4px4p_e": 0, "EX_k_e": -1.470544e-02, "EX_murein4px4px4p_e": 0, "EX_alaala_e": 0, "EX_murein5p3p_e": 0, "EX_murein5p4p_e": 0, "EX_murein5p5p_e": 0, "EX_murein5p5p5p_e": 0, "EX_lac__L_e": 0, "EX_leu__L_e": 0, "EX_lys__L_e": 0, "EX_alltn_e": 0, "EX_malt_e": 0, "EX_murein5px3p_e": 0, "EX_murein5px4p_e": 0, "EX_malthx_e": 0, "EX_murein5px4px4p_e": 0, "EX_arab__L_e": 0, "EX_malttr_e": 0, "EX_man_e": 0, "EX_araban__L_e": 0, "EX_met__L_e": 6.799360e-02, "EX_mg2_e": -6.535102e-04, "EX_mn2_e": -5.207467e-05, "EX_na1_e": 0, "EX_nh4_e": -6.516696e-01, "EX_ni2_e": -2.430664e-05, "EX_no2_e": 0, "EX_no3_e": 0, "EX_pi_e": -3.762715e-01, "EX_pro__L_e": 0, "EX_mobd_e": -5.384382e-07, "EX_xan_e": 0, "EX_xyl__D_e": 0, "EX_ptrc_e": 0, "EX_arg__L_e": 0, "EX_pydxn_e": 0, "EX_pyr_e": 0, "EX_zn2_e": -2.561428e-05, "BIOMASS_Cl_DSM_WT_46p666M1": 7.691975e-02, "EX_rib__D_e": 0, "DM_mththf_c": 1.715310e-04, "5HBZIDMT": 1.715310e-05, "5HBZIDS2": 1.715310e-05, "DM_succ_c": 9.726733e-03, "ABUTD": 0, "ACACT1r": 0, "EX_ac_e": 2.953278e+00, "EX_ala__D_e": 0, "EX_asn__L_e": 0, "EX_asp__L_e": 0, "EX_ribflv_e": -3.430621e-05, "EX_rmn_e": 0, "EX_ser__D_e": 0, "EX_btd_RR_e": 0, "EX_ser__L_e": 0, "EX_btn_e": -1.538395e-07, "EX_so4_e": -8.251858e-02, "EX_btoh_e": 0, "EX_spmd_e": 0, "EX_taur_e": 0, "3OAS161": 3.888401e-02, "3OAS180": 5.742973e-01, "EX_thm_e": -1.715310e-05, "EX_but_e": 0, "EX_trp__L_e": 0, "EX_uaagmda_e": 0, "3OAS181": 1.493474e-03, "3OAS60": 6.471757e-01, "3OAS80": 6.471757e-01, "3OAS100": 6.471757e-01, "3OAS120": 6.082917e-01, "3OAS121": 3.888401e-02, "EX_udcpdp_e": 0, "EX_udcpp_e": 0, "3OAS140": 6.082917e-01, "EX_ura_e": 0, "EX_ca2_e": -3.921369e-04, "EX_val__L_e": 0, "3OAR100": 6.471757e-01, "3OAR120": 6.082917e-01, "3OAR121": 3.888401e-02, "EX_citr__L_e": 0, "3OAR140": 6.082917e-01, "3OAR141": 3.888401e-02, "3OAR160": 5.998316e-01, "EX_cl_e": -3.921369e-04, "3OAR161": 3.888401e-02, "3OAR180": 5.742973e-01, "EX_co_e": 0, "3OAR181": 1.493474e-03, "3OAS141": 3.888401e-02, "EX_co2_e": 8.778483e+00, "3OAS160": 5.998316e-01, "ACBIPGT": 1.715310e-05, "4HTHRS": 0, "EX_cobalt2_e": -1.907610e-05, "EX_csn_e": 0, "ACt2r": -2.953278e+00, "ABFA": 0, "ABTA": 0, "ACGK": 1.705826e-02, "EX_cu2_e": -5.338230e-05, "ACGS": 0, "ACALD": 0, "ACHBS": 1.675474e-02, "APSR": 8.219183e-02, "EX_cys__L_e": 0, "ACCOAC": 5.097563e+00, "ACLS": 5.042236e-02, "ADOCBIK": 0, "EX_etoh_e": 0, "ACPS1": 0, "ACKr": -2.902471e+00, "EX_fe2_e": -1.063185e-03, "ADA": 0, "ADCL": 0, "EX_fol_e": -6.861241e-05, "ACLDC": 0, "ADCPS2": 1.715310e-05, "EX_for_e": 0, "ADCPS1": 0, "ACOTA": -1.705826e-02, "EX_fru_e": -5, "ACOAD1z": 0, "ACONTa": -9.999375e+02, "ACONTb": -9.999375e+02, "EX_gal_e": 0, "ACOATA": 0, "ADCYRS": 1.715310e-05, "ADCS": 0, "EX_galctn__D_e": 0, "ADD": 0, "ADK1": 1.928657e-01, "ACONT": 1000, "EX_galur_e": 0, "EX_glc__D_e": 0, "EX_glcn_e": 0, "ASNt2r": 0, "EX_glcur_e": 0, "ASP1DC": 3.669072e-05, "EX_gln__L_e": 0, "ASPt2r": 0, "EX_glu__L_e": 0, "ATPM": 4.500000e-01, "ADK2": 1.715310e-05, "EX_gly_e": 0, "ADMDC": 0, "ADOCBLS": 1.715310e-05, "BTDt_RR": 0, "BTOHt": 0, "EX_glyb_e": 0, "ADPRDP": 0, "EX_glyc_e": 0, "ADPT": 1.715310e-04, "BUTKr": 0, "ADSL1r": 1.204840e-02, "EX_h_e": 3.023533e+00, "ADSL2r": 1.260999e-02, "BUTt": 0, "ADSS": 1.204840e-02, "CYRDAR": 8.576552e-06, "AHCYSNS": 1.715310e-04, "AGPAT120": 0, "AGPR": -1.705826e-02, "CYSabc": 0, "AHSERL2": 7.687375e-02, "AIRCr": 1.260999e-02, "Cuabc": 5.338230e-05, "AICART": 1.807345e-02, "ALAALAr": 2.185367e-03, "ALAR": 3.186293e-02, "ALATA_L": -6.367263e-02, "CA2abc": 3.921369e-04, "CITRt2r": 0, "CLt3r_2": 1.960684e-04, "CO2t": -8.778483e+00, "ALCD2y": 0, "DHPTDCs2": 1.715310e-04, "AMMQLT8": 0, "COabc": 1.907610e-05, "DHPPDA": 0, "COt": 0, "ALCD4y": 0, "ALLTN": 0, "CYSSADS": 0, "CYRDAAT": 1.715310e-05, "ALLTNt2r": 0, "METt2r": -6.799360e-02, "AMAA": 0, "ASP4DC": 0, "DGK1": 0, "ANPRT": 3.278089e-03, "CTPS2": 0, "APRAUR": 0, "ASPO2": 0, "CYRDAS": 1.715310e-05, "ASPCT": 9.726733e-03, "ASPK": 9.884918e-02, "ACAFDOR": -3.138480e-02, "ANS": 0, "ASPO2y": 1.753001e-04, "CYSDS": 0, "ASPR": 0, "ATPPRT": 5.463456e-03, "ASPT": 7.598509e-01, "BACCL": 0, "BTDD_RR": 0, "ANS2": 3.278089e-03, "ARABR": 0, "ARAI": 0, "CYSTL": 0, "ARBabc": 0, "ARBt2r": 0, "BTNt2i": 1.538395e-07, "CYSTS": 0, "CBIAT": 0, "CYSS": 5.318077e-03, "CBLAT": 0, "ARGDr": 0, "ARGN": 0, "CYTD": 0, "ARGDC": 0, "CDPMEK": 4.653645e-05, "CBMKr": 2.678499e-02, "ARGSL": 1.705826e-02, "ARGSS": 1.705826e-02, "CBPS": 0, "ASAD": -9.884918e-02, "CHORS": 2.193182e-02, "DCYTD": 0, "CHORM": 1.863658e-02, "CITL": 0, "ARGt2r": 0, "ASNS1": 1.390155e-02, "CODH4": 0, "CYTDK2": 0, "CODH_ACS": 0, "CPC2MT": 1.715310e-05, "CLPNS120": 0, "CLPNS140": 2.052988e-04, "ECOAH1": 0, "CYTK1": 3.533486e-01, "CLPNS160": 6.197424e-04, "CPC3MT": 1.715310e-05, "CYTK2": 0, "D_LACt2": 0, "CPC4MT": 1.715310e-05, "ETOHt": 0, "DAGK120": 0, "FOLt": 6.861241e-05, "CPC6MT": 1.715310e-05, "CPC5MT": 1.715310e-05, "DAPDC": 1.979007e-02, "CPC8MM": 1.715310e-05, "CPC6R": 1.715310e-05, "G3PCT": 2.967756e-02, "DAPE": 2.197543e-02, "CPPPGOAN2": 0, "CS": 6.248183e-02, "DSERt2": 0, "CSND": 0, "G5SADs": 1.274814e-02, "DALAt2r": 2.185367e-03, "FOLR2": 6.861241e-05, "CTPS1": 4.121975e-03, "LDAPAT": -2.197543e-02, "CSNt2": 0, "DASYN120": 0, "FRTT": 0, "DASYN140": 4.230048e-03, "DURAD": 0, "DURIPP": 0, "DUTPDP": 0, "GLCt2": 0, "GLNabc": 0, "GLUabc": 0, "DXPRIi": 4.653645e-05, "DASYN160": 1.276714e-02, "DXPS": 4.653645e-05, "EAR100x": 6.082917e-01, "DASYN161": 1.869527e-02, "ENO": 9.278309e+00, "GPDDA1": 0, "GPDDA2": 0, "DASYN180": 2.871486e-01, "GPDDA4": 0, "FACOAL140": 0, "FACOAL160": 0, "DASYN181": 7.467369e-04, "DB4PS": 0, "FACOAL180": 0, "H2Ot": -4.641095e+00, "DCMPDA": 0, "FBA": 4.966147e+00, "DDPA": 2.193182e-02, "FBA3": 0, "FBP": 3.385282e-02, "H2td": 6.469541e+00, "HACD1": 0, "DDPGA": 0, "HCO3E": 5.306362e+00, "FDH7": -9.999693e+02, "FORt2": 0, "DHAD2": 1.675474e-02, "G1PTT": 0, "HISt2r": 0, "GTPCII": 0, "GK1": 1000, "FE2abc": 1.063185e-03, "FGLU": 0, "FMNAT": 1.715310e-05, "FRD2": 9.726733e-03, "DHAD1": 5.042236e-02, "FRNDPR2r": 5.357076e+00, "GK2": -9.999940e+02, "DHAK": 1.453431e-01, "HPPK": 0, "FRUK": 5, "FUM": 7.918408e-01, "GRTT": 4.230586e-06, "FRUpts": 5, "DHFR": 2.312131e-03, "FTHFLi": 3.071775e-02, "DHDPRy": 2.197543e-02, "G1PACT": 5.557836e-03, "G3PAT140": 4.230048e-03, "GLCURt2r": 0, "GF6PTA": 5.557836e-03, "GHMT2r": 7.935980e-02, "DHDPS": 2.197543e-02, "GLCNt2r": 0, "G1SAT": 1.372248e-04, "G3PAT181": 7.467369e-04, "GLNS": 7.149867e-02, "DHFS": 0, "GLCRD": 0, "G3PAT120": 0, "G3PAT160": 1.276714e-02, "G3PAT161": 1.869527e-02, "GLU5K": 1.274814e-02, "GLUDy": -1.321522e+00, "GLUPRT": 1.262715e-02, "GLUR": -2.185367e-03, "G3PAT180": 2.871486e-01, "G3PD2": -6.503194e-01, "G5SD": 1.274814e-02, "GLUTRR": 1.372248e-04, "GALCTD": 0, "DHNAOT4": 0, "GALCTNt2r": 0, "GLUSy": 0, "GLUTRS": 1.372248e-04, "GLUt2r": 0, "GAPD": 9.405244e+00, "DHNPA_1": 0, "GALUi": 0, "GALURt2r": 0, "GLUt4": 0, "GLYCDx": 1.453431e-01, "GALabc": 0, "DHORTS": -9.726733e-03, "GCCb": 0, "GARFT": 1.262715e-02, "GLYBt2r": 0, "GMPS2": 6.025047e-03, "GLYCK": 0, "GLYCt": 0, "GND": 0, "GCCa": 0, "METR": 0, "DHORD5": 9.726733e-03, "GNK": 0, "DHPS": 0, "GTPCI": 0, "GTPDPK": 0, "GUAD": 0, "HCITS": 0, "MGSA": 0, "DHPS2": 0, "KAS15": 6.471757e-01, "IPDPS": 4.230586e-05, "HAMR": 0, "IMPC": -1.807345e-02, "DHQTi": 2.193182e-02, "HXPRT": 0, "GUAPRT": 0, "LYSDC": 0, "DHQS": 2.193182e-02, "ICDHx": 6.248183e-02, "HYDFDN2r": -3.234771e+00, "HEX1": 0, "HETZK": 0, "HISTD": 5.463456e-03, "HYDFDi": 0, "DMATT": 4.230586e-06, "IGPDH": 5.463456e-03, "IG3PS": 5.463456e-03, "HISDr": 0, "HISTP": 5.463456e-03, "IGPS": 3.278089e-03, "DMPPS": 4.230586e-06, "ILETRS": 0, "HMBS": 1.715310e-05, "HMPK1": 0, "HSK": 0, "DPCOAK": 3.669072e-05, "HSDy": -7.687375e-02, "HSST": 0, "HSTPT": 5.463456e-03, "ILEt2r": 0, "ILETA": -1.675474e-02, "LEUTA": -2.598203e-02,