{"EX_h2_e": 0, "EX_h2o_e": 3.046358e+00, "EX_his__L_e": 0, "EX_ile__L_e": 0, "EX_lac__D_e": 0, "EX_murein4p3p_e": 0, "EX_murein4p4p_e": 0, "EX_murein4px4p_e": 0, "EX_k_e": -6.864106e-03, "EX_murein4px4px4p_e": 0, "EX_alaala_e": 0, "EX_murein5p3p_e": 0, "EX_murein5p4p_e": 0, "EX_murein5p5p_e": 0, "EX_murein5p5p5p_e": 0, "EX_lac__L_e": 0, "EX_leu__L_e": 0, "EX_lys__L_e": 0, "EX_alltn_e": 0, "EX_malt_e": 0, "EX_murein5px3p_e": 0, "EX_murein5px4p_e": 0, "EX_malthx_e": 0, "EX_murein5px4px4p_e": 0, "EX_arab__L_e": 0, "EX_malttr_e": 0, "EX_man_e": 0, "EX_araban__L_e": 0, "EX_met__L_e": 3.173759e-02, "EX_mg2_e": -3.050410e-04, "EX_mn2_e": -2.430706e-05, "EX_na1_e": 0, "EX_nh4_e": -7.796150e-01, "EX_ni2_e": -1.134569e-05, "EX_no2_e": 0, "EX_no3_e": 0, "EX_pi_e": -4.160015e-02, "EX_pro__L_e": 0, "EX_mobd_e": -2.513285e-07, "EX_xan_e": 0, "EX_xyl__D_e": 0, "EX_ptrc_e": 0, "EX_arg__L_e": 0, "EX_pydxn_e": 0, "EX_pyr_e": 1.119870e+00, "EX_zn2_e": -1.195606e-05, "BIOMASS_Cl_DSM_WT_46p666M1": 3.590408e-02, "EX_rib__D_e": 0, "DM_mththf_c": 8.006609e-05, "5HBZIDMT": 8.006609e-06, "5HBZIDS2": 8.006609e-06, "DM_succ_c": 4.540178e-03, "ABUTD": 0, "ACACT1r": 0, "EX_ac_e": 3.341223e-01, "EX_ala__D_e": 1.020071e-03, "EX_asn__L_e": 0, "EX_asp__L_e": 0, "EX_ribflv_e": -1.601322e-05, "EX_rmn_e": 0, "EX_ser__D_e": 0, "EX_btd_RR_e": 0, "EX_ser__L_e": 0, "EX_btn_e": -7.180816e-08, "EX_so4_e": -3.342748e-01, "EX_btoh_e": 0, "EX_spmd_e": 0, "EX_taur_e": 0, "3OAS161": 1.815001e-02, "3OAS180": 0, "EX_thm_e": -8.006609e-06, "EX_but_e": 0, "EX_trp__L_e": 0, "EX_uaagmda_e": 0, "3OAS181": 6.971136e-04, "3OAS60": 3.401768e-02, "3OAS80": 3.401768e-02, "3OAS100": 3.401768e-02, "3OAS120": 1.586766e-02, "3OAS121": 1.815001e-02, "EX_udcpdp_e": 0, "EX_udcpp_e": 0, "3OAS140": 1.586766e-02, "EX_ura_e": 0, "EX_ca2_e": -1.830390e-04, "EX_val__L_e": 0, "3OAR100": 3.401768e-02, "3OAR120": 1.586766e-02, "3OAR121": 1.815001e-02, "EX_citr__L_e": 5.955190e-02, "3OAR140": 1.586766e-02, "3OAR141": 1.815001e-02, "3OAR160": 1.191872e-02, "EX_cl_e": -1.830390e-04, "3OAR161": 1.815001e-02, "3OAR180": 0, "EX_co_e": 0, "3OAR181": 6.971136e-04, "3OAS141": 1.815001e-02, "EX_co2_e": 7.798544e+00, "3OAS160": 1.191872e-02, "ACBIPGT": 8.006609e-06, "4HTHRS": 0, "EX_cobalt2_e": -8.904211e-06, "EX_csn_e": 0, "ACt2r": -3.341223e-01, "ABFA": 0, "ABTA": 0, "ACGK": 6.751424e-02, "EX_cu2_e": -2.491743e-05, "ACGS": 0, "ACALD": -7.468379e+00, "ACHBS": 7.820662e-03, "APSR": 3.341223e-01, "EX_cys__L_e": 0, "ACCOAC": 2.348730e-01, "ACLS": 2.353581e-02, "ADOCBIK": 0, "EX_etoh_e": 7.453729e+00, "ACPS1": 0, "ACKr": 0, "EX_fe2_e": -4.962662e-04, "ADA": 0, "ADCL": 0, "EX_fol_e": -3.202644e-05, "ACLDC": 0, "ADCPS2": 8.006609e-06, "EX_for_e": 0, "ADCPS1": 0, "ACOTA": -6.751424e-02, "EX_fru_e": -5, "ACOAD1z": 0, "ACONTa": 1000, "ACONTb": 1000, "EX_gal_e": 0, "ACOATA": 3.401768e-02, "ADCYRS": 8.006609e-06, "ADCS": 0, "EX_galctn__D_e": 0, "ADD": 0, "ADK1": 3.857818e-01, "ACONT": -9.999113e+02, "EX_galur_e": 0, "EX_glc__D_e": 0, "EX_glcn_e": 0, "ASNt2r": 0, "EX_glcur_e": 0, "ASP1DC": 1.712625e-05, "EX_gln__L_e": 0, "ASPt2r": 0, "EX_glu__L_e": 0, "ATPM": 4.500000e-01, "ADK2": 8.006609e-06, "EX_gly_e": 0, "ADMDC": 0, "ADOCBLS": 8.006609e-06, "BTDt_RR": 0, "BTOHt": 0, "EX_glyb_e": 0, "ADPRDP": 0, "EX_glyc_e": 8.256143e-04, "ADPT": 8.006609e-05, "BUTKr": 0, "ADSL1r": 5.623871e-03, "EX_h_e": 1.504737e+00, "ADSL2r": 5.886007e-03, "BUTt": 0, "ADSS": 5.623871e-03, "CYRDAR": 4.003305e-06, "AHCYSNS": 8.006609e-05, "AGPAT120": 0, "AGPR": -6.751424e-02, "CYSabc": 0, "AHSERL2": 3.316399e-01, "AIRCr": 5.886007e-03, "Cuabc": 2.491743e-05, "AICART": 8.436202e-03, "ALAALAr": 1.020071e-03, "ALAR": 1.589283e-02, "ALATA_L": -3.074075e-02, "CA2abc": 1.830390e-04, "CITRt2r": -5.955190e-02, "CLt3r_2": 9.151950e-05, "CO2t": -7.798544e+00, "ALCD2y": -7.453729e+00, "DHPTDCs2": 8.006609e-05, "AMMQLT8": 0, "COabc": 8.904211e-06, "DHPPDA": 0, "COt": 0, "ALCD4y": 0, "ALLTN": 0, "CYSSADS": 0, "CYRDAAT": 8.006609e-06, "ALLTNt2r": 0, "METt2r": -3.173759e-02, "AMAA": 0, "ASP4DC": 0, "DGK1": 0, "ANPRT": 1.530124e-03, "CTPS2": 0, "APRAUR": 0, "ASPO2": 8.182539e-05, "CYRDAS": 8.006609e-06, "ASPCT": 4.540178e-03, "ASPK": 3.418975e-01, "ACAFDOR": 0, "ANS": 0, "ASPO2y": 0, "CYSDS": 0, "ASPR": 0, "ATPPRT": 2.550195e-03, "ASPT": 0, "BACCL": 0, "BTDD_RR": 0, "ANS2": 1.530124e-03, "ARABR": 0, "ARAI": 0, "CYSTL": 0, "ARBabc": 0, "ARBt2r": 0, "BTNt2i": 7.180816e-08, "CYSTS": 0, "CBIAT": 0, "CYSS": 2.482336e-03, "CBLAT": 0, "ARGDr": 0, "ARGN": 0, "CYTD": 0, "ARGDC": 0, "CDPMEK": 2.172197e-05, "CBMKr": 7.205442e-02, "ARGSL": 7.962340e-03, "ARGSS": 7.962340e-03, "CBPS": 0, "ASAD": -3.418975e-01, "CHORS": 1.023719e-02, "DCYTD": 0, "CHORM": 8.699055e-03, "CITL": 0, "ARGt2r": 0, "ASNS1": 6.488872e-03, "CODH4": 0, "CYTDK2": 0, "CODH_ACS": 0, "CPC2MT": 8.006609e-06, "CLPNS120": 0, "CLPNS140": 9.582798e-05, "ECOAH1": 0, "CYTK1": 3.090038e-02, "CLPNS160": 2.892792e-04, "CPC3MT": 8.006609e-06, "CYTK2": 0, "D_LACt2": 0, "CPC4MT": 8.006609e-06, "ETOHt": -7.453729e+00, "DAGK120": 0, "FOLt": 3.202644e-05, "CPC6MT": 8.006609e-06, "CPC5MT": 8.006609e-06, "DAPDC": 9.237473e-03, "CPC8MM": 8.006609e-06, "CPC6R": 8.006609e-06, "G3PCT": 1.385269e-02, "DAPE": 1.025754e-02, "CPPPGOAN2": 0, "CS": 8.871675e-02, "DSERt2": 0, "CSND": 0, "G5SADs": 5.950491e-03, "DALAt2r": 0, "FOLR2": 3.202644e-05, "CTPS1": 1.924028e-03, "LDAPAT": -1.025754e-02, "CSNt2": 0, "DASYN120": 0, "FRTT": 0, "DASYN140": 1.974473e-03, "DURAD": 0, "DURIPP": 0, "DUTPDP": 0, "GLCt2": 0, "GLNabc": 0, "GLUabc": 0, "DXPRIi": 2.172197e-05, "DASYN160": 5.959359e-03, "DXPS": 2.172197e-05, "EAR100x": 1.586766e-02, "DASYN161": 8.726450e-03, "ENO": 5.021494e+00, "GPDDA1": 0, "GPDDA2": 0, "DASYN180": 0, "GPDDA4": 0, "FACOAL140": 0, "FACOAL160": 0, "DASYN181": 3.485568e-04, "DB4PS": 0, "FACOAL180": 0, "H2Ot": -3.048106e+00, "DCMPDA": 0, "FBA": 4.984198e+00, "DDPA": 1.023719e-02, "FBA3": 0, "FBP": 1.580159e-02, "H2td": 0, "HACD1": 0, "DDPGA": 0, "HCO3E": 6.876443e-01, "FDH7": 1.433022e-02, "FORt2": 0, "DHAD2": 7.820662e-03, "G1PTT": 0, "HISt2r": 0, "GTPCII": 0, "GK1": 1000, "FE2abc": 4.962662e-04, "FGLU": 0, "FMNAT": 8.006609e-06, "FRD2": 4.540178e-03, "DHAD1": 2.353581e-02, "FRNDPR2r": 7.194114e+00, "GK2": -9.999972e+02, "DHAK": 0, "HPPK": 0, "FRUK": 5, "FUM": 1.493204e-02, "GRTT": 1.974724e-06, "FRUpts": 5, "DHFR": 1.079241e-03, "FTHFLi": 1.433822e-02, "DHDPRy": 1.025754e-02, "G1PACT": 2.594249e-03, "G3PAT140": 1.974473e-03, "GLCURt2r": 0, "GF6PTA": 2.594249e-03, "GHMT2r": 3.704303e-02, "DHDPS": 1.025754e-02, "GLCNt2r": 0, "G1SAT": 6.405288e-05, "G3PAT181": 3.485568e-04, "GLNS": 3.337367e-02, "DHFS": 0, "GLCRD": 0, "G3PAT120": 0, "G3PAT160": 5.959359e-03, "G3PAT161": 8.726450e-03, "GLU5K": 5.950491e-03, "GLUDy": -5.519918e+00, "GLUPRT": 5.894013e-03, "GLUR": -1.020071e-03, "G3PAT180": 0, "G3PD2": -3.548508e-02, "G5SD": 5.950491e-03, "GLUTRR": 6.405288e-05, "GALCTD": 0, "DHNAOT4": 0, "GALCTNt2r": 0, "GLUSy": 0, "GLUTRS": 6.405288e-05, "GLUt2r": 0, "GAPD": 9.922608e+00, "DHNPA_1": 0, "GALUi": 0, "GALURt2r": 0, "GLUt4": 0, "GLYCDx": 0, "GALabc": 0, "DHORTS": -4.540178e-03, "GCCb": 0, "GARFT": 5.894013e-03, "GLYBt2r": 0, "GMPS2": 2.812331e-03, "GLYCK": 0, "GLYCt": 8.256143e-04, "GND": 0, "GCCa": 0, "METR": 0, "DHORD5": 4.540178e-03, "GNK": 0, "DHPS": 0, "GTPCI": 0, "GTPDPK": 0, "GUAD": 0, "HCITS": 0, "MGSA": 0, "DHPS2": 0, "KAS15": 0, "IPDPS": 1.974724e-05, "HAMR": 0, "IMPC": -8.436202e-03, "DHQTi": 1.023719e-02, "HXPRT": 0, "GUAPRT": 0, "LYSDC": 0, "DHQS": 1.023719e-02, "ICDHx": 8.871675e-02, "HYDFDN2r": 0, "HEX1": 0, "HETZK": 0, "HISTD": 2.550195e-03, "HYDFDi": 0, "DMATT": 1.974724e-06, "IGPDH": 2.550195e-03, "IG3PS": 2.550195e-03, "HISDr": 0, "HISTP": 2.550195e-03, "IGPS": 1.530124e-03, "DMPPS": 1.974724e-06, "ILETRS": 0, "HMBS": 8.006609e-06, "HMPK1": 0, "HSK": 0, "DPCOAK": 1.712625e-05, "HSDy": -3.316399e-01, "HSST": 0, "HSTPT": 2.550195e-03, "ILEt2r": 0, "ILETA": -7.820662e-03, "LEUTA": -1.212772e-02, "HXAND": 0, "DPR": 1.712625e-05,