{"EX_h2_e": 5.661867e+00, "EX_h2o_e": 4.629430e+00, "EX_his__L_e": 0, "EX_ile__L_e": 0, "EX_lac__D_e": 0, "EX_murein4p3p_e": 0, "EX_murein4p4p_e": 0, "EX_murein4px4p_e": 0, "EX_k_e": -1.723723e-02, "EX_murein4px4px4p_e": 0, "EX_alaala_e": 0, "EX_murein5p3p_e": 0, "EX_murein5p4p_e": 0, "EX_murein5p5p_e": 0, "EX_murein5p5p5p_e": 0, "EX_lac__L_e": 0, "EX_leu__L_e": 0, "EX_lys__L_e": 0, "EX_alltn_e": 0, "EX_malt_e": 0, "EX_murein5px3p_e": 0, "EX_murein5px4p_e": 0, "EX_malthx_e": 0, "EX_murein5px4px4p_e": 0, "EX_arab__L_e": 0, "EX_malttr_e": 0, "EX_man_e": 0, "EX_araban__L_e": 0, "EX_met__L_e": 7.969984e-02, "EX_mg2_e": -7.660229e-04, "EX_mn2_e": -6.104020e-05, "EX_na1_e": 0, "EX_nh4_e": -7.638654e-01, "EX_ni2_e": -2.849144e-05, "EX_no2_e": 0, "EX_no3_e": 0, "EX_pi_e": -7.776391e-01, "EX_pro__L_e": 0, "EX_mobd_e": -6.311394e-07, "EX_xan_e": 0, "EX_xyl__D_e": 0, "EX_ptrc_e": 0, "EX_arg__L_e": 0, "EX_pydxn_e": 0, "EX_pyr_e": 0, "EX_zn2_e": -3.002420e-05, "BIOMASS_Cl_DSM_WT_46p666M1": 9.016277e-02, "EX_rib__D_e": 0, "DM_mththf_c": 2.010630e-04, "5HBZIDMT": 2.010630e-05, "5HBZIDS2": 2.010630e-05, "DM_succ_c": 1.140135e-02, "ABUTD": 0, "ACACT1r": 0, "EX_ac_e": 2.585124e+00, "EX_ala__D_e": 0, "EX_asn__L_e": 0, "EX_asp__L_e": 0, "EX_ribflv_e": -4.021260e-05, "EX_rmn_e": 0, "EX_ser__D_e": 0, "EX_btd_RR_e": 0, "EX_ser__L_e": 0, "EX_btn_e": -1.803255e-07, "EX_so4_e": -9.672554e-02, "EX_btoh_e": 0, "EX_spmd_e": 0, "EX_taur_e": 0, "3OAS161": 4.557854e-02, "3OAS180": 0, "EX_thm_e": -2.010630e-05, "EX_but_e": 0, "EX_trp__L_e": 0, "EX_uaagmda_e": 0, "3OAS181": 1.750600e-03, "3OAS60": 7.585978e-01, "3OAS80": 7.585978e-01, "3OAS100": 7.585978e-01, "3OAS120": 7.130193e-01, "3OAS121": 4.557854e-02, "EX_udcpdp_e": 0, "EX_udcpp_e": 0, "3OAS140": 3.984708e-02, "EX_ura_e": 0, "EX_ca2_e": -4.596498e-04, "EX_val__L_e": 0, "3OAR100": 7.585978e-01, "3OAR120": 7.130193e-01, "3OAR121": 4.557854e-02, "EX_citr__L_e": 0, "3OAR140": 3.984708e-02, "3OAR141": 4.557854e-02, "3OAR160": 2.993043e-02, "EX_cl_e": -4.596498e-04, "3OAR161": 4.557854e-02, "3OAR180": 0, "EX_co_e": 0, "3OAR181": 1.750600e-03, "3OAS141": 4.557854e-02, "EX_co2_e": 8.399885e+00, "3OAS160": 2.993043e-02, "ACBIPGT": 2.010630e-05, "4HTHRS": 0, "EX_cobalt2_e": -2.236037e-05, "EX_csn_e": 0, "ACt2r": -2.585124e+00, "ABFA": 0, "ABTA": 0, "ACGK": 1.999513e-02, "EX_cu2_e": -6.257297e-05, "ACGS": 0, "ACALD": 0, "ACHBS": 1.963935e-02, "APSR": 9.634253e-02, "EX_cys__L_e": 0, "ACCOAC": 3.955677e+00, "ACLS": 5.910341e-02, "ADOCBIK": 0, "EX_etoh_e": 1.006166e+00, "ACPS1": 0, "ACKr": -3.531736e+00, "EX_fe2_e": -1.246230e-03, "ADA": 0, "ADCL": 0, "EX_fol_e": -8.042519e-05, "ACLDC": 0, "ADCPS2": 2.010630e-05, "EX_for_e": 0, "ADCPS1": 0, "ACOTA": -1.999513e-02, "EX_fru_e": -5, "ACOAD1z": 0, "ACONTa": -9.999268e+02, "ACONTb": -9.999268e+02, "EX_gal_e": 0, "ACOATA": 7.585978e-01, "ADCYRS": 2.010630e-05, "ADCS": 0, "EX_galctn__D_e": 0, "ADD": 0, "ADK1": 2.260707e-01, "ACONT": 1000, "EX_galur_e": 0, "EX_glc__D_e": 0, "EX_glcn_e": 0, "ASNt2r": 0, "EX_glcur_e": 0, "ASP1DC": 4.300764e-05, "EX_gln__L_e": 0, "ASPt2r": 0, "EX_glu__L_e": 0, "ATPM": 4.500000e-01, "ADK2": 2.010630e-05, "EX_gly_e": 0, "ADMDC": 0, "ADOCBLS": 2.010630e-05, "BTDt_RR": 0, "BTOHt": 0, "EX_glyb_e": 0, "ADPRDP": 0, "EX_glyc_e": 0, "ADPT": 2.010630e-04, "BUTKr": 0, "ADSL1r": 1.412274e-02, "EX_h_e": 2.667475e+00, "ADSL2r": 1.478101e-02, "BUTt": 0, "ADSS": 1.412274e-02, "CYRDAR": 1.005315e-05, "AHCYSNS": 2.010630e-04, "AGPAT120": 3.365861e-01, "AGPR": -1.999513e-02, "CYSabc": 0, "AHSERL2": 9.010886e-02, "AIRCr": 1.478101e-02, "Cuabc": 6.257297e-05, "AICART": 2.118510e-02, "ALAALAr": 2.561615e-03, "ALAR": 3.734867e-02, "ALATA_L": -7.463494e-02, "CA2abc": 4.596498e-04, "CITRt2r": 0, "CLt3r_2": 2.298249e-04, "CO2t": -8.399885e+00, "ALCD2y": 0, "DHPTDCs2": 2.010630e-04, "AMMQLT8": 0, "COabc": 2.236037e-05, "DHPPDA": 0, "COt": 0, "ALCD4y": 0, "ALLTN": 0, "CYSSADS": 0, "CYRDAAT": 2.010630e-05, "ALLTNt2r": 0, "METt2r": -7.969984e-02, "AMAA": 0, "ASP4DC": 0, "DGK1": 0, "ANPRT": 3.842467e-03, "CTPS2": 0, "APRAUR": 0, "ASPO2": 2.054810e-04, "CYRDAS": 2.010630e-05, "ASPCT": 1.140135e-02, "ASPK": 1.158677e-01, "ACAFDOR": -1.042954e+00, "ANS": 0, "ASPO2y": 0, "CYSDS": 0, "ASPR": 0, "ATPPRT": 6.404082e-03, "ASPT": 0, "BACCL": 0, "BTDD_RR": 0, "ANS2": 3.842467e-03, "ARABR": 0, "ARAI": 0, "CYSTL": 0, "ARBabc": 0, "ARBt2r": 0, "BTNt2i": 1.803255e-07, "CYSTS": 0, "CBIAT": 0, "CYSS": 6.233674e-03, "CBLAT": 0, "ARGDr": 0, "ARGN": 0, "CYTD": 0, "ARGDC": 0, "CDPMEK": 5.454848e-05, "CBMKr": 3.139648e-02, "ARGSL": 1.999513e-02, "ARGSS": 1.999513e-02, "CBPS": 0, "ASAD": -1.158677e-01, "CHORS": 2.570775e-02, "DCYTD": 0, "CHORM": 2.184518e-02, "CITL": 0, "ARGt2r": 0, "ASNS1": 1.629494e-02, "CODH4": 0, "CYTDK2": 0, "CODH_ACS": 0, "CPC2MT": 2.010630e-05, "CLPNS120": 0, "CLPNS140": 2.406444e-04, "ECOAH1": 0, "CYTK1": 4.141835e-01, "CLPNS160": 7.264415e-04, "CPC3MT": 2.010630e-05, "CYTK2": 0, "D_LACt2": 0, "CPC4MT": 2.010630e-05, "ETOHt": -1.006166e+00, "DAGK120": 0, "FOLt": 8.042519e-05, "CPC6MT": 2.010630e-05, "CPC5MT": 2.010630e-05, "DAPDC": 2.319726e-02, "CPC8MM": 2.010630e-05, "CPC6R": 2.010630e-05, "G3PCT": 3.478705e-02, "DAPE": 2.575887e-02, "CPPPGOAN2": 0, "CS": 7.323913e-02, "DSERt2": 0, "CSND": 0, "G5SADs": 1.494295e-02, "DALAt2r": 2.561615e-03, "FOLR2": 8.042519e-05, "CTPS1": 4.831643e-03, "LDAPAT": -2.575887e-02, "CSNt2": 0, "DASYN120": 3.365861e-01, "FRTT": 0, "DASYN140": 4.958321e-03, "DURAD": 0, "DURIPP": 0, "DUTPDP": 0, "GLCt2": 0, "GLNabc": 0, "GLUabc": 0, "DXPRIi": 5.454848e-05, "DASYN160": 1.496522e-02, "DXPS": 5.454848e-05, "EAR100x": 7.130193e-01, "DASYN161": 2.191397e-02, "ENO": 8.985765e+00, "GPDDA1": 0, "GPDDA2": 0, "DASYN180": 0, "GPDDA4": 0, "FACOAL140": 0, "FACOAL160": 0, "DASYN181": 8.753002e-04, "DB4PS": 0, "FACOAL180": 0, "H2Ot": -4.633818e+00, "DCMPDA": 0, "FBA": 4.960319e+00, "DDPA": 2.570775e-02, "FBA3": 0, "FBP": 3.968115e-02, "H2td": 5.661867e+00, "HACD1": 0, "DDPGA": 0, "HCO3E": 4.200425e+00, "FDH7": 3.598622e-02, "FORt2": 0, "DHAD2": 1.963935e-02, "G1PTT": 0, "HISt2r": 0, "GTPCII": 0, "GK1": 1000, "FE2abc": 1.246230e-03, "FGLU": 0, "FMNAT": 2.010630e-05, "FRD2": 1.140135e-02, "DHAD1": 5.910341e-02, "FRNDPR2r": 4.344016e+00, "GK2": -9.999929e+02, "DHAK": 2.073293e-03, "HPPK": 0, "FRUK": 5, "FUM": 3.749753e-02, "GRTT": 4.958953e-06, "FRUpts": 5, "DHFR": 2.710203e-03, "FTHFLi": 3.600632e-02, "DHDPRy": 2.575887e-02, "G1PACT": 6.514711e-03, "G3PAT140": 4.958321e-03, "GLCURt2r": 0, "GF6PTA": 6.514711e-03, "GHMT2r": 9.302292e-02, "DHDPS": 2.575887e-02, "GLCNt2r": 0, "G1SAT": 1.608504e-04, "G3PAT181": 8.753002e-04, "GLNS": 8.380837e-02, "DHFS": 0, "GLCRD": 0, "G3PAT120": 3.365861e-01, "G3PAT160": 1.496522e-02, "G3PAT161": 2.191397e-02, "GLU5K": 1.494295e-02, "GLUDy": -6.583717e-01, "GLUPRT": 1.480112e-02, "GLUR": -2.561615e-03, "G3PAT180": 0, "G3PD2": -7.622828e-01, "G5SD": 1.494295e-02, "GLUTRR": 1.608504e-04, "GALCTD": 0, "DHNAOT4": 0, "GALCTNt2r": 0, "GLUSy": 0, "GLUTRS": 1.608504e-04, "GLUt2r": 0, "GAPD": 9.134553e+00, "DHNPA_1": 0, "GALUi": 0, "GALURt2r": 0, "GLUt4": 0, "GLYCDx": 2.073293e-03, "GALabc": 0, "DHORTS": -1.140135e-02, "GCCb": 0, "GARFT": 1.480112e-02, "GLYBt2r": 0, "GMPS2": 7.062360e-03, "GLYCK": 0, "GLYCt": 0, "GND": 0, "GCCa": 0, "METR": 0, "DHORD5": 1.140135e-02, "GNK": 0, "DHPS": 0, "GTPCI": 0, "GTPDPK": 0, "GUAD": 0, "HCITS": 0, "MGSA": 0, "DHPS2": 0, "KAS15": 0, "IPDPS": 4.958953e-05, "HAMR": 0, "IMPC": -2.118510e-02, "DHQTi": 2.570775e-02, "HXPRT": 0, "GUAPRT": 0, "LYSDC": 0, "DHQS": 2.570775e-02, "ICDHx": 7.323913e-02, "HYDFDN2r": -2.830934e+00, "HEX1": 0, "HETZK": 0, "HISTD": 6.404082e-03, "HYDFDi": 0, "DMATT": 4.958953e-06, "IGPDH": 6.404082e-03, "IG3PS": 6.404082e-03, "HISDr": 0, "HISTP": 6.404082e-03, "IGPS": 3.842467e-03, "DMPPS": 4.958953e-06, "ILETRS": 0, "HMBS": 2.010630e-05, "HMPK1": 0, "HSK": 0, "DPCOAK": 4.300764e-05, "HSDy": -9.010886e-02, "HSST": 0, "HSTPT": 6.404082e-03, "ILEt2r": 0, "ILETA": -1.963935e-02, "LEUTA": -3.045527e-02,