{"EX_h2_e": 0, "EX_h2o_e": 5.358233e+00, "EX_his__L_e": 0, "EX_ile__L_e": 0, "EX_lac__D_e": 0, "EX_murein4p3p_e": 0, "EX_murein4p4p_e": 0, "EX_murein4px4p_e": 0, "EX_k_e": -1.325208e-02, "EX_murein4px4px4p_e": 0, "EX_alaala_e": 0, "EX_murein5p3p_e": 0, "EX_murein5p4p_e": 0, "EX_murein5p5p_e": 0, "EX_murein5p5p5p_e": 0, "EX_lac__L_e": 0, "EX_leu__L_e": 0, "EX_lys__L_e": 0, "EX_alltn_e": 0, "EX_malt_e": 0, "EX_murein5px3p_e": 0, "EX_murein5px4p_e": 0, "EX_malthx_e": 0, "EX_murein5px4px4p_e": 0, "EX_arab__L_e": 0, "EX_malttr_e": 0, "EX_man_e": 0, "EX_araban__L_e": 0, "EX_met__L_e": 3.054025e-01, "EX_mg2_e": -5.889227e-04, "EX_mn2_e": -4.692805e-05, "EX_na1_e": 0, "EX_nh4_e": -1.565749e+00, "EX_ni2_e": -2.190438e-05, "EX_no2_e": 0, "EX_no3_e": 0, "EX_pi_e": -3.244435e-01, "EX_pro__L_e": 0, "EX_mobd_e": -4.852235e-07, "EX_xan_e": 0, "EX_xyl__D_e": 0, "EX_ptrc_e": 0, "EX_arg__L_e": 0, "EX_pydxn_e": 0, "EX_pyr_e": 0, "EX_zn2_e": -2.308278e-05, "BIOMASS_Cl_DSM_WT_46p666M1": 6.931765e-02, "EX_rib__D_e": 0, "DM_mththf_c": 1.545784e-04, "5HBZIDMT": 1.545784e-05, "5HBZIDS2": 1.545784e-05, "DM_succ_c": 8.765424e-03, "ABUTD": 0, "ACACT1r": 0, "EX_ac_e": 0, "EX_ala__D_e": 1.969384e-03, "EX_asn__L_e": 0, "EX_asp__L_e": 0, "EX_ribflv_e": -3.091567e-05, "EX_rmn_e": 0, "EX_ser__D_e": 0, "EX_btd_RR_e": 1.850075e+00, "EX_ser__L_e": 0, "EX_btn_e": -1.386353e-07, "EX_so4_e": -3.184920e-01, "EX_btoh_e": 0, "EX_spmd_e": 0, "EX_taur_e": 0, "3OAS161": 3.504104e-02, "3OAS180": 0, "EX_thm_e": -1.545784e-05, "EX_but_e": 0, "EX_trp__L_e": 0, "EX_uaagmda_e": 0, "3OAS181": 1.345871e-03, "3OAS60": 6.567570e-02, "3OAS80": 6.567570e-02, "3OAS100": 6.567570e-02, "3OAS120": 3.063466e-02, "3OAS121": 3.504104e-02, "EX_udcpdp_e": 0, "EX_udcpp_e": 0, "3OAS140": 3.063466e-02, "EX_ura_e": 0, "EX_ca2_e": -3.533814e-04, "EX_val__L_e": 0, "3OAR100": 6.567570e-02, "3OAR120": 3.063466e-02, "3OAR121": 3.504104e-02, "EX_citr__L_e": 0, "3OAR140": 3.063466e-02, "3OAR141": 3.504104e-02, "3OAR160": 2.301069e-02, "EX_cl_e": -3.533814e-04, "3OAR161": 3.504104e-02, "3OAR180": 0, "EX_co_e": 0, "3OAR181": 1.345871e-03, "3OAS141": 3.504104e-02, "EX_co2_e": 7.900401e+00, "3OAS160": 2.301069e-02, "ACBIPGT": 1.545784e-05, "4HTHRS": 0, "EX_cobalt2_e": -1.719078e-05, "EX_csn_e": 0, "ACt2r": 0, "ABFA": 0, "ABTA": 0, "ACGK": 1.537237e-02, "EX_cu2_e": -4.810645e-05, "ACGS": 0, "ACALD": -4.125148e+00, "ACHBS": 1.509884e-02, "APSR": 3.181975e-01, "EX_cys__L_e": 0, "ACCOAC": 4.534539e-01, "ACLS": 1.895514e+00, "ADOCBIK": 0, "EX_etoh_e": 4.096865e+00, "ACPS1": 0, "ACKr": 3.181975e-01, "EX_fe2_e": -9.581085e-04, "ADA": 0, "ADCL": 0, "EX_fol_e": -6.183134e-05, "ACLDC": 1.850075e+00, "ADCPS2": 1.545784e-05, "EX_for_e": 0, "ADCPS1": 0, "ACOTA": -1.537237e-02, "EX_fru_e": -5, "ACOAD1z": 0, "ACONTa": -9.999437e+02, "ACONTb": -9.999437e+02, "EX_gal_e": 0, "ACOATA": 0, "ADCYRS": 1.545784e-05, "ADCS": 0, "EX_galctn__D_e": 0, "ADD": 0, "ADK1": 6.620621e-01, "ACONT": 1000, "EX_galur_e": 0, "EX_glc__D_e": 0, "EX_glcn_e": 0, "ASNt2r": 0, "EX_glcur_e": 0, "ASP1DC": 3.306452e-05, "EX_gln__L_e": 0, "ASPt2r": 0, "EX_glu__L_e": 0, "ATPM": 4.500000e-01, "ADK2": 1.545784e-05, "EX_gly_e": 0, "ADMDC": 0, "ADOCBLS": 1.545784e-05, "BTDt_RR": 1.850075e+00, "BTOHt": 0, "EX_glyb_e": 0, "ADPRDP": 0, "EX_glyc_e": 1.593959e-03, "ADPT": 1.545784e-04, "BUTKr": 0, "ADSL1r": 1.085764e-02, "EX_h_e": 5.681789e-01, "ADSL2r": 1.136373e-02, "BUTt": 0, "ADSS": 1.085764e-02, "CYRDAR": 7.728918e-06, "AHCYSNS": 1.545784e-04, "AGPAT120": 0, "AGPR": -1.537237e-02, "CYSabc": 0, "AHSERL2": 3.134050e-01, "AIRCr": 1.136373e-02, "Cuabc": 4.810645e-05, "AICART": 1.628722e-02, "ALAALAr": 1.969384e-03, "ALAR": 3.068325e-02, "ALATA_L": -5.934915e-02, "CA2abc": 3.533814e-04, "CITRt2r": 0, "CLt3r_2": 1.766907e-04, "CO2t": -7.900401e+00, "ALCD2y": -4.096865e+00, "DHPTDCs2": 1.545784e-04, "AMMQLT8": 0, "COabc": 1.719078e-05, "DHPPDA": 0, "COt": 0, "ALCD4y": 0, "ALLTN": 0, "CYSSADS": 0, "CYRDAAT": 1.545784e-05, "ALLTNt2r": 0, "METt2r": -3.054025e-01, "AMAA": 0, "ASP4DC": 0, "DGK1": 0, "ANPRT": 2.954110e-03, "CTPS2": 0, "APRAUR": 0, "ASPO2": 1.579749e-04, "CYRDAS": 1.545784e-05, "ASPCT": 8.765424e-03, "ASPK": 3.332086e-01, "ACAFDOR": 0, "ANS": 0, "ASPO2y": 0, "CYSDS": 0, "ASPR": 0, "ATPPRT": 4.923494e-03, "ASPT": 0, "BACCL": 0, "BTDD_RR": -1.850075e+00, "ANS2": 2.954110e-03, "ARABR": 0, "ARAI": 0, "CYSTL": 0, "ARBabc": 0, "ARBt2r": 0, "BTNt2i": 1.386353e-07, "CYSTS": 0, "CBIAT": 0, "CYSS": 4.792484e-03, "CBLAT": 0, "ARGDr": 0, "ARGN": 0, "CYTD": 0, "ARGDC": 0, "CDPMEK": 4.193718e-05, "CBMKr": 2.413779e-02, "ARGSL": 1.537237e-02, "ARGSS": 1.537237e-02, "CBPS": 0, "ASAD": -3.332086e-01, "CHORS": 1.976426e-02, "DCYTD": 0, "CHORM": 1.679470e-02, "CITL": 0, "ARGt2r": 0, "ASNS1": 1.252764e-02, "CODH4": 0, "CYTDK2": 0, "CODH_ACS": 0, "CPC2MT": 1.545784e-05, "CLPNS120": 0, "CLPNS140": 1.850088e-04, "ECOAH1": 0, "CYTK1": 5.965733e-02, "CLPNS160": 5.584923e-04, "CPC3MT": 1.545784e-05, "CYTK2": 0, "D_LACt2": 0, "CPC4MT": 1.545784e-05, "ETOHt": -4.096865e+00, "DAGK120": 0, "FOLt": 6.183134e-05, "CPC6MT": 1.545784e-05, "CPC5MT": 1.545784e-05, "DAPDC": 1.783418e-02, "CPC8MM": 1.545784e-05, "CPC6R": 1.545784e-05, "G3PCT": 2.674448e-02, "DAPE": 1.980357e-02, "CPPPGOAN2": 0, "CS": 5.630666e-02, "DSERt2": 0, "CSND": 0, "G5SADs": 1.148822e-02, "DALAt2r": 0, "FOLR2": 6.183134e-05, "CTPS1": 3.714594e-03, "LDAPAT": -1.980357e-02, "CSNt2": 0, "DASYN120": 0, "FRTT": 0, "DASYN140": 3.811985e-03, "DURAD": 0, "DURIPP": 0, "DUTPDP": 0, "GLCt2": 0, "GLNabc": 0, "GLUabc": 0, "DXPRIi": 4.193718e-05, "DASYN160": 1.150534e-02, "DXPS": 4.193718e-05, "EAR100x": 3.063466e-02, "DASYN161": 1.684758e-02, "ENO": 9.085185e+00, "GPDDA1": 0, "GPDDA2": 0, "DASYN180": 0, "GPDDA4": 0, "FACOAL140": 0, "FACOAL160": 0, "DASYN181": 6.729357e-04, "DB4PS": 0, "FACOAL180": 0, "H2Ot": -5.361607e+00, "DCMPDA": 0, "FBA": 4.806740e+00, "DDPA": 1.976426e-02, "FBA3": 0, "FBP": 1.932597e-01, "H2td": 0, "HACD1": 0, "DDPGA": 0, "HCO3E": 8.857464e-01, "FDH7": 2.717952e-01, "FORt2": 0, "DHAD2": 1.509884e-02, "G1PTT": 0, "HISt2r": 0, "GTPCII": 0, "GK1": 1000, "FE2abc": 9.581085e-04, "FGLU": 0, "FMNAT": 1.545784e-05, "FRD2": 8.765424e-03, "DHAD1": 4.543903e-02, "FRNDPR2r": 3.364353e+00, "GK2": -9.999946e+02, "DHAK": 0, "HPPK": 0, "FRUK": 5, "FUM": 2.882831e-02, "GRTT": 3.812471e-06, "FRUpts": 5, "DHFR": 2.083619e-03, "FTHFLi": 2.718107e-01, "DHDPRy": 1.980357e-02, "G1PACT": 5.008547e-03, "G3PAT140": 3.811985e-03, "GLCURt2r": 0, "GF6PTA": 5.008547e-03, "GHMT2r": 3.156454e-01, "DHDPS": 1.980357e-02, "GLCNt2r": 0, "G1SAT": 1.236627e-04, "G3PAT181": 6.729357e-04, "GLNS": 5.526900e-01, "DHFS": 0, "GLCRD": 0, "G3PAT120": 0, "G3PAT160": 1.150534e-02, "G3PAT161": 1.684758e-02, "GLU5K": 1.148822e-02, "GLUDy": -9.963870e-01, "GLUPRT": 2.555080e-01, "GLUR": -1.969384e-03, "G3PAT180": 0, "G3PD2": -6.850871e-02, "G5SD": 1.148822e-02, "GLUTRR": 1.236627e-04, "GALCTD": 0, "DHNAOT4": 0, "GALCTNt2r": 0, "GLUSy": 0, "GLUTRS": 1.236627e-04, "GLUt2r": 0, "GAPD": 9.443703e+00, "DHNPA_1": 0, "GALUi": 0, "GALURt2r": 0, "GLUt4": 0, "GLYCDx": 0, "GALabc": 0, "DHORTS": -8.765424e-03, "GCCb": 0, "GARFT": 2.555080e-01, "GLYBt2r": 0, "GMPS2": 5.429582e-03, "GLYCK": 0, "GLYCt": 1.593959e-03, "GND": 0, "GCCa": 0, "METR": 0, "DHORD5": 8.765424e-03, "GNK": 0, "DHPS": 0, "GTPCI": 0, "GTPDPK": 0, "GUAD": 0, "HCITS": 0, "MGSA": 0, "DHPS2": 0, "KAS15": 6.567570e-02, "IPDPS": 3.812471e-05, "HAMR": 0, "IMPC": -1.628722e-02, "DHQTi": 1.976426e-02, "HXPRT": 0, "GUAPRT": 0, "LYSDC": 0, "DHQS": 1.976426e-02, "ICDHx": 5.630666e-02, "HYDFDN2r": 0, "HEX1": 0, "HETZK": 0, "HISTD": 4.923494e-03, "HYDFDi": 0, "DMATT": 3.812471e-06, "IGPDH": 4.923494e-03, "IG3PS": 4.923494e-03, "HISDr": 0, "HISTP": 4.923494e-03, "IGPS": 2.954110e-03, "DMPPS": 3.812471e-06, "ILETRS": 0, "HMBS": 1.545784e-05, "HMPK1": 0, "HSK": 0, "DPCOAK": 3.306452e-05, "HSDy": -3.134050e-01, "HSST": 0, "HSTPT": 4.923494e-03, "ILEt2r": 0, "ILETA": -1.509884e-02, "LEUTA": -2.341418e-02, "HXAND": 0, "DPR": 3.306452e-05,