{"EX_h2_e": 0, "EX_h2o_e": 3.972710e+00, "EX_his__L_e": 0, "EX_ile__L_e": 0, "EX_lac__D_e": 0, "EX_murein4p3p_e": 0, "EX_murein4p4p_e": 0, "EX_murein4px4p_e": 0, "EX_k_e": -2.032022e-02, "EX_murein4px4px4p_e": 0, "EX_alaala_e": 0, "EX_murein5p3p_e": 0, "EX_murein5p4p_e": 0, "EX_murein5p5p_e": 0, "EX_murein5p5p5p_e": 0, "EX_lac__L_e": 0, "EX_leu__L_e": 0, "EX_lys__L_e": 0, "EX_alltn_e": 0, "EX_malt_e": 0, "EX_murein5px3p_e": 0, "EX_murein5px4p_e": 0, "EX_malthx_e": 0, "EX_murein5px4px4p_e": 0, "EX_arab__L_e": 0, "EX_malttr_e": 0, "EX_man_e": 0, "EX_araban__L_e": 0, "EX_met__L_e": 0, "EX_mg2_e": -9.030309e-04, "EX_mn2_e": -7.195762e-05, "EX_na1_e": 0, "EX_nh4_e": -8.095527e-01, "EX_ni2_e": -3.358731e-05, "EX_no2_e": 0, "EX_no3_e": 0, "EX_pi_e": -1.231514e-01, "EX_pro__L_e": 0, "EX_mobd_e": -7.440226e-07, "EX_xan_e": 0, "EX_xyl__D_e": 0, "EX_ptrc_e": 0, "EX_arg__L_e": 0, "EX_pydxn_e": 0, "EX_pyr_e": 0, "EX_zn2_e": -3.539422e-05, "BIOMASS_Cl_DSM_WT_46p666M1": 1.062889e-01, "EX_rib__D_e": 0, "DM_mththf_c": 2.370244e-04, "5HBZIDMT": 2.370244e-05, "5HBZIDS2": 2.370244e-05, "DM_succ_c": 1.344056e-02, "ABUTD": 0, "ACACT1r": 0, "EX_ac_e": 0, "EX_ala__D_e": 3.019775e-03, "EX_asn__L_e": 0, "EX_asp__L_e": 0, "EX_ribflv_e": -4.740487e-05, "EX_rmn_e": 0, "EX_ser__D_e": 0, "EX_btd_RR_e": 1.118884e+00, "EX_ser__L_e": 0, "EX_btn_e": -2.125779e-07, "EX_so4_e": -2.007086e-02, "EX_btoh_e": 0, "EX_spmd_e": 0, "EX_taur_e": 0, "3OAS161": 5.373055e-02, "3OAS180": 0, "EX_thm_e": -2.370244e-05, "EX_but_e": 0, "EX_trp__L_e": 0, "EX_uaagmda_e": 0, "3OAS181": 2.063706e-03, "3OAS60": 1.007045e-01, "3OAS80": 1.007045e-01, "3OAS100": 1.007045e-01, "3OAS120": 4.697398e-02, "3OAS121": 5.373055e-02, "EX_udcpdp_e": -4.336809e-19, "EX_udcpp_e": 0, "3OAS140": 4.697398e-02, "EX_ura_e": 0, "EX_ca2_e": -5.418611e-04, "EX_val__L_e": 0, "3OAR100": 1.007045e-01, "3OAR120": 4.697398e-02, "3OAR121": 5.373055e-02, "EX_citr__L_e": 0, "3OAR140": 4.697398e-02, "3OAR141": 5.373055e-02, "3OAR160": 3.528368e-02, "EX_cl_e": -5.418611e-04, "3OAR161": 5.373055e-02, "3OAR180": 0, "EX_co_e": 0, "3OAR181": 2.063706e-03, "3OAS141": 5.373055e-02, "EX_co2_e": 7.811481e+00, "3OAS160": 3.528368e-02, "ACBIPGT": 2.370244e-05, "4HTHRS": 0, "EX_cobalt2_e": -2.635966e-05, "EX_csn_e": 0, "ACt2r": 0, "ABFA": 0, "ABTA": 0, "ACGK": 2.357138e-02, "EX_cu2_e": -7.376453e-05, "ACGS": 0, "ACALD": -4.674455e+00, "ACHBS": 2.315197e-02, "APSR": 1.961935e-02, "EX_cys__L_e": 0, "ACCOAC": 6.953084e-01, "ACLS": 1.188559e+00, "ADOCBIK": 0, "EX_etoh_e": 5.353825e+00, "ACPS1": 0, "ACKr": 0, "EX_fe2_e": -1.469126e-03, "ADA": 0, "ADCL": 0, "EX_fol_e": -9.480974e-05, "ACLDC": 1.118884e+00, "ADCPS2": 2.370244e-05, "EX_for_e": 0, "ADCPS1": 0, "ACOTA": -2.357138e-02, "EX_fru_e": -5, "ACOAD1z": 0, "ACONTa": -9.999137e+02, "ACONTb": -9.999137e+02, "EX_gal_e": 0, "ACOATA": 1.007045e-01, "ADCYRS": 2.370244e-05, "ADCS": 0, "EX_galctn__D_e": 0, "ADD": 0, "ADK1": 1.725502e-01, "ACONT": 1000, "EX_galur_e": 0, "EX_glc__D_e": 0, "EX_glcn_e": 0, "ASNt2r": 0, "EX_glcur_e": 0, "ASP1DC": 5.069983e-05, "EX_gln__L_e": 0, "ASPt2r": 0, "EX_glu__L_e": 0, "ATPM": 4.500000e-01, "ADK2": 2.370244e-05, "EX_gly_e": 0, "ADMDC": 0, "ADOCBLS": 2.370244e-05, "BTDt_RR": 1.118884e+00, "BTOHt": 0, "EX_glyb_e": 0, "ADPRDP": 0, "EX_glyc_e": 0, "ADPT": 2.370244e-04, "BUTKr": 0, "ADSL1r": 1.664868e-02, "EX_h_e": 1.184201e+00, "ADSL2r": 1.742469e-02, "BUTt": 0, "ADSS": 1.664868e-02, "CYRDAR": 1.185122e-05, "AHCYSNS": 2.370244e-04, "AGPAT120": 0, "AGPR": -2.357138e-02, "CYSabc": 0, "AHSERL2": 6.287839e-01, "AIRCr": 1.742469e-02, "Cuabc": 7.376453e-05, "AICART": 2.497418e-02, "ALAALAr": 3.019775e-03, "ALAR": 4.704848e-02, "ALATA_L": -9.100364e-02, "CA2abc": 5.418611e-04, "CITRt2r": 0, "CLt3r_2": 2.709305e-04, "CO2t": -7.811481e+00, "ALCD2y": -5.353825e+00, "DHPTDCs2": 2.370244e-04, "AMMQLT8": 0, "COabc": 2.635966e-05, "DHPPDA": 0, "COt": 0, "ALCD4y": 0, "ALLTN": 0, "CYSSADS": 0, "CYRDAAT": 2.370244e-05, "ALLTNt2r": 0, "METt2r": 0, "AMAA": 0, "ASP4DC": 0, "DGK1": 0, "ANPRT": 4.529716e-03, "CTPS2": 0, "APRAUR": 0, "ASPO2": 2.422325e-04, "CYRDAS": 2.370244e-05, "ASPCT": 1.344056e-02, "ASPK": 7.299526e-01, "ACAFDOR": -6.287839e-01, "ANS": 0, "ASPO2y": 0, "CYSDS": 6.091646e-01, "ASPR": 0, "ATPPRT": 7.549491e-03, "ASPT": 0, "BACCL": 0, "BTDD_RR": -1.118884e+00, "ANS2": 4.529716e-03, "ARABR": 0, "ARAI": 0, "CYSTL": 0, "ARBabc": 0, "ARBt2r": 0, "BTNt2i": 2.125779e-07, "CYSTS": 6.165132e-01, "CBIAT": 0, "CYSS": 0, "CBLAT": 0, "ARGDr": 0, "ARGN": 0, "CYTD": 0, "ARGDC": 0, "CDPMEK": 6.430481e-05, "CBMKr": 3.701194e-02, "ARGSL": 2.357138e-02, "ARGSS": 2.357138e-02, "CBPS": 0, "ASAD": -7.299526e-01, "CHORS": 3.030574e-02, "DCYTD": 0, "CHORM": 2.575232e-02, "CITL": 0, "ARGt2r": 0, "ASNS1": 1.920939e-02, "CODH4": 0, "CYTDK2": 0, "CODH_ACS": 0, "CPC2MT": 2.370244e-05, "CLPNS120": 0, "CLPNS140": 2.836852e-04, "ECOAH1": 0, "CYTK1": 9.147620e-02, "CLPNS160": 8.563701e-04, "CPC3MT": 2.370244e-05, "CYTK2": 0, "D_LACt2": 0, "CPC4MT": 2.370244e-05, "ETOHt": -5.353825e+00, "DAGK120": 0, "FOLt": 9.480974e-05, "CPC6MT": 2.370244e-05, "CPC5MT": 2.370244e-05, "DAPDC": 2.734623e-02, "CPC8MM": 2.370244e-05, "CPC6R": 2.370244e-05, "G3PCT": 4.100893e-02, "DAPE": 3.036601e-02, "CPPPGOAN2": 0, "CS": 8.633841e-02, "DSERt2": 0, "CSND": 0, "G5SADs": 1.761559e-02, "DALAt2r": 0, "FOLR2": 9.480974e-05, "CTPS1": 5.695812e-03, "LDAPAT": -3.036601e-02, "CSNt2": 0, "DASYN120": 0, "FRTT": 0, "DASYN140": 5.845148e-03, "DURAD": 0, "DURIPP": 0, "DUTPDP": 0, "GLCt2": 0, "GLNabc": 0, "GLUabc": 0, "DXPRIi": 6.430481e-05, "DASYN160": 1.764184e-02, "DXPS": 6.430481e-05, "EAR100x": 4.697398e-02, "DASYN161": 2.583342e-02, "ENO": 9.082726e+00, "GPDDA1": 0, "GPDDA2": 0, "DASYN180": 0, "GPDDA4": 0, "FACOAL140": 0, "FACOAL160": 0, "DASYN181": 1.031853e-03, "DB4PS": 0, "FACOAL180": 0, "H2Ot": -3.977883e+00, "DCMPDA": 0, "FBA": 4.953222e+00, "DDPA": 3.030574e-02, "FBA3": 0, "FBP": 4.677837e-02, "H2td": 0, "HACD1": 0, "DDPGA": 0, "HCO3E": 1.577192e+00, "FDH7": 4.242258e-02, "FORt2": 0, "DHAD2": 2.315197e-02, "G1PTT": 0, "HISt2r": 0, "GTPCII": 0, "GK1": 1000, "FE2abc": 1.469126e-03, "FGLU": 0, "FMNAT": 2.370244e-05, "FRD2": 1.344056e-02, "DHAD1": 6.967443e-02, "FRNDPR2r": 4.859519e+00, "GK2": -9.999917e+02, "DHAK": 2.444114e-03, "HPPK": 0, "FRUK": 5, "FUM": 4.420419e-02, "GRTT": 5.845892e-06, "FRUpts": 5, "DHFR": 3.194940e-03, "FTHFLi": 4.244628e-02, "DHDPRy": 3.036601e-02, "G1PACT": 7.679908e-03, "G3PAT140": 5.845148e-03, "GLCURt2r": 0, "GF6PTA": 7.679908e-03, "GHMT2r": 1.570600e-02, "DHDPS": 3.036601e-02, "GLCNt2r": 0, "G1SAT": 1.896195e-04, "G3PAT181": 1.031853e-03, "GLNS": 9.879802e-02, "DHFS": 0, "GLCRD": 0, "G3PAT120": 0, "G3PAT160": 1.764184e-02, "G3PAT161": 2.583342e-02, "GLU5K": 1.761559e-02, "GLUDy": -1.887717e+00, "GLUPRT": 1.744839e-02, "GLUR": -3.019775e-03, "G3PAT180": 0, "G3PD2": -1.050486e-01, "G5SD": 1.761559e-02, "GLUTRR": 1.896195e-04, "GALCTD": 0, "DHNAOT4": 0, "GALCTNt2r": 0, "GLUSy": 0, "GLUTRS": 1.896195e-04, "GLUt2r": 0, "GAPD": 9.773336e+00, "DHNPA_1": 0, "GALUi": 0, "GALURt2r": 0, "GLUt4": 0, "GLYCDx": 2.444114e-03, "GALabc": 0, "DHORTS": -1.344056e-02, "GCCb": 0, "GARFT": 1.744839e-02, "GLYBt2r": 0, "GMPS2": 8.325507e-03, "GLYCK": 0, "GLYCt": 0, "GND": 0, "GCCa": 0, "METR": 0, "DHORD5": 1.344056e-02, "GNK": 0, "DHPS": 0, "GTPCI": 0, "GTPDPK": 0, "GUAD": 0, "HCITS": 0, "MGSA": 0, "DHPS2": 0, "KAS15": 0, "IPDPS": 5.845892e-05, "HAMR": 0, "IMPC": -2.497418e-02, "DHQTi": 3.030574e-02, "HXPRT": 0, "GUAPRT": 0, "LYSDC": 0, "DHQS": 3.030574e-02, "ICDHx": 8.633841e-02, "HYDFDN2r": 0, "HEX1": 0, "HETZK": 0, "HISTD": 7.549491e-03, "HYDFDi": 0, "DMATT": 5.845892e-06, "IGPDH": 7.549491e-03, "IG3PS": 7.549491e-03, "HISDr": 0, "HISTP": 7.549491e-03, "IGPS": 4.529716e-03, "DMPPS": 5.845892e-06, "ILETRS": 0, "HMBS": 2.370244e-05, "HMPK1": 0, "HSK": 7.080268e-02, "DPCOAK": 5.069983e-05, "HSDy": -6.995866e-01, "HSST": 0, "HSTPT": 7.549491e-03, "ILEt2r": 0, "ILETA": -2.315197e-02, "LEUTA": -3.590239e-02, "HXAND": 0,