{"EX_h2_e": 0, "EX_h2o_e": 3.681700e+00, "EX_his__L_e": 0, "EX_ile__L_e": 0, "EX_lac__D_e": 0, "EX_murein4p3p_e": 0, "EX_murein4p4p_e": 0, "EX_murein4px4p_e": 0, "EX_k_e": -3.547059e-03, "EX_murein4px4px4p_e": 0, "EX_alaala_e": 0, "EX_murein5p3p_e": 0, "EX_murein5p4p_e": 0, "EX_murein5p5p_e": 0, "EX_murein5p5p5p_e": 0, "EX_lac__L_e": 0, "EX_leu__L_e": 0, "EX_lys__L_e": 0, "EX_alltn_e": 0, "EX_malt_e": 0, "EX_murein5px3p_e": 0, "EX_murein5px4p_e": 0, "EX_malthx_e": 0, "EX_murein5px4px4p_e": 0, "EX_arab__L_e": 0, "EX_malttr_e": 0, "EX_man_e": 0, "EX_araban__L_e": 0, "EX_met__L_e": 1.640055e-02, "EX_mg2_e": -1.576314e-04, "EX_mn2_e": -1.256079e-05, "EX_na1_e": 0, "EX_nh4_e": -1.577145e-01, "EX_ni2_e": -5.862937e-06, "EX_no2_e": 0, "EX_no3_e": 0, "EX_pi_e": -1.600217e-01, "EX_pro__L_e": 0, "EX_mobd_e": -1.298752e-07, "EX_xan_e": 0, "EX_xyl__D_e": 0, "EX_ptrc_e": 0, "EX_arg__L_e": 0, "EX_pydxn_e": 0, "EX_pyr_e": 1.521907e+00, "EX_zn2_e": -6.178349e-06, "BIOMASS_Cl_DSM_WT_46p666M1": 1.855360e-02, "EX_rib__D_e": 0, "DM_mththf_c": 4.137453e-05, "5HBZIDMT": 4.137453e-06, "5HBZIDS2": 4.137453e-06, "DM_succ_c": 2.346158e-03, "ABUTD": 0, "ACACT1r": 0, "EX_ac_e": 1.982526e-02, "EX_ala__D_e": 5.271263e-04, "EX_asn__L_e": 0, "EX_asp__L_e": 0, "EX_ribflv_e": -8.274905e-06, "EX_rmn_e": 0, "EX_ser__D_e": 0, "EX_btd_RR_e": 0, "EX_ser__L_e": 0, "EX_btn_e": -3.710720e-08, "EX_so4_e": -1.990408e-02, "EX_btoh_e": 0, "EX_spmd_e": 0, "EX_taur_e": 0, "3OAS161": 9.379104e-03, "3OAS180": 0, "EX_thm_e": -4.137453e-06, "EX_but_e": 0, "EX_trp__L_e": 0, "EX_uaagmda_e": 0, "3OAS181": 3.602367e-04, "3OAS60": 1.757879e-02, "3OAS80": 1.757879e-02, "3OAS100": 1.757879e-02, "3OAS120": 8.199689e-03, "3OAS121": 9.379104e-03, "EX_udcpdp_e": 0, "EX_udcpp_e": 0, "3OAS140": 8.199689e-03, "EX_ura_e": 0, "EX_ca2_e": -9.458625e-05, "EX_val__L_e": 0, "3OAR100": 1.757879e-02, "3OAR120": 8.199689e-03, "3OAR121": 9.379104e-03, "EX_citr__L_e": 0, "3OAR140": 8.199689e-03, "3OAR141": 9.379104e-03, "3OAR160": 6.159053e-03, "EX_cl_e": -9.458625e-05, "3OAR161": 9.379104e-03, "3OAR180": 0, "EX_co_e": 0, "3OAR181": 3.602367e-04, "3OAS141": 9.379104e-03, "EX_co2_e": 7.524508e+00, "3OAS160": 6.159053e-03, "ACBIPGT": 4.137453e-06, "4HTHRS": 0, "EX_cobalt2_e": -4.601293e-06, "EX_csn_e": 0, "ACt2r": -1.982526e-02, "ABFA": 0, "ABTA": 0, "ACGK": 4.114576e-03, "EX_cu2_e": -1.287620e-05, "ACGS": 0, "ACALD": -6.592008e+00, "ACHBS": 4.041364e-03, "APSR": 1.982526e-02, "EX_cys__L_e": 0, "ACCOAC": 1.213717e-01, "ACLS": 1.216224e-02, "ADOCBIK": 0, "EX_etoh_e": 6.584438e+00, "ACPS1": 0, "ACKr": 0, "EX_fe2_e": -2.564478e-04, "ADA": 0, "ADCL": 0, "EX_fol_e": -1.654981e-05, "ACLDC": 0, "ADCPS2": 4.137453e-06, "EX_for_e": 0, "ADCPS1": 0, "ACOTA": -4.114576e-03, "EX_fru_e": -5, "ACOAD1z": 0, "ACONTa": 1000, "ACONTb": 1000, "EX_gal_e": 0, "ACOATA": 1.757879e-02, "ADCYRS": 4.137453e-06, "ADCS": 0, "EX_galctn__D_e": 0, "ADD": 0, "ADK1": 4.652059e-02, "ACONT": -9.999849e+02, "EX_galur_e": 0, "EX_glc__D_e": 0, "EX_glcn_e": 0, "ASNt2r": 0, "EX_glcur_e": 0, "ASP1DC": 8.850067e-06, "EX_gln__L_e": 0, "ASPt2r": 0, "EX_glu__L_e": 0, "ATPM": 4.500000e-01, "ADK2": 4.137453e-06, "EX_gly_e": 0, "ADMDC": 0, "ADOCBLS": 4.137453e-06, "BTDt_RR": 0, "BTOHt": 0, "EX_glyb_e": 0, "ADPRDP": 0, "EX_glyc_e": 4.266400e-04, "ADPT": 4.137453e-05, "BUTKr": 0, "ADSL1r": 2.906162e-03, "EX_h_e": 1.559206e+00, "ADSL2r": 3.041621e-03, "BUTt": 0, "ADSS": 2.906162e-03, "CYRDAR": 2.068726e-06, "AHCYSNS": 4.137453e-05, "AGPAT120": 0, "AGPR": -4.114576e-03, "CYSabc": 0, "AHSERL2": 1.854250e-02, "AIRCr": 3.041621e-03, "Cuabc": 1.287620e-05, "AICART": 4.359446e-03, "ALAALAr": 5.271263e-04, "ALAR": 8.212695e-03, "ALATA_L": -1.588542e-02, "CA2abc": 9.458625e-05, "CITRt2r": 0, "CLt3r_2": 4.729312e-05, "CO2t": -7.524508e+00, "ALCD2y": -8.157462e+00, "DHPTDCs2": 4.137453e-05, "AMMQLT8": 0, "COabc": 4.601293e-06, "DHPPDA": 0, "COt": 0, "ALCD4y": 0, "ALLTN": 0, "CYSSADS": 0, "CYRDAAT": 4.137453e-06, "ALLTNt2r": 0, "METt2r": -1.640055e-02, "AMAA": 0, "ASP4DC": 0, "DGK1": 0, "ANPRT": 7.906987e-04, "CTPS2": 0, "APRAUR": 0, "ASPO2": 0, "CYRDAS": 4.137453e-06, "ASPCT": 2.346158e-03, "ASPK": 2.384314e-02, "ACAFDOR": 0, "ANS": 0, "ASPO2y": 4.228365e-05, "CYSDS": 0, "ASPR": 0, "ATPPRT": 1.317825e-03, "ASPT": 0, "BACCL": 0, "BTDD_RR": 0, "ANS2": 7.906987e-04, "ARABR": 0, "ARAI": 0, "CYSTL": 0, "ARBabc": 0, "ARBt2r": 0, "BTNt2i": 3.710720e-08, "CYSTS": 0, "CBIAT": 0, "CYSS": 1.282759e-03, "CBLAT": 0, "ARGDr": 0, "ARGN": 0, "CYTD": 0, "ARGDC": 0, "CDPMEK": 7.618968e-01, "CBMKr": 6.460734e-03, "ARGSL": 4.114576e-03, "ARGSS": 4.114576e-03, "CBPS": 0, "ASAD": -2.384314e-02, "CHORS": 5.290114e-03, "DCYTD": 0, "CHORM": 4.495277e-03, "CITL": 0, "ARGt2r": 0, "ASNS1": 3.353155e-03, "CODH4": 0, "CYTDK2": 0, "CODH_ACS": 0, "CPC2MT": 4.137453e-06, "CLPNS120": 0, "CLPNS140": 4.951956e-05, "ECOAH1": 0, "CYTK1": 7.778535e-01, "CLPNS160": 1.494863e-04, "CPC3MT": 4.137453e-06, "CYTK2": 0, "D_LACt2": 0, "CPC4MT": 4.137453e-06, "ETOHt": -6.584438e+00, "DAGK120": 0, "FOLt": 1.654981e-05, "CPC6MT": 4.137453e-06, "CPC5MT": 4.137453e-06, "DAPDC": 4.773507e-03, "CPC8MM": 4.137453e-06, "CPC6R": 4.137453e-06, "G3PCT": 7.158442e-03, "DAPE": 5.300633e-03, "CPPPGOAN2": 0, "CS": 1.507107e-02, "DSERt2": 0, "CSND": 0, "G5SADs": 3.074944e-03, "DALAt2r": 0, "FOLR2": 1.654981e-05, "CTPS1": 9.942503e-04, "LDAPAT": -5.300633e-03, "CSNt2": 0, "DASYN120": 0, "FRTT": 0, "DASYN140": 1.020318e-03, "DURAD": 0, "DURIPP": 0, "DUTPDP": 0, "GLCt2": 0, "GLNabc": 0, "GLUabc": 0, "DXPRIi": 7.618968e-01, "DASYN160": 3.079526e-03, "DXPS": 7.618968e-01, "EAR100x": 8.199689e-03, "DASYN161": 4.509434e-03, "ENO": 5.011107e+00, "GPDDA1": 0, "GPDDA2": 0, "DASYN180": 0, "GPDDA4": 0, "FACOAL140": 0, "FACOAL160": 0, "DASYN181": 1.801183e-04, "DB4PS": 0, "FACOAL180": 0, "H2Ot": -3.682603e+00, "DCMPDA": 0, "FBA": 4.991834e+00, "DDPA": 5.290114e-03, "FBA3": 0, "FBP": 8.165544e-03, "H2td": 0, "HACD1": 0, "DDPGA": 0, "HCO3E": 1.717357e-01, "FDH7": 7.405205e-03, "FORt2": 0, "DHAD2": 4.041364e-03, "G1PTT": 0, "HISt2r": 0, "GTPCII": 0, "GK1": -9.999985e+02, "FE2abc": 2.564478e-04, "FGLU": 0, "FMNAT": 4.137453e-06, "FRD2": 2.346158e-03, "DHAD1": 1.216224e-02, "FRNDPR2r": 6.725175e+00, "GK2": 1000, "DHAK": 0, "HPPK": 0, "FRUK": 5, "FUM": 7.716201e-03, "GRTT": 6.926335e-02, "FRUpts": 5, "DHFR": 5.577026e-04, "FTHFLi": 7.409343e-03, "DHDPRy": 5.300633e-03, "G1PACT": 1.340590e-03, "G3PAT140": 1.020318e-03, "GLCURt2r": 0, "GF6PTA": 1.340590e-03, "GHMT2r": 1.914216e-02, "DHDPS": 5.300633e-03, "GLCNt2r": 0, "G1SAT": 3.309962e-05, "G3PAT181": 1.801183e-04, "GLNS": 1.724600e-02, "DHFS": 0, "GLCRD": 0, "G3PAT120": 0, "G3PAT160": 3.079526e-03, "G3PAT161": 4.509434e-03, "GLU5K": 3.074944e-03, "GLUDy": -4.292403e+00, "GLUPRT": 3.045759e-03, "GLUR": -5.271263e-04, "G3PAT180": 0, "G3PD2": -1.833708e-02, "G5SD": 3.074944e-03, "GLUTRR": 3.309962e-05, "GALCTD": 0, "DHNAOT4": 0, "GALCTNt2r": 0, "GLUSy": 0, "GLUTRS": 3.309962e-05, "GLUt2r": 0, "GAPD": 9.198122e+00, "DHNPA_1": 0, "GALUi": 0, "GALURt2r": 0, "GLUt4": 0, "GLYCDx": 0, "GALabc": 0, "DHORTS": -2.346158e-03, "GCCb": 0, "GARFT": 3.045759e-03, "GLYBt2r": 0, "GMPS2": 1.453285e-03, "GLYCK": 0, "GLYCt": 4.266400e-04, "GND": 0, "GCCa": 0, "METR": 0, "DHORD5": 2.346158e-03, "GNK": 0, "DHPS": 0, "GTPCI": 0, "GTPDPK": 0, "GUAD": 0, "HCITS": 0, "MGSA": 0, "DHPS2": 0, "KAS15": 0, "IPDPS": 6.926335e-01, "HAMR": 0, "IMPC": -4.359446e-03, "DHQTi": 5.290114e-03, "HXPRT": 0, "GUAPRT": 0, "LYSDC": 0, "DHQS": 5.290114e-03, "ICDHx": 1.507107e-02, "HYDFDN2r": 0, "HEX1": 0, "HETZK": 0, "HISTD": 1.317825e-03, "HYDFDi": 0, "DMATT": 6.926335e-02, "IGPDH": 1.317825e-03, "IG3PS": 1.317825e-03, "HISDr": 0, "HISTP": 1.317825e-03, "IGPS": 7.906987e-04, "DMPPS": 6.926335e-02, "ILETRS": 0, "HMBS": 4.137453e-06, "HMPK1": 0, "HSK": 0, "DPCOAK": 8.850067e-06, "HSDy": -1.854250e-02, "HSST": 0, "HSTPT": 1.317825e-03, "ILEt2r": 0, "ILETA": -4.041364e-03, "LEUTA": -6.267053e-03, "HXAND": 0, "DPR": 8.850067e-06, "METS": 1.858388e-02, "LEUt2r": 0,