{"EX_h2_e": 0, "EX_h2o_e": 8.178386e+00, "EX_his__L_e": 0, "EX_ile__L_e": 0, "EX_lac__D_e": 0, "EX_murein4p3p_e": 0, "EX_murein4p4p_e": 0, "EX_murein4px4p_e": 0, "EX_k_e": -2.481452e-02, "EX_murein4px4px4p_e": 0, "EX_alaala_e": 0, "EX_murein5p3p_e": 0, "EX_murein5p4p_e": 0, "EX_murein5p5p_e": 0, "EX_murein5p5p5p_e": 0, "EX_lac__L_e": 0, "EX_leu__L_e": 0, "EX_lys__L_e": 0, "EX_alltn_e": 0, "EX_malt_e": 0, "EX_murein5px3p_e": 0, "EX_murein5px4p_e": 0, "EX_malthx_e": 0, "EX_murein5px4px4p_e": 0, "EX_arab__L_e": 0, "EX_malttr_e": 0, "EX_man_e": 0, "EX_araban__L_e": 0, "EX_met__L_e": 0, "EX_mg2_e": -1.102758e-03, "EX_mn2_e": -8.787277e-05, "EX_na1_e": 0, "EX_nh4_e": -3.335289e+00, "EX_ni2_e": -4.101595e-05, "EX_no2_e": 0, "EX_no3_e": 0, "EX_pi_e": -1.503893e-01, "EX_pro__L_e": 0, "EX_mobd_e": -9.085811e-07, "EX_xan_e": 0, "EX_xyl__D_e": 0, "EX_ptrc_e": 0, "EX_arg__L_e": 0, "EX_pydxn_e": 0, "EX_pyr_e": 0, "EX_zn2_e": -4.322250e-05, "BIOMASS_Cl_DSM_WT_46p666M1": 1.297973e-01, "EX_rib__D_e": 0, "DM_mththf_c": 2.894480e-04, "5HBZIDMT": 2.894480e-05, "5HBZIDS2": 2.894480e-05, "DM_succ_c": 1.641326e-02, "ABUTD": 0, "ACACT1r": 0, "EX_ac_e": 0, "EX_ala__D_e": 3.687671e-03, "EX_asn__L_e": 0, "EX_asp__L_e": 0, "EX_ribflv_e": -5.788960e-05, "EX_rmn_e": 0, "EX_ser__D_e": 0, "EX_btd_RR_e": 0, "EX_ser__L_e": 0, "EX_btn_e": -2.595946e-07, "EX_so4_e": -4.522055e-02, "EX_btoh_e": 0, "EX_spmd_e": 0, "EX_taur_e": 0, "3OAS161": 6.561435e-02, "3OAS180": 0, "EX_thm_e": -2.894480e-05, "EX_but_e": 0, "EX_trp__L_e": 0, "EX_uaagmda_e": 0, "3OAS181": 2.520144e-03, "3OAS60": 1.229777e-01, "3OAS80": 1.229777e-01, "3OAS100": 1.229777e-01, "3OAS120": 5.736340e-02, "3OAS121": 6.561435e-02, "EX_udcpdp_e": 0, "EX_udcpp_e": 0, "3OAS140": 5.736340e-02, "EX_ura_e": 0, "EX_ca2_e": -6.617066e-04, "EX_val__L_e": 2.346684e+00, "3OAR100": 1.229777e-01, "3OAR120": 5.736340e-02, "3OAR121": 6.561435e-02, "EX_citr__L_e": 0, "3OAR140": 5.736340e-02, "3OAR141": 6.561435e-02, "3OAR160": 4.308751e-02, "EX_cl_e": -6.617066e-04, "3OAR161": 6.561435e-02, "3OAR180": 0, "EX_co_e": 0, "3OAR181": 2.520144e-03, "3OAS141": 6.561435e-02, "EX_co2_e": 6.429947e+00, "3OAS160": 4.308751e-02, "ACBIPGT": 2.894480e-05, "4HTHRS": 0, "EX_cobalt2_e": -3.218973e-05, "EX_csn_e": 0, "ACt2r": 0, "ABFA": 0, "ABTA": 0, "ACGK": 2.878476e-02, "EX_cu2_e": -9.007933e-05, "ACGS": 0, "ACALD": -3.028371e+00, "ACHBS": 2.827258e-02, "APSR": 4.466917e-02, "EX_cys__L_e": 0, "ACCOAC": 8.490925e-01, "ACLS": 2.431769e+00, "ADOCBIK": 0, "EX_etoh_e": 3.090146e+00, "ACPS1": 0, "ACKr": 2.395863e-02, "EX_fe2_e": -1.794058e-03, "ADA": 0, "ADCL": 0, "EX_fol_e": -1.157792e-04, "ACLDC": 0, "ADCPS2": 2.894480e-05, "EX_for_e": 0, "ADCPS1": 0, "ACOTA": -2.878476e-02, "EX_fru_e": -5, "ACOAD1z": 0, "ACONTa": -9.998946e+02, "ACONTb": -9.998946e+02, "EX_gal_e": 0, "ACOATA": 0, "ADCYRS": 2.894480e-05, "ADCS": 0, "EX_galctn__D_e": 0, "ADD": 0, "ADK1": 2.314244e-01, "ACONT": 1000, "EX_galur_e": 0, "EX_glc__D_e": 0, "EX_glcn_e": 0, "ASNt2r": 0, "EX_glcur_e": 0, "ASP1DC": 6.191331e-05, "EX_gln__L_e": 0, "ASPt2r": 0, "EX_glu__L_e": 0, "ATPM": 4.500000e-01, "ADK2": 2.894480e-05, "EX_gly_e": 0, "ADMDC": 0, "ADOCBLS": 2.894480e-05, "BTDt_RR": 0, "BTOHt": 0, "EX_glyb_e": 0, "ADPRDP": 0, "EX_glyc_e": 0, "ADPT": 2.894480e-04, "BUTKr": 0, "ADSL1r": 2.033093e-02, "EX_h_e": 3.026782e+00, "ADSL2r": 2.127858e-02, "BUTt": 0, "ADSS": 2.033093e-02, "CYRDAR": 1.447240e-05, "AHCYSNS": 2.894480e-04, "AGPAT120": 0, "AGPR": -2.878476e-02, "CYSabc": 0, "AHSERL2": 2.395863e-02, "AIRCr": 2.127858e-02, "Cuabc": 9.007933e-05, "AICART": 3.049782e-02, "ALAALAr": 3.687671e-03, "ALAR": 5.745439e-02, "ALATA_L": -1.111313e-01, "CA2abc": 6.617066e-04, "CITRt2r": 0, "CLt3r_2": 3.308533e-04, "CO2t": -6.429947e+00, "ALCD2y": 0, "DHPTDCs2": 2.894480e-04, "AMMQLT8": 0, "COabc": 3.218973e-05, "DHPPDA": 0, "COt": 0, "ALCD4y": 0, "ALLTN": 0, "CYSSADS": 0, "CYRDAAT": 2.894480e-05, "ALLTNt2r": 0, "METt2r": 0, "AMAA": 0, "ASP4DC": 0, "DGK1": 0, "ANPRT": 5.531572e-03, "CTPS2": 0, "APRAUR": 0, "ASPO2": 0, "CYRDAS": 2.894480e-05, "ASPCT": 1.641326e-02, "ASPK": 1.668019e-01, "ACAFDOR": 0, "ANS": 0, "ASPO2y": 2.958080e-04, "CYSDS": 0, "ASPR": 0, "ATPPRT": 9.219243e-03, "ASPT": 0, "BACCL": 0, "BTDD_RR": 0, "ANS2": 5.531572e-03, "ARABR": 0, "ARAI": 0, "CYSTL": 0, "ARBabc": 0, "ARBt2r": 0, "BTNt2i": 2.595946e-07, "CYSTS": 8.973926e-03, "CBIAT": 0, "CYSS": 0, "CBLAT": 0, "ARGDr": 0, "ARGN": 0, "CYTD": 0, "ARGDC": 0, "CDPMEK": 7.852737e-05, "CBMKr": 4.519802e-02, "ARGSL": 2.878476e-02, "ARGSS": 2.878476e-02, "CBPS": 0, "ASAD": -1.668019e-01, "CHORS": 3.700858e-02, "DCYTD": 0, "CHORM": 3.144807e-02, "CITL": 0, "ARGt2r": 0, "ASNS1": 2.345801e-02, "CODH4": 0, "CYTDK2": 0, "CODH_ACS": 0, "CPC2MT": 2.894480e-05, "CLPNS120": 0, "CLPNS140": 3.464290e-04, "ECOAH1": 0, "CYTK1": 1.117084e-01, "CLPNS160": 1.045777e-03, "CPC3MT": 2.894480e-05, "CYTK2": 0, "D_LACt2": 0, "CPC4MT": 2.894480e-05, "ETOHt": -3.090146e+00, "DAGK120": 0, "FOLt": 1.157792e-04, "CPC6MT": 2.894480e-05, "CPC5MT": 2.894480e-05, "DAPDC": 3.339451e-02, "CPC8MM": 2.894480e-05, "CPC6R": 2.894480e-05, "G3PCT": 5.007904e-02, "DAPE": 3.708218e-02, "CPPPGOAN2": 0, "CS": 1.054342e-01, "DSERt2": 0, "CSND": 0, "G5SADs": 2.151170e-02, "DALAt2r": 0, "FOLR2": 1.157792e-04, "CTPS1": 6.955578e-03, "LDAPAT": -3.708218e-02, "CSNt2": 0, "DASYN120": 0, "FRTT": 0, "DASYN140": 7.137943e-03, "DURAD": 0, "DURIPP": 0, "DUTPDP": 0, "GLCt2": 0, "GLNabc": 0, "GLUabc": 0, "DXPRIi": 7.852737e-05, "DASYN160": 2.154376e-02, "DXPS": 7.852737e-05, "EAR100x": 5.736340e-02, "DASYN161": 3.154710e-02, "ENO": 9.623745e+00, "GPDDA1": 0, "GPDDA2": 0, "DASYN180": 0, "GPDDA4": 0, "FACOAL140": 0, "FACOAL160": 0, "DASYN181": 1.260072e-03, "DB4PS": 0, "FACOAL180": 0, "H2Ot": -8.184703e+00, "DCMPDA": 0, "FBA": 4.942875e+00, "DDPA": 3.700858e-02, "FBA3": 0, "FBP": 5.712453e-02, "H2td": 0, "HACD1": 0, "DDPGA": 0, "HCO3E": 1.201429e+00, "FDH7": 5.180535e-02, "FORt2": 0, "DHAD2": 2.827258e-02, "G1PTT": 0, "HISt2r": 0, "GTPCII": 0, "GK1": 1000, "FE2abc": 1.794058e-03, "FGLU": 0, "FMNAT": 2.894480e-05, "FRD2": 1.641326e-02, "DHAD1": 2.431769e+00, "FRNDPR2r": 3.552634e+00, "GK2": -9.999898e+02, "DHAK": 2.984689e-03, "HPPK": 0, "FRUK": 5, "FUM": 5.398101e-02, "GRTT": 7.138851e-06, "FRUpts": 5, "DHFR": 3.901577e-03, "FTHFLi": 5.183429e-02, "DHDPRy": 3.708218e-02, "G1PACT": 9.378504e-03, "G3PAT140": 7.137943e-03, "GLCURt2r": 0, "GF6PTA": 9.378504e-03, "GHMT2r": 1.917976e-02, "DHDPS": 3.708218e-02, "GLCNt2r": 0, "G1SAT": 2.315584e-04, "G3PAT181": 1.260072e-03, "GLNS": 1.206496e-01, "DHFS": 0, "GLCRD": 0, "G3PAT120": 0, "G3PAT160": 2.154376e-02, "G3PAT161": 3.154710e-02, "GLU5K": 2.151170e-02, "GLUDy": -3.183421e+00, "GLUPRT": 2.130752e-02, "GLUR": -3.687671e-03, "G3PAT180": 0, "G3PD2": -1.282826e-01, "G5SD": 2.151170e-02, "GLUTRR": 2.315584e-04, "GALCTD": 0, "DHNAOT4": 0, "GALCTNt2r": 0, "GLUSy": 0, "GLUTRS": 2.315584e-04, "GLUt2r": 0, "GAPD": 9.723204e+00, "DHNPA_1": 0, "GALUi": 0, "GALURt2r": 0, "GLUt4": 0, "GLYCDx": 2.984689e-03, "GALabc": 0, "DHORTS": -1.641326e-02, "GCCb": 0, "GARFT": 2.130752e-02, "GLYBt2r": 0, "GMPS2": 1.016689e-02, "GLYCK": 0, "GLYCt": 0, "GND": 0, "GCCa": 0, "METR": 0, "DHORD5": 1.641326e-02, "GNK": 0, "DHPS": 0, "GTPCI": 0, "GTPDPK": 0, "GUAD": 0, "HCITS": 0, "MGSA": 0, "DHPS2": 0, "KAS15": 1.229777e-01, "IPDPS": 7.138851e-05, "HAMR": 0, "IMPC": -3.049782e-02, "DHQTi": 3.700858e-02, "HXPRT": 0, "GUAPRT": 0, "LYSDC": 0, "DHQS": 3.700858e-02, "ICDHx": 1.054342e-01, "HYDFDN2r": 0, "HEX1": 0, "HETZK": 0, "HISTD": 9.219243e-03, "HYDFDi": 0, "DMATT": 7.138851e-06, "IGPDH": 9.219243e-03, "IG3PS": 9.219243e-03, "HISDr": 0, "HISTP": 9.219243e-03, "IGPS": 5.531572e-03, "DMPPS": 7.138851e-06, "ILETRS": 0, "HMBS": 2.894480e-05, "HMPK1": 0, "HSK": 1.057610e-01, "DPCOAK": 6.191331e-05, "HSDy": -1.297197e-01, "HSST": 0, "HSTPT": 9.219243e-03, "ILEt2r": 0, "ILETA": -2.827258e-02, "LEUTA": -4.384306e-02, "HXAND": 0, "DPR": 6.191331e-05, "METS": 1.527416e-02, "LEUt2r": 0, "IMPD": 1.016689e-02,