{"EX_h2_e": 0, "EX_h2o_e": 5.150028e+00, "EX_his__L_e": 0, "EX_ile__L_e": 0, "EX_lac__D_e": 0, "EX_murein4p3p_e": 0, "EX_murein4p4p_e": 0, "EX_murein4px4p_e": 0, "EX_k_e": -1.828466e-02, "EX_murein4px4px4p_e": 0, "EX_alaala_e": 0, "EX_murein5p3p_e": 0, "EX_murein5p4p_e": 0, "EX_murein5p5p_e": 0, "EX_murein5p5p5p_e": 0, "EX_lac__L_e": 0, "EX_leu__L_e": 0, "EX_lys__L_e": 0, "EX_alltn_e": 0, "EX_malt_e": 0, "EX_murein5px3p_e": 0, "EX_murein5px4p_e": 0, "EX_malthx_e": 0, "EX_murein5px4px4p_e": 0, "EX_arab__L_e": 0, "EX_malttr_e": 0, "EX_man_e": 0, "EX_araban__L_e": 0, "EX_met__L_e": 4.925591e-02, "EX_mg2_e": -8.125709e-04, "EX_mn2_e": -6.474936e-05, "EX_na1_e": 0, "EX_nh4_e": -3.168663e+00, "EX_ni2_e": -3.022274e-05, "EX_no2_e": 0, "EX_no3_e": 0, "EX_pi_e": -1.108148e-01, "EX_pro__L_e": 0, "EX_mobd_e": -6.694911e-07, "EX_xan_e": 0, "EX_xyl__D_e": 0, "EX_ptrc_e": 0, "EX_arg__L_e": 0, "EX_pydxn_e": 0, "EX_pyr_e": 0, "EX_zn2_e": -3.184865e-05, "BIOMASS_Cl_DSM_WT_46p666M1": 9.564159e-02, "EX_rib__D_e": 0, "DM_mththf_c": 2.132807e-04, "5HBZIDMT": 2.132807e-05, "5HBZIDS2": 2.132807e-05, "DM_succ_c": 1.209417e-02, "ABUTD": 0, "ACACT1r": 0, "EX_ac_e": 0, "EX_ala__D_e": 2.717273e-03, "EX_asn__L_e": 0, "EX_asp__L_e": 0, "EX_ribflv_e": -4.265615e-05, "EX_rmn_e": 0, "EX_ser__D_e": 0, "EX_btd_RR_e": 0, "EX_ser__L_e": 0, "EX_btn_e": -1.912832e-07, "EX_so4_e": -6.731620e-02, "EX_btoh_e": 0, "EX_spmd_e": 0, "EX_taur_e": 0, "3OAS161": 4.834816e-02, "3OAS180": 0, "EX_thm_e": -2.132807e-05, "EX_but_e": 0, "EX_trp__L_e": 0, "EX_uaagmda_e": 0, "3OAS181": 1.856977e-03, "3OAS60": 9.061658e-02, "3OAS80": 9.061658e-02, "3OAS100": 9.061658e-02, "3OAS120": 4.226842e-02, "3OAS121": 4.834816e-02, "EX_udcpdp_e": 0, "EX_udcpp_e": 0, "3OAS140": 4.226842e-02, "EX_ura_e": 0, "EX_ca2_e": -4.875808e-04, "EX_val__L_e": 0, "3OAR100": 9.061658e-02, "3OAR120": 4.226842e-02, "3OAR121": 4.834816e-02, "EX_citr__L_e": 0, "3OAR140": 4.226842e-02, "3OAR141": 4.834816e-02, "3OAR160": 3.174918e-02, "EX_cl_e": -4.875808e-04, "3OAR161": 4.834816e-02, "3OAR180": 0, "EX_co_e": 0, "3OAR181": 1.856977e-03, "3OAS141": 4.834816e-02, "EX_co2_e": 6.687259e+00, "3OAS160": 3.174918e-02, "ACBIPGT": 2.132807e-05, "4HTHRS": 0, "EX_cobalt2_e": -2.371911e-05, "EX_csn_e": 0, "ACt2r": 0, "ABFA": 0, "ABTA": 0, "ACGK": 2.121015e-02, "EX_cu2_e": -6.637526e-05, "ACGS": 0, "ACALD": -5.881050e+00, "ACHBS": 2.083275e-02, "APSR": 6.690992e-02, "EX_cys__L_e": 0, "ACCOAC": 6.256568e-01, "ACLS": 6.269488e-02, "ADOCBIK": 0, "EX_etoh_e": 5.862859e+00, "ACPS1": 0, "ACKr": 8.113019e-02, "EX_fe2_e": -1.321958e-03, "ADA": 0, "ADCL": 0, "EX_fol_e": -8.531230e-05, "ACLDC": 0, "ADCPS2": 2.132807e-05, "EX_for_e": 0, "ADCPS1": 0, "ACOTA": -2.121015e-02, "EX_fru_e": -5, "ACOAD1z": 0, "ACONTa": -9.999223e+02, "ACONTb": -9.999223e+02, "EX_gal_e": 0, "ACOATA": 0, "ADCYRS": 2.132807e-05, "ADCS": 0, "EX_galctn__D_e": 0, "ADD": 0, "ADK1": 2.045211e-01, "ACONT": 1000, "EX_galur_e": 0, "EX_glc__D_e": 0, "EX_glcn_e": 0, "ASNt2r": 0, "EX_glcur_e": 0, "ASP1DC": 2.390996e+00, "EX_gln__L_e": 0, "ASPt2r": 0, "EX_glu__L_e": 0, "ATPM": 4.500000e-01, "ADK2": 2.132807e-05, "EX_gly_e": 0, "ADMDC": 0, "ADOCBLS": 2.132807e-05, "BTDt_RR": 0, "BTOHt": 0, "EX_glyb_e": 0, "ADPRDP": 0, "EX_glyc_e": 0, "ADPT": 2.132807e-04, "BUTKr": 0, "ADSL1r": 1.498092e-02, "EX_h_e": 2.873348e+00, "ADSL2r": 1.567920e-02, "BUTt": 0, "ADSS": 1.498092e-02, "CYRDAR": 1.066404e-05, "AHCYSNS": 2.132807e-04, "AGPAT120": 0, "AGPR": -2.121015e-02, "CYSabc": 0, "AHSERL2": 8.113019e-02, "AIRCr": 1.567920e-02, "Cuabc": 6.637526e-05, "AICART": 2.247243e-02, "ALAALAr": 2.717273e-03, "ALAR": 4.233546e-02, "ALATA_L": -8.188747e-02, "CA2abc": 4.875808e-04, "CITRt2r": 0, "CLt3r_2": 2.437904e-04, "CO2t": -6.687259e+00, "ALCD2y": -5.862859e+00, "DHPTDCs2": 2.132807e-04, "AMMQLT8": 0, "COabc": 2.371911e-05, "DHPPDA": 0, "COt": 0, "ALCD4y": 0, "ALLTN": 0, "CYSSADS": 0, "CYRDAAT": 2.132807e-05, "ALLTNt2r": 0, "METt2r": -4.925591e-02, "AMAA": 0, "ASP4DC": 0, "DGK1": 0, "ANPRT": 4.075958e-03, "CTPS2": 0, "APRAUR": 0, "ASPO2": 2.179672e-04, "CYRDAS": 2.132807e-05, "ASPCT": 1.209417e-02, "ASPK": 1.084543e-01, "ACAFDOR": 0, "ANS": 0, "ASPO2y": 0, "CYSDS": 1.422028e-02, "ASPR": 0, "ATPPRT": 6.793231e-03, "ASPT": 0, "BACCL": 0, "BTDD_RR": 0, "ANS2": 4.075958e-03, "ARABR": 0, "ARAI": 0, "CYSTL": 0, "ARBabc": 0, "ARBt2r": 0, "BTNt2i": 1.912832e-07, "CYSTS": 2.083275e-02, "CBIAT": 0, "CYSS": 0, "CBLAT": 0, "ARGDr": 0, "ARGN": 0, "CYTD": 0, "ARGDC": 0, "CDPMEK": 5.786316e-05, "CBMKr": 3.330431e-02, "ARGSL": 2.121015e-02, "ARGSS": 2.121015e-02, "CBPS": 0, "ASAD": -1.084543e-01, "CHORS": 2.726990e-02, "DCYTD": 0, "CHORM": 2.317262e-02, "CITL": 0, "ARGt2r": 0, "ASNS1": 1.728511e-02, "CODH4": 0, "CYTDK2": 0, "CODH_ACS": 0, "CPC2MT": 2.132807e-05, "CLPNS120": 0, "CLPNS140": 2.552674e-04, "ECOAH1": 0, "CYTK1": 8.231269e-02, "CLPNS160": 7.705843e-04, "CPC3MT": 2.132807e-05, "CYTK2": 0, "D_LACt2": 0, "CPC4MT": 2.132807e-05, "ETOHt": -5.862859e+00, "DAGK120": 0, "FOLt": 8.531230e-05, "CPC6MT": 2.132807e-05, "CPC5MT": 2.132807e-05, "DAPDC": 2.460686e-02, "CPC8MM": 2.132807e-05, "CPC6R": 2.132807e-05, "G3PCT": 3.690092e-02, "DAPE": 2.732413e-02, "CPPPGOAN2": 0, "CS": 7.768957e-02, "DSERt2": 0, "CSND": 0, "G5SADs": 1.585097e-02, "DALAt2r": 0, "FOLR2": 8.531230e-05, "CTPS1": 5.125241e-03, "LDAPAT": -2.732413e-02, "CSNt2": 0, "DASYN120": 0, "FRTT": 0, "DASYN140": 5.259618e-03, "DURAD": 0, "DURIPP": 0, "DUTPDP": 0, "GLCt2": 0, "GLNabc": 0, "GLUabc": 0, "DXPRIi": 5.786316e-05, "DASYN160": 1.587459e-02, "DXPS": 5.786316e-05, "EAR100x": 4.226842e-02, "DASYN161": 2.324559e-02, "ENO": 9.644825e+00, "GPDDA1": 0, "GPDDA2": 0, "DASYN180": 0, "GPDDA4": 0, "FACOAL140": 0, "FACOAL160": 0, "DASYN181": 9.284885e-04, "DB4PS": 0, "FACOAL180": 0, "H2Ot": -5.154683e+00, "DCMPDA": 0, "FBA": 4.957908e+00, "DDPA": 2.726990e-02, "FBA3": 0, "FBP": 4.209241e-02, "H2td": 0, "HACD1": 0, "DDPGA": 0, "HCO3E": 3.261773e+00, "FDH7": 2.371875e-02, "FORt2": 0, "DHAD2": 2.083275e-02, "G1PTT": 0, "HISt2r": 0, "GTPCII": 0, "GK1": 1000, "FE2abc": 1.321958e-03, "FGLU": 0, "FMNAT": 2.132807e-05, "FRD2": 1.209417e-02, "DHAD1": 6.269488e-02, "FRNDPR2r": 5.050602e+00, "GK2": -9.999925e+02, "DHAK": 2.199278e-03, "HPPK": 0, "FRUK": 5, "FUM": 3.977609e-02, "GRTT": 5.260287e-06, "FRUpts": 5, "DHFR": 2.874891e-03, "FTHFLi": 2.374008e-02, "DHDPRy": 2.732413e-02, "G1PACT": 6.910583e-03, "G3PAT140": 5.259618e-03, "GLCURt2r": 0, "GF6PTA": 6.910583e-03, "GHMT2r": 7.784279e-02, "DHDPS": 2.732413e-02, "GLCNt2r": 0, "G1SAT": 1.706246e-04, "G3PAT181": 9.284885e-04, "GLNS": 8.890106e-02, "DHFS": 0, "GLCRD": 0, "G3PAT120": 0, "G3PAT160": 1.587459e-02, "G3PAT161": 2.324559e-02, "GLU5K": 1.585097e-02, "GLUDy": -3.070979e+00, "GLUPRT": 1.570052e-02, "GLUR": -2.717273e-03, "G3PAT180": 0, "G3PD2": -9.452545e-02, "G5SD": 1.585097e-02, "GLUTRR": 1.706246e-04, "GALCTD": 0, "DHNAOT4": 0, "GALCTNt2r": 0, "GLUSy": 0, "GLUTRS": 1.706246e-04, "GLUt2r": 0, "GAPD": 9.796042e+00, "DHNPA_1": 0, "GALUi": 0, "GALURt2r": 0, "GLUt4": 0, "GLYCDx": 2.199278e-03, "GALabc": 0, "DHORTS": -1.209417e-02, "GCCb": 0, "GARFT": 1.570052e-02, "GLYBt2r": 0, "GMPS2": 7.491510e-03, "GLYCK": 0, "GLYCt": 0, "GND": 0, "GCCa": 0, "METR": 0, "DHORD5": 1.209417e-02, "GNK": 0, "DHPS": 0, "GTPCI": 0, "GTPDPK": 0, "GUAD": 0, "HCITS": 0, "MGSA": 0, "DHPS2": 0, "KAS15": 9.061658e-02, "IPDPS": 5.260287e-05, "HAMR": 0, "IMPC": -2.247243e-02, "DHQTi": 2.726990e-02, "HXPRT": 0, "GUAPRT": 0, "LYSDC": 0, "DHQS": 2.726990e-02, "ICDHx": 7.768957e-02, "HYDFDN2r": 0, "HEX1": 0, "HETZK": 0, "HISTD": 6.793231e-03, "HYDFDi": 0, "DMATT": 5.260287e-06, "IGPDH": 6.793231e-03, "IG3PS": 6.793231e-03, "HISDr": 0, "HISTP": 6.793231e-03, "IGPS": 4.075958e-03, "DMPPS": 5.260287e-06, "ILETRS": 0, "HMBS": 2.132807e-05, "HMPK1": 0, "HSK": 0, "DPCOAK": 4.562104e-05, "HSDy": -8.113019e-02, "HSST": 0, "HSTPT": 6.793231e-03, "ILEt2r": 0, "ILETA": -2.083275e-02, "LEUTA": -3.230591e-02, "HXAND": 0, "DPR": 4.562104e-05, "METS": 6.051073e-02, "LEUt2r": 0,