{"EX_h2_e": 0, "EX_h2o_e": 3.741354e+00, "EX_his__L_e": 0, "EX_ile__L_e": 0, "EX_lac__D_e": 0, "EX_murein4p3p_e": 0, "EX_murein4p4p_e": 0, "EX_murein4px4p_e": 0, "EX_k_e": -1.496597e-02, "EX_murein4px4px4p_e": 0, "EX_alaala_e": 0, "EX_murein5p3p_e": 0, "EX_murein5p4p_e": 0, "EX_murein5p5p_e": 0, "EX_murein5p5p5p_e": 0, "EX_lac__L_e": 0, "EX_leu__L_e": 0, "EX_lys__L_e": 0, "EX_alltn_e": 0, "EX_malt_e": 0, "EX_murein5px3p_e": 0, "EX_murein5px4p_e": 0, "EX_malthx_e": 0, "EX_murein5px4px4p_e": 0, "EX_arab__L_e": 0, "EX_malttr_e": 0, "EX_man_e": 0, "EX_araban__L_e": 0, "EX_met__L_e": 6.919823e-02, "EX_mg2_e": -6.650883e-04, "EX_mn2_e": -5.299727e-05, "EX_na1_e": 0, "EX_nh4_e": -8.203883e-01, "EX_ni2_e": -2.473728e-05, "EX_no2_e": 0, "EX_no3_e": 0, "EX_pi_e": -1.745831e-01, "EX_pro__L_e": 0, "EX_mobd_e": -5.479777e-07, "EX_xan_e": 0, "EX_xyl__D_e": 0, "EX_ptrc_e": 0, "EX_arg__L_e": 0, "EX_pydxn_e": 0, "EX_pyr_e": 0, "EX_zn2_e": -2.606808e-05, "BIOMASS_Cl_DSM_WT_46p666M1": 7.828252e-02, "EX_rib__D_e": 0, "DM_mththf_c": 1.745700e-04, "5HBZIDMT": 1.745700e-05, "5HBZIDS2": 1.745700e-05, "DM_succ_c": 4.245574e-02, "ABUTD": 0, "ACACT1r": 0, "EX_ac_e": 8.364801e-02, "EX_ala__D_e": 2.224085e-03, "EX_asn__L_e": 0, "EX_asp__L_e": 0, "EX_ribflv_e": -3.491401e-05, "EX_rmn_e": 0, "EX_ser__D_e": 0, "EX_btd_RR_e": 0, "EX_ser__L_e": 0, "EX_btn_e": -1.565650e-07, "EX_so4_e": -8.398055e-02, "EX_btoh_e": 0, "EX_spmd_e": 0, "EX_taur_e": 0, "3OAS161": 1.046863e-01, "3OAS180": 0, "EX_thm_e": -1.745700e-05, "EX_but_e": 0, "EX_trp__L_e": 0, "EX_uaagmda_e": 7.159883e-03, "3OAS181": 6.663330e-02, "3OAS60": 1.392829e-01, "3OAS80": 1.392829e-01, "3OAS100": 1.392829e-01, "3OAS120": 3.459665e-02, "3OAS121": 1.046863e-01, "EX_udcpdp_e": 2.224085e-03, "EX_udcpp_e": 0, "3OAS140": 3.459665e-02, "EX_ura_e": 0, "EX_ca2_e": -3.990843e-04, "EX_val__L_e": 0, "3OAR100": 1.392829e-01, "3OAR120": 3.459665e-02, "3OAR121": 1.046863e-01, "EX_citr__L_e": 0, "3OAR140": 3.459665e-02, "3OAR141": 1.046863e-01, "3OAR160": 2.598667e-02, "EX_cl_e": -3.990843e-04, "3OAR161": 1.046863e-01, "3OAR180": 0, "EX_co_e": 0, "3OAR181": 6.663330e-02, "3OAS141": 1.046863e-01, "EX_co2_e": 8.784985e+00, "3OAS160": 2.598667e-02, "ACBIPGT": 1.745700e-05, "4HTHRS": 0, "EX_cobalt2_e": -1.941407e-05, "EX_csn_e": 0, "ACt2r": -8.364801e-02, "ABFA": 0, "ABTA": 0, "ACGK": 1.736048e-02, "EX_cu2_e": -5.432807e-05, "ACGS": 0, "ACALD": -7.426666e+00, "ACHBS": 1.705158e-02, "APSR": 8.364801e-02, "EX_cys__L_e": 0, "ACCOAC": 1.033006e+00, "ACLS": 5.131568e-02, "ADOCBIK": 0, "EX_etoh_e": 7.394726e+00, "ACPS1": 0, "ACKr": 0, "EX_fe2_e": -1.082021e-03, "ADA": 0, "ADCL": 0, "EX_fol_e": -6.982801e-05, "ACLDC": 0, "ADCPS2": 1.745700e-05, "EX_for_e": 0, "ADCPS1": 0, "ACOTA": -1.736048e-02, "EX_fru_e": -5, "ACOAD1z": 0, "ACONTa": 1000, "ACONTb": 1000, "EX_gal_e": 0, "ACOATA": 0, "ADCYRS": 1.745700e-05, "ADCS": 0, "EX_galctn__D_e": 0, "ADD": 0, "ADK1": 2.288393e-01, "ACONT": -9.999293e+02, "EX_galur_e": 0, "EX_glc__D_e": 0, "EX_glcn_e": 0, "ASNt2r": 0, "EX_glcur_e": 0, "ASP1DC": 3.734076e-05, "EX_gln__L_e": 0, "ASPt2r": 0, "EX_glu__L_e": 0, "ATPM": 4.500000e-01, "ADK2": 1.745700e-05, "EX_gly_e": 0, "ADMDC": 0, "ADOCBLS": 1.745700e-05, "BTDt_RR": 0, "BTOHt": 0, "EX_glyb_e": 0, "ADPRDP": 0, "EX_glyc_e": 1.800107e-03, "ADPT": 1.745700e-04, "BUTKr": 0, "ADSL1r": 1.226186e-02, "EX_h_e": 6.023326e-01, "ADSL2r": 1.283340e-02, "BUTt": 0, "ADSS": 1.226186e-02, "CYRDAR": 8.728501e-06, "AHCYSNS": 1.745700e-04, "AGPAT120": 0, "AGPR": -1.736048e-02, "CYSabc": 0, "AHSERL2": 7.823571e-02, "AIRCr": 1.283340e-02, "Cuabc": 5.432807e-05, "AICART": 1.839365e-02, "ALAALAr": 9.383968e-03, "ALAR": 4.897129e-02, "ALATA_L": -8.850444e-02, "CA2abc": 3.990843e-04, "CITRt2r": 0, "CLt3r_2": 1.995422e-04, "CO2t": -8.784985e+00, "ALCD2y": 0, "DHPTDCs2": 1.745700e-04, "AMMQLT8": 0, "COabc": 1.941407e-05, "DHPPDA": 0, "COt": 0, "ALCD4y": 0, "ALLTN": 0, "CYSSADS": 0, "CYRDAAT": 1.745700e-05, "ALLTNt2r": 0, "METt2r": -6.919823e-02, "AMAA": 0, "ASP4DC": 0, "DGK1": 0, "ANPRT": 3.336166e-03, "CTPS2": 0, "APRAUR": 0, "ASPO2": 0, "CYRDAS": 1.745700e-05, "ASPCT": 4.245574e-02, "ASPK": 1.077604e-01, "ACAFDOR": 0, "ANS": 0, "ASPO2y": 1.784059e-04, "CYSDS": 0, "ASPR": 0, "ATPPRT": 5.560251e-03, "ASPT": 0, "BACCL": 0, "BTDD_RR": 0, "ANS2": 3.336166e-03, "ARABR": 0, "ARAI": 0, "CYSTL": 0, "ARBabc": 0, "ARBt2r": 0, "BTNt2i": 1.565650e-07, "CYSTS": 0, "CBIAT": 0, "CYSS": 5.412297e-03, "CBLAT": 0, "ARGDr": 0, "ARGN": 0, "CYTD": 0, "ARGDC": 0, "CDPMEK": 1.032710e-01, "CBMKr": 5.981622e-02, "ARGSL": 1.736048e-02, "ARGSS": 1.736048e-02, "CBPS": 0, "ASAD": -1.077604e-01, "CHORS": 2.232038e-02, "DCYTD": 0, "CHORM": 1.896676e-02, "CITL": 0, "ARGt2r": 0, "ASNS1": 1.414784e-02, "CODH4": 0, "CYTDK2": 0, "CODH_ACS": 0, "CPC2MT": 1.745700e-05, "CLPNS120": 0, "CLPNS140": 2.089361e-04, "ECOAH1": 0, "CYTK1": 1.705965e-01, "CLPNS160": 6.307223e-04, "CPC3MT": 1.745700e-05, "CYTK2": 0, "D_LACt2": 0, "CPC4MT": 1.745700e-05, "ETOHt": -7.394726e+00, "DAGK120": 0, "FOLt": 6.982801e-05, "CPC6MT": 1.745700e-05, "CPC5MT": 1.745700e-05, "DAPDC": 2.014068e-02, "CPC8MM": 1.745700e-05, "CPC6R": 1.745700e-05, "G3PCT": 3.020335e-02, "DAPE": 2.952465e-02, "CPPPGOAN2": 0, "CS": 7.074870e-02, "DSERt2": 0, "CSND": 0, "G5SADs": 1.297400e-02, "DALAt2r": 0, "FOLR2": 6.982801e-05, "CTPS1": 3.675169e-02, "LDAPAT": -2.952465e-02, "CSNt2": 0, "DASYN120": 0, "FRTT": 0, "DASYN140": 4.304991e-03, "DURAD": 0, "DURIPP": 0, "DUTPDP": 0, "GLCt2": 0, "GLNabc": 0, "GLUabc": 0, "DXPRIi": 1.032710e-01, "DASYN160": 1.299333e-02, "DXPS": 1.032710e-01, "EAR100x": 3.459665e-02, "DASYN161": 1.902649e-02, "ENO": 5.054025e+00, "GPDDA1": 0, "GPDDA2": 0, "DASYN180": 0, "GPDDA4": 0, "FACOAL140": 0, "FACOAL160": 0, "DASYN181": 3.331665e-02, "DB4PS": 0, "FACOAL180": 0, "H2Ot": -3.742939e+00, "DCMPDA": 0, "FBA": 4.929523e+00, "DDPA": 2.232038e-02, "FBA3": 0, "FBP": 7.047680e-02, "H2td": 0, "HACD1": 0, "DDPGA": 0, "HCO3E": 1.324938e+00, "FDH7": 3.124451e-02, "FORt2": 0, "DHAD2": 1.705158e-02, "G1PTT": 0, "HISt2r": 0, "GTPCII": 0, "GK1": 1000, "FE2abc": 1.082021e-03, "FGLU": 0, "FMNAT": 1.745700e-05, "FRD2": 4.245574e-02, "DHAD1": 5.131568e-02, "FRNDPR2r": 3.381805e+00, "GK2": -9.999939e+02, "DHAK": 0, "HPPK": 0, "FRUK": 5, "FUM": 0, "GRTT": 9.388273e-03, "FRUpts": 5, "DHFR": 2.353094e-03, "FTHFLi": 3.126197e-02, "DHDPRy": 2.952465e-02, "G1PACT": 1.997607e-02, "G3PAT140": 4.304991e-03, "GLCURt2r": 0, "GF6PTA": 1.997607e-02, "GHMT2r": 8.076580e-02, "DHDPS": 2.952465e-02, "GLCNt2r": 0, "G1SAT": 1.396560e-04, "G3PAT181": 3.331665e-02, "GLNS": 8.708517e-02, "DHFS": 0, "GLCRD": 0, "G3PAT120": 0, "G3PAT160": 1.299333e-02, "G3PAT161": 1.902649e-02, "GLU5K": 1.297400e-02, "GLUDy": -5.078733e+00, "GLUPRT": 1.285086e-02, "GLUR": -9.383968e-03, "G3PAT180": 0, "G3PD2": -1.099256e-01, "G5SD": 1.297400e-02, "GLUTRR": 1.396560e-04, "GALCTD": 0, "DHNAOT4": 0, "GALCTNt2r": 0, "GLUSy": 0, "GLUTRS": 1.396560e-04, "GLUt2r": 0, "GAPD": 9.612579e+00, "DHNPA_1": 0, "GALUi": 0, "GALURt2r": 0, "GLUt4": 0, "GLYCDx": 0, "GALabc": 0, "DHORTS": -4.245574e-02, "GCCb": 0, "GARFT": 1.285086e-02, "GLYBt2r": 0, "GMPS2": 6.131792e-03, "GLYCK": 0, "GLYCt": 1.800107e-03, "GND": 0, "GCCa": 0, "METR": 0, "DHORD5": 4.245574e-02, "GNK": 0, "DHPS": 0, "GTPCI": 0, "GTPDPK": 0, "GUAD": 0, "HCITS": 0, "MGSA": 0, "DHPS2": 0, "KAS15": 1.392829e-01, "IPDPS": 9.388273e-02, "HAMR": 0, "IMPC": -1.839365e-02, "DHQTi": 2.232038e-02, "HXPRT": 0, "GUAPRT": 0, "LYSDC": 0, "DHQS": 2.232038e-02, "ICDHx": 7.074870e-02, "HYDFDN2r": 0, "HEX1": 0, "HETZK": 0, "HISTD": 5.560251e-03, "HYDFDi": 0, "DMATT": 9.388273e-03, "IGPDH": 5.560251e-03, "IG3PS": 5.560251e-03, "HISDr": 0, "HISTP": 5.560251e-03, "IGPS": 3.336166e-03, "DMPPS": 9.388273e-03, "ILETRS": 0, "HMBS": 1.745700e-05, "HMPK1": 0, "HSK": 0, "DPCOAK": 3.734076e-05, "HSDy": -7.823571e-02, "HSST": 0, "HSTPT": 5.560251e-03, "ILEt2r": 0, "ILETA": -1.705158e-02, "LEUTA": -2.644235e-02, "HXAND": 0, "DPR": 3.734076e-05, "METS": 7.841028e-02, "LEUt2r": 0,