{"EX_h2_e": 0, "EX_h2o_e": 3.535979e+00, "EX_his__L_e": 0, "EX_ile__L_e": 0, "EX_lac__D_e": 0, "EX_murein4p3p_e": 0, "EX_murein4p4p_e": 0, "EX_murein4px4p_e": 0, "EX_k_e": -3.049371e-03, "EX_murein4px4px4p_e": 0, "EX_alaala_e": 0, "EX_murein5p3p_e": 0, "EX_murein5p4p_e": 0, "EX_murein5p5p_e": 0, "EX_murein5p5p5p_e": 0, "EX_lac__L_e": 0, "EX_leu__L_e": 0, "EX_lys__L_e": 0, "EX_alltn_e": 0, "EX_malt_e": 0, "EX_murein5px3p_e": 0, "EX_murein5px4p_e": 0, "EX_malthx_e": 0, "EX_murein5px4px4p_e": 0, "EX_arab__L_e": 0, "EX_malttr_e": 0, "EX_man_e": 0, "EX_araban__L_e": 0, "EX_met__L_e": 2.319839e-01, "EX_mg2_e": -1.355141e-04, "EX_mn2_e": -1.079838e-05, "EX_na1_e": 0, "EX_nh4_e": -1.225008e+00, "EX_ni2_e": -5.040308e-06, "EX_no2_e": 0, "EX_no3_e": 0, "EX_pi_e": -2.363636e-01, "EX_pro__L_e": 0, "EX_mobd_e": -1.116524e-07, "EX_xan_e": 0, "EX_xyl__D_e": 0, "EX_ptrc_e": 0, "EX_arg__L_e": 0, "EX_pydxn_e": 0, "EX_pyr_e": 1.087801e+00, "EX_zn2_e": -5.311464e-06, "BIOMASS_Cl_DSM_WT_46p666M1": 1.595034e-02, "EX_rib__D_e": 0, "DM_mththf_c": 3.556926e-05, "5HBZIDMT": 3.556926e-06, "5HBZIDS2": 3.556926e-06, "DM_succ_c": 2.016969e-03, "ABUTD": 0, "ACACT1r": 0, "EX_ac_e": 2.349281e-01, "EX_ala__D_e": 4.531652e-04, "EX_asn__L_e": 0, "EX_asp__L_e": 0, "EX_ribflv_e": -7.113853e-06, "EX_rmn_e": 0, "EX_ser__D_e": 0, "EX_btd_RR_e": 0, "EX_ser__L_e": 0, "EX_btn_e": -3.190069e-08, "EX_so4_e": -2.349959e-01, "EX_btoh_e": 0, "EX_spmd_e": 0, "EX_taur_e": 0, "3OAS161": 8.063122e-03, "3OAS180": 0, "EX_thm_e": -3.556926e-06, "EX_but_e": 0, "EX_trp__L_e": 0, "EX_uaagmda_e": 0, "3OAS181": 3.096919e-04, "3OAS60": 1.511231e-02, "3OAS80": 1.511231e-02, "3OAS100": 1.511231e-02, "3OAS120": 7.049190e-03, "3OAS121": 8.063122e-03, "EX_udcpdp_e": -8.772689e-07, "EX_udcpp_e": 0, "3OAS140": 7.049190e-03, "EX_ura_e": 0, "EX_ca2_e": -8.131485e-05, "EX_val__L_e": 0, "3OAR100": 1.511231e-02, "3OAR120": 7.049190e-03, "3OAR121": 8.063122e-03, "EX_citr__L_e": 0, "3OAR140": 7.049190e-03, "3OAR141": 8.063122e-03, "3OAR160": 5.294876e-03, "EX_cl_e": -8.131485e-05, "3OAR161": 8.063122e-03, "3OAR180": 0, "EX_co_e": 0, "3OAR181": 3.096919e-04, "3OAS141": 8.063122e-03, "EX_co2_e": 7.294843e+00, "3OAS160": 5.294876e-03, "ACBIPGT": 3.556926e-06, "4HTHRS": 0, "EX_cobalt2_e": -3.955685e-06, "EX_csn_e": 0, "ACt2r": -2.349281e-01, "ABFA": 0, "ABTA": 0, "ACGK": 3.537260e-03, "EX_cu2_e": -1.106954e-05, "ACGS": 0, "ACALD": -7.583946e+00, "ACHBS": 3.474320e-03, "APSR": 2.349281e-01, "EX_cys__L_e": 0, "ACCOAC": 1.043421e-01, "ACLS": 1.045575e-02, "ADOCBIK": 0, "EX_etoh_e": 7.577438e+00, "ACPS1": 0, "ACKr": 0, "EX_fe2_e": -2.204656e-04, "ADA": 0, "ADCL": 0, "EX_fol_e": -1.422771e-05, "ACLDC": 0, "ADCPS2": 3.556926e-06, "EX_for_e": 0, "ADCPS1": 0, "ACOTA": -3.537260e-03, "EX_fru_e": -5, "ACOAD1z": 0, "ACONTa": 1000, "ACONTb": 1000, "EX_gal_e": 0, "ACOATA": 1.511231e-02, "ADCYRS": 3.556926e-06, "ADCS": 0, "EX_galctn__D_e": 0, "ADD": 0, "ADK1": 4.757624e-01, "ACONT": -9.999870e+02, "EX_galur_e": 0, "EX_glc__D_e": 0, "EX_glcn_e": 0, "ASNt2r": 0, "EX_glcur_e": 0, "ASP1DC": 7.608313e-06, "EX_gln__L_e": 0, "ASPt2r": 0, "EX_glu__L_e": 0, "ATPM": 4.500000e-01, "ADK2": 3.556926e-06, "EX_gly_e": 0, "ADMDC": 0, "ADOCBLS": 3.556926e-06, "BTDt_RR": 0, "BTOHt": 0, "EX_glyb_e": 0, "ADPRDP": 0, "EX_glyc_e": 3.667781e-04, "ADPT": 3.556926e-05, "BUTKr": 0, "ADSL1r": 2.498398e-03, "EX_h_e": 2.050949e+00, "ADSL2r": 2.204994e-01, "BUTt": 0, "ADSS": 2.498398e-03, "CYRDAR": 1.778463e-06, "AHCYSNS": 3.556926e-05, "AGPAT120": 0, "AGPR": -3.537260e-03, "CYSabc": 0, "AHSERL2": 2.338254e-01, "AIRCr": 2.204994e-01, "Cuabc": 1.106954e-05, "AICART": 3.747772e-03, "ALAALAr": 4.531652e-04, "ALAR": 7.060371e-03, "ALATA_L": -1.365654e-02, "CA2abc": 8.131485e-05, "CITRt2r": 0, "CLt3r_2": 4.065742e-05, "CO2t": -7.294843e+00, "ALCD2y": -7.577438e+00, "DHPTDCs2": 3.556926e-05, "AMMQLT8": 0, "COabc": 3.955685e-06, "DHPPDA": 0, "COt": 0, "ALCD4y": 0, "ALLTN": 0, "CYSSADS": 0, "CYRDAAT": 3.556926e-06, "ALLTNt2r": 0, "METt2r": -2.319839e-01, "AMAA": 0, "ASP4DC": 0, "DGK1": 0, "ANPRT": 6.797558e-04, "CTPS2": 0, "APRAUR": 0, "ASPO2": 3.635083e-05, "CYRDAS": 3.556926e-06, "ASPCT": 2.016969e-03, "ASPK": 2.383823e-01, "ACAFDOR": 0, "ANS": 0, "ASPO2y": 0, "CYSDS": 0, "ASPR": 0, "ATPPRT": 1.132921e-03, "ASPT": 0, "BACCL": 0, "BTDD_RR": 0, "ANS2": 6.797558e-04, "ARABR": 0, "ARAI": 0, "CYSTL": 0, "ARBabc": 0, "ARBt2r": 0, "BTNt2i": 3.190069e-08, "CYSTS": 0, "CBIAT": 0, "CYSS": 1.102775e-03, "CBLAT": 0, "ARGDr": 0, "ARGN": 0, "CYTD": 0, "ARGDC": 0, "CDPMEK": 0, "CBMKr": 5.554228e-03, "ARGSL": 3.537260e-03, "ARGSS": 3.537260e-03, "CBPS": 0, "ASAD": -2.383823e-01, "CHORS": 4.547857e-03, "DCYTD": 0, "CHORM": 3.864545e-03, "CITL": 0, "ARGt2r": 0, "ASNS1": 2.882674e-03, "CODH4": 0, "CYTDK2": 0, "CODH_ACS": 0, "CPC2MT": 3.556926e-06, "CLPNS120": 0, "CLPNS140": 4.257146e-05, "ECOAH1": 0, "CYTK1": 1.371781e-02, "CLPNS160": 1.285119e-04, "CPC3MT": 3.556926e-06, "CYTK2": 0, "D_LACt2": 0, "CPC4MT": 3.556926e-06, "ETOHt": -7.577438e+00, "DAGK120": 0, "FOLt": 1.422771e-05, "CPC6MT": 3.556926e-06, "CPC5MT": 3.556926e-06, "DAPDC": 4.103736e-03, "CPC8MM": 3.556926e-06, "CPC6R": 3.556926e-06, "G3PCT": 6.154041e-03, "DAPE": 4.556901e-03, "CPPPGOAN2": 0, "CS": 1.295645e-02, "DSERt2": 0, "CSND": 0, "G5SADs": 2.643498e-03, "DALAt2r": 0, "FOLR2": 1.422771e-05, "CTPS1": 8.547470e-04, "LDAPAT": -4.556901e-03, "CSNt2": 0, "DASYN120": 0, "FRTT": 0, "DASYN140": 8.771572e-04, "DURAD": 0, "DURIPP": 0, "DUTPDP": 0, "GLCt2": 0, "GLNabc": 0, "GLUabc": 0, "DXPRIi": 0, "DASYN160": 2.647438e-03, "DXPS": 0, "EAR100x": 7.049190e-03, "DASYN161": 3.876715e-03, "ENO": 5.009549e+00, "GPDDA1": 0, "GPDDA2": 0, "DASYN180": 0, "GPDDA4": 0, "FACOAL140": 0, "FACOAL160": 0, "DASYN181": 1.548459e-04, "DB4PS": 0, "FACOAL180": 0, "H2Ot": -3.536756e+00, "DCMPDA": 0, "FBA": 4.847724e+00, "DDPA": 4.547857e-03, "FBA3": 0, "FBP": 1.522762e-01, "H2td": 0, "HACD1": 0, "DDPGA": 0, "HCO3E": 3.655240e-01, "FDH7": 2.242507e-01, "FORt2": 0, "DHAD2": 3.474320e-03, "G1PTT": 0, "HISt2r": 0, "GTPCII": 0, "GK1": -9.999987e+02, "FE2abc": 2.204656e-04, "FGLU": 0, "FMNAT": 3.556926e-06, "FRD2": 2.016969e-03, "DHAD1": 1.045575e-02, "FRNDPR2r": 6.779096e+00, "GK2": 1000, "DHAK": 0, "HPPK": 0, "FRUK": 5, "FUM": 2.245181e-01, "GRTT": 0, "FRUpts": 5, "DHFR": 4.794514e-04, "FTHFLi": 2.242543e-01, "DHDPRy": 4.556901e-03, "G1PACT": 1.152492e-03, "G3PAT140": 8.771572e-04, "GLCURt2r": 0, "GF6PTA": 1.152492e-03, "GHMT2r": 2.343409e-01, "DHDPS": 4.556901e-03, "GLCNt2r": 0, "G1SAT": 2.845541e-05, "G3PAT181": 1.548459e-04, "GLNS": 4.505953e-01, "DHFS": 0, "GLCRD": 0, "G3PAT120": 0, "G3PAT160": 2.647438e-03, "G3PAT161": 3.876715e-03, "GLU5K": 2.643498e-03, "GLUDy": -5.119309e+00, "GLUPRT": 2.205030e-01, "GLUR": -4.531652e-04, "G3PAT180": 0, "G3PD2": -1.576420e-02, "G5SD": 2.643498e-03, "GLUTRR": 2.845541e-05, "GALCTD": 0, "DHNAOT4": 0, "GALCTNt2r": 0, "GLUSy": 0, "GLUTRS": 2.845541e-05, "GLUt2r": 0, "GAPD": 9.602487e+00, "DHNPA_1": 0, "GALUi": 0, "GALURt2r": 0, "GLUt4": 0, "GLYCDx": 0, "GALabc": 0, "DHORTS": -2.016969e-03, "GCCb": 0, "GARFT": 2.205030e-01, "GLYBt2r": 0, "GMPS2": 1.249374e-03, "GLYCK": 0, "GLYCt": 3.667781e-04, "GND": 0, "GCCa": 0, "METR": 0, "DHORD5": 2.016969e-03, "GNK": 0, "DHPS": 0, "GTPCI": 0, "GTPDPK": 0, "GUAD": 0, "HCITS": 0, "MGSA": 0, "DHPS2": 0, "KAS15": 0, "IPDPS": 0, "HAMR": 0, "IMPC": -3.747772e-03, "DHQTi": 4.547857e-03, "HXPRT": 0, "GUAPRT": 0, "LYSDC": 0, "DHQS": 4.547857e-03, "ICDHx": 1.295645e-02, "HYDFDN2r": 0, "HEX1": 0, "HETZK": 0, "HISTD": 1.132921e-03, "HYDFDi": 0, "DMATT": 0, "IGPDH": 1.132921e-03, "IG3PS": 1.132921e-03, "HISDr": 0, "HISTP": 1.132921e-03, "IGPS": 6.797558e-04, "DMPPS": 0, "ILETRS": 0, "HMBS": 3.556926e-06, "HMPK1": 0, "HSK": 0, "DPCOAK": 7.608313e-06, "HSDy": -2.338254e-01, "HSST": 0, "HSTPT": 1.132921e-03, "ILEt2r": 0, "ILETA": -3.474320e-03, "LEUTA": -5.387723e-03, "HXAND": 0, "DPR": 7.608313e-06, "METS": 2.338609e-01, "LEUt2r": 0, "IMPD": 1.249374e-03, "DRPA": 0, "IPPS": 5.387723e-03, "METTRS": 0,