{"EX_h2_e": 0, "EX_h2o_e": 6.532408e+00, "EX_his__L_e": 0, "EX_ile__L_e": 0, "EX_lac__D_e": 0, "EX_murein4p3p_e": 0, "EX_murein4p4p_e": 0, "EX_murein4px4p_e": 0, "EX_k_e": -2.069542e-02, "EX_murein4px4px4p_e": 0, "EX_alaala_e": 0, "EX_murein5p3p_e": 0, "EX_murein5p4p_e": 0, "EX_murein5p5p_e": 0, "EX_murein5p5p5p_e": 0, "EX_lac__L_e": 0, "EX_leu__L_e": 0, "EX_lys__L_e": 0, "EX_alltn_e": 0, "EX_malt_e": 0, "EX_murein5px3p_e": 0, "EX_murein5px4p_e": 0, "EX_malthx_e": 0, "EX_murein5px4px4p_e": 0, "EX_arab__L_e": 0, "EX_malttr_e": 0, "EX_man_e": 0, "EX_araban__L_e": 0, "EX_met__L_e": 4.998027e-01, "EX_mg2_e": -9.197051e-04, "EX_mn2_e": -7.328629e-05, "EX_na1_e": 0, "EX_nh4_e": -2.129454e+00, "EX_ni2_e": -3.420749e-05, "EX_no2_e": 0, "EX_no3_e": 0, "EX_pi_e": -5.295385e-01, "EX_pro__L_e": 0, "EX_mobd_e": -7.577608e-07, "EX_xan_e": 0, "EX_xyl__D_e": 0, "EX_ptrc_e": 0, "EX_arg__L_e": 0, "EX_pydxn_e": 0, "EX_pyr_e": 0, "EX_zn2_e": -3.604776e-05, "BIOMASS_Cl_DSM_WT_46p666M1": 1.082515e-01, "EX_rib__D_e": 0, "DM_mththf_c": 2.414009e-04, "5HBZIDMT": 2.414009e-05, "5HBZIDS2": 2.414009e-05, "DM_succ_c": 1.368873e-02, "ABUTD": 0, "ACACT1r": 0, "EX_ac_e": 1.321328e+00, "EX_ala__D_e": 0, "EX_asn__L_e": 0, "EX_asp__L_e": 0, "EX_ribflv_e": -4.828019e-05, "EX_rmn_e": 0, "EX_ser__D_e": 0, "EX_btd_RR_e": 0, "EX_ser__L_e": 0, "EX_btn_e": -2.165031e-07, "EX_so4_e": -5.202441e-01, "EX_btoh_e": 0, "EX_spmd_e": 0, "EX_taur_e": 0, "3OAS161": 5.472267e-02, "3OAS180": 0, "EX_thm_e": -2.414009e-05, "EX_but_e": 0, "EX_trp__L_e": 0, "EX_uaagmda_e": 0, "3OAS181": 2.101812e-03, "3OAS60": 1.025640e-01, "3OAS80": 1.025640e-01, "3OAS100": 1.025640e-01, "3OAS120": 4.784134e-02, "3OAS121": 5.472267e-02, "EX_udcpdp_e": 0, "EX_udcpp_e": 0, "3OAS140": 4.784134e-02, "EX_ura_e": 0, "EX_ca2_e": -5.518664e-04, "EX_val__L_e": 0, "3OAR100": 1.025640e-01, "3OAR120": 4.784134e-02, "3OAR121": 5.472267e-02, "EX_citr__L_e": 0, "3OAR140": 4.784134e-02, "3OAR141": 5.472267e-02, "3OAR160": 3.593518e-02, "EX_cl_e": -5.518664e-04, "3OAR161": 5.472267e-02, "3OAR180": 0, "EX_co_e": 0, "3OAR181": 2.101812e-03, "3OAS141": 5.472267e-02, "EX_co2_e": 7.001230e+00, "3OAS160": 3.593518e-02, "ACBIPGT": 2.414009e-05, "4HTHRS": 0, "EX_cobalt2_e": -2.684638e-05, "EX_csn_e": 0, "ACt2r": -1.321328e+00, "ABFA": 0, "ABTA": 0, "ACGK": 2.400662e-02, "EX_cu2_e": -7.512657e-05, "ACGS": 0, "ACALD": -9.271697e-01, "ACHBS": 2.357946e-02, "APSR": 5.197843e-01, "EX_cys__L_e": 0, "ACCOAC": 7.081471e-01, "ACLS": 7.096094e-02, "ADOCBIK": 0, "EX_etoh_e": 5.160061e+00, "ACPS1": 0, "ACKr": -5.078604e+00, "EX_fe2_e": -1.496253e-03, "ADA": 0, "ADCL": 0, "EX_fol_e": -9.656037e-05, "ACLDC": 0, "ADCPS2": 2.414009e-05, "EX_for_e": 0, "ADCPS1": 0, "ACOTA": -2.400662e-02, "EX_fru_e": -5, "ACOAD1z": 0, "ACONTa": -9.999121e+02, "ACONTb": -9.999121e+02, "EX_gal_e": 0, "ACOATA": 1.025640e-01, "ADCYRS": 2.414009e-05, "ADCS": 0, "EX_galctn__D_e": 0, "ADD": 0, "ADK1": 1.079652e+00, "ACONT": 1000, "EX_galur_e": 0, "EX_glc__D_e": 0, "EX_glcn_e": 0, "ASNt2r": 0, "EX_glcur_e": 0, "ASP1DC": 5.163599e-05, "EX_gln__L_e": 0, "ASPt2r": 0, "EX_glu__L_e": 0, "ATPM": 4.500000e-01, "ADK2": 2.414009e-05, "EX_gly_e": 0, "ADMDC": 0, "ADOCBLS": 2.414009e-05, "BTDt_RR": 0, "BTOHt": 0, "EX_glyb_e": 0, "ADPRDP": 0, "EX_glyc_e": 0, "ADPT": 2.414009e-04, "BUTKr": 0, "ADSL1r": 1.695609e-02, "EX_h_e": 1.824313e+00, "ADSL2r": 1.774643e-02, "BUTt": 0, "ADSS": 1.695609e-02, "CYRDAR": 1.207005e-05, "AHCYSNS": 2.414009e-04, "AGPAT120": 0, "AGPR": -2.400662e-02, "CYSabc": 0, "AHSERL2": 5.123000e-01, "AIRCr": 1.774643e-02, "Cuabc": 7.512657e-05, "AICART": 2.543532e-02, "ALAALAr": 3.075535e-03, "ALAR": 4.484169e-02, "ALATA_L": -8.960846e-02, "CA2abc": 5.518664e-04, "CITRt2r": 0, "CLt3r_2": 2.759332e-04, "CO2t": -7.001230e+00, "ALCD2y": 0, "DHPTDCs2": 2.414009e-04, "AMMQLT8": 0, "COabc": 2.684638e-05, "DHPPDA": 0, "COt": 0, "ALCD4y": 0, "ALLTN": 0, "CYSSADS": 0, "CYRDAAT": 2.414009e-05, "ALLTNt2r": 0, "METt2r": -4.998027e-01, "AMAA": 0, "ASP4DC": 0, "DGK1": 0, "ANPRT": 4.613356e-03, "CTPS2": 0, "APRAUR": 0, "ASPO2": 0, "CYRDAS": 2.414009e-05, "ASPCT": 1.368873e-02, "ASPK": 5.432267e-01, "ACAFDOR": -4.277060e+00, "ANS": 0, "ASPO2y": 2.467053e-04, "CYSDS": 0, "ASPR": 0, "ATPPRT": 7.688890e-03, "ASPT": 0, "BACCL": 0, "BTDD_RR": 0, "ANS2": 4.613356e-03, "ARABR": 0, "ARAI": 0, "CYSTL": 0, "ARBabc": 0, "ARBt2r": 0, "BTNt2i": 2.165031e-07, "CYSTS": 0, "CBIAT": 0, "CYSS": 7.484295e-03, "CBLAT": 0, "ARGDr": 0, "ARGN": 0, "CYTD": 0, "ARGDC": 0, "CDPMEK": 6.549218e-05, "CBMKr": 3.769535e-02, "ARGSL": 2.400662e-02, "ARGSS": 2.400662e-02, "CBPS": 0, "ASAD": -5.432267e-01, "CHORS": 3.086533e-02, "DCYTD": 0, "CHORM": 2.622783e-02, "CITL": 0, "ARGt2r": 0, "ASNS1": 1.956408e-02, "CODH4": 0, "CYTDK2": 0, "CODH_ACS": 0, "CPC2MT": 2.414009e-05, "CLPNS120": 0, "CLPNS140": 2.889234e-04, "ECOAH1": 0, "CYTK1": 9.316528e-02, "CLPNS160": 8.721827e-04, "CPC3MT": 2.414009e-05, "CYTK2": 0, "D_LACt2": 0, "CPC4MT": 2.414009e-05, "ETOHt": -5.160061e+00, "DAGK120": 0, "FOLt": 9.656037e-05, "CPC6MT": 2.414009e-05, "CPC5MT": 2.414009e-05, "DAPDC": 2.785117e-02, "CPC8MM": 2.414009e-05, "CPC6R": 2.414009e-05, "G3PCT": 4.176615e-02, "DAPE": 3.092671e-02, "CPPPGOAN2": 0, "CS": 8.793262e-02, "DSERt2": 0, "CSND": 0, "G5SADs": 1.794085e-02, "DALAt2r": 3.075535e-03, "FOLR2": 9.656037e-05, "CTPS1": 5.800984e-03, "LDAPAT": -3.092671e-02, "CSNt2": 0, "DASYN120": 0, "FRTT": 0, "DASYN140": 5.953077e-03, "DURAD": 0, "DURIPP": 0, "DUTPDP": 0, "GLCt2": 0, "GLNabc": 0, "GLUabc": 0, "DXPRIi": 6.549218e-05, "DASYN160": 1.796759e-02, "DXPS": 6.549218e-05, "EAR100x": 4.784134e-02, "DASYN161": 2.631043e-02, "ENO": 8.512877e+00, "GPDDA1": 0, "GPDDA2": 0, "DASYN180": 0, "GPDDA4": 0, "FACOAL140": 0, "FACOAL160": 0, "DASYN181": 1.050906e-03, "DB4PS": 0, "FACOAL180": 0, "H2Ot": -6.537677e+00, "DCMPDA": 0, "FBA": 4.682949e+00, "DDPA": 3.086533e-02, "FBA3": 0, "FBP": 3.170509e-01, "H2td": 0, "HACD1": 0, "DDPGA": 0, "HCO3E": 1.406110e+00, "FDH7": -9.999568e+02, "FORt2": 0, "DHAD2": 2.357946e-02, "G1PTT": 0, "HISt2r": 0, "GTPCII": 0, "GK1": 1000, "FE2abc": 1.496253e-03, "FGLU": 0, "FMNAT": 2.414009e-05, "FRD2": 1.368873e-02, "DHAD1": 7.096094e-02, "FRNDPR2r": 2.101566e+00, "GK2": -9.999915e+02, "DHAK": 2.489244e-03, "HPPK": 0, "FRUK": 5, "FUM": 4.502041e-02, "GRTT": 5.953835e-06, "FRUpts": 5, "DHFR": 3.253933e-03, "FTHFLi": 4.323004e-02, "DHDPRy": 3.092671e-02, "G1PACT": 7.821715e-03, "G3PAT140": 5.953077e-03, "GLCURt2r": 0, "GF6PTA": 7.821715e-03, "GHMT2r": 5.157987e-01, "DHDPS": 3.092671e-02, "GLCNt2r": 0, "G1SAT": 1.931207e-04, "G3PAT181": 1.050906e-03, "GLNS": 5.047355e-01, "DHFS": 0, "GLCRD": 0, "G3PAT120": 0, "G3PAT160": 1.796759e-02, "G3PAT161": 2.631043e-02, "GLU5K": 1.794085e-02, "GLUDy": -1.598683e+00, "GLUPRT": 4.218838e-01, "GLUR": -3.075535e-03, "G3PAT180": 0, "G3PD2": -1.069882e-01, "G5SD": 1.794085e-02, "GLUTRR": 1.931207e-04, "GALCTD": 0, "DHNAOT4": 0, "GALCTNt2r": 0, "GLUSy": 0, "GLUTRS": 1.931207e-04, "GLUt2r": 0, "GAPD": 9.095629e+00, "DHNPA_1": 0, "GALUi": 0, "GALURt2r": 0, "GLUt4": 0, "GLYCDx": 2.489244e-03, "GALabc": 0, "DHORTS": -1.368873e-02, "GCCb": 0, "GARFT": 1.777057e-02, "GLYBt2r": 0, "GMPS2": 8.479235e-03, "GLYCK": 0, "GLYCt": 0, "GND": 0, "GCCa": 0, "METR": 0, "DHORD5": 1.368873e-02, "GNK": 0, "DHPS": 0, "GTPCI": 0, "GTPDPK": 0, "GUAD": 0, "HCITS": 0, "MGSA": 0, "DHPS2": 0, "KAS15": 0, "IPDPS": 5.953835e-05, "HAMR": 0, "IMPC": -2.543532e-02, "DHQTi": 3.086533e-02, "HXPRT": 0, "GUAPRT": 0, "LYSDC": 0, "DHQS": 3.086533e-02, "ICDHx": 8.793262e-02, "HYDFDN2r": 0, "HEX1": 0, "HETZK": 0, "HISTD": 7.688890e-03, "HYDFDi": 0, "DMATT": 5.953835e-06, "IGPDH": 7.688890e-03, "IG3PS": 7.688890e-03, "HISDr": 0, "HISTP": 7.688890e-03, "IGPS": 4.613356e-03, "DMPPS": 5.953835e-06, "ILETRS": 0, "HMBS": 2.414009e-05, "HMPK1": 0, "HSK": 0, "DPCOAK": 5.163599e-05, "HSDy": -5.123000e-01, "HSST": 0, "HSTPT": 7.688890e-03, "ILEt2r": 0, "ILETA": -2.357946e-02, "LEUTA": -3.656531e-02, "HXAND": 0, "DPR": 5.163599e-05, "METS": 5.125414e-01,