{"EX_h2_e": 0, "EX_h2o_e": 3.624954e+00, "EX_his__L_e": 0, "EX_ile__L_e": 0, "EX_lac__D_e": 0, "EX_murein4p3p_e": 0, "EX_murein4p4p_e": 0, "EX_murein4px4p_e": 0, "EX_k_e": -2.401059e-03, "EX_murein4px4px4p_e": 0, "EX_alaala_e": 0, "EX_murein5p3p_e": 0, "EX_murein5p4p_e": 0, "EX_murein5p5p_e": 1.086248e-02, "EX_murein5p5p5p_e": 0, "EX_lac__L_e": 0, "EX_leu__L_e": 0, "EX_lys__L_e": 0, "EX_alltn_e": 0, "EX_malt_e": 0, "EX_murein5px3p_e": 0, "EX_murein5px4p_e": 0, "EX_malthx_e": 0, "EX_murein5px4px4p_e": 0, "EX_arab__L_e": 0, "EX_malttr_e": 0, "EX_man_e": 0, "EX_araban__L_e": 0, "EX_met__L_e": 1.110178e-02, "EX_mg2_e": -1.067031e-04, "EX_mn2_e": -8.502590e-06, "EX_na1_e": 0, "EX_nh4_e": -1.784210e+00, "EX_ni2_e": -3.968713e-06, "EX_no2_e": 0, "EX_no3_e": 0, "EX_pi_e": -5.871527e-02, "EX_pro__L_e": 0, "EX_mobd_e": -8.791452e-08, "EX_xan_e": 0, "EX_xyl__D_e": 0, "EX_ptrc_e": 0, "EX_arg__L_e": 0, "EX_pydxn_e": 0, "EX_pyr_e": 0, "EX_zn2_e": -4.182219e-06, "BIOMASS_Cl_DSM_WT_46p666M1": 1.255922e-02, "EX_rib__D_e": 0, "DM_mththf_c": 2.800705e-05, "5HBZIDMT": 2.800705e-06, "5HBZIDS2": 2.800705e-06, "DM_succ_c": 1.588151e-03, "ABUTD": 0, "ACACT1r": 0, "EX_ac_e": 1.342003e-02, "EX_ala__D_e": 3.568199e-04, "EX_asn__L_e": 0, "EX_asp__L_e": 0, "EX_ribflv_e": -5.601411e-06, "EX_rmn_e": 0, "EX_ser__D_e": 0, "EX_btd_RR_e": 0, "EX_ser__L_e": 0, "EX_btn_e": -2.511843e-08, "EX_so4_e": -1.347338e-02, "EX_btoh_e": 0, "EX_spmd_e": 0, "EX_taur_e": 0, "3OAS161": 6.348860e-03, "3OAS180": 0, "EX_thm_e": -2.800705e-06, "EX_but_e": 0, "EX_trp__L_e": 0, "EX_uaagmda_e": 0, "3OAS181": 2.438498e-04, "3OAS60": 1.189936e-02, "3OAS80": 1.189936e-02, "3OAS100": 1.189936e-02, "3OAS120": 5.550496e-03, "3OAS121": 6.348860e-03, "EX_udcpdp_e": 2.208179e-02, "EX_udcpp_e": 0, "3OAS140": 5.550496e-03, "EX_ura_e": 0, "EX_ca2_e": -6.402689e-05, "EX_val__L_e": 0, "3OAR100": 1.189936e-02, "3OAR120": 5.550496e-03, "3OAR121": 6.348860e-03, "EX_citr__L_e": 0, "3OAR140": 5.550496e-03, "3OAR141": 6.348860e-03, "3OAR160": 4.169158e-03, "EX_cl_e": -6.402689e-05, "3OAR161": 6.348860e-03, "3OAR180": 0, "EX_co_e": 0, "3OAR181": 2.438498e-04, "3OAS141": 6.348860e-03, "EX_co2_e": 7.862986e+00, "3OAS160": 4.169158e-03, "ACBIPGT": 2.800705e-06, "4HTHRS": 0, "EX_cobalt2_e": -3.114686e-06, "EX_csn_e": 0, "ACt2r": -1.342003e-02, "ABFA": 0, "ABTA": 0, "ACGK": 3.786980e-01, "EX_cu2_e": -8.716097e-06, "ACGS": 0, "ACALD": -7.837057e+00, "ACHBS": 2.735661e-03, "APSR": 1.342003e-02, "EX_cys__L_e": 0, "ACCOAC": 8.215839e-02, "ACLS": 8.232805e-03, "ADOCBIK": 0, "EX_etoh_e": 7.831933e+00, "ACPS1": 0, "ACKr": 0, "EX_fe2_e": -1.735935e-04, "ADA": 0, "ADCL": 0, "EX_fol_e": -1.120282e-05, "ACLDC": 0, "ADCPS2": 2.800705e-06, "EX_for_e": 0, "ADCPS1": 0, "ACOTA": -3.786980e-01, "EX_fru_e": -5, "ACOAD1z": 0, "ACONTa": 1000, "ACONTb": 1000, "EX_gal_e": 0, "ACOATA": 1.189936e-02, "ADCYRS": 2.800705e-06, "ADCS": 0, "EX_galctn__D_e": 0, "ADD": 0, "ADK1": 4.074032e-01, "ACONT": -9.995922e+02, "EX_galur_e": 0, "EX_glc__D_e": 0, "EX_glcn_e": 0, "ASNt2r": 0, "EX_glcur_e": 0, "ASP1DC": 5.990746e-06, "EX_gln__L_e": 0, "ASPt2r": 0, "EX_glu__L_e": 0, "ATPM": 4.500000e-01, "ADK2": 2.800705e-06, "EX_gly_e": 0, "ADMDC": 0, "ADOCBLS": 2.800705e-06, "BTDt_RR": 0, "BTOHt": 0, "EX_glyb_e": 0, "ADPRDP": 0, "EX_glyc_e": 2.887992e-04, "ADPT": 2.800705e-05, "BUTKr": 0, "ADSL1r": 1.967226e-03, "EX_h_e": 2.146864e+00, "ADSL2r": 2.058920e-03, "BUTt": 0, "ADSS": 1.967226e-03, "CYRDAR": 1.400353e-06, "AHCYSNS": 2.800705e-05, "AGPAT120": 0, "AGPR": -3.786980e-01, "CYSabc": 0, "AHSERL2": 1.255171e-02, "AIRCr": 2.058920e-03, "Cuabc": 8.716097e-06, "AICART": 2.950976e-03, "ALAALAr": 2.208179e-02, "ALAR": 4.900923e-02, "ALATA_L": -7.592799e-02, "CA2abc": 6.402689e-05, "CITRt2r": 0, "CLt3r_2": 3.201344e-05, "CO2t": -7.862986e+00, "ALCD2y": -7.831933e+00, "DHPTDCs2": 2.800705e-05, "AMMQLT8": 0, "COabc": 3.114686e-06, "DHPPDA": 0, "COt": 0, "ALCD4y": 0, "ALLTN": 0, "CYSSADS": 0, "CYRDAAT": 2.800705e-06, "ALLTNt2r": 0, "METt2r": -1.110178e-02, "AMAA": 0, "ASP4DC": 0, "DGK1": 0, "ANPRT": 5.352361e-04, "CTPS2": 0, "APRAUR": 0, "ASPO2": 2.862246e-05, "CYRDAS": 2.800705e-06, "ASPCT": 1.588151e-03, "ASPK": 3.786475e-02, "ACAFDOR": 0, "ANS": 0, "ASPO2y": 0, "CYSDS": 0, "ASPR": 0, "ATPPRT": 8.920561e-04, "ASPT": 0, "BACCL": 0, "BTDD_RR": 0, "ANS2": 5.352361e-04, "ARABR": 0, "ARAI": 0, "CYSTL": 0, "ARBabc": 0, "ARBt2r": 0, "BTNt2i": 2.511843e-08, "CYSTS": 0, "CBIAT": 0, "CYSS": 8.683191e-04, "CBLAT": 0, "ARGDr": 0, "ARGN": 0, "CYTD": 0, "ARGDC": 0, "CDPMEK": 2.429073e-01, "CBMKr": 3.802861e-01, "ARGSL": 2.785220e-03, "ARGSS": 3.786980e-01, "CBPS": 0, "ASAD": -3.786475e-02, "CHORS": 3.580959e-03, "DCYTD": 0, "CHORM": 3.042922e-03, "CITL": 0, "ARGt2r": 0, "ASNS1": 2.269802e-03, "CODH4": 0, "CYTDK2": 0, "CODH_ACS": 0, "CPC2MT": 2.800705e-06, "CLPNS120": 0, "CLPNS140": 3.352055e-05, "ECOAH1": 0, "CYTK1": 2.537086e-01, "CLPNS160": 1.011896e-04, "CPC3MT": 2.800705e-06, "CYTK2": 0, "D_LACt2": 0, "CPC4MT": 2.800705e-06, "ETOHt": -7.831933e+00, "DAGK120": 0, "FOLt": 1.120282e-05, "CPC6MT": 2.800705e-06, "CPC5MT": 2.800705e-06, "DAPDC": 3.231260e-03, "CPC8MM": 2.800705e-06, "CPC6R": 2.800705e-06, "G3PCT": 4.845660e-03, "DAPE": 2.531305e-02, "CPPPGOAN2": 0, "CS": 4.078395e-01, "DSERt2": 0, "CSND": 0, "G5SADs": 2.081477e-03, "DALAt2r": 0, "FOLR2": 1.120282e-05, "CTPS1": 6.730233e-04, "LDAPAT": -2.531305e-02, "CSNt2": 0, "DASYN120": 0, "FRTT": 0, "DASYN140": 6.906690e-04, "DURAD": 0, "DURIPP": 0, "DUTPDP": 0, "GLCt2": 0, "GLNabc": 0, "GLUabc": 0, "DXPRIi": 2.429073e-01, "DASYN160": 2.084579e-03, "DXPS": 2.429073e-01, "EAR100x": 5.550496e-03, "DASYN161": 3.052505e-03, "ENO": 5.029244e+00, "GPDDA1": 0, "GPDDA2": 0, "DASYN180": 0, "GPDDA4": 0, "FACOAL140": 0, "FACOAL160": 0, "DASYN181": 1.219249e-04, "DB4PS": 0, "FACOAL180": 0, "H2Ot": -3.625209e+00, "DCMPDA": 0, "FBA": 4.951023e+00, "DDPA": 3.580959e-03, "FBA3": 0, "FBP": 4.897732e-02, "H2td": 0, "HACD1": 0, "DDPGA": 0, "HCO3E": 9.115259e-01, "FDH7": 5.012697e-03, "FORt2": 0, "DHAD2": 2.735661e-03, "G1PTT": 0, "HISt2r": 0, "GTPCII": 0, "GK1": 1000, "FE2abc": 1.735935e-04, "FGLU": 0, "FMNAT": 2.800705e-06, "FRD2": 1.588151e-03, "DHAD1": 8.232805e-03, "FRNDPR2r": 7.311427e+00, "GK2": -9.999990e+02, "DHAK": 0, "HPPK": 0, "FRUK": 5, "FUM": 5.223215e-03, "GRTT": 2.208248e-02, "FRUpts": 5, "DHFR": 3.775175e-04, "FTHFLi": 5.015498e-03, "DHDPRy": 2.531305e-02, "G1PACT": 4.435740e-02, "G3PAT140": 6.906690e-04, "GLCURt2r": 0, "GF6PTA": 4.435740e-02, "GHMT2r": 1.295762e-02, "DHDPS": 2.531305e-02, "GLCNt2r": 0, "G1SAT": 2.240564e-05, "G3PAT181": 1.219249e-04, "GLNS": 5.512401e-02, "DHFS": 0, "GLCRD": 0, "G3PAT120": 0, "G3PAT160": 2.084579e-03, "G3PAT161": 3.052505e-03, "GLU5K": 2.081477e-03, "GLUDy": -5.943312e+00, "GLUPRT": 2.061721e-03, "GLUR": -2.208179e-02, "G3PAT180": 0, "G3PD2": -1.241265e-02, "G5SD": 2.081477e-03, "GLUTRR": 2.240564e-05, "GALCTD": 0, "DHNAOT4": 0, "GALCTNt2r": 0, "GLUSy": 0, "GLUTRS": 2.240564e-05, "GLUt2r": 0, "GAPD": 9.643129e+00, "DHNPA_1": 0, "GALUi": 0, "GALURt2r": 0, "GLUt4": 0, "GLYCDx": 0, "GALabc": 0, "DHORTS": -1.588151e-03, "GCCb": 0, "GARFT": 2.061721e-03, "GLYBt2r": 0, "GMPS2": 9.837509e-04, "GLYCK": 0, "GLYCt": 2.887992e-04, "GND": 0, "GCCa": 0, "METR": 0, "DHORD5": 1.588151e-03, "GNK": 0, "DHPS": 0, "GTPCI": 0, "GTPDPK": 0, "GUAD": 0, "HCITS": 0, "MGSA": 0, "DHPS2": 0, "KAS15": 0, "IPDPS": 2.208248e-01, "HAMR": 0, "IMPC": -2.950976e-03, "DHQTi": 3.580959e-03, "HXPRT": 0, "GUAPRT": 0, "LYSDC": 0, "DHQS": 3.580959e-03, "ICDHx": 4.078395e-01, "HYDFDN2r": 0, "HEX1": 0, "HETZK": 0, "HISTD": 8.920561e-04, "HYDFDi": 0, "DMATT": 2.208248e-02, "IGPDH": 8.920561e-04, "IG3PS": 8.920561e-04, "HISDr": 0, "HISTP": 8.920561e-04, "IGPS": 5.352361e-04, "DMPPS": 2.208248e-02, "ILETRS": 0, "HMBS": 2.800705e-06, "HMPK1": 0, "HSK": 0, "DPCOAK": 5.990746e-06, "HSDy": -1.255171e-02, "HSST": 0, "HSTPT": 8.920561e-04, "ILEt2r": 0, "ILETA": -2.735661e-03, "LEUTA": -4.242265e-03, "HXAND": 0, "DPR": 5.990746e-06, "METS": 1.257971e-02,