{"EX_h2_e": 0, "EX_h2o_e": 3.601006e+00, "EX_his__L_e": 0, "EX_ile__L_e": 0, "EX_lac__D_e": 0, "EX_murein4p3p_e": 0, "EX_murein4p4p_e": 0, "EX_murein4px4p_e": 0, "EX_k_e": -2.920710e-03, "EX_murein4px4px4p_e": 0, "EX_alaala_e": 0, "EX_murein5p3p_e": 0, "EX_murein5p4p_e": 0, "EX_murein5p5p_e": 0, "EX_murein5p5p5p_e": 0, "EX_lac__L_e": 0, "EX_leu__L_e": 0, "EX_lys__L_e": 0, "EX_alltn_e": 0, "EX_malt_e": 0, "EX_murein5px3p_e": 0, "EX_murein5px4p_e": 0, "EX_malthx_e": 0, "EX_murein5px4px4p_e": 0, "EX_arab__L_e": 0, "EX_malttr_e": 0, "EX_man_e": 0, "EX_araban__L_e": 0, "EX_met__L_e": 1.979692e-01, "EX_mg2_e": -1.297965e-04, "EX_mn2_e": -1.034277e-05, "EX_na1_e": 0, "EX_nh4_e": -1.236653e+00, "EX_ni2_e": -4.827646e-06, "EX_no2_e": 0, "EX_no3_e": 0, "EX_pi_e": -2.021641e-01, "EX_pro__L_e": 0, "EX_mobd_e": -1.069415e-07, "EX_xan_e": 0, "EX_xyl__D_e": 0, "EX_ptrc_e": 0, "EX_arg__L_e": 0, "EX_pydxn_e": 0, "EX_pyr_e": 1.105235e+00, "EX_zn2_e": -5.087361e-06, "BIOMASS_Cl_DSM_WT_46p666M1": 1.527736e-02, "EX_rib__D_e": 0, "DM_mththf_c": 3.406851e-05, "5HBZIDMT": 3.406851e-06, "5HBZIDS2": 3.406851e-06, "DM_succ_c": 1.931868e-03, "ABUTD": 0, "ACACT1r": 0, "EX_ac_e": 2.007892e-01, "EX_ala__D_e": 4.340451e-04, "EX_asn__L_e": 0, "EX_asp__L_e": 0, "EX_ribflv_e": -6.813703e-06, "EX_rmn_e": 0, "EX_ser__D_e": 0, "EX_btd_RR_e": 0, "EX_ser__L_e": 0, "EX_btn_e": -3.055472e-08, "EX_so4_e": -2.008541e-01, "EX_btoh_e": 0, "EX_spmd_e": 0, "EX_taur_e": 0, "3OAS161": 7.722920e-03, "3OAS180": 0, "EX_thm_e": -3.406851e-06, "EX_but_e": 0, "EX_trp__L_e": 0, "EX_uaagmda_e": 0, "3OAS181": 2.966252e-04, "3OAS60": 1.447469e-02, "3OAS80": 1.447469e-02, "3OAS100": 1.447469e-02, "3OAS120": 6.751768e-03, "3OAS121": 7.722920e-03, "EX_udcpdp_e": -8.402548e-07, "EX_udcpp_e": 0, "3OAS140": 6.751768e-03, "EX_ura_e": 0, "EX_ca2_e": -7.788398e-05, "EX_val__L_e": 0, "3OAR100": 1.447469e-02, "3OAR120": 6.751768e-03, "3OAR121": 7.722920e-03, "EX_citr__L_e": 0, "3OAR140": 6.751768e-03, "3OAR141": 7.722920e-03, "3OAR160": 5.071473e-03, "EX_cl_e": -7.788398e-05, "3OAR161": 7.722920e-03, "3OAR180": 0, "EX_co_e": 0, "3OAR181": 2.966252e-04, "3OAS141": 7.722920e-03, "EX_co2_e": 7.322697e+00, "3OAS160": 5.071473e-03, "ACBIPGT": 3.406851e-06, "4HTHRS": 0, "EX_cobalt2_e": -3.788785e-06, "EX_csn_e": 0, "ACt2r": -2.007892e-01, "ABFA": 0, "ABTA": 0, "ACGK": 3.388014e-03, "EX_cu2_e": -1.060249e-05, "ACGS": 0, "ACALD": -7.735613e+00, "ACHBS": 3.327730e-03, "APSR": 2.007892e-01, "EX_cys__L_e": 0, "ACCOAC": 9.993962e-02, "ACLS": 1.001460e-02, "ADOCBIK": 0, "EX_etoh_e": 7.729380e+00, "ACPS1": 0, "ACKr": 0, "EX_fe2_e": -2.111637e-04, "ADA": 0, "ADCL": 0, "EX_fol_e": -1.362741e-05, "ACLDC": 0, "ADCPS2": 3.406851e-06, "EX_for_e": 0, "ADCPS1": 0, "ACOTA": -3.388014e-03, "EX_fru_e": -5, "ACOAD1z": 0, "ACONTa": 1000, "ACONTb": 1000, "EX_gal_e": 0, "ACOATA": 1.447469e-02, "ADCYRS": 3.406851e-06, "ADCS": 0, "EX_galctn__D_e": 0, "ADD": 0, "ADK1": 4.072352e-01, "ACONT": -9.999876e+02, "EX_galur_e": 0, "EX_glc__D_e": 0, "EX_glcn_e": 0, "ASNt2r": 0, "EX_glcur_e": 0, "ASP1DC": 7.287301e-06, "EX_gln__L_e": 0, "ASPt2r": 0, "EX_glu__L_e": 0, "ATPM": 4.500000e-01, "ADK2": 3.406851e-06, "EX_gly_e": 0, "ADMDC": 0, "ADOCBLS": 3.406851e-06, "BTDt_RR": 0, "BTOHt": 0, "EX_glyb_e": 0, "ADPRDP": 0, "EX_glyc_e": 3.513029e-04, "ADPT": 3.406851e-05, "BUTKr": 0, "ADSL1r": 1.868577e-01, "EX_h_e": 2.115303e+00, "ADSL2r": 1.869692e-01, "BUTt": 0, "ADSS": 1.868577e-01, "CYRDAR": 1.703426e-06, "AHCYSNS": 3.406851e-05, "AGPAT120": 0, "AGPR": -3.388014e-03, "CYSabc": 0, "AHSERL2": 1.997329e-01, "AIRCr": 1.869692e-01, "Cuabc": 1.060249e-05, "AICART": 1.880543e-01, "ALAALAr": 4.340451e-04, "ALAR": 6.762478e-03, "ALATA_L": -1.308034e-02, "CA2abc": 7.788398e-05, "CITRt2r": 0, "CLt3r_2": 3.894199e-05, "CO2t": -7.322697e+00, "ALCD2y": -7.729380e+00, "DHPTDCs2": 3.406851e-05, "AMMQLT8": 0, "COabc": 3.788785e-06, "DHPPDA": 0, "COt": 0, "ALCD4y": 0, "ALLTN": 0, "CYSSADS": 0, "CYRDAAT": 3.406851e-06, "ALLTNt2r": 0, "METt2r": -1.979692e-01, "AMAA": 0, "ASP4DC": 0, "DGK1": 0, "ANPRT": 6.510753e-04, "CTPS2": 0, "APRAUR": 0, "ASPO2": 3.481710e-05, "CYRDAS": 3.406851e-06, "ASPCT": 1.931868e-03, "ASPK": 2.040975e-01, "ACAFDOR": 0, "ANS": 0, "ASPO2y": 0, "CYSDS": 0, "ASPR": 0, "ATPPRT": 1.085120e-03, "ASPT": 0, "BACCL": 0, "BTDD_RR": 0, "ANS2": 6.510753e-04, "ARABR": 0, "ARAI": 0, "CYSTL": 0, "ARBabc": 0, "ARBt2r": 0, "BTNt2i": 3.055472e-08, "CYSTS": 0, "CBIAT": 0, "CYSS": 1.056246e-03, "CBLAT": 0, "ARGDr": 0, "ARGN": 0, "CYTD": 0, "ARGDC": 0, "CDPMEK": 0, "CBMKr": 5.319882e-03, "ARGSL": 3.388014e-03, "ARGSS": 3.388014e-03, "CBPS": 0, "ASAD": -2.040975e-01, "CHORS": 4.355973e-03, "DCYTD": 0, "CHORM": 3.701491e-03, "CITL": 0, "ARGt2r": 0, "ASNS1": 2.761047e-03, "CODH4": 0, "CYTDK2": 0, "CODH_ACS": 0, "CPC2MT": 3.406851e-06, "CLPNS120": 0, "CLPNS140": 4.077527e-05, "ECOAH1": 0, "CYTK1": 1.313902e-02, "CLPNS160": 1.230897e-04, "CPC3MT": 3.406851e-06, "CYTK2": 0, "D_LACt2": 0, "CPC4MT": 3.406851e-06, "ETOHt": -7.729380e+00, "DAGK120": 0, "FOLt": 1.362741e-05, "CPC6MT": 3.406851e-06, "CPC5MT": 3.406851e-06, "DAPDC": 3.930590e-03, "CPC8MM": 3.406851e-06, "CPC6R": 3.406851e-06, "G3PCT": 5.894388e-03, "DAPE": 4.364635e-03, "CPPPGOAN2": 0, "CS": 1.240978e-02, "DSERt2": 0, "CSND": 0, "G5SADs": 2.531963e-03, "DALAt2r": 0, "FOLR2": 1.362741e-05, "CTPS1": 8.186832e-04, "LDAPAT": -4.364635e-03, "CSNt2": 0, "DASYN120": 0, "FRTT": 0, "DASYN140": 8.401479e-04, "DURAD": 0, "DURIPP": 0, "DUTPDP": 0, "GLCt2": 0, "GLNabc": 0, "GLUabc": 0, "DXPRIi": 0, "DASYN160": 2.535736e-03, "DXPS": 0, "EAR100x": 6.751768e-03, "DASYN161": 3.713147e-03, "ENO": 5.009146e+00, "GPDDA1": 0, "GPDDA2": 0, "DASYN180": 0, "GPDDA4": 0, "FACOAL140": 0, "FACOAL160": 0, "DASYN181": 1.483126e-04, "DB4PS": 0, "FACOAL180": 0, "H2Ot": -3.601751e+00, "DCMPDA": 0, "FBA": 4.870300e+00, "DDPA": 4.355973e-03, "FBA3": 0, "FBP": 1.297001e-01, "H2td": 0, "HACD1": 0, "DDPGA": 0, "HCO3E": 3.258749e-01, "FDH7": 3.750270e-01, "FORt2": 0, "DHAD2": 3.327730e-03, "G1PTT": 0, "HISt2r": 0, "GTPCII": 0, "GK1": 1000, "FE2abc": 2.111637e-04, "FGLU": 0, "FMNAT": 3.406851e-06, "FRD2": 1.931868e-03, "DHAD1": 1.001460e-02, "FRNDPR2r": 6.886231e+00, "GK2": -9.999988e+02, "DHAK": 0, "HPPK": 0, "FRUK": 5, "FUM": 3.752830e-01, "GRTT": 0, "FRUpts": 5, "DHFR": 4.592222e-04, "FTHFLi": 3.750304e-01, "DHDPRy": 4.364635e-03, "G1PACT": 1.103866e-03, "G3PAT140": 8.401479e-04, "GLCURt2r": 0, "GF6PTA": 1.103866e-03, "GHMT2r": 2.002267e-01, "DHDPS": 4.364635e-03, "GLCNt2r": 0, "G1SAT": 2.725481e-05, "G3PAT181": 1.483126e-04, "GLNS": 3.831300e-01, "DHFS": 0, "GLCRD": 0, "G3PAT120": 0, "G3PAT160": 2.535736e-03, "G3PAT161": 3.713147e-03, "GLU5K": 2.531963e-03, "GLUDy": -5.290664e+00, "GLUPRT": 1.869726e-01, "GLUR": -4.340451e-04, "G3PAT180": 0, "G3PD2": -1.509907e-02, "G5SD": 2.531963e-03, "GLUTRR": 2.725481e-05, "GALCTD": 0, "DHNAOT4": 0, "GALCTNt2r": 0, "GLUSy": 0, "GLUTRS": 2.725481e-05, "GLUt2r": 0, "GAPD": 9.659637e+00, "DHNPA_1": 0, "GALUi": 0, "GALURt2r": 0, "GLUt4": 0, "GLYCDx": 0, "GALabc": 0, "DHORTS": -1.931868e-03, "GCCb": 0, "GARFT": 1.869726e-01, "GLYBt2r": 0, "GMPS2": 1.196660e-03, "GLYCK": 0, "GLYCt": 3.513029e-04, "GND": 0, "GCCa": 0, "METR": 0, "DHORD5": 1.931868e-03, "GNK": 0, "DHPS": 0, "GTPCI": 0, "GTPDPK": 0, "GUAD": 0, "HCITS": 0, "MGSA": 0, "DHPS2": 0, "KAS15": 0, "IPDPS": 0, "HAMR": 0, "IMPC": -1.880543e-01, "DHQTi": 4.355973e-03, "HXPRT": 0, "GUAPRT": 0, "LYSDC": 0, "DHQS": 4.355973e-03, "ICDHx": 1.240978e-02, "HYDFDN2r": 0, "HEX1": 0, "HETZK": 0, "HISTD": 1.085120e-03, "HYDFDi": 0, "DMATT": 0, "IGPDH": 1.085120e-03, "IG3PS": 1.085120e-03, "HISDr": 0, "HISTP": 1.085120e-03, "IGPS": 6.510753e-04, "DMPPS": 0, "ILETRS": 0, "HMBS": 3.406851e-06, "HMPK1": 0, "HSK": 0, "DPCOAK": 7.287301e-06, "HSDy": -1.997329e-01, "HSST": 0, "HSTPT": 1.085120e-03, "ILEt2r": 0, "ILETA": -3.327730e-03, "LEUTA": -5.160402e-03, "HXAND": 0, "DPR": 7.287301e-06, "METS": 1.997670e-01, "LEUt2r": 0, "IMPD": 1.196660e-03, "DRPA": 0, "IPPS": 5.160402e-03, "METTRS": 0,