{"EX_h2_e": 0, "EX_h2o_e": 4.163413e+00, "EX_his__L_e": 0, "EX_ile__L_e": 0, "EX_lac__D_e": 0, "EX_murein4p3p_e": 0, "EX_murein4p4p_e": 0, "EX_murein4px4p_e": 0, "EX_k_e": -1.428301e-02, "EX_murein4px4px4p_e": 0, "EX_alaala_e": 0, "EX_murein5p3p_e": 0, "EX_murein5p4p_e": 0, "EX_murein5p5p_e": 0, "EX_murein5p5p5p_e": 0, "EX_lac__L_e": 0, "EX_leu__L_e": 0, "EX_lys__L_e": 0, "EX_alltn_e": 0, "EX_malt_e": 0, "EX_murein5px3p_e": 0, "EX_murein5px4p_e": 0, "EX_malthx_e": 0, "EX_murein5px4px4p_e": 0, "EX_arab__L_e": 0, "EX_malttr_e": 0, "EX_man_e": 0, "EX_araban__L_e": 0, "EX_met__L_e": 4.976696e-02, "EX_mg2_e": -6.347373e-04, "EX_mn2_e": -5.057876e-05, "EX_na1_e": 0, "EX_nh4_e": -6.187988e-01, "EX_ni2_e": -2.360840e-05, "EX_no2_e": 0, "EX_no3_e": 0, "EX_pi_e": -8.656268e-02, "EX_pro__L_e": 0, "EX_mobd_e": -5.229710e-07, "EX_xan_e": 0, "EX_xyl__D_e": 0, "EX_ptrc_e": 0, "EX_arg__L_e": 0, "EX_pydxn_e": 0, "EX_pyr_e": 2.009886e+00, "EX_zn2_e": -2.487848e-05, "BIOMASS_Cl_DSM_WT_46p666M1": 7.471014e-02, "EX_rib__D_e": 0, "DM_mththf_c": 1.666036e-04, "5HBZIDMT": 1.666036e-05, "5HBZIDS2": 1.666036e-05, "DM_succ_c": 9.447321e-03, "ABUTD": 0, "ACACT1r": 0, "EX_ac_e": 0, "EX_ala__D_e": 2.122590e-03, "EX_asn__L_e": 0, "EX_asp__L_e": 0, "EX_ribflv_e": -3.332072e-05, "EX_rmn_e": 0, "EX_ser__D_e": 0, "EX_btd_RR_e": 0, "EX_ser__L_e": 0, "EX_btn_e": -1.494203e-07, "EX_so4_e": -6.387470e-02, "EX_btoh_e": 0, "EX_spmd_e": 0, "EX_taur_e": 0, "3OAS161": 3.776702e-02, "3OAS180": 0, "EX_thm_e": -1.666036e-05, "EX_but_e": 0, "EX_trp__L_e": 0, "EX_uaagmda_e": 0, "3OAS181": 1.450572e-03, "3OAS60": 7.078487e-02, "3OAS80": 7.078487e-02, "3OAS100": 7.078487e-02, "3OAS120": 3.301785e-02, "3OAS121": 3.776702e-02, "EX_udcpdp_e": 0, "EX_udcpp_e": 0, "3OAS140": 3.301785e-02, "EX_ura_e": 0, "EX_ca2_e": -3.808723e-04, "EX_val__L_e": 0, "3OAR100": 7.078487e-02, "3OAR120": 3.301785e-02, "3OAR121": 3.776702e-02, "EX_citr__L_e": 0, "3OAR140": 3.301785e-02, "3OAR141": 3.776702e-02, "3OAR160": 2.480078e-02, "EX_cl_e": -3.808723e-04, "3OAR161": 3.776702e-02, "3OAR180": 0, "EX_co_e": 0, "3OAR181": 1.450572e-03, "3OAS141": 3.776702e-02, "EX_co2_e": 5.327919e+00, "3OAS160": 2.480078e-02, "ACBIPGT": 1.666036e-05, "4HTHRS": 0, "EX_cobalt2_e": -1.852811e-05, "EX_csn_e": 0, "ACt2r": 0, "ABFA": 0, "ABTA": 0, "ACGK": 1.656824e-02, "EX_cu2_e": -5.184884e-05, "ACGS": 0, "ACALD": -5.674008e+00, "ACHBS": 1.627344e-02, "APSR": 6.355734e-02, "EX_cys__L_e": 0, "ACCOAC": 4.887299e-01, "ACLS": 4.897392e-02, "ADOCBIK": 0, "EX_etoh_e": 5.659798e+00, "ACPS1": 0, "ACKr": 1.027941e+00, "EX_fe2_e": -1.032644e-03, "ADA": 0, "ADCL": 0, "EX_fol_e": -6.664144e-05, "ACLDC": 0, "ADCPS2": 1.666036e-05, "EX_for_e": 0, "ADCPS1": 0, "ACOTA": -1.656824e-02, "EX_fru_e": -5, "ACOAD1z": 0, "ACONTa": -9.999393e+02, "ACONTb": -9.999393e+02, "EX_gal_e": 0, "ACOATA": 0, "ADCYRS": 1.666036e-05, "ADCS": 0, "EX_galctn__D_e": 0, "ADD": 0, "ADK1": 1.710519e-01, "ACONT": 1000, "EX_galur_e": 0, "EX_glc__D_e": 0, "EX_glcn_e": 0, "ASNt2r": 0, "EX_glcur_e": 0, "ASP1DC": 3.563674e-05, "EX_gln__L_e": 0, "ASPt2r": 0, "EX_glu__L_e": 0, "ATPM": 4.500000e-01, "ADK2": 1.666036e-05, "EX_gly_e": 0, "ADMDC": 0, "ADOCBLS": 1.666036e-05, "BTDt_RR": 0, "BTOHt": 0, "EX_glyb_e": 0, "ADPRDP": 0, "EX_glyc_e": 1.717960e-03, "ADPT": 1.666036e-04, "BUTKr": 0, "ADSL1r": 1.170230e-02, "EX_h_e": 3.328694e+00, "ADSL2r": 1.224776e-02, "BUTt": 0, "ADSS": 1.170230e-02, "CYRDAR": 8.330181e-06, "AHCYSNS": 1.666036e-04, "AGPAT120": 0, "AGPR": -1.656824e-02, "CYSabc": 0, "AHSERL2": 1.027941e+00, "AIRCr": 1.224776e-02, "Cuabc": 5.184884e-05, "AICART": 1.755427e-02, "ALAALAr": 2.122590e-03, "ALAR": 3.307022e-02, "ALATA_L": -6.396615e-02, "CA2abc": 3.808723e-04, "CITRt2r": 0, "CLt3r_2": 1.904361e-04, "CO2t": -5.327919e+00, "ALCD2y": -5.659798e+00, "DHPTDCs2": 1.666036e-04, "AMMQLT8": 0, "COabc": 1.852811e-05, "DHPPDA": 0, "COt": 0, "ALCD4y": 0, "ALLTN": 0, "CYSSADS": 0, "CYRDAAT": 1.666036e-05, "ALLTNt2r": 0, "METt2r": -4.976696e-02, "AMAA": 0, "ASP4DC": 0, "DGK1": 0, "ANPRT": 3.183922e-03, "CTPS2": 0, "APRAUR": 0, "ASPO2": 1.702644e-04, "CYRDAS": 1.666036e-05, "ASPCT": 9.447321e-03, "ASPK": 1.049285e+00, "ACAFDOR": 0, "ANS": 0, "ASPO2y": 0, "CYSDS": 9.643834e-01, "ASPR": 0, "ATPPRT": 5.306512e-03, "ASPT": 0, "BACCL": 0, "BTDD_RR": 0, "ANS2": 3.183922e-03, "ARABR": 0, "ARAI": 0, "CYSTL": 0, "ARBabc": 0, "ARBt2r": 0, "BTNt2i": 1.494203e-07, "CYSTS": 9.695487e-01, "CBIAT": 0, "CYSS": 0, "CBLAT": 0, "ARGDr": 0, "ARGN": 0, "CYTD": 0, "ARGDC": 0, "CDPMEK": 4.519963e-05, "CBMKr": 2.601556e-02, "ARGSL": 1.656824e-02, "ARGSS": 1.656824e-02, "CBPS": 0, "ASAD": -1.049285e+00, "CHORS": 2.130180e-02, "DCYTD": 0, "CHORM": 1.810122e-02, "CITL": 0, "ARGt2r": 0, "ASNS1": 1.350221e-02, "CODH4": 0, "CYTDK2": 0, "CODH_ACS": 0, "CPC2MT": 1.666036e-05, "CLPNS120": 0, "CLPNS140": 1.994014e-04, "ECOAH1": 0, "CYTK1": 6.429831e-02, "CLPNS160": 6.019396e-04, "CPC3MT": 1.666036e-05, "CYTK2": 0, "D_LACt2": 0, "CPC4MT": 1.666036e-05, "ETOHt": -5.659798e+00, "DAGK120": 0, "FOLt": 6.664144e-05, "CPC6MT": 1.666036e-05, "CPC5MT": 1.666036e-05, "DAPDC": 1.922157e-02, "CPC8MM": 1.666036e-05, "CPC6R": 1.666036e-05, "G3PCT": 2.882504e-02, "DAPE": 2.134416e-02, "CPPPGOAN2": 0, "CS": 6.068697e-02, "DSERt2": 0, "CSND": 0, "G5SADs": 1.238194e-02, "DALAt2r": 0, "FOLR2": 6.664144e-05, "CTPS1": 4.003567e-03, "LDAPAT": -2.134416e-02, "CSNt2": 0, "DASYN120": 0, "FRTT": 0, "DASYN140": 4.108535e-03, "DURAD": 0, "DURIPP": 0, "DUTPDP": 0, "GLCt2": 0, "GLNabc": 0, "GLUabc": 0, "DXPRIi": 4.519963e-05, "DASYN160": 1.240039e-02, "DXPS": 4.519963e-05, "EAR100x": 3.301785e-02, "DASYN161": 1.815822e-02, "ENO": 8.767563e+00, "GPDDA1": 0, "GPDDA2": 0, "DASYN180": 0, "GPDDA4": 0, "FACOAL140": 0, "FACOAL160": 0, "DASYN181": 7.252860e-04, "DB4PS": 0, "FACOAL180": 0, "H2Ot": -4.167050e+00, "DCMPDA": 0, "FBA": 4.967120e+00, "DDPA": 2.130180e-02, "FBA3": 0, "FBP": 3.288036e-02, "H2td": 0, "HACD1": 0, "DDPGA": 0, "HCO3E": 1.644807e+00, "FDH7": 2.981868e-02, "FORt2": 0, "DHAD2": 1.627344e-02, "G1PTT": 0, "HISt2r": 0, "GTPCII": 0, "GK1": 1000, "FE2abc": 1.032644e-03, "FGLU": 0, "FMNAT": 1.666036e-05, "FRD2": 9.447321e-03, "DHAD1": 4.897392e-02, "FRNDPR2r": 5.486220e+00, "GK2": -9.999941e+02, "DHAK": 0, "HPPK": 0, "FRUK": 5, "FUM": 3.107098e-02, "GRTT": 4.109058e-06, "FRUpts": 5, "DHFR": 2.245712e-03, "FTHFLi": 2.983534e-02, "DHDPRy": 2.134416e-02, "G1PACT": 5.398181e-03, "G3PAT140": 4.108535e-03, "GLCURt2r": 0, "GF6PTA": 5.398181e-03, "GHMT2r": 6.080666e-02, "DHDPS": 2.134416e-02, "GLCNt2r": 0, "G1SAT": 1.332829e-04, "G3PAT181": 7.252860e-04, "GLNS": 6.944479e-02, "DHFS": 0, "GLCRD": 0, "G3PAT120": 0, "G3PAT160": 1.240039e-02, "G3PAT161": 1.815822e-02, "GLU5K": 1.238194e-02, "GLUDy": -2.449044e+00, "GLUPRT": 1.226442e-02, "GLUR": -2.122590e-03, "G3PAT180": 0, "G3PD2": -7.383827e-02, "G5SD": 1.238194e-02, "GLUTRR": 1.332829e-04, "GALCTD": 0, "DHNAOT4": 0, "GALCTNt2r": 0, "GLUSy": 0, "GLUTRS": 1.332829e-04, "GLUt2r": 0, "GAPD": 9.838961e+00, "DHNPA_1": 0, "GALUi": 0, "GALURt2r": 0, "GLUt4": 0, "GLYCDx": 0, "GALabc": 0, "DHORTS": -9.447321e-03, "GCCb": 0, "GARFT": 1.226442e-02, "GLYBt2r": 0, "GMPS2": 5.851971e-03, "GLYCK": 0, "GLYCt": 1.717960e-03, "GND": 0, "GCCa": 0, "METR": 0, "DHORD5": 9.447321e-03, "GNK": 0, "DHPS": 0, "GTPCI": 0, "GTPDPK": 0, "GUAD": 0, "HCITS": 0, "MGSA": 0, "DHPS2": 0, "KAS15": 7.078487e-02, "IPDPS": 4.109058e-05, "HAMR": 0, "IMPC": -1.755427e-02, "DHQTi": 2.130180e-02, "HXPRT": 0, "GUAPRT": 0, "LYSDC": 0, "DHQS": 2.130180e-02, "ICDHx": 6.068697e-02, "HYDFDN2r": 0, "HEX1": 0, "HETZK": 0, "HISTD": 5.306512e-03, "HYDFDi": 0, "DMATT": 4.109058e-06, "IGPDH": 5.306512e-03, "IG3PS": 5.306512e-03, "HISDr": 0, "HISTP": 5.306512e-03, "IGPS": 3.183922e-03, "DMPPS": 4.109058e-06, "ILETRS": 0, "HMBS": 1.666036e-05, "HMPK1": 0, "HSK": 0, "DPCOAK": 3.563674e-05, "HSDy": -1.027941e+00, "HSST": 0, "HSTPT": 5.306512e-03, "ILEt2r": 0, "ILETA": -1.627344e-02, "LEUTA": -2.523567e-02, "HXAND": 0, "DPR": 3.563674e-05, "METS": 5.855863e-02,