{"SK_5mta_c": 1.472997e-03, "SK_apoACP_c": -5.883569e-04, "SK_gcald_c": 1.052140e-02, "SK_pap_c": 5.883569e-04, "ACt2r": -7.825937e+00, "ADCL": 1.052140e-02, "ADCS": 1.052140e-02, "CO2t": -9.294059e+00, "BIOMASS_Ecoli_TM": 2.104281e-01, "ALAR": 1.161563e-02, "DM_dip_d_d_c": 0, "DM_pydx5p_c": 0, "ARBabc": 0, "ACGK": 6.796827e-02, "ACCOAC": 3.971409e-02, "ALCD19": 1.470892e-03, "ACALD": 0, "ACGS": 0, "CRTNsyn": 0, "ACKr": -8.729906e+00, "CSNt2": 0, "ACOATA": 6.030659e-03, "ACLS": 1.752561e-01, "ACHBS": 5.807815e-02, "ACYP_2": 0, "DCYTD": 0, "DM_sprm_c": 0, "DM_thmpp_c": 0, "ADAPAT": 7.440737e-02, "ADA": 0, "ADK1": 2.789468e+00, "EX_ac_e": 7.825937e+00, "DHNPA": 1.052140e-02, "EX_ala__L_e": 0, "ADK3": -1.215654e-01, "EX_amylose300_e": 0, "EX_arab__L_e": 0, "EX_cell4_e": 0, "EX_cell500_e": 0, "EX_cell6_e": 0, "CYTD": 0, "DHPPDA": 2.104281e-06, "ADMDC": 1.472997e-03, "CHORM": 6.460142e-02, "EX_cellb_e": 0, "ADPT": 1.138272e+00, "BACCL": 0, "ADSL2r": 1.026268e-01, "EX_co2_e": 9.294059e+00, "EX_csn_e": 0, "EX_fe2_e": 0, "ADSL1r": 6.298007e-02, "EX_fe3_e": 0, "ATPS1": 1.621844e+00, "EX_fru_e": 0, "BGLA1": 0, "ADSS": 6.298007e-02, "BGLA": 0, "EX_gal_e": 0, "AGDC": 0, "EX_galman4_e": 0, "EX_galman6_e": 0, "BTS3r": 0, "AGPAT160": 5.883569e-04, "AGPR": -6.796827e-02, "CDPMEK": 3.235963e-03, "EX_galman600_e": 0, "EX_glc__D_e": 0, "AHCi": 0, "EX_glcman4_e": 0, "BUTKr": 0, "EX_glcman6_e": 0, "AHCYSNS": 0, "EX_glcman600_e": 0, "EX_glucan1500_e": 0, "EX_glucan4_e": 0, "EX_glucan6_e": 0, "EX_glyc_e": 0, "CBPS": 1.248049e-01, "CEL6abc": 0, "CEPA": 0, "CELabc": 0, "CELASE2": 0, "CELASE1": 0, "EX_glyc3p_e": 0, "EX_glycogen1500_e": 0, "AHEXASE3": 0, "EX_h_e": 1.090786e+01, "EX_h2_e": 1.641414e+01, "AHMMPS": 0, "EX_h2o_e": -9.147460e+00, "EX_h2s_e": 3.452846e+00, "CELLBabc": 0, "CHORS": 8.648594e-02, "AHSERL2": 0, "CRTNh": 0, "EX_hco3_e": 0, "CS": 2.337014e-01, "AICART": 1.215654e-01, "CTPS2": 2.651394e-02, "EX_ile__L_e": 0, "EX_inost_e": 0, "CYSS": 1.890802e-02, "EX_k_e": 0, "CYSTRS": 0, "ALKP": 0, "CYTDK2": 0, "EX_lac__L_e": 0, "AIRCr": 1.026268e-01, "EX_lcts_e": 0, "EX_leu__L_e": 0, "EX_lmn30_e": 0, "EX_lmn2_e": 0, "EX_malt_e": -2.794000e+00, "CYTK1": 4.130914e-03, "CYTK2": 5.344873e-03, "DAPDA": 7.440737e-02, "DAPDC": 7.440737e-02, "DAPE": 7.440737e-02, "DASYN160": 2.941785e-04, "EX_malttr_e": 0, "EX_maltttr_e": 0, "DB4PS": 4.208562e-06, "AKP1": 0, "DCMPDA": -5.344873e-03, "EX_man_e": 0, "EX_manb_e": 0, "EX_mantr_e": 0, "EX_manttr_e": 0, "DDGLK": 0, "EX_melib_e": 0, "ALAALAr": 5.807815e-03, "DDPA": 8.648594e-02, "ALATRS": 0, "EX_mg2_e": 0, "EX_na1_e": 0, "EX_nh4_e": -2.182368e+00, "ALAabc": 0, "ALR2": 0, "EX_oxa_e": 0, "DDPGA": 0, "DHAD1": 1.752561e-01, "DHAD2": 5.807815e-02, "EX_pi_e": -1.617697e-01, "EX_ptrc_e": 0, "AMYLe": 0, "EX_pullulan1200_e": 0, "DHDPRx_r": 7.440737e-02, "DHDPS": 7.440737e-02, "DHFR": 1.052140e-02, "DHFS": 1.052140e-02, "EX_raffin_e": 0, "EX_rib__D_e": 0, "EX_rmn_e": 0, "DHORTS": -6.567461e-02, "APRAUR": 2.104281e-06, "DHORD_NAD": 6.567461e-02, "DHQTi": 8.648594e-02, "EX_s_e": -3.503950e+00, "EX_spmd_e": 0, "EX_starch1200_e": 0, "DHQS": 8.648594e-02, "AMYe": 0, "DMATT": 2.941785e-04, "EX_sucr_e": 0, "EX_thr__L_e": 0, "EX_tre_e": 0, "DNMPPA": 1.052140e-02, "ARAI": 0, "DNTPPA": 1.052140e-02, "DPCOAK": 6.007722e-04, "EX_ura_e": 0, "EX_val__L_e": 0, "EX_xan_e": 0, "DPR": 6.007722e-04, "EX_xtsn_e": 0, "ANPRT": 1.136312e-02, "EX_xyl__D_e": 0, "DRBK": 0, "DRPA": 1.138272e+00, "EX_xyl3_e": 0, "ANS": 1.136312e-02, "EX_xylan12_e": 0, "DTMPK": 5.197574e-03, "ARGSL": 5.913029e-02, "DURIK1": 0, "DUTPDP": 0, "EX_xylan4_e": 0, "EX_xylan8_e": 0, "EX_xylb_e": 0, "EX_zn2_e": 0, "ARGSS": 5.913029e-02, "DM_4hba_c": 0, "FASC300": 2.941785e-04, "FASC320": 2.941785e-04, "FERIRDe": 0, "ARGTRS": 0, "FRUabc": 0, "AROH": 0, "ASAD": 9.228775e-01, "GDH1": 1000, "GLCURT": 0, "ASNTRAT": 0, "ASP1DC": 6.007722e-04, "G3PAT160": 5.883569e-04, "ASPCT": 6.567461e-02, "ASPO2": 5.744687e-04, "GLUR": -5.807815e-03, "ASPK": -9.228775e-01, "G5SADs": 4.418990e-02, "ASPTA6": -1.201124e-01, "EDA": 1.775636e+00, "FPGS_tm": 0, "DXPRIi": 3.235963e-03, "ASPTRS_Asn": 0, "DXPS": 3.235963e-03, "H2Ot": 9.147460e+00, "ASPTRS": 0, "FE3abc": 0, "ASPT": -9.995852e+02, "EGLUCe": 0, "ENO": 8.105504e+00, "H2St1": 3.452846e+00, "FBA": 2.843465e+00, "ATPPRT": 1.893853e-02, "FBA2": 1.470892e-03, "FBA3": 0, "H2td": 1.641414e+01, "FBP": 0, "HEX4": 0, "FCI": 0, "FMETTRS": 0, "FMNAT": 2.104281e-06, "FOLD3": 1.052140e-02, "FRUK": -1.470892e-03, "GALM2": 0, "HCO3E": 1.645190e-01, "GLYCOe": 0, "GLNTRAT": 0, "GLU5K": 4.418990e-02, "GTPCII": 2.104281e-06, "IMPCT2": 0, "GRTT": 2.941785e-04, "FTCD": 0, "FTHFLi": -1.090660e+00, "GalMr": 0, "FUCASE2": 0, "IPDDI": 2.941785e-04, "FUCASE": 0, "FUM": -9.993605e+02, "G1PACT": 1.161563e-02, "GALS3": 0, "GLS3e": 0, "GLSe": 0, "GLCMAN4": 0, "G3PD1ir": 8.825354e-04, "G5SD": 4.418990e-02, "G6PDA": -1.161563e-02, "GLCMAN6abc": 0, "GLCMAN4abc": 0, "GLCMAN6": 0, "GALUi": 2.941785e-03, "G6PDH2r": 1.775636e+00, "GALKr": 0, "GALM1": 0, "GALMAN6abc": 0, "GALMAN4abc": 0, "GALMAN4": 0, "GALT": 0, "L_LACt2r": 0, "GALMAN6": 0, "GALMAN600b_e": 0, "LCADi": 0, "GALMAN600c_e": 0, "GALMAN600a_e": 0, "GALabc": 0, "KAS14": 6.030659e-03, "GLCabc": 0, "IMPC": -1.215654e-01, "GAPD": 8.105504e+00, "GARFT": 1.026268e-01, "MANabc": 0, "LEUabc": 0, "GF6PTA": 0, "GHMT2r": 1.363368e+00, "GLCAASE3": 0, "GLCS1": 3.240593e-02, "ILEabc": 0, "HSDy": 9.972849e-01, "LMNe": 0, "LMN2": 0, "KARA2": 5.807815e-02, "KARA1": -1.752561e-01, "IMP": 0, "GLNS": 5.085879e-01, "GLCURS1": 0, "GLGC": 3.240593e-02, "GLNSP2": 0, "NADHPO": 0, "NAt": 0, "GLS": 0, "MANA2": 0, "GLUCAN2abc": 0, "GLUCANabc": 0, "GluForTx": 0, "MANA3": 0, "GLUFT": 0, "NDPK2": 6.968957e-02, "NDPK3": 4.130914e-03, "GLUPRT": 1.026268e-01, "MANA1": 0, "GLUSy": 0, "NDPK4": 5.197574e-03, "NDPK5": 0, "LMN2abc": 0, "NDPK7": 5.344873e-03, "NDPK8": 1.143469e+00, "GLYC3Pabc": 0, "NH3c": 1000, "GLYCDx": 0, "MALTTRabc": 0, "GLUTRS": 0, "GLUTRS_Gln": 0, "HCO3abc": 0, "GLYCK2": 0, "HEX1": 5.588000e+00, "MCOATA": 3.971409e-02, "HEX7": 0, "GLYCL_2": 0, "GLYCt": 0, "NTPP1": 0, "NTPP2": 0, "NTPP3": 0, "HPYRRx": 0, "GMPS2": 5.858528e-02, "HISTD": 1.893853e-02, "GLYK": 0, "GLYTRS": 0, "GND": 0, "NTPP4": 0, "NTPP5": 1.138272e+00, "MELIBabc": 0, "MDH": -9.993605e+02, "GNK": 0, "MCLORi": 0, "GPDDA1": 0, "HISTP": 1.893853e-02, "GPDDA2": 0, "GTPCI": 1.052140e-02, "ME1": 0, "HISTRS": 0, "GUI1": 0, "HMPK1": 0, "GUI2": 0, "MECDPDH2": 3.235963e-03, "MECDPS": 3.235963e-03, "HPPK": 1.052140e-02, "MEPCT": 3.235963e-03, "HPROb": 0, "METAT": 1.472997e-03, "METB1": -9.972849e-01, "OMCDC": 9.006322e-02, "HSERTA": -9.972849e-01, "OXAt": 0, "MHPGLUT": 0, "HSK": 0, "METS": 3.219550e-02, "METTRS": 0, "MGSA": 0, "MI1PS2": 0, "PC": 0, "PDIPS": 0, "MGt5": 0, "HSTPT": 1.893853e-02, "MLTG1": 0, "PGMT": -3.534771e-02, "MLTG2": 0, "HXPRT": 0, "MNLDH2": 0, "MNLDHr": 0, "PMDPHT": 2.104281e-06, "PPTGS_TM": 5.807815e-03, "HYDFDN": 8.207072e+00, "ORNTAC": 6.796827e-02, "MNNH": 0, "MOHMT": 6.007722e-04, "ICDHyr": 2.337014e-01, "MTHFC": 1.314852e+00, "MTHFD": 1.314852e+00, "PPCOAC": 0, "MTHFR2": 4.271690e-02, "IGPDH": 1.893853e-02, "ORNTA": 0, "IG3PS": 1.893853e-02, "PULLe": 0, "IGPS": 1.136312e-02, "PPNDH": 3.703534e-02, "MTRI": 0, "ILETA": -5.807815e-02, "NADHDH": 6.312843e-07, "NTPP6": 0, "OAADC": 5.259495e-01, "PMPK": 0, "P5CR": 4.418990e-02, "NADK": 1.115269e-04, "EDD": 1.775636e+00, "OCBT": 5.913029e-02, "LEUTA": -9.006322e-02, "OCTDPS": 0, "NH4t": 2.182368e+00, "NADS1": 5.744687e-04, "ILETRS": 0, "IMPD": 5.858528e-02, "PUNP1": 0, "IPDPS": 3.235963e-03, "PNP": 0, "NMNAT": 0, "NNATr": 5.744687e-04, "OMPDC": 6.567461e-02, "INSTabc": 0, "ORNDC": 8.837980e-03, "NNAM": 0, "NNDPR": 5.744687e-04, "OOR2r": 0, "IPMD": 9.006322e-02, "ORPT": -6.567461e-02, "NOX": 0, "NP1": 0, "LCTSabc": 0, "NTD8": 0, "NTD1": 0, "IPPS": 9.006322e-02, "NTD3": 0, "NTD7": 0, "IPPMIa": -9.006322e-02, "NTD9": 0, "IPPMIb": -9.006322e-02, "NT5C": 0, "Kt1": 0, "LACZ": 0, "RBFK": 2.104281e-06, "LDH_L": 0, "SPRMS": 0, "LEUTRS": 0,