{"SK_5mta_c": 1.127555e-03, "SK_apoACP_c": -4.503776e-04, "SK_gcald_c": 8.053963e-03, "SK_pap_c": 4.503776e-04, "ACt2r": -7.379223e+00, "ADCL": 8.053963e-03, "ADCS": 8.053963e-03, "CO2t": -7.880272e+00, "BIOMASS_Ecoli_TM": 1.610793e-01, "ALAR": 8.891575e-03, "DM_dip_d_d_c": 0, "DM_pydx5p_c": 0, "ARBabc": 0, "ACGK": 5.683078e-01, "ACCOAC": 3.040049e-02, "ALCD19": 1.125944e-03, "ACALD": 0, "ACGS": 0, "CRTNsyn": 0, "ACKr": -8.701149e+00, "CSNt2": 0, "ACOATA": 4.616370e-03, "ACLS": 1.341557e-01, "ACHBS": 4.445787e-02, "ACYP_2": 0, "DCYTD": 0, "DM_sprm_c": 0, "DM_thmpp_c": 0, "ADAPAT": 5.695763e-02, "ADA": 0, "ADK1": 3.911476e+00, "EX_ac_e": 7.379223e+00, "DHNPA": 8.053963e-03, "EX_ala__L_e": 0, "ADK3": -9.305629e-02, "EX_amylose300_e": 0, "EX_arab__L_e": 0, "EX_cell4_e": 0, "EX_cell500_e": 0, "EX_cell6_e": 0, "CYTD": 0, "DHPPDA": 1.610793e-06, "ADMDC": 1.127555e-03, "CHORM": 4.945133e-02, "EX_cellb_e": 0, "ADPT": 1.501281e+00, "BACCL": 0, "ADSL2r": 7.855916e-02, "EX_co2_e": 7.880272e+00, "EX_csn_e": 0, "EX_fe2_e": 0, "ADSL1r": 4.821022e-02, "EX_fe3_e": 0, "ATPS1": 2.110722e+00, "EX_fru_e": 0, "BGLA1": 0, "ADSS": 4.821022e-02, "BGLA": 0, "EX_gal_e": 0, "AGDC": 0, "EX_galman4_e": 0, "EX_galman6_e": 0, "BTS3r": 0, "AGPAT160": 4.503776e-04, "AGPR": -5.683078e-01, "CDPMEK": 2.477077e-03, "EX_galman600_e": 0, "EX_glc__D_e": 0, "AHCi": 0, "EX_glcman4_e": 0, "BUTKr": 0, "EX_glcman6_e": 0, "AHCYSNS": 0, "EX_glcman600_e": 0, "EX_glucan1500_e": 0, "EX_glucan4_e": 0, "EX_glucan6_e": 0, "EX_glyc_e": 0, "CBPS": 6.118153e-01, "CEL6abc": 0, "CEPA": 0, "CELabc": 0, "CELASE2": 0, "CELASE1": 0, "EX_glyc3p_e": 0, "EX_glycogen1500_e": 0, "AHEXASE3": 0, "EX_h_e": 1.147684e+01, "EX_h2_e": 1.637451e+01, "AHMMPS": 0, "EX_h2o_e": -5.515234e+00, "EX_h2s_e": 1.070888e+00, "CELLBabc": 0, "CHORS": 6.620357e-02, "AHSERL2": 0, "CRTNh": 0, "EX_hco3_e": 0, "CS": 6.951738e-01, "AICART": 9.305629e-02, "CTPS2": 2.029599e-02, "EX_ile__L_e": 0, "EX_inost_e": 0, "CYSS": 1.447378e-02, "EX_k_e": 0, "CYSTRS": 0, "ALKP": 0, "CYTDK2": 0, "EX_lac__L_e": 0, "AIRCr": 7.855916e-02, "EX_lcts_e": 0, "EX_leu__L_e": 0, "EX_lmn30_e": 0, "EX_lmn2_e": 0, "EX_malt_e": -2.794000e+00, "CYTK1": 3.162147e-03, "CYTK2": 4.091413e-03, "DAPDA": 5.695763e-02, "DAPDC": 5.695763e-02, "DAPE": 5.695763e-02, "DASYN160": 2.251888e-04, "EX_malttr_e": 0, "EX_maltttr_e": 0, "DB4PS": 3.221585e-06, "AKP1": 0, "DCMPDA": -4.091413e-03, "EX_man_e": 0, "EX_manb_e": 0, "EX_mantr_e": 0, "EX_manttr_e": 0, "DDGLK": 0, "EX_melib_e": 0, "ALAALAr": 4.445787e-03, "DDPA": 6.620357e-02, "ALATRS": 0, "EX_mg2_e": 0, "EX_na1_e": 0, "EX_nh4_e": -3.735683e+00, "ALAabc": 0, "ALR2": 0, "EX_oxa_e": 0, "DDPGA": 0, "DHAD1": 1.341557e-01, "DHAD2": 4.445787e-02, "EX_pi_e": -1.238321e-01, "EX_ptrc_e": 0, "AMYLe": 0, "EX_pullulan1200_e": 0, "DHDPRx_r": 5.695763e-02, "DHDPS": 5.695763e-02, "DHFR": 8.053963e-03, "DHFS": 8.053963e-03, "EX_raffin_e": 0, "EX_rib__D_e": 0, "EX_rmn_e": 0, "DHORTS": -5.027284e-02, "APRAUR": 1.610793e-06, "DHORD_NAD": 5.027284e-02, "DHQTi": 6.620357e-02, "EX_s_e": -1.110007e+00, "EX_spmd_e": 0, "EX_starch1200_e": 0, "DHQS": 6.620357e-02, "AMYe": 0, "DMATT": 2.251888e-04, "EX_sucr_e": 0, "EX_thr__L_e": 0, "EX_tre_e": 0, "DNMPPA": 8.053963e-03, "ARAI": 0, "DNTPPA": 8.053963e-03, "DPCOAK": 4.598813e-04, "EX_ura_e": 0, "EX_val__L_e": 0, "EX_xan_e": 0, "DPR": 4.598813e-04, "EX_xtsn_e": 0, "ANPRT": 8.698280e-03, "EX_xyl__D_e": 0, "DRBK": 0, "DRPA": 1.501281e+00, "EX_xyl3_e": 0, "ANS": 8.698280e-03, "EX_xylan12_e": 0, "DTMPK": 3.978658e-03, "ARGSL": 4.526327e-02, "DURIK1": 0, "DUTPDP": 0, "EX_xylan4_e": 0, "EX_xylan8_e": 0, "EX_xylb_e": 0, "EX_zn2_e": 0, "ARGSS": 5.615424e-01, "DM_4hba_c": 0, "FASC300": 2.251888e-04, "FASC320": 2.251888e-04, "FERIRDe": 0, "ARGTRS": 0, "FRUabc": 0, "AROH": 0, "ASAD": 1.336400e+00, "GDH1": -1.562541e+00, "GLCURT": 0, "ASNTRAT": 0, "ASP1DC": 4.598813e-04, "G3PAT160": 4.503776e-04, "ASPCT": 5.027284e-02, "ASPO2": 4.397464e-04, "GLUR": -4.445787e-03, "ASPK": -1.336400e+00, "G5SADs": 3.382664e-02, "ASPTA6": -9.194404e-02, "EDA": 0, "FPGS_tm": 0, "DXPRIi": 2.477077e-03, "ASPTRS_Asn": 0, "DXPS": 2.477077e-03, "H2Ot": 5.515234e+00, "ASPTRS": 0, "FE3abc": 0, "ASPT": -9.995688e+02, "EGLUCe": 0, "ENO": 9.764838e+00, "H2St1": 1.070888e+00, "FBA": 4.426356e+00, "ATPPRT": 1.449713e-02, "FBA2": 1.125944e-03, "FBA3": 0, "H2td": 1.637451e+01, "FBP": 0, "HEX4": 0, "FCI": 0, "FMETTRS": 0, "FMNAT": 1.610793e-06, "FOLD3": 8.053963e-03, "FRUK": -1.125944e-03, "GALM2": 0, "HCO3E": 6.422157e-01, "GLYCOe": 0, "GLNTRAT": 0, "GLU5K": 3.382664e-02, "GTPCII": 1.610793e-06, "IMPCT2": 0, "GRTT": 2.251888e-04, "FTCD": 0, "FTHFLi": 8.058795e-03, "GalMr": 0, "FUCASE2": 0, "IPDDI": 2.251888e-04, "FUCASE": 0, "FUM": -9.993968e+02, "G1PACT": 8.891575e-03, "GALS3": 0, "GLS3e": 0, "GLSe": 0, "GLCMAN4": 0, "G3PD1ir": 6.755664e-04, "G5SD": 3.382664e-02, "G6PDA": -8.891575e-03, "GLCMAN6abc": 0, "GLCMAN4abc": 0, "GLCMAN6": 0, "GALUi": 2.251888e-03, "G6PDH2r": 0, "GALKr": 0, "GALM1": 0, "GALMAN6abc": 0, "GALMAN4abc": 0, "GALMAN4": 0, "GALT": 0, "L_LACt2r": 0, "GALMAN6": 0, "GALMAN600b_e": 0, "LCADi": 0, "GALMAN600c_e": 0, "GALMAN600a_e": 0, "GALabc": 0, "KAS14": 4.616370e-03, "GLCabc": 0, "IMPC": -9.305629e-02, "GAPD": 9.764838e+00, "GARFT": 7.855916e-02, "MANabc": 0, "LEUabc": 0, "GF6PTA": 0, "GHMT2r": 9.371412e-01, "GLCAASE3": 0, "GLCS1": 2.480621e-02, "ILEabc": 0, "HSDy": 1.393358e+00, "LMNe": 0, "LMN2": 0, "KARA2": 4.445787e-02, "KARA1": -1.341557e-01, "IMP": 0, "GLNS": 9.055948e-01, "GLCURS1": 0, "GLGC": 2.480621e-02, "GLNSP2": 0, "NADHPO": 0, "NAt": 0, "GLS": 0, "MANA2": 0, "GLUCAN2abc": 0, "GLUCANabc": 0, "GluForTx": 0, "MANA3": 0, "GLUFT": 0, "NDPK2": 5.334623e-02, "NDPK3": 3.162147e-03, "GLUPRT": 7.855916e-02, "MANA1": 0, "GLUSy": 0, "NDPK4": 3.978658e-03, "NDPK5": 0, "LMN2abc": 0, "NDPK7": 4.091413e-03, "NDPK8": 1.505260e+00, "GLYC3Pabc": 0, "NH3c": -1.562541e+00, "GLYCDx": 0, "MALTTRabc": 0, "GLUTRS": 0, "GLUTRS_Gln": 0, "HCO3abc": 0, "GLYCK2": 0, "HEX1": 5.588000e+00, "MCOATA": 3.040049e-02, "HEX7": 0, "GLYCL_2": 7.364470e-01, "GLYCt": 0, "NTPP1": 0, "NTPP2": 0, "NTPP3": 0, "HPYRRx": 0, "GMPS2": 4.484608e-02, "HISTD": 1.449713e-02, "GLYK": 0, "GLYTRS": 0, "GND": 0, "NTPP4": 0, "NTPP5": 1.501281e+00, "MELIBabc": 0, "MDH": -9.993968e+02, "GNK": 0, "MCLORi": 0, "GPDDA1": 0, "HISTP": 1.449713e-02, "GPDDA2": 0, "GTPCI": 8.053963e-03, "ME1": 0, "HISTRS": 0, "GUI1": 0, "HMPK1": 0, "GUI2": 0, "MECDPDH2": 2.477077e-03, "MECDPS": 2.477077e-03, "HPPK": 8.053963e-03, "MEPCT": 2.477077e-03, "HPROb": 0, "METAT": 1.127555e-03, "METB1": -1.393358e+00, "OMCDC": 6.894192e-02, "HSERTA": -1.393358e+00, "OXAt": 0, "MHPGLUT": 0, "HSK": 0, "METS": 2.464513e-02, "METTRS": 0, "MGSA": 0, "MI1PS2": 0, "PC": 0, "PDIPS": 0, "MGt5": 0, "HSTPT": 1.449713e-02, "MLTG1": 0, "PGMT": -2.705809e-02, "MLTG2": 0, "HXPRT": 0, "MNLDH2": 0, "MNLDHr": 0, "PMDPHT": 1.610793e-06, "PPTGS_TM": 4.445787e-03, "HYDFDN": 8.187255e+00, "ORNTAC": 5.683078e-01, "MNNH": 0, "MOHMT": 4.598813e-04, "ICDHyr": 6.951738e-01, "MTHFC": 1.635567e-01, "MTHFD": 1.635567e-01, "PPCOAC": 0, "MTHFR2": 3.269909e-02, "IGPDH": 1.449713e-02, "ORNTA": 0, "IG3PS": 1.449713e-02, "PULLe": 0, "IGPS": 8.698280e-03, "PPNDH": 2.834995e-02, "MTRI": 0, "ILETA": -4.445787e-02, "NADHDH": 4.832378e-07, "NTPP6": 0, "OAADC": 0, "PMPK": 0, "P5CR": 3.382664e-02, "NADK": 8.537201e-05, "EDD": 0, "OCBT": 5.615424e-01, "LEUTA": -6.894192e-02, "OCTDPS": 0, "NH4t": 3.735683e+00, "NADS1": 4.397464e-04, "ILETRS": 0, "IMPD": 4.484608e-02, "PUNP1": 0, "IPDPS": 2.477077e-03, "PNP": 0, "NMNAT": 0, "NNATr": 4.397464e-04, "OMPDC": 5.027284e-02, "INSTabc": 0, "ORNDC": 6.765329e-03, "NNAM": 0, "NNDPR": 4.397464e-04, "OOR2r": 0, "IPMD": 6.894192e-02, "ORPT": -5.027284e-02, "NOX": 0, "NP1": 0, "LCTSabc": 0, "NTD8": 0, "NTD1": 0, "IPPS": 6.894192e-02, "NTD3": 0, "NTD7": 0, "IPPMIa": -6.894192e-02, "NTD9": 0, "IPPMIb": -6.894192e-02, "NT5C": 0, "Kt1": 0, "LACZ": 0, "RBFK": 1.610793e-06, "LDH_L": 0, "SPRMS": 0, "LEUTRS": 0, "LYSTRS": 0,