{"SK_5mta_c": 3.063617e-04, "SK_apoACP_c": -1.223696e-04, "SK_gcald_c": 2.188298e-03, "SK_pap_c": 1.223696e-04, "ACt2r": -3.468228e+00, "ADCL": 2.188298e-03, "ADCS": 2.188298e-03, "CO2t": -1.257469e+01, "BIOMASS_Ecoli_TM": 4.376595e-02, "ALAR": 2.415881e-03, "DM_dip_d_d_c": 0, "DM_pydx5p_c": 0, "ARBabc": 0, "ACGK": 2.332725e-02, "ACCOAC": 3.006528e+00, "ALCD19": 0, "ACALD": 0, "ACGS": 0, "CRTNsyn": 0, "ACKr": -3.523226e+00, "CSNt2": 0, "ACOATA": 4.295782e-01, "ACLS": 3.645069e-02, "ACHBS": 1.207940e-02, "ACYP_2": 0, "DCYTD": 0, "DM_sprm_c": 0, "DM_thmpp_c": 0, "ADAPAT": 1.547564e-02, "ADA": 0, "ADK1": 3.053144e-01, "EX_ac_e": 3.468228e+00, "DHNPA": 2.188298e-03, "EX_ala__L_e": 0, "ADK3": -2.417215e-02, "EX_amylose300_e": 0, "EX_arab__L_e": 0, "EX_cell4_e": 0, "EX_cell500_e": 0, "EX_cell6_e": 0, "CYTD": 0, "DHPPDA": 4.376595e-07, "ADMDC": 3.063617e-04, "CHORM": 1.343615e-02, "EX_cellb_e": 0, "ADPT": 0, "BACCL": 0, "ADSL2r": 1.173610e-01, "EX_co2_e": 1.257469e+01, "EX_csn_e": 0, "EX_fe2_e": 0, "ADSL1r": 1.309893e-02, "EX_fe3_e": 0, "ATPS1": 0, "EX_fru_e": 0, "BGLA1": 0, "ADSS": 1.309893e-02, "BGLA": 0, "EX_gal_e": 0, "AGDC": 0, "EX_galman4_e": 0, "EX_galman6_e": 0, "BTS3r": 0, "AGPAT160": 1.223696e-04, "AGPR": -2.332725e-02, "CDPMEK": 6.730328e-04, "EX_galman600_e": 0, "EX_glc__D_e": 0, "AHCi": 0, "EX_glcman4_e": 0, "BUTKr": 0, "EX_glcman6_e": 0, "AHCYSNS": 0, "EX_glcman600_e": 0, "EX_glucan1500_e": 0, "EX_glucan4_e": 0, "EX_glucan6_e": 0, "EX_glyc_e": 0, "CBPS": 2.595759e-02, "CEL6abc": 0, "CEPA": 0, "CELabc": 0, "CELASE2": 0, "CELASE1": 0, "EX_glyc3p_e": 0, "EX_glycogen1500_e": 0, "AHEXASE3": 0, "EX_h_e": 3.564245e+00, "EX_h2_e": 1.394818e+01, "AHMMPS": 0, "EX_h2o_e": -5.552235e+00, "EX_h2s_e": 3.989371e+00, "CELLBabc": 0, "CHORS": 1.798781e-02, "AHSERL2": 0, "CRTNh": 0, "EX_hco3_e": -7.000113e-01, "CS": 4.860647e-02, "AICART": 1.213000e-01, "CTPS2": 6.626165e-03, "EX_ile__L_e": 0, "EX_inost_e": 0, "CYSS": 3.932590e-03, "EX_k_e": 0, "CYSTRS": 0, "ALKP": 3.059240e-04, "CYTDK2": 0, "EX_lac__L_e": 0, "AIRCr": 1.173610e-01, "EX_lcts_e": 0, "EX_leu__L_e": 0, "EX_lmn30_e": 0, "EX_lmn2_e": 0, "EX_malt_e": -2.455447e+00, "CYTK1": 8.591694e-04, "CYTK2": 0, "DAPDA": 1.547564e-02, "DAPDC": 1.547564e-02, "DAPE": 1.547564e-02, "DASYN160": 6.118480e-05, "EX_malttr_e": 0, "EX_maltttr_e": 0, "DB4PS": 8.753191e-07, "AKP1": 2.188298e-03, "DCMPDA": 0, "EX_man_e": 0, "EX_manb_e": 0, "EX_mantr_e": 0, "EX_manttr_e": 0, "DDGLK": 0, "EX_melib_e": 0, "ALAALAr": 1.207940e-03, "DDPA": 1.798781e-02, "ALATRS": 0, "EX_mg2_e": 0, "EX_na1_e": 0, "EX_nh4_e": -8.379650e-01, "ALAabc": 0, "ALR2": 0, "EX_oxa_e": 0, "DDPGA": 0, "DHAD1": 3.645069e-02, "DHAD2": 1.207940e-02, "EX_pi_e": -4.619697e-01, "EX_ptrc_e": 0, "AMYLe": 0, "EX_pullulan1200_e": 0, "DHDPRx_r": 1.547564e-02, "DHDPS": 1.547564e-02, "DHFR": 2.188298e-03, "DHFS": 2.188298e-03, "EX_raffin_e": 0, "EX_rib__D_e": 0, "EX_rmn_e": 0, "DHORTS": -1.365935e-02, "APRAUR": 4.376595e-07, "DHORD_NAD": 1.365935e-02, "DHQTi": 1.798781e-02, "EX_s_e": -4, "EX_spmd_e": 0, "EX_starch1200_e": 0, "DHQS": 1.798781e-02, "AMYe": 0, "DMATT": 6.118480e-05, "EX_sucr_e": 0, "EX_thr__L_e": 0, "EX_tre_e": 0, "DNMPPA": 0, "ARAI": 0, "DNTPPA": 0, "DPCOAK": 1.249518e-04, "EX_ura_e": 0, "EX_val__L_e": 0, "EX_xan_e": 0, "DPR": 1.249518e-04, "EX_xtsn_e": 9.601616e-02, "ANPRT": 2.363361e-03, "EX_xyl__D_e": 0, "DRBK": 0, "DRPA": 1.037290e-01, "EX_xyl3_e": 0, "ANS": 2.363361e-03, "EX_xylan12_e": 0, "DTMPK": 1.081019e-03, "ARGSL": 1.229823e-02, "DURIK1": 0, "DUTPDP": 0, "EX_xylan4_e": 0, "EX_xylan8_e": 0, "EX_xylb_e": 0, "EX_zn2_e": 0, "ARGSS": 1.229823e-02, "DM_4hba_c": 0, "FASC300": 6.118480e-05, "FASC320": 6.118480e-05, "FERIRDe": 0, "ARGTRS": 0, "FRUabc": 0, "AROH": 0, "ASAD": 5.893020e-02, "GDH1": -1.439987e-01, "GLCURT": 0, "ASNTRAT": 0, "ASP1DC": 1.249518e-04, "G3PAT160": 4.284463e-01, "ASPCT": 1.365935e-02, "ASPO2": 1.194811e-04, "GLUR": -1.207940e-03, "ASPK": -5.893020e-02, "G5SADs": 9.190850e-03, "ASPTA6": -2.498161e-02, "EDA": 0, "FPGS_tm": 0, "DXPRIi": 6.730328e-04, "ASPTRS_Asn": 0, "DXPS": 6.730328e-04, "H2Ot": 5.552235e+00, "ASPTRS": 0, "FE3abc": 0, "ASPT": -1.427582e-01, "EGLUCe": 0, "ENO": 7.418288e+00, "H2St1": 3.989371e+00, "FBA": 3.099835e+00, "ATPPRT": 3.938936e-03, "FBA2": 0, "FBA3": 0, "H2td": 1.394818e+01, "FBP": 0, "HEX4": 0, "FCI": 0, "FMETTRS": 0, "FMNAT": 4.376595e-07, "FOLD3": 2.188298e-03, "FRUK": 0, "GALM2": 0, "HCO3E": 2.356099e+00, "GLYCOe": 0, "GLNTRAT": 0, "GLU5K": 0, "GTPCII": 4.376595e-07, "IMPCT2": 0, "GRTT": 6.118480e-05, "FTCD": 0, "FTHFLi": 2.189611e-03, "GalMr": 0, "FUCASE2": 0, "IPDDI": 6.118480e-05, "FUCASE": 0, "FUM": 0, "G1PACT": 2.415881e-03, "GALS3": 0, "GLS3e": 0, "GLSe": 0, "GLCMAN4": 0, "G3PD1ir": 4.285075e-01, "G5SD": 0, "G6PDA": 0, "GLCMAN6abc": 0, "GLCMAN4abc": 0, "GLCMAN6": 0, "GALUi": 6.118480e-04, "G6PDH2r": 4.903542e+00, "GALKr": 0, "GALM1": 0, "GALMAN6abc": 0, "GALMAN4abc": 0, "GALMAN4": 0, "GALT": 0, "L_LACt2r": 0, "GALMAN6": 0, "GALMAN600b_e": 0, "LCADi": 0, "GALMAN600c_e": 0, "GALMAN600a_e": 0, "GALabc": 0, "KAS14": 4.295782e-01, "GLCabc": 0, "IMPC": -1.213000e-01, "GAPD": 7.418288e+00, "GARFT": 1.173610e-01, "MANabc": 0, "LEUabc": 0, "GF6PTA": 2.415881e-03, "GHMT2r": 2.465618e-01, "GLCAASE3": 0, "GLCS1": 6.739957e-03, "ILEabc": 0, "HSDy": 7.440584e-02, "LMNe": 0, "LMN2": 0, "KARA2": 1.207940e-02, "KARA1": -3.645069e-02, "IMP": 0, "GLNS": 3.013387e-01, "GLCURS1": 0, "GLGC": 6.739957e-03, "GLNSP2": 0, "NADHPO": 0, "NAt": 0, "GLS": 0, "MANA2": 0, "GLUCAN2abc": 0, "GLUCANabc": 0, "GluForTx": 0, "MANA3": 0, "GLUFT": 0, "NDPK2": 1.560606e-02, "NDPK3": -2.524858e-04, "GLUPRT": 1.173610e-01, "MANA1": 0, "GLUSy": 0, "NDPK4": 1.081019e-03, "NDPK5": 1.048407e-01, "LMN2abc": 0, "NDPK7": 1.111655e-03, "NDPK8": 1.081019e-03, "GLYC3Pabc": 0, "NH3c": -1.439987e-01, "GLYCDx": -3.059240e-04, "MALTTRabc": 0, "GLUTRS": 0, "GLUTRS_Gln": 0, "HCO3abc": 7.000113e-01, "GLYCK2": 0, "HEX1": 4.910894e+00, "MCOATA": 3.006528e+00, "HEX7": 0, "GLYCL_2": 0, "GLYCt": 0, "NTPP1": 1.037290e-01, "NTPP2": 0, "NTPP3": 0, "HPYRRx": 0, "GMPS2": 1.218488e-02, "HISTD": 3.938936e-03, "GLYK": 0, "GLYTRS": 0, "GND": 4.903542e+00, "NTPP4": 0, "NTPP5": 0, "MELIBabc": 0, "MDH": 0, "GNK": 0, "MCLORi": 0, "GPDDA1": 0, "HISTP": 3.938936e-03, "GPDDA2": 0, "GTPCI": 2.188298e-03, "ME1": 0, "HISTRS": 0, "GUI1": 0, "HMPK1": 0, "GUI2": 0, "MECDPDH2": 6.730328e-04, "MECDPS": 6.730328e-04, "HPPK": 2.188298e-03, "MEPCT": 6.730328e-04, "HPROb": 0, "METAT": 3.063617e-04, "METB1": -7.440584e-02, "OMCDC": 1.873183e-02, "HSERTA": -7.440584e-02, "OXAt": 0, "MHPGLUT": 0, "HSK": 0, "METS": 6.696191e-03, "METTRS": 0, "MGSA": 0, "MI1PS2": 0, "PC": 2.362486e-02, "PDIPS": 0, "MGt5": 0, "HSTPT": 3.938936e-03, "MLTG1": 0, "PGMT": -7.351805e-03, "MLTG2": 0, "HXPRT": 0, "MNLDH2": 0, "MNLDHr": 0, "PMDPHT": 4.376595e-07, "PPTGS_TM": 1.207940e-03, "HYDFDN": 6.974091e+00, "ORNTAC": 2.332725e-02, "MNNH": 0, "MOHMT": 1.249518e-04, "ICDHyr": 4.860647e-02, "MTHFC": 2.364714e-01, "MTHFD": 2.364714e-01, "PPCOAC": 0, "MTHFR2": 8.884489e-03, "IGPDH": 3.938936e-03, "ORNTA": 9.190850e-03, "IG3PS": 3.938936e-03, "PULLe": 0, "IGPS": 2.363361e-03, "PPNDH": 7.702808e-03, "MTRI": 0, "ILETA": -1.207940e-02, "NADHDH": 0, "NTPP6": 0, "OAADC": 0, "PMPK": 0, "P5CR": 9.190850e-03, "NADK": 2.319596e-05, "EDD": 0, "OCBT": 1.229823e-02, "LEUTA": -1.873183e-02, "OCTDPS": 0, "NH4t": 8.379650e-01, "NADS1": 1.194811e-04, "ILETRS": 0, "IMPD": 1.082010e-01, "PUNP1": 0, "IPDPS": 6.730328e-04, "PNP": 0, "NMNAT": 0, "NNATr": 1.194811e-04, "OMPDC": 1.365935e-02, "INSTabc": 0, "ORNDC": 1.838170e-03, "NNAM": 0, "NNDPR": 1.194811e-04, "OOR2r": 0, "IPMD": 1.873183e-02, "ORPT": -1.365935e-02, "NOX": 0, "NP1": 0, "LCTSabc": 0, "NTD8": 1.037290e-01, "NTD1": 0, "IPPS": 1.873183e-02, "NTD3": 0, "NTD7": 0, "IPPMIa": -1.873183e-02, "NTD9": 0, "IPPMIb": -1.873183e-02, "NT5C": 0, "Kt1": 0, "LACZ": 0, "RBFK": 4.376595e-07, "LDH_L": 0, "SPRMS": 0, "LEUTRS": 0, "LYSTRS": 0, "MALT": 2.455447e+00, "SUCOAS": 1.312979e-07,