{"SK_5mta_c": 6.208246e-04, "SK_apoACP_c": -2.479751e-04, "SK_gcald_c": 4.434461e-03, "SK_pap_c": 2.479751e-04, "ACt2r": -4.868050e+00, "ADCL": 4.434461e-03, "ADCS": 4.434461e-03, "CO2t": -8.222151e+00, "BIOMASS_Ecoli_TM": 8.868922e-02, "ALAR": 4.895645e-03, "DM_dip_d_d_c": 0, "DM_pydx5p_c": 0, "ARBabc": 0, "ACGK": 2.864662e-02, "ACCOAC": 1.673832e-02, "ALCD19": 6.199377e-04, "ACALD": 0, "ACGS": 0, "CRTNsyn": 0, "ACKr": -4.790672e+00, "CSNt2": 0, "ACOATA": 2.541744e-03, "ACLS": 2.557221e+00, "ACHBS": 2.447823e-02, "ACYP_2": 0, "DCYTD": 0, "DM_sprm_c": 0, "DM_thmpp_c": 0, "ADAPAT": 3.136051e-02, "ADA": 0, "ADK1": 2.474420e-01, "EX_ac_e": 4.868050e+00, "DHNPA": 4.434461e-03, "EX_ala__L_e": 0, "ADK3": -6.686591e-02, "EX_amylose300_e": 0, "EX_arab__L_e": 0, "EX_cell4_e": 0, "EX_cell500_e": 0, "EX_cell6_e": 0, "CYTD": 0, "DHPPDA": 8.868922e-07, "ADMDC": 6.208246e-04, "CHORM": 2.722759e-02, "EX_cellb_e": 0, "ADPT": 0, "BACCL": 0, "ADSL2r": 4.325418e-02, "EX_co2_e": 8.222151e+00, "EX_csn_e": 0, "EX_fe2_e": 0, "ADSL1r": 2.654424e-02, "EX_fe3_e": 0, "ATPS1": 1.693179e+00, "EX_fru_e": 0, "BGLA1": 0, "ADSS": 2.654424e-02, "BGLA": 0, "EX_gal_e": 0, "AGDC": 0, "EX_galman4_e": 0, "EX_galman6_e": 0, "BTS3r": 0, "AGPAT160": 2.479751e-04, "AGPR": -2.864662e-02, "CDPMEK": 1.363863e-03, "EX_galman600_e": 0, "EX_glc__D_e": 0, "AHCi": 0, "EX_glcman4_e": 0, "BUTKr": 0, "EX_glcman6_e": 0, "AHCYSNS": 0, "EX_glcman600_e": 0, "EX_glucan1500_e": 0, "EX_glucan4_e": 0, "EX_glucan6_e": 0, "EX_glyc_e": 0, "CBPS": 5.260158e-02, "CEL6abc": 0, "CEPA": 0, "CELabc": 0, "CELASE2": 0, "CELASE1": 0, "EX_glyc3p_e": 0, "EX_glycogen1500_e": 0, "AHEXASE3": 0, "EX_h_e": 8.186225e+00, "EX_h2_e": 1.005737e+01, "AHMMPS": 0, "EX_h2o_e": -4.345946e+00, "EX_h2s_e": 3.978461e+00, "CELLBabc": 0, "CHORS": 3.645127e-02, "AHSERL2": 3.804768e-02, "CRTNh": 0, "EX_hco3_e": 0, "CS": 9.849852e-02, "AICART": 5.123621e-02, "CTPS2": 1.117484e-02, "EX_ile__L_e": 0, "EX_inost_e": 0, "CYSS": 7.969170e-03, "EX_k_e": 0, "CYSTRS": 0, "ALKP": 0, "CYTDK2": 0, "EX_lac__L_e": 0, "AIRCr": 4.325418e-02, "EX_lcts_e": 0, "EX_leu__L_e": 0, "EX_lmn30_e": 0, "EX_lmn2_e": 0, "EX_malt_e": -2.794000e+00, "CYTK1": 1.741058e-03, "CYTK2": 2.252706e-03, "DAPDA": 3.136051e-02, "DAPDC": 3.136051e-02, "DAPE": 3.136051e-02, "DASYN160": 1.239875e-04, "EX_malttr_e": 0, "EX_maltttr_e": 0, "DB4PS": 1.773784e-06, "AKP1": 0, "DCMPDA": -2.252706e-03, "EX_man_e": 0, "EX_manb_e": 0, "EX_mantr_e": 0, "EX_manttr_e": 0, "DDGLK": 0, "EX_melib_e": 0, "ALAALAr": 2.447823e-03, "DDPA": 3.645127e-02, "ALATRS": 0, "EX_mg2_e": 0, "EX_na1_e": 0, "EX_nh4_e": -9.198035e-01, "ALAabc": 0, "ALR2": 0, "EX_oxa_e": 0, "DDPGA": 0, "DHAD1": 2.557221e+00, "DHAD2": 2.447823e-02, "EX_pi_e": -6.818117e-02, "EX_ptrc_e": 0, "AMYLe": 0, "EX_pullulan1200_e": 0, "DHDPRx_r": 3.136051e-02, "DHDPS": 3.136051e-02, "DHFR": 4.434461e-03, "DHFS": 4.434461e-03, "EX_raffin_e": 0, "EX_rib__D_e": 0, "EX_rmn_e": 0, "DHORTS": -2.767991e-02, "APRAUR": 8.868922e-07, "DHORD_NAD": 2.767991e-02, "DHQTi": 3.645127e-02, "EX_s_e": -4, "EX_spmd_e": 0, "EX_starch1200_e": 0, "DHQS": 3.645127e-02, "AMYe": 0, "DMATT": 1.239875e-04, "EX_sucr_e": 0, "EX_thr__L_e": 0, "EX_tre_e": 0, "DNMPPA": 4.434461e-03, "ARAI": 0, "DNTPPA": 4.434461e-03, "DPCOAK": 2.532077e-04, "EX_ura_e": 0, "EX_val__L_e": 0, "EX_xan_e": 0, "DPR": 2.532077e-04, "EX_xtsn_e": 0, "ANPRT": 4.789218e-03, "EX_xyl__D_e": 0, "DRBK": 0, "DRPA": 1.562970e-02, "EX_xyl3_e": 0, "ANS": 4.789218e-03, "EX_xylan12_e": 0, "DTMPK": 2.190624e-03, "ARGSL": 2.492167e-02, "DURIK1": 0, "DUTPDP": 0, "EX_xylan4_e": 0, "EX_xylan8_e": 0, "EX_xylb_e": 0, "EX_zn2_e": 0, "ARGSS": 2.492167e-02, "DM_4hba_c": 0, "FASC300": 1.239875e-04, "FASC320": 1.239875e-04, "FERIRDe": 0, "ARGTRS": 0, "FRUabc": 0, "AROH": 0, "ASAD": -7.515259e-02, "GDH1": 1000, "GLCURT": 0, "ASNTRAT": 0, "ASP1DC": 2.532077e-04, "G3PAT160": 2.479751e-04, "ASPCT": 2.767991e-02, "ASPO2": 2.421216e-04, "GLUR": -2.447823e-03, "ASPK": 7.515259e-02, "G5SADs": 1.862474e-02, "ASPTA6": -5.062381e-02, "EDA": 5.250972e+00, "FPGS_tm": 0, "DXPRIi": 1.363863e-03, "ASPTRS_Asn": 0, "DXPS": 1.363863e-03, "H2Ot": 4.345946e+00, "ASPTRS": 0, "FE3abc": 0, "ASPT": -1000, "EGLUCe": 0, "ENO": 5.449997e+00, "H2St1": 3.978461e+00, "FBA": -6.199377e-04, "ATPPRT": 7.982030e-03, "FBA2": 6.199377e-04, "FBA3": 0, "H2td": 1.005737e+01, "FBP": 0, "HEX4": 0, "FCI": 0, "FMETTRS": 0, "FMNAT": 8.868922e-07, "FOLD3": 4.434461e-03, "FRUK": -6.199377e-04, "GALM2": 0, "HCO3E": 3.117859e-01, "GLYCOe": 0, "GLNTRAT": 0, "GLU5K": 1.862474e-02, "GTPCII": 8.868922e-07, "IMPCT2": 0, "GRTT": 1.239875e-04, "FTCD": 0, "FTHFLi": 4.437122e-03, "GalMr": 0, "FUCASE2": 0, "IPDDI": 1.239875e-04, "FUCASE": 0, "FUM": -9.999053e+02, "G1PACT": 4.895645e-03, "GALS3": 0, "GLS3e": 0, "GLSe": 0, "GLCMAN4": 0, "G3PD1ir": 3.719626e-04, "G5SD": 1.862474e-02, "G6PDA": -4.895645e-03, "GLCMAN6abc": 0, "GLCMAN4abc": 0, "GLCMAN6": 0, "GALUi": 1.239875e-03, "G6PDH2r": 5.967066e+00, "GALKr": 0, "GALM1": 0, "GALMAN6abc": 0, "GALMAN4abc": 0, "GALMAN4": 0, "GALT": 0, "L_LACt2r": 0, "GALMAN6": 0, "GALMAN600b_e": 0, "LCADi": 0, "GALMAN600c_e": 0, "GALMAN600a_e": 0, "GALabc": 0, "KAS14": 2.541744e-03, "GLCabc": 0, "IMPC": -5.123621e-02, "GAPD": 5.449997e+00, "GARFT": 4.325418e-02, "MANabc": 0, "LEUabc": 0, "GF6PTA": 0, "GHMT2r": 1.105010e-01, "GLCAASE3": 0, "GLCS1": 1.365814e-02, "ILEabc": 0, "HSDy": -4.379208e-02, "LMNe": 0, "LMN2": 0, "KARA2": 2.447823e-02, "KARA1": -2.557221e+00, "IMP": 0, "GLNS": 2.143548e-01, "GLCURS1": 0, "GLGC": 1.365814e-02, "GLNSP2": 0, "NADHPO": 0, "NAt": 2.708202e-01, "GLS": 0, "MANA2": 0, "GLUCAN2abc": 0, "GLUCANabc": 0, "GluForTx": 0, "MANA3": 0, "GLUFT": 0, "NDPK2": 2.937210e-02, "NDPK3": 1.741058e-03, "GLUPRT": 4.325418e-02, "MANA1": 0, "GLUSy": 0, "NDPK4": 2.190624e-03, "NDPK5": 0, "LMN2abc": 0, "NDPK7": 2.252706e-03, "NDPK8": 2.190624e-03, "GLYC3Pabc": 0, "NH3c": 1000, "GLYCDx": 0, "MALTTRabc": 0, "GLUTRS": 0, "GLUTRS_Gln": 0, "HCO3abc": 0, "GLYCK2": 0, "HEX1": 5.588000e+00, "MCOATA": 1.673832e-02, "HEX7": 0, "GLYCL_2": 0, "GLYCt": 0, "NTPP1": 1.562970e-02, "NTPP2": 0, "NTPP3": 0, "HPYRRx": 0, "GMPS2": 2.469197e-02, "HISTD": 7.982030e-03, "GLYK": 0, "GLYTRS": 0, "GND": 7.160934e-01, "NTPP4": 0, "NTPP5": 0, "MELIBabc": 0, "MDH": -9.999053e+02, "GNK": 0, "MCLORi": 0, "GPDDA1": 0, "HISTP": 7.982030e-03, "GPDDA2": 0, "GTPCI": 4.434461e-03, "ME1": 0, "HISTRS": 0, "GUI1": 0, "HMPK1": 0, "GUI2": 0, "MECDPDH2": 1.363863e-03, "MECDPS": 1.363863e-03, "HPPK": 4.434461e-03, "MEPCT": 1.363863e-03, "HPROb": 0, "METAT": 6.208246e-04, "METB1": 0, "OMCDC": 3.795899e-02, "HSERTA": 3.804768e-02, "OXAt": 0, "MHPGLUT": 0, "HSK": 5.744401e-03, "METS": 1.356945e-02, "METTRS": 0, "MGSA": 0, "MI1PS2": 0, "PC": 2.424460e-01, "PDIPS": 0, "MGt5": 0, "HSTPT": 7.982030e-03, "MLTG1": 0, "PGMT": -1.489802e-02, "MLTG2": 0, "HXPRT": 0, "MNLDH2": 0, "MNLDHr": 0, "PMDPHT": 8.868922e-07, "PPTGS_TM": 2.447823e-03, "HYDFDN": 5.028687e+00, "ORNTAC": 2.864662e-02, "MNNH": 0, "MOHMT": 2.532077e-04, "ICDHyr": 9.849852e-02, "MTHFC": 9.005326e-02, "MTHFD": 9.005326e-02, "PPCOAC": 0, "MTHFR2": 1.800391e-02, "IGPDH": 7.982030e-03, "ORNTA": 0, "IG3PS": 7.982030e-03, "PULLe": 0, "IGPS": 4.789218e-03, "PPNDH": 1.560930e-02, "MTRI": 0, "ILETA": -2.447823e-02, "NADHDH": 0, "NTPP6": 0, "OAADC": 0, "PMPK": 0, "P5CR": 1.862474e-02, "NADK": 4.700529e-05, "EDD": 5.250972e+00, "OCBT": 2.492167e-02, "LEUTA": -3.795899e-02, "OCTDPS": 0, "NH4t": 9.198035e-01, "NADS1": 2.421216e-04, "ILETRS": 0, "IMPD": 2.469197e-02, "PUNP1": 0, "IPDPS": 1.363863e-03, "PNP": 0, "NMNAT": 0, "NNATr": 2.421216e-04, "OMPDC": 2.767991e-02, "INSTabc": 0, "ORNDC": 3.724947e-03, "NNAM": 0, "NNDPR": 2.421216e-04, "OOR2r": 2.660677e-07, "IPMD": 3.795899e-02, "ORPT": -2.767991e-02, "NOX": 0, "NP1": 0, "LCTSabc": 0, "NTD8": 1.562970e-02, "NTD1": 0, "IPPS": 3.795899e-02, "NTD3": 0, "NTD7": 0, "IPPMIa": -3.795899e-02, "NTD9": 0, "IPPMIb": -3.795899e-02, "NT5C": 0, "Kt1": 0, "LACZ": 0, "RBFK": 8.868922e-07, "LDH_L": 0, "SPRMS": 0,