{"SK_5mta_c": 4.113427e-04, "SK_apoACP_c": -1.643020e-04, "SK_gcald_c": 2.938162e-03, "SK_pap_c": 1.643020e-04, "ACt2r": -4.649732e+00, "ADCL": 2.938162e-03, "ADCS": 2.938162e-03, "CO2t": -1.021385e+01, "BIOMASS_Ecoli_TM": 5.876324e-02, "ALAR": 3.243731e-03, "DM_dip_d_d_c": 0, "DM_pydx5p_c": 0, "ARBabc": 0, "ACGK": 3.132081e-02, "ACCOAC": 1.109039e-02, "ALCD19": 0, "ACALD": 0, "ACGS": 0, "CRTNsyn": 0, "ACKr": -4.614683e+00, "CSNt2": 0, "ACOATA": 1.684096e-03, "ACLS": 2.411676e+00, "ACHBS": 1.621865e-02, "ACYP_2": 0, "DCYTD": 0, "DM_sprm_c": 0, "DM_thmpp_c": 0, "ADAPAT": 2.077868e-02, "ADA": 0, "ADK1": 1.921499e-01, "EX_ac_e": 4.649732e+00, "DHNPA": 2.938162e-03, "EX_ala__L_e": 0, "ADK3": -3.245523e-02, "EX_amylose300_e": 0, "EX_arab__L_e": 0, "EX_cell4_e": 0, "EX_cell500_e": 0, "EX_cell6_e": 0, "CYTD": 0, "DHPPDA": 5.876324e-07, "ADMDC": 4.113427e-04, "CHORM": 1.804032e-02, "EX_cellb_e": 0, "ADPT": 0, "BACCL": 0, "ADSL2r": 4.868388e-02, "EX_co2_e": 1.021385e+01, "EX_csn_e": 0, "EX_fe2_e": 0, "ADSL1r": 1.758754e-02, "EX_fe3_e": 0, "ATPS1": 0, "EX_fru_e": 0, "BGLA1": 0, "ADSS": 1.758754e-02, "BGLA": 0, "EX_gal_e": 0, "AGDC": 0, "EX_galman4_e": 0, "EX_galman6_e": 0, "BTS3r": 0, "AGPAT160": 1.643020e-04, "AGPR": -3.132081e-02, "CDPMEK": 9.036611e-04, "EX_galman600_e": 0, "EX_glc__D_e": 0, "AHCi": 0, "EX_glcman4_e": 0, "BUTKr": 0, "EX_glcman6_e": 0, "AHCYSNS": 0, "EX_glcman600_e": 0, "EX_glucan1500_e": 0, "EX_glucan4_e": 0, "EX_glucan6_e": 0, "EX_glyc_e": 0, "CBPS": 3.485248e-02, "CEL6abc": 0, "CEPA": 0, "CELabc": 0, "CELASE2": 0, "CELASE1": 0, "EX_glyc3p_e": 0, "EX_glycogen1500_e": 0, "AHEXASE3": 0, "EX_h_e": 4.669757e+00, "EX_h2_e": 9.512334e+00, "AHMMPS": 0, "EX_h2o_e": -3.243804e+00, "EX_h2s_e": 2.770511e+00, "CELLBabc": 0, "CHORS": 2.415169e-02, "AHSERL2": 8.990776e-03, "CRTNh": 0, "EX_hco3_e": -2.975940e+00, "CS": 6.526263e-02, "AICART": 5.397257e-02, "CTPS2": 8.896755e-03, "EX_ile__L_e": 0, "EX_inost_e": 0, "CYSS": 5.280171e-03, "EX_k_e": 0, "CYSTRS": 0, "ALKP": 6.572081e-04, "CYTDK2": 0, "EX_lac__L_e": 0, "AIRCr": 4.868388e-02, "EX_lcts_e": 0, "EX_leu__L_e": 0, "EX_lmn30_e": 0, "EX_lmn2_e": 0, "EX_malt_e": -2.553364e+00, "CYTK1": 1.153581e-03, "CYTK2": 0, "DAPDA": 2.077868e-02, "DAPDC": 2.077868e-02, "DAPE": 2.077868e-02, "DASYN160": 8.215101e-05, "EX_malttr_e": 0, "EX_maltttr_e": 0, "DB4PS": 1.175265e-06, "AKP1": 2.938162e-03, "DCMPDA": 0, "EX_man_e": 0, "EX_manb_e": 0, "EX_mantr_e": 0, "EX_manttr_e": 0, "DDGLK": 0, "EX_melib_e": 0, "ALAALAr": 1.621865e-03, "DDPA": 2.415169e-02, "ALATRS": 0, "EX_mg2_e": 0, "EX_na1_e": 0, "EX_nh4_e": -6.895376e-01, "ALAabc": 0, "ALR2": 0, "EX_oxa_e": 0, "DDPGA": 0, "DHAD1": 4.894126e-02, "DHAD2": 1.621865e-02, "EX_pi_e": -4.517512e-02, "EX_ptrc_e": 0, "AMYLe": 0, "EX_pullulan1200_e": 0, "DHDPRx_r": 2.077868e-02, "DHDPS": 2.077868e-02, "DHFR": 2.938162e-03, "DHFS": 2.938162e-03, "EX_raffin_e": 0, "EX_rib__D_e": 0, "EX_rmn_e": 0, "DHORTS": -1.834001e-02, "APRAUR": 5.876324e-07, "DHORD_NAD": 1.834001e-02, "DHQTi": 2.415169e-02, "EX_s_e": -2.784782e+00, "EX_spmd_e": 0, "EX_starch1200_e": 0, "DHQS": 2.415169e-02, "AMYe": 0, "DMATT": 8.215101e-05, "EX_sucr_e": 0, "EX_thr__L_e": 0, "EX_tre_e": 0, "DNMPPA": 0, "ARAI": 0, "DNTPPA": 0, "DPCOAK": 1.677691e-04, "EX_ura_e": 0, "EX_val__L_e": 0, "EX_xan_e": 0, "DPR": 1.677691e-04, "EX_xtsn_e": 2.002475e-02, "ANPRT": 3.173215e-03, "EX_xyl__D_e": 0, "DRBK": 0, "DRPA": 3.038060e-02, "EX_xyl3_e": 0, "ANS": 3.173215e-03, "EX_xylan12_e": 0, "DTMPK": 1.451452e-03, "ARGSL": 1.651247e-02, "DURIK1": 0, "DUTPDP": 0, "EX_xylan4_e": 0, "EX_xylan8_e": 0, "EX_xylb_e": 0, "EX_zn2_e": 0, "ARGSS": 1.651247e-02, "DM_4hba_c": 0, "FASC300": 8.215101e-05, "FASC320": 8.215101e-05, "FERIRDe": 0, "ARGTRS": 0, "FRUabc": 0, "AROH": 0, "ASAD": -2.976946e-02, "GDH1": -1.933428e-01, "GLCURT": 0, "ASNTRAT": 0, "ASP1DC": 1.677691e-04, "G3PAT160": 1.643020e-04, "ASPCT": 1.834001e-02, "ASPO2": 1.604236e-04, "GLUR": -1.621865e-03, "ASPK": 2.976946e-02, "G5SADs": 1.234028e-02, "ASPTA6": 7.535122e-02, "EDA": 4.973888e+00, "FPGS_tm": 0, "DXPRIi": 9.036611e-04, "ASPTRS_Asn": 0, "DXPS": 9.036611e-04, "H2Ot": 3.243804e+00, "ASPTRS": 0, "FE3abc": 0, "ASPT": -8.278389e-02, "EGLUCe": 0, "ENO": 5.104160e+00, "H2St1": 2.770511e+00, "FBA": 0, "ATPPRT": 5.288692e-03, "FBA2": 0, "FBA3": 0, "H2td": 9.512334e+00, "FBP": 0, "HEX4": 0, "FCI": 0, "FMETTRS": 0, "FMNAT": 5.876324e-07, "FOLD3": 2.938162e-03, "FRUK": 0, "GALM2": 0, "HCO3E": -2.789383e+00, "GLYCOe": 0, "GLNTRAT": 0, "GLU5K": 0, "GTPCII": 5.876324e-07, "IMPCT2": 0, "GRTT": 8.215101e-05, "FTCD": 0, "FTHFLi": 2.939925e-03, "GalMr": 0, "FUCASE2": 0, "IPDDI": 8.215101e-05, "FUCASE": 0, "FUM": 0, "G1PACT": 3.243731e-03, "GALS3": 0, "GLS3e": 0, "GLSe": 0, "GLCMAN4": 0, "G3PD1ir": 0, "G5SD": 0, "G6PDA": 0, "GLCMAN6abc": 0, "GLCMAN4abc": 0, "GLCMAN6": 0, "GALUi": 8.215101e-04, "G6PDH2r": 5.096858e+00, "GALKr": 0, "GALM1": 0, "GALMAN6abc": 0, "GALMAN4abc": 0, "GALMAN4": 0, "GALT": 0, "L_LACt2r": 0, "GALMAN6": 0, "GALMAN600b_e": 0, "LCADi": 0, "GALMAN600c_e": 0, "GALMAN600a_e": 0, "GALabc": 0, "KAS14": 1.684096e-03, "GLCabc": 0, "IMPC": -5.397257e-02, "GAPD": 4.995267e+00, "GARFT": 4.868388e-02, "MANabc": 0, "LEUabc": 0, "GF6PTA": 3.243731e-03, "GHMT2r": 1.132647e-01, "GLCAASE3": 0, "GLCS1": 9.049539e-03, "ILEabc": 0, "HSDy": -8.990776e-03, "LMNe": 0, "LMN2": 0, "KARA2": 1.621865e-02, "KARA1": -2.411676e+00, "IMP": 0, "GLNS": 1.868119e-01, "GLCURS1": 0, "GLGC": 9.049539e-03, "GLNSP2": 0, "NADHPO": 0, "NAt": 0, "GLS": 0, "MANA2": 0, "GLUCAN2abc": 0, "GLUCANabc": 0, "GluForTx": 0, "MANA3": 0, "GLUFT": 0, "NDPK2": 2.095380e-02, "NDPK3": -3.390051e-04, "GLUPRT": 4.868388e-02, "MANA1": 0, "GLUSy": 0, "NDPK4": 1.451452e-03, "NDPK5": 3.187318e-02, "LMN2abc": 0, "NDPK7": 1.492586e-03, "NDPK8": 1.451452e-03, "GLYC3Pabc": 0, "NH3c": -1.933428e-01, "GLYCDx": -6.572081e-04, "MALTTRabc": 0, "GLUTRS": 0, "GLUTRS_Gln": 0, "HCO3abc": 2.975940e+00, "GLYCK2": 1.088933e-01, "HEX1": 5.106729e+00, "MCOATA": 1.109039e-02, "HEX7": 0, "GLYCL_2": 0, "GLYCt": 0, "NTPP1": 3.038060e-02, "NTPP2": 0, "NTPP3": 0, "HPYRRx": 1.088933e-01, "GMPS2": 1.636027e-02, "HISTD": 5.288692e-03, "GLYK": 2.464530e-04, "GLYTRS": 0, "GND": 1.229694e-01, "NTPP4": 0, "NTPP5": 0, "MELIBabc": 0, "MDH": 0, "GNK": 0, "MCLORi": 0, "GPDDA1": 0, "HISTP": 5.288692e-03, "GPDDA2": 0, "GTPCI": 2.938162e-03, "ME1": 0, "HISTRS": 0, "GUI1": 0, "HMPK1": 0, "GUI2": 0, "MECDPDH2": 9.036611e-04, "MECDPS": 9.036611e-04, "HPPK": 2.938162e-03, "MEPCT": 9.036611e-04, "HPROb": 0, "METAT": 4.113427e-04, "METB1": 0, "OMCDC": 2.515067e-02, "HSERTA": 8.990776e-03, "OXAt": 0, "MHPGLUT": 0, "HSK": 0, "METS": 8.990776e-03, "METTRS": 0, "MGSA": 0, "MI1PS2": 0, "PC": 1.406139e-01, "PDIPS": 0, "MGt5": 0, "HSTPT": 5.288692e-03, "MLTG1": 0, "PGMT": -9.871049e-03, "MLTG2": 0, "HXPRT": 0, "MNLDH2": 0, "MNLDHr": 0, "PMDPHT": 5.876324e-07, "PPTGS_TM": 1.621865e-03, "HYDFDN": 4.756167e+00, "ORNTAC": 3.132081e-02, "MNNH": 0, "MOHMT": 1.677691e-04, "ICDHyr": 6.526263e-02, "MTHFC": 9.971652e-02, "MTHFD": 9.971652e-02, "PPCOAC": 0, "MTHFR2": 1.192894e-02, "IGPDH": 5.288692e-03, "ORNTA": 1.234028e-02, "IG3PS": 5.288692e-03, "PULLe": 0, "IGPS": 3.173215e-03, "PPNDH": 1.034233e-02, "MTRI": 0, "ILETA": -1.621865e-02, "NADHDH": 0, "NTPP6": 0, "OAADC": 0, "PMPK": 0, "P5CR": 1.234028e-02, "NADK": 3.114452e-05, "EDD": 4.973888e+00, "OCBT": 1.651247e-02, "LEUTA": -2.515067e-02, "OCTDPS": 0, "NH4t": 6.895376e-01, "NADS1": 1.604236e-04, "ILETRS": 0, "IMPD": 3.638502e-02, "PUNP1": 0, "IPDPS": 9.036611e-04, "PNP": 0, "NMNAT": 0, "NNATr": 1.604236e-04, "OMPDC": 1.834001e-02, "INSTabc": 0, "ORNDC": 2.468056e-03, "NNAM": 0, "NNDPR": 1.604236e-04, "OOR2r": 1.762897e-07, "IPMD": 2.515067e-02, "ORPT": -1.834001e-02, "NOX": 0, "NP1": 0, "LCTSabc": 0, "NTD8": 3.038060e-02, "NTD1": 0, "IPPS": 2.515067e-02, "NTD3": 0, "NTD7": 0, "IPPMIa": -2.515067e-02, "NTD9": 0, "IPPMIb": -2.515067e-02, "NT5C": 0, "Kt1": 0, "LACZ": 0, "RBFK": 5.876324e-07, "LDH_L": 0, "SPRMS": 0, "LEUTRS": 0, "LYSTRS": 0,