{"SK_5mta_c": 4.517330e-03, "SK_apoACP_c": -7.120363e-05, "SK_gcald_c": 1.273312e-03, "SK_pap_c": 7.120363e-05, "ACt2r": -1.039771e+01, "ADCL": 1.273312e-03, "ADCS": 1.273312e-03, "CO2t": -1.045079e+01, "BIOMASS_Ecoli_TM": 2.546625e-02, "ALAR": 1.405737e-03, "DM_dip_d_d_c": 0, "DM_pydx5p_c": 0, "ARBabc": 0, "ACGK": 1.574304e-02, "ACCOAC": 4.806245e-03, "ALCD19": 0, "ACALD": 0, "ACGS": 0, "CRTNsyn": 0, "ACKr": -1.037818e+01, "CSNt2": 0, "ACOATA": 7.298372e-04, "ACLS": 2.120969e-02, "ACHBS": 7.028684e-03, "ACYP_2": 0, "DCYTD": 0, "DM_sprm_c": 2.169533e-03, "DM_thmpp_c": 0, "ADAPAT": 9.004865e-03, "ADA": 0, "ADK1": 3.628296e-01, "EX_ac_e": 1.039771e+01, "DHNPA": 1.273312e-03, "EX_ala__L_e": 0, "ADK3": -1.905104e-02, "EX_amylose300_e": 0, "EX_arab__L_e": 0, "EX_cell4_e": 0, "EX_cell500_e": 0, "EX_cell6_e": 0, "CYTD": 0, "DHPPDA": 2.546625e-07, "ADMDC": 4.517330e-03, "CHORM": 7.818138e-03, "EX_cellb_e": 0, "ADPT": 1.316605e-02, "BACCL": 0, "ADSL2r": 1.675908e-02, "EX_co2_e": 1.045079e+01, "EX_csn_e": 0, "EX_fe2_e": 0, "ADSL1r": 1.196099e-02, "EX_fe3_e": 0, "ATPS1": 0, "EX_fru_e": 0, "BGLA1": 0, "ADSS": 1.196099e-02, "BGLA": 0, "EX_gal_e": 0, "AGDC": 0, "EX_galman4_e": 0, "EX_galman6_e": 0, "BTS3r": 0, "AGPAT160": 7.120363e-05, "AGPR": -1.574304e-02, "CDPMEK": 3.916199e-04, "EX_galman600_e": 0, "EX_glc__D_e": 0, "AHCi": 0, "EX_glcman4_e": 0, "BUTKr": 0, "EX_glcman6_e": 0, "AHCYSNS": 0, "EX_glcman600_e": 0, "EX_glucan1500_e": 0, "EX_glucan4_e": 0, "EX_glucan6_e": 0, "EX_glyc_e": 0, "CBPS": 1.510403e-02, "CEL6abc": 0, "CEPA": 0, "CELabc": 0, "CELASE2": 0, "CELASE1": 0, "EX_glyc3p_e": 0, "EX_glycogen1500_e": 0, "AHEXASE3": 0, "EX_h_e": 1.039771e+01, "EX_h2_e": 2.089200e+01, "AHMMPS": 0, "EX_h2o_e": -1.191502e+01, "EX_h2s_e": 2.891398e-02, "CELLBabc": 0, "CHORS": 1.046663e-02, "AHSERL2": 8.235402e-03, "CRTNh": 0, "EX_hco3_e": 0, "CS": 3.045235e-02, "AICART": 1.905104e-02, "CTPS2": 3.855590e-03, "EX_ile__L_e": 0, "EX_inost_e": 0, "CYSS": 2.288270e-03, "EX_k_e": 0, "CYSTRS": 0, "ALKP": 2.848145e-04, "CYTDK2": 0, "EX_lac__L_e": 0, "AIRCr": 1.675908e-02, "EX_lcts_e": 0, "EX_leu__L_e": 0, "EX_lmn30_e": 0, "EX_lmn2_e": 0, "EX_malt_e": -2.794000e+00, "CYTK1": 4.999279e-04, "CYTK2": 2.126508e+00, "DAPDA": 9.004865e-03, "DAPDC": 9.004865e-03, "DAPE": 9.004865e-03, "DASYN160": 3.560181e-05, "EX_malttr_e": 0, "EX_maltttr_e": 0, "DB4PS": 5.093249e-07, "AKP1": 1.273312e-03, "DCMPDA": 0, "EX_man_e": 0, "EX_manb_e": 0, "EX_mantr_e": 0, "EX_manttr_e": 0, "DDGLK": 0, "EX_melib_e": 0, "ALAALAr": 7.028684e-04, "DDPA": 1.046663e-02, "ALATRS": 0, "EX_mg2_e": 0, "EX_na1_e": 0, "EX_nh4_e": -2.944861e-01, "ALAabc": 0, "ALR2": 0, "EX_oxa_e": 0, "DDPGA": 0, "DHAD1": 2.120969e-02, "DHAD2": 7.028684e-03, "EX_pi_e": -8.037944e-01, "EX_ptrc_e": 0, "AMYLe": 0, "EX_pullulan1200_e": 0, "DHDPRx_r": 9.004865e-03, "DHDPS": 9.004865e-03, "DHFR": 1.273312e-03, "DHFS": 1.273312e-03, "EX_raffin_e": 0, "EX_rib__D_e": 0, "EX_rmn_e": 0, "DHORTS": -7.948016e-03, "APRAUR": 2.546625e-07, "DHORD_NAD": 7.948016e-03, "DHQTi": 1.046663e-02, "EX_s_e": -3.943765e-02, "EX_spmd_e": 0, "EX_starch1200_e": 0, "DHQS": 1.046663e-02, "AMYe": 0, "DMATT": 3.560181e-05, "EX_sucr_e": 0, "EX_thr__L_e": 0, "EX_tre_e": 0, "DNMPPA": 0, "ARAI": 0, "DNTPPA": 0, "DPCOAK": 7.270614e-05, "EX_ura_e": 0, "EX_val__L_e": 0, "EX_xan_e": 0, "DPR": 7.270614e-05, "EX_xtsn_e": 0, "ANPRT": 1.375177e-03, "EX_xyl__D_e": 0, "DRBK": 0, "DRPA": 1.316605e-02, "EX_xyl3_e": 0, "ANS": 1.375177e-03, "EX_xylan12_e": 0, "DTMPK": 6.290163e-04, "ARGSL": 7.156015e-03, "DURIK1": 0, "DUTPDP": 6.290163e-04, "EX_xylan4_e": 0, "EX_xylan8_e": 0, "EX_xylb_e": 0, "EX_zn2_e": 0, "ARGSS": 7.156015e-03, "DM_4hba_c": 0, "FASC300": 3.560181e-05, "FASC320": 3.560181e-05, "FERIRDe": 0, "ARGTRS": 0, "FRUabc": 0, "AROH": 0, "ASAD": -1.724027e-02, "GDH1": 5.200558e+00, "GLCURT": 0, "ASNTRAT": 0, "ASP1DC": 7.270614e-05, "G3PAT160": 7.120363e-05, "ASPCT": 7.948016e-03, "ASPO2": 6.952285e-05, "GLUR": -7.028684e-04, "ASPK": 1.724027e-02, "G5SADs": 5.347912e-03, "ASPTA6": 3.699413e-02, "EDA": 5.376817e+00, "FPGS_tm": 0, "DXPRIi": 3.916199e-04, "ASPTRS_Asn": 0, "DXPS": 3.916199e-04, "H2Ot": 1.191502e+01, "ASPTRS": 0, "FE3abc": 0, "ASPT": -3.587601e-02, "EGLUCe": 0, "ENO": 5.334159e+00, "H2St1": 2.891398e-02, "FBA": 0, "ATPPRT": 2.291962e-03, "FBA2": 0, "FBA3": 0, "H2td": 2.089200e+01, "FBP": 0, "HEX4": 0, "FCI": 0, "FMETTRS": 0, "FMNAT": 2.546625e-07, "FOLD3": 1.273312e-03, "FRUK": 0, "GALM2": 0, "HCO3E": 8.735675e-02, "GLYCOe": 0, "GLNTRAT": 0, "GLU5K": 0, "GTPCII": 2.546625e-07, "IMPCT2": 0, "GRTT": 3.560181e-05, "FTCD": 0, "FTHFLi": 1.274076e-03, "GalMr": 0, "FUCASE2": 0, "IPDDI": 3.560181e-05, "FUCASE": 0, "FUM": 0, "G1PACT": 1.405737e-03, "GALS3": 0, "GLS3e": 0, "GLSe": 0, "GLCMAN4": 0, "G3PD1ir": 0, "G5SD": 0, "G6PDA": 0, "GLCMAN6abc": 0, "GLCMAN4abc": 0, "GLCMAN6": 0, "GALUi": 3.560181e-04, "G6PDH2r": 5.376817e+00, "GALKr": 0, "GALM1": 0, "GALMAN6abc": 0, "GALMAN4abc": 0, "GALMAN4": 0, "GALT": 0, "L_LACt2r": 0, "GALMAN6": 0, "GALMAN600b_e": 0, "LCADi": 0, "GALMAN600c_e": 0, "GALMAN600a_e": 0, "GALabc": 0, "KAS14": 7.298372e-04, "GLCabc": 0, "IMPC": -1.905104e-02, "GAPD": 5.282629e+00, "GARFT": 1.675908e-02, "MANabc": 0, "LEUabc": 0, "GF6PTA": 1.405737e-03, "GHMT2r": 4.474649e-02, "GLCAASE3": 0, "GLCS1": 3.921802e-03, "ILEabc": 0, "HSDy": -8.235402e-03, "LMNe": 0, "LMN2": 0, "KARA2": 7.028684e-03, "KARA1": -2.120969e-02, "IMP": 0, "GLNS": 5.360966e+00, "GLCURS1": 0, "GLGC": 3.921802e-03, "GLNSP2": 0, "NADHPO": 0, "NAt": 0, "GLS": 0, "MANA2": 0, "GLUCAN2abc": 0, "GLUCANabc": 0, "GluForTx": 0, "MANA3": 0, "GLUFT": 0, "NDPK2": 9.709771e-03, "NDPK3": 4.999279e-04, "GLUPRT": 1.675908e-02, "MANA1": 0, "GLUSy": 5.288686e+00, "NDPK4": 6.290163e-04, "NDPK5": 0, "LMN2abc": 0, "NDPK7": 2.126508e+00, "NDPK8": 0, "GLYC3Pabc": 0, "NH3c": 5.200558e+00, "GLYCDx": -2.848145e-04, "MALTTRabc": 0, "GLUTRS": 0, "GLUTRS_Gln": 0, "HCO3abc": 0, "GLYCK2": 5.153026e-02, "HEX1": 5.588000e+00, "MCOATA": 4.806245e-03, "HEX7": 0, "GLYCL_2": 0, "GLYCt": 0, "NTPP1": 0, "NTPP2": 0, "NTPP3": 2.126508e+00, "HPYRRx": 5.153026e-02, "GMPS2": 7.090058e-03, "HISTD": 2.291962e-03, "GLYK": 1.068054e-04, "GLYTRS": 0, "GND": 0, "NTPP4": 0, "NTPP5": 1.316605e-02, "MELIBabc": 0, "MDH": 0, "GNK": 0, "MCLORi": 0, "GPDDA1": 0, "HISTP": 2.291962e-03, "GPDDA2": 0, "GTPCI": 1.273312e-03, "ME1": 0, "HISTRS": 0, "GUI1": 0, "HMPK1": 0, "GUI2": 0, "MECDPDH2": 3.916199e-04, "MECDPS": 3.916199e-04, "HPPK": 1.273312e-03, "MEPCT": 3.916199e-04, "HPROb": 0, "METAT": 4.517330e-03, "METB1": 0, "OMCDC": 1.089955e-02, "HSERTA": 8.235402e-03, "OXAt": 0, "MHPGLUT": 0, "HSK": 0, "METS": 8.235402e-03, "METTRS": 0, "MGSA": 0, "MI1PS2": 0, "PC": 6.744648e-02, "PDIPS": 0, "MGt5": 0, "HSTPT": 2.291962e-03, "MLTG1": 0, "PGMT": -4.277820e-03, "MLTG2": 0, "HXPRT": 0, "MNLDH2": 0, "MNLDHr": 0, "PMDPHT": 2.546625e-07, "PPTGS_TM": 7.028684e-04, "HYDFDN": 1.044600e+01, "ORNTAC": 1.574304e-02, "MNNH": 0, "MOHMT": 7.270614e-05, "ICDHyr": 3.045235e-02, "MTHFC": 3.453605e-02, "MTHFD": 3.453605e-02, "PPCOAC": 0, "MTHFR2": 9.508715e-03, "IGPDH": 2.291962e-03, "ORNTA": 5.347912e-03, "IG3PS": 2.291962e-03, "PULLe": 0, "IGPS": 1.375177e-03, "PPNDH": 4.482060e-03, "MTRI": 0, "ILETA": -7.028684e-03, "NADHDH": 7.639874e-08, "NTPP6": 0, "OAADC": 0, "PMPK": 0, "P5CR": 5.347912e-03, "NADK": 1.349711e-05, "EDD": 5.376817e+00, "OCBT": 7.156015e-03, "LEUTA": -1.089955e-02, "OCTDPS": 0, "NH4t": 2.944861e-01, "NADS1": 6.952285e-05, "ILETRS": 0, "IMPD": 7.090058e-03, "PUNP1": 0, "IPDPS": 3.916199e-04, "PNP": 0, "NMNAT": 0, "NNATr": 6.952285e-05, "OMPDC": 7.948016e-03, "INSTabc": 0, "ORNDC": 3.239116e-03, "NNAM": 0, "NNDPR": 6.952285e-05, "OOR2r": 0, "IPMD": 1.089955e-02, "ORPT": -7.948016e-03, "NOX": 0, "NP1": 0, "LCTSabc": 0, "NTD8": 0, "NTD1": 0, "IPPS": 1.089955e-02, "NTD3": 0, "NTD7": 0, "IPPMIa": -1.089955e-02, "NTD9": 0, "IPPMIb": -1.089955e-02, "NT5C": 0, "Kt1": 0, "LACZ": 0, "RBFK": 2.546625e-07, "LDH_L": 0, "SPRMS": 2.169533e-03, "LEUTRS": 0, "LYSTRS": 0,