{"SK_5mta_c": 5.083874e-02, "SK_apoACP_c": -6.458632e-05, "SK_gcald_c": 1.154977e-03, "SK_pap_c": 6.458632e-05, "ACt2r": -9.474369e+00, "ADCL": 1.154977e-03, "ADCS": 1.154977e-03, "CO2t": -1.153815e+01, "BIOMASS_Ecoli_TM": 2.309954e-02, "ALAR": 1.275095e-03, "DM_dip_d_d_c": 0, "DM_pydx5p_c": 0, "ARBabc": 0, "ACGK": 3.765058e-02, "ACCOAC": 4.359576e-03, "ALCD19": 0, "ACALD": 0, "ACGS": 0, "CRTNsyn": 0, "ACKr": -9.409914e+00, "CSNt2": 0, "ACOATA": 6.620098e-04, "ACLS": 1.923857e-02, "ACHBS": 6.375473e-03, "ACYP_2": 0, "DCYTD": 0, "DM_sprm_c": 2.533852e-02, "DM_thmpp_c": 0, "ADAPAT": 8.167998e-03, "ADA": 0, "ADK1": 8.402997e-01, "EX_ac_e": 9.474369e+00, "DHNPA": 1.154977e-03, "EX_ala__L_e": 0, "ADK3": -2.742849e-01, "EX_amylose300_e": 0, "EX_arab__L_e": 0, "EX_cell4_e": 0, "EX_cell500_e": 0, "EX_cell6_e": 0, "CYTD": 0, "DHPPDA": 1.054252e-01, "ADMDC": 5.083874e-02, "CHORM": 7.091559e-03, "EX_cellb_e": 0, "ADPT": 0, "BACCL": 0, "ADSL2r": 2.727926e-01, "EX_co2_e": 1.153815e+01, "EX_csn_e": 0, "EX_fe2_e": 0, "ADSL1r": 1.630155e-01, "EX_fe3_e": 0, "ATPS1": 0, "EX_fru_e": 0, "BGLA1": 0, "ADSS": 1.630155e-01, "BGLA": 0, "EX_gal_e": 0, "AGDC": 0, "EX_galman4_e": 0, "EX_galman6_e": 0, "BTS3r": 0, "AGPAT160": 6.458632e-05, "AGPR": -3.765058e-02, "CDPMEK": 3.552247e-04, "EX_galman600_e": 0, "EX_glc__D_e": 0, "AHCi": 0, "EX_glcman4_e": 0, "BUTKr": 0, "EX_glcman6_e": 0, "AHCYSNS": 0, "EX_glcman600_e": 0, "EX_glucan1500_e": 0, "EX_glucan4_e": 0, "EX_glucan6_e": 0, "EX_glyc_e": 0, "CBPS": 1.370034e-02, "CEL6abc": 0, "CEPA": 0, "CELabc": 0, "CELASE2": 0, "CELASE1": 0, "EX_glyc3p_e": 0, "EX_glycogen1500_e": 0, "AHEXASE3": 0, "EX_h_e": 9.245761e+00, "EX_h2_e": 1.950479e+01, "AHMMPS": 0, "EX_h2o_e": -8.246367e+00, "EX_h2s_e": 1.323426e+00, "CELLBabc": 0, "CHORS": 9.493911e-03, "AHSERL2": 5.421127e-02, "CRTNh": 0, "EX_hco3_e": -1.437401e+00, "CS": 1.564179e-01, "AICART": 2.748716e-01, "CTPS2": 3.497271e-03, "EX_ile__L_e": 0, "EX_inost_e": 0, "CYSS": 2.075609e-03, "EX_k_e": 0, "CYSTRS": 0, "ALKP": 1.614658e-04, "CYTDK2": 0, "EX_lac__L_e": 0, "AIRCr": 2.727926e-01, "EX_lcts_e": 0, "EX_leu__L_e": 0, "EX_lmn30_e": 0, "EX_lmn2_e": 0, "EX_malt_e": -2.794000e+00, "CYTK1": 4.534671e-04, "CYTK2": 0, "DAPDA": 8.167998e-03, "DAPDC": 8.167998e-03, "DAPE": 8.167998e-03, "DASYN160": 3.229316e-05, "EX_malttr_e": 0, "EX_maltttr_e": 0, "DB4PS": 2.108503e-01, "AKP1": 1.154977e-03, "DCMPDA": 0, "EX_man_e": 0, "EX_manb_e": 0, "EX_mantr_e": 0, "EX_manttr_e": 0, "DDGLK": 0, "EX_melib_e": 0, "ALAALAr": 6.375473e-04, "DDPA": 9.493911e-03, "ALATRS": 0, "EX_mg2_e": 0, "EX_na1_e": 0, "EX_nh4_e": -1.543131e+00, "ALAabc": 0, "ALR2": 0, "EX_oxa_e": 0, "DDPGA": 0, "DHAD1": 1.923857e-02, "DHAD2": 6.375473e-03, "EX_pi_e": -2.286080e-01, "EX_ptrc_e": 0, "AMYLe": 0, "EX_pullulan1200_e": 0, "DHDPRx_r": 8.167998e-03, "DHDPS": 8.167998e-03, "DHFR": 1.154977e-03, "DHFS": 1.154977e-03, "EX_raffin_e": 0, "EX_rib__D_e": 0, "EX_rmn_e": 0, "DHORTS": -7.209367e-03, "APRAUR": 1.054252e-01, "DHORD_NAD": 7.209367e-03, "DHQTi": 9.493911e-03, "EX_s_e": -1.379712e+00, "EX_spmd_e": 0, "EX_starch1200_e": 0, "DHQS": 9.493911e-03, "AMYe": 0, "DMATT": 3.229316e-05, "EX_sucr_e": 0, "EX_thr__L_e": 0, "EX_tre_e": 0, "DNMPPA": 0, "ARAI": 0, "DNTPPA": 0, "DPCOAK": 6.594919e-05, "EX_ura_e": 0, "EX_val__L_e": 0, "EX_xan_e": 0, "DPR": 6.594919e-05, "EX_xtsn_e": 0, "ANPRT": 1.247375e-03, "EX_xyl__D_e": 0, "DRBK": 0, "DRPA": 0, "EX_xyl3_e": 0, "ANS": 1.247375e-03, "EX_xylan12_e": 0, "DTMPK": 5.705587e-04, "ARGSL": 6.490971e-03, "DURIK1": 0, "DUTPDP": 0, "EX_xylan4_e": 0, "EX_xylan8_e": 0, "EX_xylb_e": 0, "EX_zn2_e": 0, "ARGSS": 6.490971e-03, "DM_4hba_c": 0, "FASC300": 3.229316e-05, "FASC320": 3.229316e-05, "FERIRDe": 0, "ARGTRS": 0, "FRUabc": 0, "AROH": 0, "ASAD": -7.432173e-02, "GDH1": 4.601021e+00, "GLCURT": 0, "ASNTRAT": 0, "ASP1DC": 6.594919e-05, "G3PAT160": 6.458632e-05, "ASPCT": 7.209367e-03, "ASPO2": 6.306175e-05, "GLUR": -6.375473e-04, "ASPK": 7.432173e-02, "G5SADs": 4.850904e-03, "ASPTA6": -1.318522e-02, "EDA": 5.088603e+00, "FPGS_tm": 0, "DXPRIi": 3.552247e-04, "ASPTRS_Asn": 0, "DXPS": 3.552247e-04, "H2Ot": 8.246367e+00, "ASPTRS": 0, "FE3abc": 0, "ASPT": -5.477241e-01, "EGLUCe": 0, "ENO": 5.079680e+00, "H2St1": 1.323426e+00, "FBA": 0, "ATPPRT": 2.078959e-03, "FBA2": 0, "FBA3": 0, "H2td": 1.950479e+01, "FBP": 0, "HEX4": 0, "FCI": 0, "FMETTRS": 0, "FMNAT": 1.054252e-01, "FOLD3": 1.154977e-03, "FRUK": 0, "GALM2": 0, "HCO3E": -1.276108e+00, "GLYCOe": 0, "GLNTRAT": 0, "GLU5K": 0, "GTPCII": 1.054252e-01, "IMPCT2": 0, "GRTT": 3.229316e-05, "FTCD": 0, "FTHFLi": 3.174304e-01, "GalMr": 0, "FUCASE2": 0, "IPDDI": 3.229316e-05, "FUCASE": 0, "FUM": 0, "G1PACT": 1.275095e-03, "GALS3": 0, "GLS3e": 0, "GLSe": 0, "GLCMAN4": 0, "G3PD1ir": 9.687948e-05, "G5SD": 0, "G6PDA": -1.275095e-03, "GLCMAN6abc": 0, "GLCMAN4abc": 0, "GLCMAN6": 0, "GALUi": 3.229316e-04, "G6PDH2r": 5.573351e+00, "GALKr": 0, "GALM1": 0, "GALMAN6abc": 0, "GALMAN4abc": 0, "GALMAN4": 0, "GALT": 0, "L_LACt2r": 0, "GALMAN6": 0, "GALMAN600b_e": 0, "LCADi": 0, "GALMAN600c_e": 0, "GALMAN600a_e": 0, "GALabc": 0, "KAS14": 6.620098e-04, "GLCabc": 0, "IMPC": -2.748716e-01, "GAPD": 5.079680e+00, "GARFT": 2.727926e-01, "MANabc": 0, "LEUabc": 0, "GF6PTA": 0, "GHMT2r": 2.862366e-01, "GLCAASE3": 0, "GLCS1": 3.557329e-03, "ILEabc": 0, "HSDy": -6.615374e-02, "LMNe": 0, "LMN2": 0, "KARA2": 6.375473e-03, "KARA1": -1.923857e-02, "IMP": 0, "GLNS": 5.412596e+00, "GLCURS1": 0, "GLGC": 3.557329e-03, "GLNSP2": 0, "NADHPO": 0, "NAt": 6.897185e-01, "GLS": 0, "MANA2": 0, "GLUCAN2abc": 0, "GLUCANabc": 0, "GluForTx": 0, "MANA3": 0, "GLUFT": 0, "NDPK2": 8.236834e-03, "NDPK3": -1.332613e-04, "GLUPRT": 2.727926e-01, "MANA1": 0, "GLUSy": 4.727701e+00, "NDPK4": 5.705587e-04, "NDPK5": 5.867283e-04, "LMN2abc": 0, "NDPK7": 5.867283e-04, "NDPK8": 5.705587e-04, "GLYC3Pabc": 0, "NH3c": 4.601021e+00, "GLYCDx": -1.614658e-04, "MALTTRabc": 0, "GLUTRS": 0, "GLUTRS_Gln": 0, "HCO3abc": 1.437401e+00, "GLYCK2": 0, "HEX1": 5.588000e+00, "MCOATA": 4.359576e-03, "HEX7": 0, "GLYCL_2": 0, "GLYCt": 0, "NTPP1": 0, "NTPP2": 0, "NTPP3": 0, "HPYRRx": 0, "GMPS2": 1.118561e-01, "HISTD": 2.078959e-03, "GLYK": 0, "GLYTRS": 0, "GND": 4.847478e-01, "NTPP4": 0, "NTPP5": 0, "MELIBabc": 0, "MDH": 0, "GNK": 0, "MCLORi": 0, "GPDDA1": 0, "HISTP": 2.078959e-03, "GPDDA2": 0, "GTPCI": 1.154977e-03, "ME1": 0, "HISTRS": 0, "GUI1": 0, "HMPK1": 0, "GUI2": 0, "MECDPDH2": 3.552247e-04, "MECDPS": 3.552247e-04, "HPPK": 1.154977e-03, "MEPCT": 3.552247e-04, "HPROb": 0, "METAT": 5.083874e-02, "METB1": 0, "OMCDC": 9.886604e-03, "HSERTA": 5.421127e-02, "OXAt": 0, "MHPGLUT": 0, "HSK": 1.194246e-02, "METS": 5.421127e-02, "METTRS": 0, "MGSA": 0, "MI1PS2": 0, "PC": 1.432326e-01, "PDIPS": 0, "MGt5": 0, "HSTPT": 2.078959e-03, "MLTG1": 0, "PGMT": -3.880261e-03, "MLTG2": 0, "HXPRT": 0, "MNLDH2": 0, "MNLDHr": 0, "PMDPHT": 1.054252e-01, "PPTGS_TM": 6.375473e-04, "HYDFDN": 9.752396e+00, "ORNTAC": 3.765058e-02, "MNNH": 0, "MOHMT": 6.594919e-05, "ICDHyr": 1.564179e-01, "MTHFC": 2.302338e-01, "MTHFD": 2.302338e-01, "PPCOAC": 0, "MTHFR2": 5.536625e-02, "IGPDH": 2.078959e-03, "ORNTA": 4.850904e-03, "IG3PS": 2.078959e-03, "PULLe": 0, "IGPS": 1.247375e-03, "PPNDH": 4.065519e-03, "MTRI": 0, "ILETA": -6.375473e-03, "NADHDH": 0, "NTPP6": 0, "OAADC": 0, "PMPK": 0, "P5CR": 4.850904e-03, "NADK": 1.224276e-05, "EDD": 5.088603e+00, "OCBT": 6.490971e-03, "LEUTA": -9.886604e-03, "OCTDPS": 0, "NH4t": 1.543131e+00, "NADS1": 6.306175e-05, "ILETRS": 0, "IMPD": 1.118561e-01, "PUNP1": 0, "IPDPS": 3.552247e-04, "PNP": 0, "NMNAT": 0, "NNATr": 6.306175e-05, "OMPDC": 7.209367e-03, "INSTabc": 0, "ORNDC": 2.630870e-02, "NNAM": 0, "NNDPR": 6.306175e-05, "OOR2r": 1.054250e-01, "IPMD": 9.886604e-03, "ORPT": -7.209367e-03, "NOX": 0, "NP1": 0, "LCTSabc": 0, "NTD8": 0, "NTD1": 0, "IPPS": 9.886604e-03, "NTD3": 0, "NTD7": 0, "IPPMIa": -9.886604e-03, "NTD9": 0, "IPPMIb": -9.886604e-03, "NT5C": 0, "Kt1": 0, "LACZ": 0, "RBFK": 1.054252e-01, "LDH_L": 0, "SPRMS": 2.533852e-02, "LEUTRS": 0, "LYSTRS": 0,