{"SK_5mta_c": 6.548915e-04, "SK_apoACP_c": -2.615824e-04, "SK_gcald_c": 4.677797e-03, "SK_pap_c": 2.615824e-04, "ACt2r": -4.828543e+00, "ADCL": 4.677797e-03, "ADCS": 4.677797e-03, "CO2t": -1.034658e+01, "BIOMASS_Ecoli_TM": 9.355593e-02, "ALAR": 5.164287e-03, "DM_dip_d_d_c": 0, "DM_pydx5p_c": 0, "ARBabc": 0, "ACGK": 3.021857e-02, "ACCOAC": 1.765681e-02, "ALCD19": 6.539560e-04, "ACALD": 0, "ACGS": 0, "CRTNsyn": 0, "ACKr": -4.746920e+00, "CSNt2": 0, "ACOATA": 2.681219e-03, "ACLS": 1.777643e+00, "ACHBS": 2.582144e-02, "ACYP_2": 0, "DCYTD": 0, "DM_sprm_c": 0, "DM_thmpp_c": 0, "ADAPAT": 3.308138e-02, "ADA": 0, "ADK1": 2.610201e-01, "EX_ac_e": 4.828543e+00, "DHNPA": 4.677797e-03, "EX_ala__L_e": 0, "ADK3": -7.053509e-02, "EX_amylose300_e": 0, "EX_arab__L_e": 0, "EX_cell4_e": 0, "EX_cell500_e": 0, "EX_cell6_e": 0, "CYTD": 0, "DHPPDA": 9.355593e-07, "ADMDC": 6.548915e-04, "CHORM": 2.872167e-02, "EX_cellb_e": 0, "ADPT": 0, "BACCL": 0, "ADSL2r": 4.562770e-02, "EX_co2_e": 1.034658e+01, "EX_csn_e": 0, "EX_fe2_e": 0, "ADSL1r": 2.800082e-02, "EX_fe3_e": 0, "ATPS1": 1.326138e+00, "EX_fru_e": 0, "BGLA1": 0, "ADSS": 2.800082e-02, "BGLA": 0, "EX_gal_e": 0, "AGDC": 0, "EX_galman4_e": 0, "EX_galman6_e": 0, "BTS3r": 0, "AGPAT160": 2.615824e-04, "AGPR": -3.021857e-02, "CDPMEK": 1.438703e-03, "EX_galman600_e": 0, "EX_glc__D_e": 0, "AHCi": 0, "EX_glcman4_e": 0, "BUTKr": 0, "EX_glcman6_e": 0, "AHCYSNS": 0, "EX_glcman600_e": 0, "EX_glucan1500_e": 0, "EX_glucan4_e": 0, "EX_glucan6_e": 0, "EX_glyc_e": 0, "CBPS": 5.548802e-02, "CEL6abc": 0, "CEPA": 0, "CELabc": 0, "CELASE2": 0, "CELASE1": 0, "EX_glyc3p_e": 0, "EX_glycogen1500_e": 0, "AHEXASE3": 0, "EX_h_e": 7.408897e+00, "EX_h2_e": 1.339544e+01, "AHMMPS": 0, "EX_h2o_e": -6.244442e+00, "EX_h2s_e": 3.977279e+00, "CELLBabc": 0, "CHORS": 3.845149e-02, "AHSERL2": 4.013549e-02, "CRTNh": 0, "EX_hco3_e": 0, "CS": 1.039035e-01, "AICART": 5.404773e-02, "CTPS2": 1.178805e-02, "EX_ile__L_e": 0, "EX_inost_e": 0, "CYSS": 8.406468e-03, "EX_k_e": 0, "CYSTRS": 0, "ALKP": 0, "CYTDK2": 0, "EX_lac__L_e": 0, "AIRCr": 4.562770e-02, "EX_lcts_e": 0, "EX_leu__L_e": 0, "EX_lmn30_e": 0, "EX_lmn2_e": 0, "EX_malt_e": -2.794000e+00, "CYTK1": 1.836596e-03, "CYTK2": 2.376321e-03, "DAPDA": 3.308138e-02, "DAPDC": 3.308138e-02, "DAPE": 3.308138e-02, "DASYN160": 1.307912e-04, "EX_malttr_e": 0, "EX_maltttr_e": 0, "DB4PS": 1.871119e-06, "AKP1": 4.677797e-03, "DCMPDA": -2.376321e-03, "EX_man_e": 0, "EX_manb_e": 0, "EX_mantr_e": 0, "EX_manttr_e": 0, "DDGLK": 0, "EX_melib_e": 0, "ALAALAr": 2.582144e-03, "DDPA": 3.845149e-02, "ALATRS": 0, "EX_mg2_e": 0, "EX_na1_e": 0, "EX_nh4_e": -9.702765e-01, "ALAabc": 0, "ALR2": 0, "EX_oxa_e": 0, "DDPGA": 0, "DHAD1": 1.777643e+00, "DHAD2": 2.582144e-02, "EX_pi_e": -7.192253e-02, "EX_ptrc_e": 0, "AMYLe": 0, "EX_pullulan1200_e": 0, "DHDPRx_r": 3.308138e-02, "DHDPS": 3.308138e-02, "DHFR": 4.677797e-03, "DHFS": 4.677797e-03, "EX_raffin_e": 0, "EX_rib__D_e": 0, "EX_rmn_e": 0, "DHORTS": -2.919881e-02, "APRAUR": 9.355593e-07, "DHORD_NAD": 2.919881e-02, "DHQTi": 3.845149e-02, "EX_s_e": -4, "EX_spmd_e": 0, "EX_starch1200_e": 0, "DHQS": 3.845149e-02, "AMYe": 0, "DMATT": 1.307912e-04, "EX_sucr_e": 0, "EX_thr__L_e": 0, "EX_tre_e": 0, "DNMPPA": 0, "ARAI": 0, "DNTPPA": 0, "DPCOAK": 2.671022e-04, "EX_ura_e": 0, "EX_val__L_e": 0, "EX_xan_e": 0, "DPR": 2.671022e-04, "EX_xtsn_e": 0, "ANPRT": 5.052020e-03, "EX_xyl__D_e": 0, "DRBK": 0, "DRPA": 1.648736e-02, "EX_xyl3_e": 0, "ANS": 5.052020e-03, "EX_xylan12_e": 0, "DTMPK": 2.310831e-03, "ARGSL": 2.628922e-02, "DURIK1": 0, "DUTPDP": 0, "EX_xylan4_e": 0, "EX_xylan8_e": 0, "EX_xylb_e": 0, "EX_zn2_e": 0, "ARGSS": 2.628922e-02, "DM_4hba_c": 0, "FASC300": 1.307912e-04, "FASC320": 1.307912e-04, "FERIRDe": 0, "ARGTRS": 0, "FRUabc": 0, "AROH": 0, "ASAD": -7.927649e-02, "GDH1": 1000, "GLCURT": 0, "ASNTRAT": 0, "ASP1DC": 2.671022e-04, "G3PAT160": 2.615824e-04, "ASPCT": 2.919881e-02, "ASPO2": 2.554077e-04, "GLUR": -2.582144e-03, "ASPK": 7.927649e-02, "G5SADs": 1.964675e-02, "ASPTA6": -5.340173e-02, "EDA": 5.399031e+00, "FPGS_tm": 0, "DXPRIi": 1.438703e-03, "ASPTRS_Asn": 0, "DXPS": 1.438703e-03, "H2Ot": 6.244442e+00, "ASPTRS": 0, "FE3abc": 0, "ASPT": -1000, "EGLUCe": 0, "ENO": 5.442424e+00, "H2St1": 3.977279e+00, "FBA": -6.539560e-04, "ATPPRT": 8.420034e-03, "FBA2": 6.539560e-04, "FBA3": 0, "H2td": 1.339544e+01, "FBP": 0, "HEX4": 0, "FCI": 0, "FMETTRS": 0, "FMNAT": 9.355593e-07, "FOLD3": 4.677797e-03, "FRUK": -6.539560e-04, "GALM2": 0, "HCO3E": 3.288948e-01, "GLYCOe": 0, "GLNTRAT": 0, "GLU5K": 1.964675e-02, "GTPCII": 9.355593e-07, "IMPCT2": 0, "GRTT": 1.307912e-04, "FTCD": 0, "FTHFLi": 4.680603e-03, "GalMr": 0, "FUCASE2": 0, "IPDDI": 1.307912e-04, "FUCASE": 0, "FUM": -9.999001e+02, "G1PACT": 5.164287e-03, "GALS3": 0, "GLS3e": 0, "GLSe": 0, "GLCMAN4": 0, "G3PD1ir": 3.923736e-04, "G5SD": 1.964675e-02, "G6PDA": -5.164287e-03, "GLCMAN6abc": 0, "GLCMAN4abc": 0, "GLCMAN6": 0, "GALUi": 1.307912e-03, "G6PDH2r": 5.654761e+00, "GALKr": 0, "GALM1": 0, "GALMAN6abc": 0, "GALMAN4abc": 0, "GALMAN4": 0, "GALT": 0, "L_LACt2r": 0, "GALMAN6": 0, "GALMAN600b_e": 0, "LCADi": 0, "GALMAN600c_e": 0, "GALMAN600a_e": 0, "GALabc": 0, "KAS14": 2.681219e-03, "GLCabc": 0, "IMPC": -5.404773e-02, "GAPD": 5.442424e+00, "GARFT": 4.562770e-02, "MANabc": 0, "LEUabc": 0, "GF6PTA": 0, "GHMT2r": 1.165646e-01, "GLCAASE3": 0, "GLCS1": 1.440761e-02, "ILEabc": 0, "HSDy": -4.619511e-02, "LMNe": 0, "LMN2": 0, "KARA2": 2.582144e-02, "KARA1": -1.777643e+00, "IMP": 0, "GLNS": 2.261172e-01, "GLCURS1": 0, "GLGC": 1.440761e-02, "GLNSP2": 0, "NADHPO": 0, "NAt": 2.810033e-01, "GLS": 0, "MANA2": 0, "GLUCAN2abc": 0, "GLUCANabc": 0, "GluForTx": 0, "MANA3": 0, "GLUFT": 0, "NDPK2": 3.098385e-02, "NDPK3": 1.836596e-03, "GLUPRT": 4.562770e-02, "MANA1": 0, "GLUSy": 0, "NDPK4": 2.310831e-03, "NDPK5": 0, "LMN2abc": 0, "NDPK7": 2.376321e-03, "NDPK8": 2.310831e-03, "GLYC3Pabc": 0, "NH3c": 1000, "GLYCDx": 0, "MALTTRabc": 0, "GLUTRS": 0, "GLUTRS_Gln": 0, "HCO3abc": 0, "GLYCK2": 0, "HEX1": 5.588000e+00, "MCOATA": 1.765681e-02, "HEX7": 0, "GLYCL_2": 0, "GLYCt": 0, "NTPP1": 1.648736e-02, "NTPP2": 0, "NTPP3": 0, "HPYRRx": 0, "GMPS2": 2.604691e-02, "HISTD": 8.420034e-03, "GLYK": 0, "GLYTRS": 0, "GND": 2.557301e-01, "NTPP4": 0, "NTPP5": 0, "MELIBabc": 0, "MDH": -9.999001e+02, "GNK": 0, "MCLORi": 0, "GPDDA1": 0, "HISTP": 8.420034e-03, "GPDDA2": 0, "GTPCI": 4.677797e-03, "ME1": 0, "HISTRS": 0, "GUI1": 0, "HMPK1": 0, "GUI2": 0, "MECDPDH2": 1.438703e-03, "MECDPS": 1.438703e-03, "HPPK": 4.677797e-03, "MEPCT": 1.438703e-03, "HPROb": 0, "METAT": 6.548915e-04, "METB1": 0, "OMCDC": 1.739766e+00, "HSERTA": 4.013549e-02, "OXAt": 0, "MHPGLUT": 0, "HSK": 6.059618e-03, "METS": 1.431406e-02, "METTRS": 0, "MGSA": 0, "MI1PS2": 0, "PC": 2.557499e-01, "PDIPS": 0, "MGt5": 0, "HSTPT": 8.420034e-03, "MLTG1": 0, "PGMT": -1.571553e-02, "MLTG2": 0, "HXPRT": 0, "MNLDH2": 0, "MNLDHr": 0, "PMDPHT": 9.355593e-07, "PPTGS_TM": 2.582144e-03, "HYDFDN": 6.697720e+00, "ORNTAC": 3.021857e-02, "MNNH": 0, "MOHMT": 2.671022e-04, "ICDHyr": 1.039035e-01, "MTHFC": 9.499482e-02, "MTHFD": 9.499482e-02, "PPCOAC": 0, "MTHFR2": 1.899185e-02, "IGPDH": 8.420034e-03, "ORNTA": 0, "IG3PS": 8.420034e-03, "PULLe": 0, "IGPS": 5.052020e-03, "PPNDH": 1.646584e-02, "MTRI": 0, "ILETA": -2.582144e-02, "NADHDH": 0, "NTPP6": 0, "OAADC": 0, "PMPK": 0, "P5CR": 1.964675e-02, "NADK": 4.958464e-05, "EDD": 5.399031e+00, "OCBT": 2.628922e-02, "LEUTA": -4.004194e-02, "OCTDPS": 0, "NH4t": 9.702765e-01, "NADS1": 2.554077e-04, "ILETRS": 0, "IMPD": 2.604691e-02, "PUNP1": 0, "IPDPS": 1.438703e-03, "PNP": 0, "NMNAT": 0, "NNATr": 2.554077e-04, "OMPDC": 2.919881e-02, "INSTabc": 0, "ORNDC": 3.929349e-03, "NNAM": 0, "NNDPR": 2.554077e-04, "OOR2r": 2.806678e-07, "IPMD": 1.739766e+00, "ORPT": -2.919881e-02, "NOX": 0, "NP1": 0, "LCTSabc": 0, "NTD8": 1.648736e-02, "NTD1": 0, "IPPS": 1.739766e+00, "NTD3": 0, "NTD7": 0, "IPPMIa": -1.739766e+00, "NTD9": 0, "IPPMIb": -1.739766e+00, "NT5C": 0, "Kt1": 0, "LACZ": 0, "RBFK": 9.355593e-07, "LDH_L": 0, "SPRMS": 0, "LEUTRS": 0,