{"SK_5mta_c": 3.278294e-01, "SK_apoACP_c": -1.876399e-04, "SK_gcald_c": 3.355507e-03, "SK_pap_c": 1.876399e-04, "ACt2r": -6.656961e+00, "ADCL": 3.355507e-03, "ADCS": 3.355507e-03, "CO2t": -8.895936e+00, "BIOMASS_Ecoli_TM": 6.711013e-02, "ALAR": 3.704479e-03, "DM_dip_d_d_c": 0, "DM_pydx5p_c": 0, "ARBabc": 0, "ACGK": 1.994495e-01, "ACCOAC": 1.266570e-02, "ALCD19": 0, "ACALD": 0, "ACGS": 0, "CRTNsyn": 0, "ACKr": -7.477815e+00, "CSNt2": 0, "ACOATA": 1.923309e-03, "ACLS": 5.589301e-02, "ACHBS": 1.852240e-02, "ACYP_2": 0, "DCYTD": 0, "DM_sprm_c": 1.636798e-01, "DM_thmpp_c": 0, "ADAPAT": 2.373014e-02, "ADA": 0, "ADK1": 3.113544e+00, "EX_ac_e": 6.656961e+00, "DHNPA": 3.355507e-03, "EX_ala__L_e": 0, "ADK3": -3.644249e-01, "EX_amylose300_e": 0, "EX_arab__L_e": 0, "EX_cell4_e": 0, "EX_cell500_e": 0, "EX_cell6_e": 0, "CYTD": 0, "DHPPDA": 6.711013e-07, "ADMDC": 3.278294e-01, "CHORM": 2.060281e-02, "EX_cellb_e": 0, "ADPT": 0, "BACCL": 0, "ADSL2r": 3.702180e-01, "EX_co2_e": 8.895936e+00, "EX_csn_e": 0, "EX_fe2_e": 0, "ADSL1r": 3.474453e-01, "EX_fe3_e": 0, "ATPS1": 0, "EX_fru_e": 0, "BGLA1": 0, "ADSS": 3.474453e-01, "BGLA": 0, "EX_gal_e": 0, "AGDC": 0, "EX_galman4_e": 0, "EX_galman6_e": 0, "BTS3r": 0, "AGPAT160": 1.876399e-04, "AGPR": -1.994495e-01, "CDPMEK": 1.032020e-03, "EX_galman600_e": 0, "EX_glc__D_e": 0, "AHCi": 0, "EX_glcman4_e": 0, "BUTKr": 0, "EX_glcman6_e": 0, "AHCYSNS": 0, "EX_glcman600_e": 0, "EX_glucan1500_e": 0, "EX_glucan4_e": 0, "EX_glucan6_e": 0, "EX_glyc_e": 0, "CBPS": 3.980302e-02, "CEL6abc": 0, "CEPA": 0, "CELabc": 0, "CELASE2": 0, "CELASE1": 0, "EX_glyc3p_e": 0, "EX_glycogen1500_e": 0, "AHEXASE3": 0, "EX_h_e": 8.140132e+00, "EX_h2_e": 1.388439e+01, "AHMMPS": 0, "EX_h2o_e": -3.392707e-02, "EX_h2s_e": 0, "CELLBabc": 0, "CHORS": 2.758226e-02, "AHSERL2": 0, "CRTNh": 0, "EX_hco3_e": -2.298882e+00, "CS": 2.382123e-01, "AICART": 3.762579e-01, "CTPS2": 1.016047e-02, "EX_ile__L_e": 0, "EX_inost_e": 0, "CYSS": 6.030181e-03, "EX_k_e": 0, "CYSTRS": 0, "ALKP": 7.505597e-04, "CYTDK2": 0, "EX_lac__L_e": 0, "AIRCr": 3.702180e-01, "EX_lcts_e": 0, "EX_leu__L_e": 0, "EX_lmn30_e": 0, "EX_lmn2_e": 0, "EX_malt_e": -2.794000e+00, "CYTK1": 1.317439e-03, "CYTK2": 0, "DAPDA": 2.373014e-02, "DAPDC": 2.373014e-02, "DAPE": 2.373014e-02, "DASYN160": 9.381997e-05, "EX_malttr_e": 0, "EX_maltttr_e": 0, "DB4PS": 1.342203e-06, "AKP1": 3.355507e-03, "DCMPDA": 0, "EX_man_e": 0, "EX_manb_e": 0, "EX_mantr_e": 0, "EX_manttr_e": 0, "DDGLK": 0, "EX_melib_e": 0, "ALAALAr": 1.852240e-03, "DDPA": 2.758226e-02, "ALATRS": 0, "EX_mg2_e": 0, "EX_na1_e": 0, "EX_nh4_e": -3.764557e+00, "ALAabc": 0, "ALR2": 0, "EX_oxa_e": 0, "DDPGA": 0, "DHAD1": 5.589301e-02, "DHAD2": 1.852240e-02, "EX_pi_e": -5.159192e-02, "EX_ptrc_e": 0, "AMYLe": 0, "EX_pullulan1200_e": 0, "DHDPRx_r": 2.373014e-02, "DHDPS": 2.373014e-02, "DHFR": 3.355507e-03, "DHFS": 3.355507e-03, "EX_raffin_e": 0, "EX_rib__D_e": 0, "EX_rmn_e": 0, "DHORTS": -2.094507e-02, "APRAUR": 6.711013e-07, "DHORD_NAD": 2.094507e-02, "DHQTi": 2.758226e-02, "EX_s_e": -3.436576e-01, "EX_spmd_e": 0, "EX_starch1200_e": 0, "DHQS": 2.758226e-02, "AMYe": 0, "DMATT": 9.381997e-05, "EX_sucr_e": 0, "EX_thr__L_e": 0, "EX_tre_e": 0, "DNMPPA": 0, "ARAI": 0, "DNTPPA": 0, "DPCOAK": 1.915994e-04, "EX_ura_e": 0, "EX_val__L_e": 0, "EX_xan_e": 0, "DPR": 1.915994e-04, "EX_xtsn_e": 1.012843e-02, "ANPRT": 3.623947e-03, "EX_xyl__D_e": 0, "DRBK": 0, "DRPA": 1.959459e+00, "EX_xyl3_e": 0, "ANS": 3.623947e-03, "EX_xylan12_e": 0, "DTMPK": 1.657620e-03, "ARGSL": 1.885795e-02, "DURIK1": 0, "DUTPDP": 0, "EX_xylan4_e": 0, "EX_xylan8_e": 0, "EX_xylb_e": 0, "EX_zn2_e": 0, "ARGSS": 1.885795e-02, "DM_4hba_c": 0, "FASC300": 9.381997e-05, "FASC320": 9.381997e-05, "FERIRDe": 0, "ARGTRS": 0, "FRUabc": 0, "AROH": 0, "ASAD": 8.268841e-01, "GDH1": -5.481654e-01, "GLCURT": 0, "ASNTRAT": 0, "ASP1DC": 1.915994e-04, "G3PAT160": 1.876399e-04, "ASPCT": 2.094507e-02, "ASPO2": 1.832107e-04, "GLUR": -1.852240e-03, "ASPK": -8.268841e-01, "G5SADs": 1.409313e-02, "ASPTA6": -3.830646e-02, "EDA": 0, "FPGS_tm": 0, "DXPRIi": 1.032020e-03, "ASPTRS_Asn": 0, "DXPS": 1.032020e-03, "H2Ot": 3.392707e-02, "ASPTRS": 0, "FE3abc": 0, "ASPT": 0, "EGLUCe": 0, "ENO": 9.136268e+00, "H2St1": 0, "FBA": 3.990182e+00, "ATPPRT": 6.039912e-03, "FBA2": 0, "FBA3": 0, "H2td": 1.388439e+01, "FBP": 0, "HEX4": 0, "FCI": 0, "FMETTRS": 0, "FMNAT": 6.711013e-07, "FOLD3": 3.355507e-03, "FRUK": 0, "GALM2": 0, "HCO3E": -2.046507e+00, "GLYCOe": 0, "GLNTRAT": 0, "GLU5K": 0, "GTPCII": 6.711013e-07, "IMPCT2": 0, "GRTT": 9.381997e-05, "FTCD": 0, "FTHFLi": 3.357520e-03, "GalMr": 0, "FUCASE2": 0, "IPDDI": 9.381997e-05, "FUCASE": 0, "FUM": 0, "G1PACT": 3.704479e-03, "GALS3": 0, "GLS3e": 0, "GLSe": 0, "GLCMAN4": 0, "G3PD1ir": 0, "G5SD": 0, "G6PDA": -3.704479e-03, "GLCMAN6abc": 0, "GLCMAN4abc": 0, "GLCMAN6": 0, "GALUi": 9.381997e-04, "G6PDH2r": 0, "GALKr": 0, "GALM1": 0, "GALMAN6abc": 0, "GALMAN4abc": 0, "GALMAN4": 0, "GALT": 0, "L_LACt2r": 0, "GALMAN6": 0, "GALMAN600b_e": 0, "LCADi": 0, "GALMAN600c_e": 0, "GALMAN600a_e": 0, "GALabc": 0, "KAS14": 1.923309e-03, "GLCabc": 0, "IMPC": -3.762579e-01, "GAPD": 9.136268e+00, "GARFT": 3.702180e-01, "MANabc": 0, "LEUabc": 0, "GF6PTA": 0, "GHMT2r": 1.727343e+00, "GLCAASE3": 0, "GLCS1": 1.033496e-02, "ILEabc": 0, "HSDy": 8.506142e-01, "LMNe": 0, "LMN2": 0, "KARA2": 1.852240e-02, "KARA1": -5.589301e-02, "IMP": 0, "GLNS": 8.388805e-01, "GLCURS1": 0, "GLGC": 1.033496e-02, "GLNSP2": 0, "NADHPO": 0, "NAt": 0, "GLS": 0, "MANA2": 0, "GLUCAN2abc": 0, "GLUCANabc": 0, "GluForTx": 0, "MANA3": 0, "GLUFT": 0, "NDPK2": 2.393013e-02, "NDPK3": -3.871584e-04, "GLUPRT": 3.702180e-01, "MANA1": 0, "GLUSy": 0, "NDPK4": 1.657620e-03, "NDPK5": 1.961163e+00, "LMN2abc": 0, "NDPK7": 1.704597e-03, "NDPK8": 1.657620e-03, "GLYC3Pabc": 0, "NH3c": -5.481654e-01, "GLYCDx": -7.505597e-04, "MALTTRabc": 0, "GLUTRS": 0, "GLUTRS_Gln": 0, "HCO3abc": 2.298882e+00, "GLYCK2": 0, "HEX1": 5.588000e+00, "MCOATA": 1.266570e-02, "HEX7": 0, "GLYCL_2": 6.413921e-01, "GLYCt": 0, "NTPP1": 1.959459e+00, "NTPP2": 0, "NTPP3": 0, "HPYRRx": 0, "GMPS2": 1.868413e-02, "HISTD": 6.039912e-03, "GLYK": 2.814599e-04, "GLYTRS": 0, "GND": 0, "NTPP4": 0, "NTPP5": 0, "MELIBabc": 0, "MDH": 0, "GNK": 0, "MCLORi": 0, "GPDDA1": 0, "HISTP": 6.039912e-03, "GPDDA2": 0, "GTPCI": 3.355507e-03, "ME1": 0, "HISTRS": 0, "GUI1": 0, "HMPK1": 0, "GUI2": 0, "MECDPDH2": 1.032020e-03, "MECDPS": 1.032020e-03, "HPPK": 3.355507e-03, "MEPCT": 1.032020e-03, "HPROb": 0, "METAT": 3.278294e-01, "METB1": -8.506142e-01, "OMCDC": 2.872314e-02, "HSERTA": -8.506142e-01, "OXAt": 0, "MHPGLUT": 0, "HSK": 0, "METS": 3.376275e-01, "METTRS": 0, "MGSA": 0, "MI1PS2": 0, "PC": 1.999059e-01, "PDIPS": 0, "MGt5": 0, "HSTPT": 6.039912e-03, "MLTG1": 0, "PGMT": -1.127316e-02, "MLTG2": 0, "HXPRT": 0, "MNLDH2": 0, "MNLDHr": 0, "PMDPHT": 6.711013e-07, "PPTGS_TM": 1.852240e-03, "HYDFDN": 6.942194e+00, "ORNTAC": 1.994495e-01, "MNNH": 0, "MOHMT": 1.915994e-04, "ICDHyr": 2.382123e-01, "MTHFC": 7.431184e-01, "MTHFD": 7.431184e-01, "PPCOAC": 0, "MTHFR2": 3.409830e-01, "IGPDH": 6.039912e-03, "ORNTA": 1.409313e-02, "IG3PS": 6.039912e-03, "PULLe": 0, "IGPS": 3.623947e-03, "PPNDH": 1.181138e-02, "MTRI": 0, "ILETA": -1.852240e-02, "NADHDH": 7.365213e-01, "NTPP6": 0, "OAADC": 0, "PMPK": 0, "P5CR": 1.409313e-02, "NADK": 3.556837e-05, "EDD": 0, "OCBT": 1.885795e-02, "LEUTA": -2.872314e-02, "OCTDPS": 0, "NH4t": 3.764557e+00, "NADS1": 1.832107e-04, "ILETRS": 0, "IMPD": 2.881256e-02, "PUNP1": 0, "IPDPS": 1.032020e-03, "PNP": 0, "NMNAT": 0, "NNATr": 1.832107e-04, "OMPDC": 2.094507e-02, "INSTabc": 0, "ORNDC": 1.664984e-01, "NNAM": 0, "NNDPR": 1.832107e-04, "OOR2r": 0, "IPMD": 2.872314e-02, "ORPT": -2.094507e-02, "NOX": 0, "NP1": 0, "LCTSabc": 0, "NTD8": 1.959459e+00, "NTD1": 0, "IPPS": 2.872314e-02, "NTD3": 0, "NTD7": 0, "IPPMIa": -2.872314e-02, "NTD9": 0, "IPPMIb": -2.872314e-02, "NT5C": 0, "Kt1": 0, "LACZ": 0, "RBFK": 6.711013e-07, "LDH_L": 0, "SPRMS": 1.636798e-01, "LEUTRS": 0, "LYSTRS": 0, "MALT": 2.794000e+00, "SUCOAS": 2.013304e-07,