{"SK_5mta_c": 6.562299e-04, "SK_apoACP_c": -2.621170e-04, "SK_gcald_c": 4.687357e-03, "SK_pap_c": 2.621170e-04, "ACt2r": -9.870648e+00, "ADCL": 4.687357e-03, "ADCS": 4.687357e-03, "CO2t": -1.124051e+01, "BIOMASS_Ecoli_TM": 9.374713e-02, "ALAR": 5.174842e-03, "DM_dip_d_d_c": 0, "DM_pydx5p_c": 0, "ARBabc": 0, "ACGK": 4.996722e-02, "ACCOAC": 1.769290e-02, "ALCD19": 0, "ACALD": 0, "ACGS": 0, "CRTNsyn": 0, "ACKr": -9.814732e+00, "CSNt2": 0, "ACOATA": 2.686699e-03, "ACLS": 7.807777e-02, "ACHBS": 2.587421e-02, "ACYP_2": 0, "DCYTD": 0, "DM_sprm_c": 0, "DM_thmpp_c": 0, "ADAPAT": 3.314899e-02, "ADA": 0, "ADK1": 4.189034e-01, "EX_ac_e": 9.870648e+00, "DHNPA": 4.687357e-03, "EX_ala__L_e": 0, "ADK3": -8.372322e-02, "EX_amylose300_e": 0, "EX_arab__L_e": 0, "EX_cell4_e": 0, "EX_cell500_e": 0, "EX_cell6_e": 0, "CYTD": 0, "DHPPDA": 9.374713e-07, "ADMDC": 6.562299e-04, "CHORM": 2.878037e-02, "EX_cellb_e": 0, "ADPT": 4.846727e-02, "BACCL": 0, "ADSL2r": 4.572095e-02, "EX_co2_e": 1.124051e+01, "EX_csn_e": 0, "EX_fe2_e": 0, "ADSL1r": 6.000426e-02, "EX_fe3_e": 0, "ATPS1": 0, "EX_fru_e": 0, "BGLA1": 0, "ADSS": 6.000426e-02, "BGLA": 0, "EX_gal_e": 0, "AGDC": 0, "EX_galman4_e": 0, "EX_galman6_e": 0, "BTS3r": 0, "AGPAT160": 2.621170e-04, "AGPR": -4.996722e-02, "CDPMEK": 1.441643e-03, "EX_galman600_e": 0, "EX_glc__D_e": 0, "AHCi": 0, "EX_glcman4_e": 0, "BUTKr": 0, "EX_glcman6_e": 0, "AHCYSNS": 0, "EX_glcman600_e": 0, "EX_glucan1500_e": 0, "EX_glucan4_e": 0, "EX_glucan6_e": 0, "EX_glyc_e": 0, "CBPS": 5.560143e-02, "CEL6abc": 0, "CEPA": 0, "CELabc": 0, "CELASE2": 0, "CELASE1": 0, "EX_glyc3p_e": 0, "EX_glycogen1500_e": 0, "AHEXASE3": 0, "EX_h_e": 9.870649e+00, "EX_h2_e": 2.008089e+01, "AHMMPS": 0, "EX_h2o_e": -1.014955e+01, "EX_h2s_e": 5.866463e-01, "CELLBabc": 0, "CHORS": 3.853007e-02, "AHSERL2": 1.434331e-02, "CRTNh": 0, "EX_hco3_e": -9.782675e-01, "CS": 1.041156e-01, "AICART": 8.610440e-02, "CTPS2": 1.419332e-02, "EX_ile__L_e": 0, "EX_inost_e": 0, "CYSS": 8.423649e-03, "EX_k_e": 0, "CYSTRS": 0, "ALKP": 1.048468e-03, "CYTDK2": 0, "EX_lac__L_e": 0, "AIRCr": 4.572095e-02, "EX_lcts_e": 0, "EX_leu__L_e": 0, "EX_lmn30_e": 0, "EX_lmn2_e": 0, "EX_malt_e": -2.794000e+00, "CYTK1": 1.840350e-03, "CYTK2": 0, "DAPDA": 3.314899e-02, "DAPDC": 3.314899e-02, "DAPE": 3.314899e-02, "DASYN160": 1.310585e-04, "EX_malttr_e": 0, "EX_maltttr_e": 0, "DB4PS": 1.874943e-06, "AKP1": 4.687357e-03, "DCMPDA": 0, "EX_man_e": 0, "EX_manb_e": 0, "EX_mantr_e": 0, "EX_manttr_e": 0, "DDGLK": 0, "EX_melib_e": 0, "ALAALAr": 2.587421e-03, "DDPA": 3.853007e-02, "ALATRS": 0, "EX_mg2_e": 0, "EX_na1_e": 0, "EX_nh4_e": -1.068098e+00, "ALAabc": 0, "ALR2": 0, "EX_oxa_e": 0, "DDPGA": 0, "DHAD1": 7.807777e-02, "DHAD2": 2.587421e-02, "EX_pi_e": -7.206952e-02, "EX_ptrc_e": 0, "AMYLe": 0, "EX_pullulan1200_e": 0, "DHDPRx_r": 3.314899e-02, "DHDPS": 3.314899e-02, "DHFR": 4.687357e-03, "DHFS": 4.687357e-03, "EX_raffin_e": 0, "EX_rib__D_e": 0, "EX_rmn_e": 0, "DHORTS": -2.925848e-02, "APRAUR": 9.374713e-07, "DHORD_NAD": 2.925848e-02, "DHQTi": 3.853007e-02, "EX_s_e": -6.094133e-01, "EX_spmd_e": 0, "EX_starch1200_e": 0, "DHQS": 3.853007e-02, "AMYe": 0, "DMATT": 1.310585e-04, "EX_sucr_e": 0, "EX_thr__L_e": 0, "EX_tre_e": 0, "DNMPPA": 0, "ARAI": 0, "DNTPPA": 0, "DPCOAK": 2.676481e-04, "EX_ura_e": 0, "EX_val__L_e": 0, "EX_xan_e": 0, "DPR": 2.676481e-04, "EX_xtsn_e": 0, "ANPRT": 5.062345e-03, "EX_xyl__D_e": 0, "DRBK": 0, "DRPA": 4.846727e-02, "EX_xyl3_e": 0, "ANS": 5.062345e-03, "EX_xylan12_e": 0, "DTMPK": 2.315554e-03, "ARGSL": 2.634294e-02, "DURIK1": 0, "DUTPDP": 0, "EX_xylan4_e": 0, "EX_xylan8_e": 0, "EX_xylb_e": 0, "EX_zn2_e": 0, "ARGSS": 2.634294e-02, "DM_4hba_c": 0, "FASC300": 1.310585e-04, "FASC320": 1.310585e-04, "FERIRDe": 0, "ARGTRS": 0, "FRUabc": 0, "AROH": 0, "ASAD": -4.749230e-02, "GDH1": 4.671318e+00, "GLCURT": 0, "ASNTRAT": 0, "ASP1DC": 2.676481e-04, "G3PAT160": 2.621170e-04, "ASPCT": 2.925848e-02, "ASPO2": 2.559297e-04, "GLUR": -2.587421e-03, "ASPK": 4.749230e-02, "G5SADs": 1.968690e-02, "ASPTA6": 1.202108e-01, "EDA": 5.376075e+00, "FPGS_tm": 0, "DXPRIi": 1.441643e-03, "ASPTRS_Asn": 0, "DXPS": 1.441643e-03, "H2Ot": 1.014955e+01, "ASPTRS": 0, "FE3abc": 0, "ASPT": -1.320679e-01, "EGLUCe": 0, "ENO": 5.583902e+00, "H2St1": 5.866463e-01, "FBA": 0, "ATPPRT": 4.038345e-02, "FBA2": 0, "FBA3": 0, "H2td": 2.008089e+01, "FBP": 0, "HEX4": 0, "FCI": 0, "FMETTRS": 0, "FMNAT": 9.374713e-07, "FOLD3": 4.687357e-03, "FRUK": 0, "GALM2": 0, "HCO3E": -6.806468e-01, "GLYCOe": 0, "GLNTRAT": 0, "GLU5K": 0, "GTPCII": 9.374713e-07, "IMPCT2": 0, "GRTT": 1.310585e-04, "FTCD": 0, "FTHFLi": 4.690169e-03, "GalMr": 0, "FUCASE2": 0, "IPDDI": 1.310585e-04, "FUCASE": 0, "FUM": 0, "G1PACT": 5.174842e-03, "GALS3": 0, "GLS3e": 0, "GLSe": 0, "GLCMAN4": 0, "G3PD1ir": 0, "G5SD": 0, "G6PDA": -5.174842e-03, "GLCMAN6abc": 0, "GLCMAN4abc": 0, "GLCMAN6": 0, "GALUi": 1.310585e-03, "G6PDH2r": 5.572252e+00, "GALKr": 0, "GALM1": 0, "GALMAN6abc": 0, "GALMAN4abc": 0, "GALMAN4": 0, "GALT": 0, "L_LACt2r": 0, "GALMAN6": 0, "GALMAN600b_e": 0, "LCADi": 0, "GALMAN600c_e": 0, "GALMAN600a_e": 0, "GALabc": 0, "KAS14": 2.686699e-03, "GLCabc": 0, "IMPC": -8.610440e-02, "GAPD": 5.410181e+00, "GARFT": 4.572095e-02, "MANabc": 0, "LEUabc": 0, "GF6PTA": 0, "GHMT2r": 1.487490e-01, "GLCAASE3": 0, "GLCS1": 1.443706e-02, "ILEabc": 0, "HSDy": -1.434331e-02, "LMNe": 0, "LMN2": 0, "KARA2": 2.587421e-02, "KARA1": -7.807777e-02, "IMP": 0, "GLNS": 5.272618e+00, "GLCURS1": 0, "GLGC": 1.443706e-02, "GLNSP2": 0, "NADHPO": 0, "NAt": 0, "GLS": 0, "MANA2": 0, "GLUCAN2abc": 0, "GLUCANabc": 0, "GluForTx": 0, "MANA3": 0, "GLUFT": 0, "NDPK2": 3.342835e-02, "NDPK3": -5.408272e-04, "GLUPRT": 4.572095e-02, "MANA1": 0, "GLUSy": 5.011711e+00, "NDPK4": 2.315554e-03, "NDPK5": 2.381177e-03, "LMN2abc": 0, "NDPK7": 2.381177e-03, "NDPK8": 5.078282e-02, "GLYC3Pabc": 0, "NH3c": 4.671318e+00, "GLYCDx": -1.048468e-03, "MALTTRabc": 0, "GLUTRS": 0, "GLUTRS_Gln": 0, "HCO3abc": 9.782675e-01, "GLYCK2": 1.737217e-01, "HEX1": 5.588000e+00, "MCOATA": 1.769290e-02, "HEX7": 0, "GLYCL_2": 0, "GLYCt": 0, "NTPP1": 0, "NTPP2": 0, "NTPP3": 0, "HPYRRx": 1.737217e-01, "GMPS2": 2.610014e-02, "HISTD": 4.038345e-02, "GLYK": 3.931755e-04, "GLYTRS": 0, "GND": 1.961776e-01, "NTPP4": 0, "NTPP5": 4.846727e-02, "MELIBabc": 0, "MDH": 0, "GNK": 0, "MCLORi": 0, "GPDDA1": 0, "HISTP": 4.038345e-02, "GPDDA2": 0, "GTPCI": 4.687357e-03, "ME1": 0, "HISTRS": 0, "GUI1": 0, "HMPK1": 0, "GUI2": 0, "MECDPDH2": 1.441643e-03, "MECDPS": 1.441643e-03, "HPPK": 4.687357e-03, "MEPCT": 1.441643e-03, "HPROb": 0, "METAT": 6.562299e-04, "METB1": 0, "OMCDC": 4.012377e-02, "HSERTA": 1.434331e-02, "OXAt": 0, "MHPGLUT": 0, "HSK": 0, "METS": 1.434331e-02, "METTRS": 0, "MGSA": 0, "MI1PS2": 0, "PC": 2.243264e-01, "PDIPS": 0, "MGt5": 0, "HSTPT": 4.038345e-02, "MLTG1": 0, "PGMT": -1.574764e-02, "MLTG2": 0, "HXPRT": 0, "MNLDH2": 0, "MNLDHr": 0, "PMDPHT": 9.374713e-07, "PPTGS_TM": 2.587421e-03, "HYDFDN": 1.004045e+01, "ORNTAC": 4.996722e-02, "MNNH": 0, "MOHMT": 2.676481e-04, "ICDHyr": 1.041156e-01, "MTHFC": 1.271352e-01, "MTHFD": 1.271352e-01, "PPCOAC": 0, "MTHFR2": 1.903067e-02, "IGPDH": 4.038345e-02, "ORNTA": 1.968690e-02, "IG3PS": 4.038345e-02, "PULLe": 0, "IGPS": 5.062345e-03, "PPNDH": 1.649950e-02, "MTRI": 0, "ILETA": -2.587421e-02, "NADHDH": 2.812414e-07, "NTPP6": 0, "OAADC": 0, "PMPK": 0, "P5CR": 1.968690e-02, "NADK": 4.968598e-05, "EDD": 5.376075e+00, "OCBT": 2.634294e-02, "LEUTA": -4.012377e-02, "OCTDPS": 0, "NH4t": 1.068098e+00, "NADS1": 2.559297e-04, "ILETRS": 0, "IMPD": 2.610014e-02, "PUNP1": 0, "IPDPS": 1.441643e-03, "PNP": 0, "NMNAT": 0, "NNATr": 2.559297e-04, "OMPDC": 2.925848e-02, "INSTabc": 0, "ORNDC": 3.937380e-03, "NNAM": 0, "NNDPR": 2.559297e-04, "OOR2r": 0, "IPMD": 4.012377e-02, "ORPT": -2.925848e-02, "NOX": 0, "NP1": 0, "LCTSabc": 0, "NTD8": 0, "NTD1": 0, "IPPS": 4.012377e-02, "NTD3": 0, "NTD7": 0, "IPPMIa": -4.012377e-02, "NTD9": 0, "IPPMIb": -4.012377e-02, "NT5C": 0, "Kt1": 0, "LACZ": 0, "RBFK": 9.374713e-07, "LDH_L": 0, "SPRMS": 0, "LEUTRS": 0, "LYSTRS": 0,