{"SK_5mta_c": 3.953865e-04, "SK_apoACP_c": -1.579287e-04, "SK_gcald_c": 2.824189e-03, "SK_pap_c": 1.579287e-04, "ACt2r": -2.573136e+00, "ADCL": 2.824189e-03, "ADCS": 2.824189e-03, "CO2t": -1.103560e+01, "BIOMASS_Ecoli_TM": 5.648378e-02, "ALAR": 3.117905e-03, "DM_dip_d_d_c": 0, "DM_pydx5p_c": 0, "ARBabc": 0, "ACGK": 1.824426e-02, "ACCOAC": 1.066018e-02, "ALCD19": 3.948216e-04, "ACALD": 0, "ACGS": 0, "CRTNsyn": 0, "ACKr": -2.523856e+00, "CSNt2": 0, "ACOATA": 1.618769e-03, "ACLS": 2.603390e+00, "ACHBS": 1.558952e-02, "ACYP_2": 0, "DCYTD": 0, "DM_sprm_c": 0, "DM_thmpp_c": 0, "ADAPAT": 1.997267e-02, "ADA": 0, "ADK1": 1.575892e-01, "EX_ac_e": 2.573136e+00, "DHNPA": 2.824189e-03, "EX_ala__L_e": 0, "ADK3": -4.258510e-02, "EX_amylose300_e": 0, "EX_arab__L_e": 0, "EX_cell4_e": 0, "EX_cell500_e": 0, "EX_cell6_e": 0, "CYTD": 0, "DHPPDA": 5.648378e-07, "ADMDC": 3.953865e-04, "CHORM": 1.734052e-02, "EX_cellb_e": 0, "ADPT": 0, "BACCL": 0, "ADSL2r": 2.754742e-02, "EX_co2_e": 1.103560e+01, "EX_csn_e": 0, "EX_fe2_e": 0, "ADSL1r": 1.690531e-02, "EX_fe3_e": 0, "ATPS1": 1.565722e+00, "EX_fru_e": 0, "BGLA1": 0, "ADSS": 1.690531e-02, "BGLA": 0, "EX_gal_e": 0, "AGDC": 0, "EX_galman4_e": 0, "EX_galman6_e": 0, "BTS3r": 0, "AGPAT160": 1.579287e-04, "AGPR": -1.824426e-02, "CDPMEK": 8.686076e-04, "EX_galman600_e": 0, "EX_glc__D_e": 0, "AHCi": 0, "EX_glcman4_e": 0, "BUTKr": 0, "EX_glcman6_e": 0, "AHCYSNS": 0, "EX_glcman600_e": 0, "EX_glucan1500_e": 0, "EX_glucan4_e": 0, "EX_glucan6_e": 0, "EX_glyc_e": 0, "CBPS": 3.350053e-02, "CEL6abc": 0, "CEPA": 0, "CELabc": 0, "CELASE2": 0, "CELASE1": 0, "EX_glyc3p_e": 0, "EX_glycogen1500_e": 0, "AHEXASE3": 0, "EX_h_e": 5.661157e+00, "EX_h2_e": 1.046358e+01, "AHMMPS": 0, "EX_h2o_e": -2.519305e+00, "EX_h2s_e": 3.986283e+00, "CELLBabc": 0, "CHORS": 2.321483e-02, "AHSERL2": 2.423154e-02, "CRTNh": 0, "EX_hco3_e": 0, "CS": 6.273106e-02, "AICART": 3.263096e-02, "CTPS2": 7.116957e-03, "EX_ile__L_e": 0, "EX_inost_e": 0, "CYSS": 5.075350e-03, "EX_k_e": 0, "CYSTRS": 0, "ALKP": 0, "CYTDK2": 0, "EX_lac__L_e": 0, "AIRCr": 2.754742e-02, "EX_lcts_e": 0, "EX_leu__L_e": 0, "EX_lmn30_e": 0, "EX_lmn2_e": 0, "EX_malt_e": -2.794000e+00, "CYTK1": 1.108833e-03, "CYTK2": 1.434688e-03, "DAPDA": 1.997267e-02, "DAPDC": 1.997267e-02, "DAPE": 1.997267e-02, "DASYN160": 7.896433e-05, "EX_malttr_e": 0, "EX_maltttr_e": 0, "DB4PS": 1.129676e-06, "AKP1": 2.824189e-03, "DCMPDA": -1.434688e-03, "EX_man_e": 0, "EX_manb_e": 0, "EX_mantr_e": 0, "EX_manttr_e": 0, "DDGLK": 0, "EX_melib_e": 0, "ALAALAr": 1.558952e-03, "DDPA": 2.321483e-02, "ALATRS": 0, "EX_mg2_e": 0, "EX_na1_e": 0, "EX_nh4_e": -3.142145e+00, "ALAabc": 0, "ALR2": 0, "EX_oxa_e": 0, "DDPGA": 0, "DHAD1": 2.603390e+00, "DHAD2": 1.558952e-02, "EX_pi_e": -4.342276e-02, "EX_ptrc_e": 0, "AMYLe": 0, "EX_pullulan1200_e": 0, "DHDPRx_r": 1.997267e-02, "DHDPS": 1.997267e-02, "DHFR": 2.824189e-03, "DHFS": 2.824189e-03, "EX_raffin_e": 0, "EX_rib__D_e": 0, "EX_rmn_e": 0, "DHORTS": -1.762859e-02, "APRAUR": 5.648378e-07, "DHORD_NAD": 1.762859e-02, "DHQTi": 2.321483e-02, "EX_s_e": -4, "EX_spmd_e": 0, "EX_starch1200_e": 0, "DHQS": 2.321483e-02, "AMYe": 0, "DMATT": 7.896433e-05, "EX_sucr_e": 0, "EX_thr__L_e": 0, "EX_tre_e": 0, "DNMPPA": 0, "ARAI": 0, "DNTPPA": 0, "DPCOAK": 1.612612e-04, "EX_ura_e": 0, "EX_val__L_e": 0, "EX_xan_e": 0, "DPR": 1.612612e-04, "EX_xtsn_e": 0, "ANPRT": 3.050124e-03, "EX_xyl__D_e": 0, "DRBK": 0, "DRPA": 9.954137e-03, "EX_xyl3_e": 0, "ANS": 3.050124e-03, "EX_xylan12_e": 0, "DTMPK": 1.395149e-03, "ARGSL": 1.587194e-02, "DURIK1": 0, "DUTPDP": 0, "EX_xylan4_e": 0, "EX_xylan8_e": 0, "EX_xylb_e": 0, "EX_zn2_e": 0, "ARGSS": 1.587194e-02, "DM_4hba_c": 0, "FASC300": 7.896433e-05, "FASC320": 7.896433e-05, "FERIRDe": 0, "ARGTRS": 0, "FRUabc": 0, "AROH": 0, "ASAD": -4.786266e-02, "GDH1": 1000, "GLCURT": 0, "ASNTRAT": 0, "ASP1DC": 1.612612e-04, "G3PAT160": 1.579287e-04, "ASPCT": 1.762859e-02, "ASPO2": 1.542007e-04, "GLUR": -1.558952e-03, "ASPK": 4.786266e-02, "G5SADs": 1.186159e-02, "ASPTA6": -3.224094e-02, "EDA": 5.293732e+00, "FPGS_tm": 0, "DXPRIi": 8.686076e-04, "ASPTRS_Asn": 0, "DXPS": 8.686076e-04, "H2Ot": 2.519305e+00, "ASPTRS": 0, "FE3abc": 0, "ASPT": -1000, "EGLUCe": 0, "ENO": 5.500110e+00, "H2St1": 3.986283e+00, "FBA": -3.948216e-04, "ATPPRT": 5.083540e-03, "FBA2": 3.948216e-04, "FBA3": 0, "H2td": 1.046358e+01, "FBP": 0, "HEX4": 0, "FCI": 0, "FMETTRS": 0, "FMNAT": 5.648378e-07, "FOLD3": 2.824189e-03, "FRUK": -3.948216e-04, "GALM2": 0, "HCO3E": 1.985681e-01, "GLYCOe": 0, "GLNTRAT": 0, "GLU5K": 1.186159e-02, "GTPCII": 5.648378e-07, "IMPCT2": 0, "GRTT": 7.896433e-05, "FTCD": 0, "FTHFLi": 2.825884e-03, "GalMr": 0, "FUCASE2": 0, "IPDDI": 7.896433e-05, "FUCASE": 0, "FUM": -9.999397e+02, "G1PACT": 3.117905e-03, "GALS3": 0, "GLS3e": 0, "GLSe": 0, "GLCMAN4": 0, "G3PD1ir": 2.368930e-04, "G5SD": 1.186159e-02, "G6PDA": -3.117905e-03, "GLCMAN6abc": 0, "GLCMAN4abc": 0, "GLCMAN6": 0, "GALUi": 7.896433e-04, "G6PDH2r": 5.988664e+00, "GALKr": 0, "GALM1": 0, "GALMAN6abc": 0, "GALMAN4abc": 0, "GALMAN4": 0, "GALT": 0, "L_LACt2r": 0, "GALMAN6": 0, "GALMAN600b_e": 0, "LCADi": 0, "GALMAN600c_e": 0, "GALMAN600a_e": 0, "GALabc": 0, "KAS14": 1.618769e-03, "GLCabc": 0, "IMPC": -3.263096e-02, "GAPD": 5.500110e+00, "GARFT": 2.754742e-02, "MANabc": 0, "LEUabc": 0, "GF6PTA": 0, "GHMT2r": 7.037512e-02, "GLCAASE3": 0, "GLCS1": 8.698503e-03, "ILEabc": 0, "HSDy": -2.789000e-02, "LMNe": 0, "LMN2": 0, "KARA2": 1.558952e-02, "KARA1": -2.603390e+00, "IMP": 0, "GLNS": 1.365168e-01, "GLCURS1": 0, "GLGC": 8.698503e-03, "GLNSP2": 0, "NADHPO": 0, "NAt": 1.696539e-01, "GLS": 0, "MANA2": 0, "GLUCAN2abc": 0, "GLUCANabc": 0, "GluForTx": 0, "MANA3": 0, "GLUFT": 0, "NDPK2": 1.870630e-02, "NDPK3": 1.108833e-03, "GLUPRT": 2.754742e-02, "MANA1": 0, "GLUSy": 0, "NDPK4": 1.395149e-03, "NDPK5": 0, "LMN2abc": 0, "NDPK7": 1.434688e-03, "NDPK8": 1.395149e-03, "GLYC3Pabc": 0, "NH3c": 1000, "GLYCDx": 0, "MALTTRabc": 0, "GLUTRS": 0, "GLUTRS_Gln": 0, "HCO3abc": 0, "GLYCK2": 0, "HEX1": 5.588000e+00, "MCOATA": 1.066018e-02, "HEX7": 0, "GLYCL_2": 0, "GLYCt": 0, "NTPP1": 9.954137e-03, "NTPP2": 0, "NTPP3": 0, "HPYRRx": 0, "GMPS2": 1.572565e-02, "HISTD": 5.083540e-03, "GLYK": 0, "GLYTRS": 0, "GND": 6.949321e-01, "NTPP4": 0, "NTPP5": 0, "MELIBabc": 0, "MDH": -9.999397e+02, "GNK": 0, "MCLORi": 0, "GPDDA1": 0, "HISTP": 5.083540e-03, "GPDDA2": 0, "GTPCI": 2.824189e-03, "ME1": 0, "HISTRS": 0, "GUI1": 0, "HMPK1": 0, "GUI2": 0, "MECDPDH2": 8.686076e-04, "MECDPS": 8.686076e-04, "HPPK": 2.824189e-03, "MEPCT": 8.686076e-04, "HPROb": 0, "METAT": 3.953865e-04, "METB1": 0, "OMCDC": 2.580522e+00, "HSERTA": 2.423154e-02, "OXAt": 0, "MHPGLUT": 0, "HSK": 3.658455e-03, "METS": 8.642019e-03, "METTRS": 0, "MGSA": 0, "MI1PS2": 0, "PC": 1.544073e-01, "PDIPS": 0, "MGt5": 0, "HSTPT": 5.083540e-03, "MLTG1": 0, "PGMT": -9.488146e-03, "MLTG2": 0, "HXPRT": 0, "MNLDH2": 0, "MNLDHr": 0, "PMDPHT": 5.648378e-07, "PPTGS_TM": 1.558952e-03, "HYDFDN": 5.231789e+00, "ORNTAC": 1.824426e-02, "MNNH": 0, "MOHMT": 1.612612e-04, "ICDHyr": 6.273106e-02, "MTHFC": 5.735250e-02, "MTHFD": 5.735250e-02, "PPCOAC": 0, "MTHFR2": 1.146621e-02, "IGPDH": 5.083540e-03, "ORNTA": 0, "IG3PS": 5.083540e-03, "PULLe": 0, "IGPS": 3.050124e-03, "PPNDH": 9.941146e-03, "MTRI": 0, "ILETA": -1.558952e-02, "NADHDH": 0, "NTPP6": 0, "OAADC": 0, "PMPK": 0, "P5CR": 1.186159e-02, "NADK": 2.993640e-05, "EDD": 5.293732e+00, "OCBT": 1.587194e-02, "LEUTA": -2.580522e+00, "OCTDPS": 0, "NH4t": 3.142145e+00, "NADS1": 1.542007e-04, "ILETRS": 0, "IMPD": 1.572565e-02, "PUNP1": 0, "IPDPS": 8.686076e-04, "PNP": 0, "NMNAT": 0, "NNATr": 1.542007e-04, "OMPDC": 1.762859e-02, "INSTabc": 0, "ORNDC": 2.372319e-03, "NNAM": 0, "NNDPR": 1.542007e-04, "OOR2r": 1.694513e-07, "IPMD": 2.580522e+00, "ORPT": -1.762859e-02, "NOX": 0, "NP1": 0, "LCTSabc": 0, "NTD8": 9.954137e-03, "NTD1": 0, "IPPS": 2.580522e+00, "NTD3": 0, "NTD7": 0, "IPPMIa": -2.580522e+00, "NTD9": 0, "IPPMIb": -2.580522e+00, "NT5C": 0, "Kt1": 0, "LACZ": 0, "RBFK": 5.648378e-07, "LDH_L": 0, "SPRMS": 0, "LEUTRS": 0,