{"SK_5mta_c": 1.467059e-03, "SK_apoACP_c": -5.859854e-04, "SK_gcald_c": 1.047900e-02, "SK_pap_c": 5.859854e-04, "ACt2r": -8.073354e+00, "ADCL": 1.047900e-02, "ADCS": 1.047900e-02, "CO2t": -8.587984e+00, "BIOMASS_Ecoli_TM": 2.095799e-01, "ALAR": 1.156881e-02, "DM_dip_d_d_c": 0, "DM_pydx5p_c": 0, "ARBabc": 0, "ACGK": 6.769431e-02, "ACCOAC": 3.955401e-02, "ALCD19": 1.464964e-03, "ACALD": 0, "ACGS": 0, "CRTNsyn": 0, "ACKr": -7.890505e+00, "CSNt2": 0, "ACOATA": 6.006350e-03, "ACLS": 1.745497e-01, "ACHBS": 5.784405e-02, "ACYP_2": 0, "DCYTD": 0, "DM_sprm_c": 0, "DM_thmpp_c": 0, "ADAPAT": 7.410745e-02, "ADA": 0, "ADK1": 5.847258e-01, "EX_ac_e": 8.073354e+00, "DHNPA": 1.047900e-02, "EX_ala__L_e": 0, "ADK3": -1.580096e-01, "EX_amylose300_e": 0, "EX_arab__L_e": 0, "EX_cell4_e": 0, "EX_cell500_e": 0, "EX_cell6_e": 0, "CYTD": 0, "DHPPDA": 2.095799e-06, "ADMDC": 1.467059e-03, "CHORM": 2.135169e-01, "EX_cellb_e": 0, "ADPT": 0, "BACCL": 0, "ADSL2r": 1.022132e-01, "EX_co2_e": 8.587984e+00, "EX_csn_e": 0, "EX_fe2_e": 0, "ADSL1r": 6.272622e-02, "EX_fe3_e": 0, "ATPS1": 1.141520e+00, "EX_fru_e": 0, "BGLA1": 0, "ADSS": 6.272622e-02, "BGLA": 0, "EX_gal_e": 0, "AGDC": 0, "EX_galman4_e": 0, "EX_galman6_e": 0, "BTS3r": 0, "AGPAT160": 5.859854e-04, "AGPR": -6.769431e-02, "CDPMEK": 3.222920e-03, "EX_galman600_e": 0, "EX_glc__D_e": 0, "AHCi": 0, "EX_glcman4_e": 0, "BUTKr": 0, "EX_glcman6_e": 0, "AHCYSNS": 0, "EX_glcman600_e": 0, "EX_glucan1500_e": 0, "EX_glucan4_e": 0, "EX_glucan6_e": 0, "EX_glyc_e": 0, "CBPS": 1.243018e-01, "CEL6abc": 0, "CEPA": 0, "CELabc": 0, "CELASE2": 0, "CELASE1": 0, "EX_glyc3p_e": 0, "EX_glycogen1500_e": 0, "AHEXASE3": 0, "EX_h_e": 1.019528e+01, "EX_h2_e": 1.690591e+01, "AHMMPS": 0, "EX_h2o_e": -6.312258e+00, "EX_h2s_e": 1.486806e-01, "CELLBabc": 0, "CHORS": 2.353132e-01, "AHSERL2": 8.990978e-02, "CRTNh": 0, "EX_hco3_e": 0, "CS": 2.327594e-01, "AICART": 1.210754e-01, "CTPS2": 2.640707e-02, "EX_ile__L_e": 0, "EX_inost_e": 0, "CYSS": 1.883180e-02, "EX_k_e": 0, "CYSTRS": 0, "ALKP": 0, "CYTDK2": 0, "EX_lac__L_e": 0, "AIRCr": 1.022132e-01, "EX_lcts_e": 0, "EX_leu__L_e": 0, "EX_lmn30_e": 0, "EX_lmn2_e": 0, "EX_malt_e": -2.794000e+00, "CYTK1": 4.114263e-03, "CYTK2": 5.323330e-03, "DAPDA": 7.410745e-02, "DAPDC": 7.410745e-02, "DAPE": 7.410745e-02, "DASYN160": 2.929927e-04, "EX_malttr_e": 0, "EX_maltttr_e": 0, "DB4PS": 4.191598e-06, "AKP1": 0, "DCMPDA": -5.323330e-03, "EX_man_e": 0, "EX_manb_e": 0, "EX_mantr_e": 0, "EX_manttr_e": 0, "DDGLK": 0, "EX_melib_e": 0, "ALAALAr": 5.784405e-03, "DDPA": 2.353132e-01, "ALATRS": 0, "EX_mg2_e": 0, "EX_na1_e": 0, "EX_nh4_e": -2.322747e+00, "ALAabc": 0, "ALR2": 0, "EX_oxa_e": 0, "DDPGA": 0, "DHAD1": 1.745497e-01, "DHAD2": 5.784405e-02, "EX_pi_e": -1.611177e-01, "EX_ptrc_e": 0, "AMYLe": 0, "EX_pullulan1200_e": 0, "DHDPRx_r": 7.410745e-02, "DHDPS": 7.410745e-02, "DHFR": 1.047900e-02, "DHFS": 1.047900e-02, "EX_raffin_e": 0, "EX_rib__D_e": 0, "EX_rmn_e": 0, "DHORTS": -6.540989e-02, "APRAUR": 2.095799e-06, "DHORD_NAD": 6.540989e-02, "DHQTi": 2.353132e-01, "EX_s_e": -1.995781e-01, "EX_spmd_e": 0, "EX_starch1200_e": 0, "DHQS": 2.353132e-01, "AMYe": 0, "DMATT": 2.929927e-04, "EX_sucr_e": 0, "EX_thr__L_e": 0, "EX_tre_e": 0, "DNMPPA": 1.047900e-02, "ARAI": 0, "DNTPPA": 1.047900e-02, "DPCOAK": 5.983506e-04, "EX_ura_e": 0, "EX_val__L_e": 0, "EX_xan_e": 0, "DPR": 5.983506e-04, "EX_xtsn_e": 0, "ANPRT": 1.131731e-02, "EX_xyl__D_e": 0, "DRBK": 0, "DRPA": 3.693427e-02, "EX_xyl3_e": 0, "ANS": 1.131731e-02, "EX_xylan12_e": 0, "DTMPK": 5.176624e-03, "ARGSL": 5.889195e-02, "DURIK1": 0, "DUTPDP": 0, "EX_xylan4_e": 0, "EX_xylan8_e": 0, "EX_xylb_e": 0, "EX_zn2_e": 0, "ARGSS": 5.889195e-02, "DM_4hba_c": 0, "FASC300": 2.929927e-04, "FASC320": 2.929927e-04, "FERIRDe": 0, "ARGTRS": 0, "FRUabc": 0, "AROH": 0, "ASAD": -1.775917e-01, "GDH1": 1000, "GLCURT": 0, "ASNTRAT": 0, "ASP1DC": 5.983506e-04, "G3PAT160": 5.859854e-04, "ASPCT": 6.540989e-02, "ASPO2": 5.721531e-04, "GLUR": -5.784405e-03, "ASPK": 1.775917e-01, "G5SADs": 4.401178e-02, "ASPTA6": -1.196282e-01, "EDA": 8.209056e-01, "FPGS_tm": 0, "DXPRIi": 3.222920e-03, "ASPTRS_Asn": 0, "DXPS": 3.222920e-03, "H2Ot": 6.312258e+00, "ASPTRS": 0, "FE3abc": 0, "ASPT": -1000, "EGLUCe": 0, "ENO": 9.597719e+00, "H2St1": 1.486806e-01, "FBA": 4.483542e+00, "ATPPRT": 1.886219e-02, "FBA2": 1.464964e-03, "FBA3": 0, "H2td": 1.690591e+01, "FBP": 0, "HEX4": 0, "FCI": 0, "FMETTRS": 0, "FMNAT": 2.095799e-06, "FOLD3": 1.047900e-02, "FRUK": -1.464964e-03, "GALM2": 0, "HCO3E": 7.367756e-01, "GLYCOe": 0, "GLNTRAT": 0, "GLU5K": 4.401178e-02, "GTPCII": 2.095799e-06, "IMPCT2": 0, "GRTT": 2.929927e-04, "FTCD": 0, "FTHFLi": 1.048528e-02, "GalMr": 0, "FUCASE2": 0, "IPDDI": 2.929927e-04, "FUCASE": 0, "FUM": -9.997762e+02, "G1PACT": 1.156881e-02, "GALS3": 0, "GLS3e": 0, "GLSe": 0, "GLCMAN4": 0, "G3PD1ir": 8.789781e-04, "G5SD": 4.401178e-02, "G6PDA": -1.156881e-02, "GLCMAN6abc": 0, "GLCMAN4abc": 0, "GLCMAN6": 0, "GALUi": 2.929927e-03, "G6PDH2r": 8.209056e-01, "GALKr": 0, "GALM1": 0, "GALMAN6abc": 0, "GALMAN4abc": 0, "GALMAN4": 0, "GALT": 0, "L_LACt2r": 0, "GALMAN6": 0, "GALMAN600b_e": 0, "LCADi": 0, "GALMAN600c_e": 0, "GALMAN600a_e": 0, "GALabc": 0, "KAS14": 6.006350e-03, "GLCabc": 0, "IMPC": -1.210754e-01, "GAPD": 9.597719e+00, "GARFT": 1.022132e-01, "MANabc": 0, "LEUabc": 0, "GF6PTA": 0, "GHMT2r": 2.611229e-01, "GLCAASE3": 0, "GLCS1": 3.227530e-02, "ILEabc": 0, "HSDy": -1.034843e-01, "LMNe": 0, "LMN2": 0, "KARA2": 5.784405e-02, "KARA1": -1.745497e-01, "IMP": 0, "GLNS": 5.065379e-01, "GLCURS1": 0, "GLGC": 3.227530e-02, "GLNSP2": 0, "NADHPO": 0, "NAt": 0, "GLS": 0, "MANA2": 0, "GLUCAN2abc": 0, "GLUCANabc": 0, "GluForTx": 0, "MANA3": 0, "GLUFT": 0, "NDPK2": 6.940867e-02, "NDPK3": 4.114263e-03, "GLUPRT": 1.022132e-01, "MANA1": 0, "GLUSy": 0, "NDPK4": 5.176624e-03, "NDPK5": 0, "LMN2abc": 0, "NDPK7": 5.323330e-03, "NDPK8": 0, "GLYC3Pabc": 0, "NH3c": 1000, "GLYCDx": 0, "MALTTRabc": 0, "GLUTRS": 0, "GLUTRS_Gln": 0, "HCO3abc": 0, "GLYCK2": 0, "HEX1": 5.588000e+00, "MCOATA": 3.955401e-02, "HEX7": 0, "GLYCL_2": 0, "GLYCt": 0, "NTPP1": 3.693427e-02, "NTPP2": 0, "NTPP3": 0, "HPYRRx": 0, "GMPS2": 5.834914e-02, "HISTD": 1.886219e-02, "GLYK": 0, "GLYTRS": 0, "GND": 0, "NTPP4": 0, "NTPP5": 0, "MELIBabc": 0, "MDH": -9.997762e+02, "GNK": 0, "MCLORi": 0, "GPDDA1": 0, "HISTP": 1.886219e-02, "GPDDA2": 0, "GTPCI": 1.047900e-02, "ME1": 0, "HISTRS": 0, "GUI1": 0, "HMPK1": 0, "GUI2": 0, "MECDPDH2": 3.222920e-03, "MECDPS": 3.222920e-03, "HPPK": 1.047900e-02, "MEPCT": 3.222920e-03, "HPROb": 0, "METAT": 1.467059e-03, "METB1": 0, "OMCDC": 8.970020e-02, "HSERTA": 8.990978e-02, "OXAt": 0, "MHPGLUT": 0, "HSK": 1.357449e-02, "METS": 3.206572e-02, "METTRS": 0, "MGSA": 0, "MI1PS2": 0, "PC": 5.729198e-01, "PDIPS": 0, "MGt5": 0, "HSTPT": 1.886219e-02, "MLTG1": 0, "PGMT": -3.520523e-02, "MLTG2": 0, "HXPRT": 0, "MNLDH2": 0, "MNLDHr": 0, "PMDPHT": 2.095799e-06, "PPTGS_TM": 5.784405e-03, "HYDFDN": 8.452953e+00, "ORNTAC": 6.769431e-02, "MNNH": 0, "MOHMT": 5.983506e-04, "ICDHyr": 2.327594e-01, "MTHFC": 2.128032e-01, "MTHFD": 2.128032e-01, "PPCOAC": 0, "MTHFR2": 4.254472e-02, "IGPDH": 1.886219e-02, "ORNTA": 0, "IG3PS": 1.886219e-02, "PULLe": 0, "IGPS": 1.131731e-02, "PPNDH": 1.860619e-01, "MTRI": 0, "ILETA": -5.784405e-02, "NADHDH": 6.287397e-07, "NTPP6": 0, "OAADC": 0, "PMPK": 0, "P5CR": 4.401178e-02, "NADK": 1.110773e-04, "EDD": 8.209056e-01, "OCBT": 5.889195e-02, "LEUTA": -8.970020e-02, "OCTDPS": 0, "NH4t": 2.322747e+00, "NADS1": 5.721531e-04, "ILETRS": 0, "IMPD": 5.834914e-02, "PUNP1": 0, "IPDPS": 3.222920e-03, "PNP": 0, "NMNAT": 0, "NNATr": 5.721531e-04, "OMPDC": 6.540989e-02, "INSTabc": 0, "ORNDC": 8.802356e-03, "NNAM": 0, "NNDPR": 5.721531e-04, "OOR2r": 0, "IPMD": 8.970020e-02, "ORPT": -6.540989e-02, "NOX": 0, "NP1": 0, "LCTSabc": 0, "NTD8": 3.693427e-02, "NTD1": 0, "IPPS": 8.970020e-02, "NTD3": 0, "NTD7": 0, "IPPMIa": -8.970020e-02, "NTD9": 0, "IPPMIb": -8.970020e-02, "NT5C": 0, "Kt1": 0, "LACZ": 0, "RBFK": 2.095799e-06, "LDH_L": 0, "SPRMS": 0, "LEUTRS": 0, "LYSTRS": 0,