{"SK_5mta_c": 1.285581e-01, "SK_apoACP_c": -1.633222e-04, "SK_gcald_c": 2.920640e-03, "SK_pap_c": 1.633222e-04, "ACt2r": -4.886117e+00, "ADCL": 2.920640e-03, "ADCS": 2.920640e-03, "CO2t": -7.700682e+00, "BIOMASS_Ecoli_TM": 5.841280e-02, "ALAR": 3.224387e-03, "DM_dip_d_d_c": 0, "DM_pydx5p_c": 0, "ARBabc": 0, "ACGK": 9.520863e-02, "ACCOAC": 1.102425e-02, "ALCD19": 0, "ACALD": 0, "ACGS": 0, "CRTNsyn": 0, "ACKr": -4.959521e+00, "CSNt2": 0, "ACOATA": 1.674052e-03, "ACLS": 4.864939e-02, "ACHBS": 1.612193e-02, "ACYP_2": 0, "DCYTD": 0, "DM_sprm_c": 6.407461e-02, "DM_thmpp_c": 0, "ADAPAT": 2.065477e-02, "ADA": 0, "ADK1": 7.919394e-01, "EX_ac_e": 4.886117e+00, "DHNPA": 2.920640e-03, "EX_ala__L_e": 0, "ADK3": -1.604109e-01, "EX_amylose300_e": 0, "EX_arab__L_e": 0, "EX_cell4_e": 0, "EX_cell500_e": 0, "EX_cell6_e": 0, "CYTD": 0, "DHPPDA": 5.841280e-07, "ADMDC": 1.285581e-01, "CHORM": 1.793273e-02, "EX_cellb_e": 0, "ADPT": 0, "BACCL": 0, "ADSL2r": 1.566374e-01, "EX_co2_e": 7.700682e+00, "EX_csn_e": 0, "EX_fe2_e": 0, "ADSL1r": 1.456319e-01, "EX_fe3_e": 0, "ATPS1": 0, "EX_fru_e": 0, "BGLA1": 0, "ADSS": 1.456319e-01, "BGLA": 0, "EX_gal_e": 0, "AGDC": 0, "EX_galman4_e": 0, "EX_galman6_e": 0, "BTS3r": 0, "AGPAT160": 1.633222e-04, "AGPR": -9.520863e-02, "CDPMEK": 3.803426e-01, "EX_galman600_e": 0, "EX_glc__D_e": 0, "AHCi": 0, "EX_glcman4_e": 0, "BUTKr": 0, "EX_glcman6_e": 0, "AHCYSNS": 0, "EX_glcman600_e": 0, "EX_glucan1500_e": 0, "EX_glucan4_e": 0, "EX_glucan6_e": 0, "EX_glyc_e": 0, "CBPS": 3.464463e-02, "CEL6abc": 0, "CEPA": 0, "CELabc": 0, "CELASE2": 0, "CELASE1": 0, "EX_glyc3p_e": 0, "EX_glycogen1500_e": 0, "AHEXASE3": 0, "EX_h_e": 4.082323e+00, "EX_h2_e": 1.011198e+01, "AHMMPS": 0, "EX_h2o_e": -1.229778e+00, "EX_h2s_e": 5.269969e-01, "CELLBabc": 0, "CHORS": 2.400766e-02, "AHSERL2": 0, "CRTNh": 0, "EX_hco3_e": -1.614928e+00, "CS": 1.289479e-01, "AICART": 1.618946e-01, "CTPS2": 8.843698e-03, "EX_ile__L_e": 0, "EX_inost_e": 0, "CYSS": 5.248682e-03, "EX_k_e": 0, "CYSTRS": 0, "ALKP": 4.083055e-04, "CYTDK2": 0, "EX_lac__L_e": 0, "AIRCr": 1.566374e-01, "EX_lcts_e": 0, "EX_leu__L_e": 0, "EX_lmn30_e": 0, "EX_lmn2_e": 0, "EX_malt_e": -1.823518e+00, "CYTK1": 3.805910e-01, "CYTK2": 0, "DAPDA": 2.065477e-02, "DAPDC": 2.065477e-02, "DAPE": 2.065477e-02, "DASYN160": 8.166110e-05, "EX_malttr_e": 0, "EX_maltttr_e": 0, "DB4PS": 1.168256e-06, "AKP1": 2.920640e-03, "DCMPDA": 0, "EX_man_e": 0, "EX_manb_e": 0, "EX_mantr_e": 0, "EX_manttr_e": 0, "DDGLK": 0, "EX_melib_e": 0, "ALAALAr": 1.612193e-03, "DDPA": 2.400766e-02, "ALATRS": 0, "EX_mg2_e": 0, "EX_na1_e": 0, "EX_nh4_e": -1.502849e+00, "ALAabc": 0, "ALR2": 0, "EX_oxa_e": 0, "DDPGA": 0, "DHAD1": 4.864939e-02, "DHAD2": 1.612193e-02, "EX_pi_e": -8.037944e-01, "EX_ptrc_e": 0, "AMYLe": 0, "EX_pullulan1200_e": 0, "DHDPRx_r": 2.065477e-02, "DHDPS": 2.065477e-02, "DHFR": 2.920640e-03, "DHFS": 2.920640e-03, "EX_raffin_e": 0, "EX_rib__D_e": 0, "EX_rmn_e": 0, "DHORTS": -1.823064e-02, "APRAUR": 5.841280e-07, "DHORD_NAD": 1.823064e-02, "DHQTi": 2.400766e-02, "EX_s_e": -6.693319e-01, "EX_spmd_e": 0, "EX_starch1200_e": 0, "DHQS": 2.400766e-02, "AMYe": 0, "DMATT": 8.166110e-05, "EX_sucr_e": 0, "EX_thr__L_e": 0, "EX_tre_e": 0, "DNMPPA": 0, "ARAI": 0, "DNTPPA": 0, "DPCOAK": 1.667685e-04, "EX_ura_e": 0, "EX_val__L_e": 0, "EX_xan_e": 0, "DPR": 1.667685e-04, "EX_xtsn_e": 0, "ANPRT": 3.154291e-03, "EX_xyl__D_e": 0, "DRBK": 0, "DRPA": 2.665925e-01, "EX_xyl3_e": 0, "ANS": 3.154291e-03, "EX_xylan12_e": 0, "DTMPK": 1.442796e-03, "ARGSL": 1.641400e-02, "DURIK1": 0, "DUTPDP": 0, "EX_xylan4_e": 0, "EX_xylan8_e": 0, "EX_xylb_e": 0, "EX_zn2_e": 0, "ARGSS": 1.641400e-02, "DM_4hba_c": 0, "FASC300": 8.166110e-05, "FASC320": 8.166110e-05, "FERIRDe": 0, "ARGTRS": 0, "FRUabc": 0, "AROH": 0, "ASAD": 7.865196e-02, "GDH1": -3.203390e-01, "GLCURT": 0, "ASNTRAT": 0, "ASP1DC": 1.667685e-04, "G3PAT160": 1.633222e-04, "ASPCT": 1.823064e-02, "ASPO2": 1.594669e-04, "GLUR": -1.612193e-03, "ASPK": -7.865196e-02, "G5SADs": 1.226669e-02, "ASPTA6": -3.334203e-02, "EDA": 0, "FPGS_tm": 0, "DXPRIi": 3.803426e-01, "ASPTRS_Asn": 0, "DXPS": 3.803426e-01, "H2Ot": 1.229778e+00, "ASPTRS": 0, "FE3abc": 0, "ASPT": -3.186833e-01, "EGLUCe": 0, "ENO": 6.220514e+00, "H2St1": 5.269969e-01, "FBA": 3.171963e+00, "ATPPRT": 5.257152e-03, "FBA2": 0, "FBA3": 0, "H2td": 1.011198e+01, "FBP": 0, "HEX4": 0, "FCI": 0, "FMETTRS": 0, "FMNAT": 5.841280e-07, "FOLD3": 2.920640e-03, "FRUK": 0, "GALM2": 0, "HCO3E": -1.473653e+00, "GLYCOe": 0, "GLNTRAT": 0, "GLU5K": 0, "GTPCII": 5.841280e-07, "IMPCT2": 0, "GRTT": 8.166110e-05, "FTCD": 0, "FTHFLi": 2.922392e-03, "GalMr": 0, "FUCASE2": 0, "IPDDI": 3.795260e-01, "FUCASE": 0, "FUM": 0, "G1PACT": 3.224387e-03, "GALS3": 0, "GLS3e": 0, "GLSe": 0, "GLCMAN4": 0, "G3PD1ir": 2.449833e-04, "G5SD": 0, "G6PDA": -3.224387e-03, "GLCMAN6abc": 0, "GLCMAN4abc": 0, "GLCMAN6": 0, "GALUi": 8.166110e-04, "G6PDH2r": 4.620365e-01, "GALKr": 0, "GALM1": 0, "GALMAN6abc": 0, "GALMAN4abc": 0, "GALMAN4": 0, "GALT": 0, "L_LACt2r": 0, "GALMAN6": 0, "GALMAN600b_e": 0, "LCADi": 0, "GALMAN600c_e": 0, "GALMAN600a_e": 0, "GALabc": 0, "KAS14": 1.674052e-03, "GLCabc": 0, "IMPC": -1.618946e-01, "GAPD": 6.220514e+00, "GARFT": 1.566374e-01, "MANabc": 0, "LEUabc": 0, "GF6PTA": 0, "GHMT2r": 4.572262e-01, "GLCAASE3": 0, "GLCS1": 8.995571e-03, "ILEabc": 0, "HSDy": 9.930673e-02, "LMNe": 0, "LMN2": 0, "KARA2": 1.612193e-02, "KARA1": -4.864939e-02, "IMP": 0, "GLNS": 3.989612e-01, "GLCURS1": 0, "GLGC": 8.995571e-03, "GLNSP2": 0, "NADHPO": 0, "NAt": 0, "GLS": 0, "MANA2": 0, "GLUCAN2abc": 0, "GLUCANabc": 0, "GluForTx": 0, "MANA3": 0, "GLUFT": 0, "NDPK2": 2.082884e-02, "NDPK3": 3.791073e-01, "GLUPRT": 1.566374e-01, "MANA1": 0, "GLUSy": 0, "NDPK4": 1.442796e-03, "NDPK5": 2.680762e-01, "LMN2abc": 0, "NDPK7": 1.483685e-03, "NDPK8": 1.442796e-03, "GLYC3Pabc": 0, "NH3c": -3.203390e-01, "GLYCDx": -4.083055e-04, "MALTTRabc": 0, "GLUTRS": 0, "GLUTRS_Gln": 0, "HCO3abc": 1.614928e+00, "GLYCK2": 0, "HEX1": 3.647036e+00, "MCOATA": 1.102425e-02, "HEX7": 0, "GLYCL_2": 0, "GLYCt": 0, "NTPP1": 2.665925e-01, "NTPP2": 0, "NTPP3": 0, "HPYRRx": 0, "GMPS2": 1.626271e-02, "HISTD": 5.257152e-03, "GLYK": 0, "GLYTRS": 0, "GND": 4.620365e-01, "NTPP4": 0, "NTPP5": 0, "MELIBabc": 0, "MDH": 0, "GNK": 0, "MCLORi": 0, "GPDDA1": 0, "HISTP": 5.257152e-03, "GPDDA2": 0, "GTPCI": 2.920640e-03, "ME1": 0, "HISTRS": 0, "GUI1": 0, "HMPK1": 0, "GUI2": 0, "MECDPDH2": 3.803426e-01, "MECDPS": 3.803426e-01, "HPPK": 2.920640e-03, "MEPCT": 3.803426e-01, "HPROb": 0, "METAT": 1.285581e-01, "METB1": -9.930673e-02, "OMCDC": 2.500068e-02, "HSERTA": -9.930673e-02, "OXAt": 0, "MHPGLUT": 0, "HSK": 0, "METS": 1.370864e-01, "METTRS": 0, "MGSA": 0, "MI1PS2": 0, "PC": 9.560584e-02, "PDIPS": 0, "MGt5": 0, "HSTPT": 5.257152e-03, "MLTG1": 0, "PGMT": -9.812182e-03, "MLTG2": 0, "HXPRT": 0, "MNLDH2": 0, "MNLDHr": 0, "PMDPHT": 5.841280e-07, "PPTGS_TM": 1.612193e-03, "HYDFDN": 5.055991e+00, "ORNTAC": 9.520863e-02, "MNNH": 0, "MOHMT": 1.667685e-04, "ICDHyr": 1.289479e-01, "MTHFC": 3.156096e-01, "MTHFD": 3.156096e-01, "PPCOAC": 0, "MTHFR2": 1.400070e-01, "IGPDH": 5.257152e-03, "ORNTA": 1.226669e-02, "IG3PS": 5.257152e-03, "PULLe": 0, "IGPS": 3.154291e-03, "PPNDH": 1.028065e-02, "MTRI": 0, "ILETA": -1.612193e-02, "NADHDH": 0, "NTPP6": 0, "OAADC": 0, "PMPK": 0, "P5CR": 1.226669e-02, "NADK": 3.095878e-05, "EDD": 0, "OCBT": 1.641400e-02, "LEUTA": -2.500068e-02, "OCTDPS": 0, "NH4t": 1.502849e+00, "NADS1": 1.594669e-04, "ILETRS": 0, "IMPD": 1.626271e-02, "PUNP1": 0, "IPDPS": 3.803426e-01, "PNP": 0, "NMNAT": 0, "NNATr": 1.594669e-04, "OMPDC": 1.823064e-02, "INSTabc": 0, "ORNDC": 6.652795e-02, "NNAM": 0, "NNDPR": 1.594669e-04, "OOR2r": 0, "IPMD": 2.500068e-02, "ORPT": -1.823064e-02, "NOX": 0, "NP1": 0, "LCTSabc": 0, "NTD8": 2.665925e-01, "NTD1": 0, "IPPS": 2.500068e-02, "NTD3": 0, "NTD7": 0, "IPPMIa": -2.500068e-02, "NTD9": 0, "IPPMIb": -2.500068e-02, "NT5C": 0, "Kt1": 0, "LACZ": 0, "RBFK": 5.841280e-07, "LDH_L": 0, "SPRMS": 6.407461e-02, "LEUTRS": 0, "LYSTRS": 0, "MALT": 1.823518e+00,