{"SK_5mta_c": 1.344307e-03, "SK_apoACP_c": -5.369546e-04, "SK_gcald_c": 9.602192e-03, "SK_pap_c": 5.369546e-04, "ACt2r": -7.375089e+00, "ADCL": 9.602192e-03, "ADCS": 9.602192e-03, "CO2t": -8.872894e+00, "BIOMASS_Ecoli_TM": 1.920438e-01, "ALAR": 1.060082e-02, "DM_dip_d_d_c": 0, "DM_pydx5p_c": 0, "ARBabc": 0, "ACGK": 6.203016e-02, "ACCOAC": 3.624443e-02, "ALCD19": 1.342386e-03, "ACALD": 0, "ACGS": 0, "CRTNsyn": 0, "ACKr": -7.720083e+00, "CSNt2": 0, "ACOATA": 5.503785e-03, "ACLS": 1.599447e-01, "ACHBS": 5.300410e-02, "ACYP_2": 0, "DCYTD": 0, "DM_sprm_c": 0, "DM_thmpp_c": 0, "ADAPAT": 6.790670e-02, "ADA": 0, "ADK1": 1.580887e+00, "EX_ac_e": 7.375089e+00, "DHNPA": 9.602192e-03, "EX_ala__L_e": 0, "ADK3": -1.060668e-01, "EX_amylose300_e": 0, "EX_arab__L_e": 0, "EX_cell4_e": 0, "EX_cell500_e": 0, "EX_cell6_e": 0, "CYTD": 0, "DHPPDA": 1.920438e-06, "ADMDC": 1.344307e-03, "CHORM": 5.895746e-02, "EX_cellb_e": 0, "ADPT": 5.588261e-01, "BACCL": 0, "ADSL2r": 9.366074e-02, "EX_co2_e": 8.872894e+00, "EX_csn_e": 0, "EX_fe2_e": 0, "ADSL1r": 5.747776e-02, "EX_fe3_e": 0, "ATPS1": 1.131541e+00, "EX_fru_e": 0, "BGLA1": 0, "ADSS": 5.747776e-02, "BGLA": 0, "EX_gal_e": 0, "AGDC": 0, "EX_galman4_e": 0, "EX_galman6_e": 0, "BTS3r": 0, "AGPAT160": 5.369546e-04, "AGPR": -6.203016e-02, "CDPMEK": 6.184778e-01, "EX_galman600_e": 0, "EX_glc__D_e": 0, "AHCi": 0, "EX_glcman4_e": 0, "BUTKr": 0, "EX_glcman6_e": 0, "AHCYSNS": 0, "EX_glcman600_e": 0, "EX_glucan1500_e": 0, "EX_glucan4_e": 0, "EX_glucan6_e": 0, "EX_glyc_e": 0, "CBPS": 1.139012e-01, "CEL6abc": 0, "CEPA": 0, "CELabc": 0, "CELASE2": 0, "CELASE1": 0, "EX_glyc3p_e": 0, "EX_glycogen1500_e": 0, "AHEXASE3": 0, "EX_h_e": 8.875010e+00, "EX_h2_e": 1.544585e+01, "AHMMPS": 0, "EX_h2o_e": -4.592837e+00, "EX_h2s_e": 0, "CELLBabc": 0, "CHORS": 7.893002e-02, "AHSERL2": 0, "CRTNh": 0, "EX_hco3_e": 0, "CS": 2.132839e-01, "AICART": 1.109447e-01, "CTPS2": 2.419752e-02, "EX_ile__L_e": 0, "EX_inost_e": 0, "CYSS": 1.725610e-02, "EX_k_e": 0, "CYSTRS": 0, "ALKP": 0, "CYTDK2": 0, "EX_lac__L_e": 0, "AIRCr": 9.366074e-02, "EX_lcts_e": 0, "EX_leu__L_e": 0, "EX_lmn30_e": 0, "EX_lmn2_e": 0, "EX_malt_e": -2.794000e+00, "CYTK1": 6.192945e-01, "CYTK2": 4.877914e-03, "DAPDA": 6.790670e-02, "DAPDC": 6.790670e-02, "DAPE": 6.790670e-02, "DASYN160": 2.684773e-04, "EX_malttr_e": 0, "EX_maltttr_e": 0, "DB4PS": 3.840877e-06, "AKP1": 0, "DCMPDA": -4.877914e-03, "EX_man_e": 0, "EX_manb_e": 0, "EX_mantr_e": 0, "EX_manttr_e": 0, "DDGLK": 0, "EX_melib_e": 0, "ALAALAr": 5.300410e-03, "DDPA": 7.893002e-02, "ALATRS": 0, "EX_mg2_e": 0, "EX_na1_e": 0, "EX_nh4_e": -1.991703e+00, "ALAabc": 0, "ALR2": 0, "EX_oxa_e": 0, "DDPGA": 0, "DHAD1": 1.599447e-01, "DHAD2": 5.300410e-02, "EX_pi_e": -7.631611e-01, "EX_ptrc_e": 0, "AMYLe": 0, "EX_pullulan1200_e": 0, "DHDPRx_r": 6.790670e-02, "DHDPS": 6.790670e-02, "DHFR": 9.602192e-03, "DHFS": 9.602192e-03, "EX_raffin_e": 0, "EX_rib__D_e": 0, "EX_rmn_e": 0, "DHORTS": -5.993688e-02, "APRAUR": 1.920438e-06, "DHORD_NAD": 5.993688e-02, "DHQTi": 7.893002e-02, "EX_s_e": -4.663881e-02, "EX_spmd_e": 0, "EX_starch1200_e": 0, "DHQS": 7.893002e-02, "AMYe": 0, "DMATT": 3.080307e-01, "EX_sucr_e": 0, "EX_thr__L_e": 0, "EX_tre_e": 0, "DNMPPA": 9.602192e-03, "ARAI": 0, "DNTPPA": 9.602192e-03, "DPCOAK": 5.482852e-04, "EX_ura_e": 0, "EX_val__L_e": 0, "EX_xan_e": 0, "DPR": 5.482852e-04, "EX_xtsn_e": 0, "ANPRT": 1.037037e-02, "EX_xyl__D_e": 0, "DRBK": 0, "DRPA": 5.588261e-01, "EX_xyl3_e": 0, "ANS": 1.037037e-02, "EX_xylan12_e": 0, "DTMPK": 4.743483e-03, "ARGSL": 5.396432e-02, "DURIK1": 0, "DUTPDP": 0, "EX_xylan4_e": 0, "EX_xylan8_e": 0, "EX_xylb_e": 0, "EX_zn2_e": 0, "ARGSS": 5.396432e-02, "DM_4hba_c": 0, "FASC300": 2.684773e-04, "FASC320": 2.684773e-04, "FERIRDe": 0, "ARGTRS": 0, "FRUabc": 0, "AROH": 0, "ASAD": 3.622500e-01, "GDH1": 1000, "GLCURT": 0, "ASNTRAT": 0, "ASP1DC": 5.482852e-04, "G3PAT160": 5.369546e-04, "ASPCT": 5.993688e-02, "ASPO2": 5.242797e-04, "GLUR": -5.300410e-03, "ASPK": -3.622500e-01, "G5SADs": 4.032921e-02, "ASPTA6": -1.096186e-01, "EDA": 0, "FPGS_tm": 0, "DXPRIi": 6.184778e-01, "ASPTRS_Asn": 0, "DXPS": 6.184778e-01, "H2Ot": 4.592837e+00, "ASPTRS": 0, "FE3abc": 0, "ASPT": -1000, "EGLUCe": 0, "ENO": 9.603771e+00, "H2St1": 0, "FBA": 4.928779e+00, "ATPPRT": 1.728395e-02, "FBA2": 1.342386e-03, "FBA3": 0, "H2td": 1.544585e+01, "FBP": 0, "HEX4": 0, "FCI": 0, "FMETTRS": 0, "FMNAT": 1.920438e-06, "FOLD3": 9.602192e-03, "FRUK": -1.342386e-03, "GALM2": 0, "HCO3E": 1.501456e-01, "GLYCOe": 0, "GLNTRAT": 0, "GLU5K": 4.032921e-02, "GTPCII": 1.920438e-06, "IMPCT2": 0, "GRTT": 2.684773e-04, "FTCD": 0, "FTHFLi": 9.607954e-03, "GalMr": 0, "FUCASE2": 0, "IPDDI": 3.080307e-01, "FUCASE": 0, "FUM": -9.997949e+02, "G1PACT": 1.060082e-02, "GALS3": 0, "GLS3e": 0, "GLSe": 0, "GLCMAN4": 0, "G3PD1ir": 8.054319e-04, "G5SD": 4.032921e-02, "G6PDA": -1.060082e-02, "GLCMAN6abc": 0, "GLCMAN4abc": 0, "GLCMAN6": 0, "GALUi": 2.684773e-03, "G6PDH2r": 2.849134e-01, "GALKr": 0, "GALM1": 0, "GALMAN6abc": 0, "GALMAN4abc": 0, "GALMAN4": 0, "GALT": 0, "L_LACt2r": 0, "GALMAN6": 0, "GALMAN600b_e": 0, "LCADi": 0, "GALMAN600c_e": 0, "GALMAN600a_e": 0, "GALabc": 0, "KAS14": 5.503785e-03, "GLCabc": 0, "IMPC": -1.109447e-01, "GAPD": 9.603771e+00, "GARFT": 9.366074e-02, "MANabc": 0, "LEUabc": 0, "GF6PTA": 0, "GHMT2r": 5.017652e-01, "GLCAASE3": 0, "GLCS1": 2.957475e-02, "ILEabc": 0, "HSDy": 4.301567e-01, "LMNe": 0, "LMN2": 0, "KARA2": 5.300410e-02, "KARA1": -1.599447e-01, "IMP": 0, "GLNS": 4.641546e-01, "GLCURS1": 0, "GLGC": 2.957475e-02, "GLNSP2": 0, "NADHPO": 0, "NAt": 0, "GLS": 0, "MANA2": 0, "GLUCAN2abc": 0, "GLUCANabc": 0, "GluForTx": 0, "MANA3": 0, "GLUFT": 0, "NDPK2": 6.360108e-02, "NDPK3": 6.192945e-01, "GLUPRT": 9.366074e-02, "MANA1": 0, "GLUSy": 0, "NDPK4": 4.743483e-03, "NDPK5": 4.877914e-03, "LMN2abc": 0, "NDPK7": 4.877914e-03, "NDPK8": 5.635696e-01, "GLYC3Pabc": 0, "NH3c": 1000, "GLYCDx": 0, "MALTTRabc": 0, "GLUTRS": 0, "GLUTRS_Gln": 0, "HCO3abc": 0, "GLYCK2": 0, "HEX1": 5.588000e+00, "MCOATA": 3.624443e-02, "HEX7": 0, "GLYCL_2": 2.624911e-01, "GLYCt": 0, "NTPP1": 0, "NTPP2": 0, "NTPP3": 0, "HPYRRx": 0, "GMPS2": 5.346693e-02, "HISTD": 1.728395e-02, "GLYK": 0, "GLYTRS": 0, "GND": 2.849134e-01, "NTPP4": 0, "NTPP5": 5.588261e-01, "MELIBabc": 0, "MDH": -9.997949e+02, "GNK": 0, "MCLORi": 0, "GPDDA1": 0, "HISTP": 1.728395e-02, "GPDDA2": 0, "GTPCI": 9.602192e-03, "ME1": 0, "HISTRS": 0, "GUI1": 0, "HMPK1": 0, "GUI2": 0, "MECDPDH2": 6.184778e-01, "MECDPS": 6.184778e-01, "HPPK": 9.602192e-03, "MEPCT": 6.184778e-01, "HPROb": 0, "METAT": 1.344307e-03, "METB1": -4.301567e-01, "OMCDC": 8.219477e-02, "HSERTA": -4.301567e-01, "OXAt": 0, "MHPGLUT": 0, "HSK": 0, "METS": 2.938271e-02, "METTRS": 0, "MGSA": 0, "MI1PS2": 0, "PC": 0, "PDIPS": 0, "MGt5": 0, "HSTPT": 1.728395e-02, "MLTG1": 0, "PGMT": -3.225953e-02, "MLTG2": 0, "HXPRT": 0, "MNLDH2": 0, "MNLDHr": 0, "PMDPHT": 1.920438e-06, "PPTGS_TM": 5.300410e-03, "HYDFDN": 7.722926e+00, "ORNTAC": 6.203016e-02, "MNNH": 0, "MOHMT": 5.482852e-04, "ICDHyr": 2.132839e-01, "MTHFC": 1.949975e-01, "MTHFD": 1.949975e-01, "PPCOAC": 0, "MTHFR2": 3.898490e-02, "IGPDH": 1.728395e-02, "ORNTA": 0, "IG3PS": 1.728395e-02, "PULLe": 0, "IGPS": 1.037037e-02, "PPNDH": 3.379972e-02, "MTRI": 0, "ILETA": -5.300410e-02, "NADHDH": 5.761315e-07, "NTPP6": 0, "OAADC": 0, "PMPK": 0, "P5CR": 4.032921e-02, "NADK": 1.017832e-04, "EDD": 0, "OCBT": 5.396432e-02, "LEUTA": -8.219477e-02, "OCTDPS": 0, "NH4t": 1.991703e+00, "NADS1": 5.242797e-04, "ILETRS": 0, "IMPD": 5.346693e-02, "PUNP1": 0, "IPDPS": 6.184778e-01, "PNP": 0, "NMNAT": 0, "NNATr": 5.242797e-04, "OMPDC": 5.993688e-02, "INSTabc": 0, "ORNDC": 8.065841e-03, "NNAM": 0, "NNDPR": 5.242797e-04, "OOR2r": 0, "IPMD": 8.219477e-02, "ORPT": -5.993688e-02, "NOX": 0, "NP1": 0, "LCTSabc": 0, "NTD8": 0, "NTD1": 0, "IPPS": 8.219477e-02, "NTD3": 0, "NTD7": 0, "IPPMIa": -8.219477e-02, "NTD9": 0, "IPPMIb": -8.219477e-02, "NT5C": 0, "Kt1": 0, "LACZ": 0, "RBFK": 1.920438e-06, "LDH_L": 0, "SPRMS": 0, "LEUTRS": 0, "LYSTRS": 0, "MALT": 2.794000e+00,