{"SK_5mta_c": 6.694469e-03, "SK_apoACP_c": -1.055204e-04, "SK_gcald_c": 1.886988e-03, "SK_pap_c": 1.055204e-04, "ACt2r": -9.094512e+00, "ADCL": 1.886988e-03, "ADCS": 1.886988e-03, "CO2t": -9.245726e+00, "BIOMASS_Ecoli_TM": 3.773977e-02, "ALAR": 2.083235e-03, "DM_dip_d_d_c": 0, "DM_pydx5p_c": 0, "ARBabc": 0, "ACGK": 2.333044e-02, "ACCOAC": 7.122626e-03, "ALCD19": 0, "ACALD": 0, "ACGS": 0, "CRTNsyn": 0, "ACKr": -9.065571e+00, "CSNt2": 0, "ACOATA": 1.081584e-03, "ACLS": 3.143175e-02, "ACHBS": 1.041618e-02, "ACYP_2": 0, "DCYTD": 0, "DM_sprm_c": 3.215145e-03, "DM_thmpp_c": 0, "ADAPAT": 1.334478e-02, "ADA": 0, "ADK1": 8.955298e-01, "EX_ac_e": 9.094512e+00, "DHNPA": 1.886988e-03, "EX_ala__L_e": 0, "ADK3": -2.727415e-02, "EX_amylose300_e": 0, "EX_arab__L_e": 0, "EX_cell4_e": 0, "EX_cell500_e": 0, "EX_cell6_e": 0, "CYTD": 0, "DHPPDA": 3.773977e-07, "ADMDC": 6.694469e-03, "CHORM": 1.158611e-02, "EX_cellb_e": 0, "ADPT": 1.951146e-02, "BACCL": 0, "ADSL2r": 2.483616e-02, "EX_co2_e": 9.245726e+00, "EX_csn_e": 0, "EX_fe2_e": 0, "ADSL1r": 1.772561e-02, "EX_fe3_e": 0, "ATPS1": 0, "EX_fru_e": 0, "BGLA1": 0, "ADSS": 1.772561e-02, "BGLA": 0, "EX_gal_e": 0, "AGDC": 0, "EX_galman4_e": 0, "EX_galman6_e": 0, "BTS3r": 0, "AGPAT160": 1.055204e-04, "AGPR": -2.333044e-02, "CDPMEK": 5.803621e-04, "EX_galman600_e": 0, "EX_glc__D_e": 0, "AHCi": 0, "EX_glcman4_e": 0, "BUTKr": 0, "EX_glcman6_e": 0, "AHCYSNS": 0, "EX_glcman600_e": 0, "EX_glucan1500_e": 0, "EX_glucan4_e": 0, "EX_glucan6_e": 0, "EX_glyc_e": 0, "CBPS": 2.238346e-02, "CEL6abc": 0, "CEPA": 0, "CELabc": 0, "CELASE2": 0, "CELASE1": 0, "EX_glyc3p_e": 0, "EX_glycogen1500_e": 0, "AHEXASE3": 0, "EX_h_e": 9.094512e+00, "EX_h2_e": 1.833217e+01, "AHMMPS": 0, "EX_h2o_e": -1.006908e+01, "EX_h2s_e": 1.879389e-01, "CELLBabc": 0, "CHORS": 1.551104e-02, "AHSERL2": 1.220447e-02, "CRTNh": 0, "EX_hco3_e": 0, "CS": 4.512893e-02, "AICART": 2.823274e-02, "CTPS2": 5.713801e-03, "EX_ile__L_e": 0, "EX_inost_e": 0, "CYSS": 3.391107e-03, "EX_k_e": 0, "CYSTRS": 0, "ALKP": 2.638010e-04, "CYTDK2": 0, "EX_lac__L_e": 0, "AIRCr": 2.483616e-02, "EX_lcts_e": 0, "EX_leu__L_e": 0, "EX_lmn30_e": 0, "EX_lmn2_e": 0, "EX_malt_e": -2.794000e+00, "CYTK1": 3.881315e-01, "CYTK2": 0, "DAPDA": 1.334478e-02, "DAPDC": 1.334478e-02, "DAPE": 1.334478e-02, "DASYN160": 5.276020e-05, "EX_malttr_e": 0, "EX_maltttr_e": 0, "DB4PS": 7.547954e-07, "AKP1": 1.886988e-03, "DCMPDA": 0, "EX_man_e": 0, "EX_manb_e": 0, "EX_mantr_e": 0, "EX_manttr_e": 0, "DDGLK": 0, "EX_melib_e": 0, "ALAALAr": 1.041618e-03, "DDPA": 1.551104e-02, "ALATRS": 0, "EX_mg2_e": 0, "EX_na1_e": 0, "EX_nh4_e": -4.364144e-01, "ALAabc": 0, "ALR2": 0, "EX_oxa_e": 0, "DDPGA": 0, "DHAD1": 3.143175e-02, "DHAD2": 1.041618e-02, "EX_pi_e": -8.037944e-01, "EX_ptrc_e": 0, "AMYLe": 0, "EX_pullulan1200_e": 0, "DHDPRx_r": 1.334478e-02, "DHDPS": 1.334478e-02, "DHFR": 1.886988e-03, "DHFS": 1.886988e-03, "EX_raffin_e": 0, "EX_rib__D_e": 0, "EX_rmn_e": 0, "DHORTS": -1.177858e-02, "APRAUR": 3.773977e-07, "DHORD_NAD": 1.177858e-02, "DHQTi": 1.551104e-02, "EX_s_e": -2.035345e-01, "EX_spmd_e": 0, "EX_starch1200_e": 0, "DHQS": 1.551104e-02, "AMYe": 0, "DMATT": 5.276020e-05, "EX_sucr_e": 0, "EX_thr__L_e": 0, "EX_tre_e": 0, "DNMPPA": 0, "ARAI": 0, "DNTPPA": 0, "DPCOAK": 1.077470e-04, "EX_ura_e": 0, "EX_val__L_e": 0, "EX_xan_e": 0, "DPR": 1.077470e-04, "EX_xtsn_e": 0, "ANPRT": 2.037947e-03, "EX_xyl__D_e": 0, "DRBK": 0, "DRPA": 1.951146e-02, "EX_xyl3_e": 0, "ANS": 2.037947e-03, "EX_xylan12_e": 0, "DTMPK": 9.321723e-04, "ARGSL": 1.060487e-02, "DURIK1": 0, "DUTPDP": 0, "EX_xylan4_e": 0, "EX_xylan8_e": 0, "EX_xylb_e": 0, "EX_zn2_e": 0, "ARGSS": 1.060487e-02, "DM_4hba_c": 0, "FASC300": 5.276020e-05, "FASC320": 5.276020e-05, "FERIRDe": 0, "ARGTRS": 0, "FRUabc": 0, "AROH": 0, "ASAD": -2.554926e-02, "GDH1": 4.473126e+00, "GLCURT": 0, "ASNTRAT": 0, "ASP1DC": 1.077470e-04, "G3PAT160": 1.055204e-04, "ASPCT": 1.177858e-02, "ASPO2": 1.030296e-04, "GLUR": -1.041618e-03, "ASPK": 2.554926e-02, "G5SADs": 7.925351e-03, "ASPTA6": 5.482354e-02, "EDA": 4.734334e+00, "FPGS_tm": 0, "DXPRIi": 5.803621e-04, "ASPTRS_Asn": 0, "DXPS": 5.803621e-04, "H2Ot": 1.006908e+01, "ASPTRS": 0, "FE3abc": 0, "ASPT": -5.316654e-02, "EGLUCe": 0, "ENO": 4.824430e+00, "H2St1": 1.879389e-01, "FBA": 0, "ATPPRT": 3.396579e-03, "FBA2": 0, "FBA3": 0, "H2td": 1.833217e+01, "FBP": 0, "HEX4": 0, "FCI": 0, "FMETTRS": 0, "FMNAT": 3.773977e-07, "FOLD3": 1.886988e-03, "FRUK": 0, "GALM2": 0, "HCO3E": 1.294586e-01, "GLYCOe": 0, "GLNTRAT": 0, "GLU5K": 0, "GTPCII": 3.773977e-07, "IMPCT2": 3.873907e-01, "GRTT": 5.276020e-05, "FTCD": 0, "FTHFLi": 1.888121e-03, "GalMr": 0, "FUCASE2": 0, "IPDDI": 5.276020e-05, "FUCASE": 0, "FUM": 0, "G1PACT": 2.083235e-03, "GALS3": 0, "GLS3e": 0, "GLSe": 0, "GLCMAN4": 0, "G3PD1ir": 1.582806e-04, "G5SD": 0, "G6PDA": -2.083235e-03, "GLCMAN6abc": 0, "GLCMAN4abc": 0, "GLCMAN6": 0, "GALUi": 5.276020e-04, "G6PDH2r": 4.806879e+00, "GALKr": 0, "GALM1": 0, "GALMAN6abc": 0, "GALMAN4abc": 0, "GALMAN4": 0, "GALT": 0, "L_LACt2r": 0, "GALMAN6": 0, "GALMAN600b_e": 0, "LCADi": 0, "GALMAN600c_e": 0, "GALMAN600a_e": 0, "GALabc": 0, "KAS14": 1.081584e-03, "GLCabc": 0, "IMPC": -2.823274e-02, "GAPD": 4.748064e+00, "GARFT": 2.483616e-02, "MANabc": 0, "LEUabc": 0, "GF6PTA": 0, "GHMT2r": 6.631217e-02, "GLCAASE3": 0, "GLCS1": 5.811924e-03, "ILEabc": 0, "HSDy": -1.220447e-02, "LMNe": 0, "LMN2": 0, "KARA2": 1.041618e-02, "KARA1": -3.143175e-02, "IMP": 0, "GLNS": 4.708761e+00, "GLCURS1": 0, "GLGC": 5.811924e-03, "GLNSP2": 0, "NADHPO": 0, "NAt": 0, "GLS": 0, "MANA2": 0, "GLUCAN2abc": 0, "GLUCANabc": 0, "GluForTx": 0, "MANA3": 0, "GLUFT": 0, "NDPK2": 1.345725e-02, "NDPK3": 3.871730e-01, "GLUPRT": 2.483616e-02, "MANA1": 0, "GLUSy": 4.603728e+00, "NDPK4": 9.321723e-04, "NDPK5": 9.585901e-04, "LMN2abc": 0, "NDPK7": 9.585901e-04, "NDPK8": 2.044363e-02, "GLYC3Pabc": 0, "NH3c": 4.473126e+00, "GLYCDx": -2.638010e-04, "MALTTRabc": 0, "GLUTRS": 0, "GLUTRS_Gln": 0, "HCO3abc": 0, "GLYCK2": 7.636540e-02, "HEX1": 5.588000e+00, "MCOATA": 7.122626e-03, "HEX7": 0, "GLYCL_2": 0, "GLYCt": 0, "NTPP1": 0, "NTPP2": 0, "NTPP3": 0, "HPYRRx": 7.636540e-02, "GMPS2": 1.050713e-02, "HISTD": 3.396579e-03, "GLYK": 0, "GLYTRS": 0, "GND": 7.254489e-02, "NTPP4": 0, "NTPP5": 1.951146e-02, "MELIBabc": 0, "MDH": 0, "GNK": 0, "MCLORi": 0, "GPDDA1": 0, "HISTP": 3.396579e-03, "GPDDA2": 0, "GTPCI": 1.886988e-03, "ME1": 0, "HISTRS": 0, "GUI1": 0, "HMPK1": 0, "GUI2": 0, "MECDPDH2": 5.803621e-04, "MECDPS": 5.803621e-04, "HPPK": 1.886988e-03, "MEPCT": 5.803621e-04, "HPROb": 0, "METAT": 6.694469e-03, "METB1": 0, "OMCDC": 1.615262e-02, "HSERTA": 1.220447e-02, "OXAt": 0, "MHPGLUT": 0, "HSK": 0, "METS": 1.220447e-02, "METTRS": 0, "MGSA": 0, "MI1PS2": 7.747814e-01, "PC": 9.995247e-02, "PDIPS": 3.873907e-01, "MGt5": 0, "HSTPT": 3.396579e-03, "MLTG1": 0, "PGMT": -6.339526e-03, "MLTG2": 0, "HXPRT": 0, "MNLDH2": 0, "MNLDHr": 0, "PMDPHT": 3.773977e-07, "PPTGS_TM": 1.041618e-03, "HYDFDN": 9.166083e+00, "ORNTAC": 2.333044e-02, "MNNH": 0, "MOHMT": 1.077470e-04, "ICDHyr": 4.512893e-02, "MTHFC": 5.118079e-02, "MTHFD": 5.118079e-02, "PPCOAC": 0, "MTHFR2": 1.409146e-02, "IGPDH": 3.396579e-03, "ORNTA": 7.925351e-03, "IG3PS": 3.396579e-03, "PULLe": 0, "IGPS": 2.037947e-03, "PPNDH": 6.642199e-03, "MTRI": 0, "ILETA": -1.041618e-02, "NADHDH": 1.132193e-07, "NTPP6": 0, "OAADC": 0, "PMPK": 0, "P5CR": 7.925351e-03, "NADK": 2.000208e-05, "EDD": 4.734334e+00, "OCBT": 1.060487e-02, "LEUTA": -1.615262e-02, "OCTDPS": 0, "NH4t": 4.364144e-01, "NADS1": 1.030296e-04, "ILETRS": 0, "IMPD": 1.050713e-02, "PUNP1": 0, "IPDPS": 5.803621e-04, "PNP": 0, "NMNAT": 0, "NNATr": 1.030296e-04, "OMPDC": 1.177858e-02, "INSTabc": 0, "ORNDC": 4.800215e-03, "NNAM": 0, "NNDPR": 1.030296e-04, "OOR2r": 0, "IPMD": 1.615262e-02, "ORPT": -1.177858e-02, "NOX": 0, "NP1": 0, "LCTSabc": 0, "NTD8": 0, "NTD1": 0, "IPPS": 1.615262e-02, "NTD3": 0, "NTD7": 0, "IPPMIa": -1.615262e-02, "NTD9": 7.461828e-01, "IPPMIb": -1.615262e-02, "NT5C": 0, "Kt1": 0, "LACZ": 0, "RBFK": 3.773977e-07, "LDH_L": 0,