{"SK_5mta_c": 1.091608e-02, "SK_apoACP_c": -1.720628e-04, "SK_gcald_c": 3.076946e-03, "SK_pap_c": 1.720628e-04, "ACt2r": -3.192045e+00, "ADCL": 3.076946e-03, "ADCS": 3.076946e-03, "CO2t": -9.098879e+00, "BIOMASS_Ecoli_TM": 6.153891e-02, "ALAR": 3.396948e-03, "DM_dip_d_d_c": 0, "DM_pydx5p_c": 0, "ARBabc": 0, "ACGK": 3.804290e-02, "ACCOAC": 1.502391e+00, "ALCD19": 0, "ACALD": 0, "ACGS": 0, "CRTNsyn": 0, "ACKr": -3.144855e+00, "CSNt2": 0, "ACOATA": 2.147317e-01, "ACLS": 5.125299e-02, "ACHBS": 1.698474e-02, "ACYP_2": 0, "DCYTD": 0, "DM_sprm_c": 5.242654e-03, "DM_thmpp_c": 0, "ADAPAT": 2.176016e-02, "ADA": 0, "ADK1": 2.435270e-01, "EX_ac_e": 3.192045e+00, "DHNPA": 3.076946e-03, "EX_ala__L_e": 0, "ADK3": -4.447356e-02, "EX_amylose300_e": 0, "EX_arab__L_e": 0, "EX_cell4_e": 0, "EX_cell500_e": 0, "EX_cell6_e": 0, "CYTD": 0, "DHPPDA": 6.153891e-07, "ADMDC": 1.091608e-02, "CHORM": 1.889245e-02, "EX_cellb_e": 0, "ADPT": 3.181562e-02, "BACCL": 0, "ADSL2r": 4.049814e-02, "EX_co2_e": 9.098879e+00, "EX_csn_e": 0, "EX_fe2_e": 0, "ADSL1r": 2.890360e-02, "EX_fe3_e": 0, "ATPS1": 0, "EX_fru_e": 0, "BGLA1": 0, "ADSS": 2.890360e-02, "BGLA": 0, "EX_gal_e": 0, "AGDC": 0, "EX_galman4_e": 0, "EX_galman6_e": 0, "BTS3r": 0, "AGPAT160": 1.066561e-01, "AGPR": -3.804290e-02, "CDPMEK": 9.463454e-04, "EX_galman600_e": 0, "EX_glc__D_e": 0, "AHCi": 0, "EX_glcman4_e": 0, "BUTKr": 0, "EX_glcman6_e": 0, "AHCYSNS": 0, "EX_glcman600_e": 0, "EX_glucan1500_e": 0, "EX_glucan4_e": 0, "EX_glucan6_e": 0, "EX_glyc_e": 0, "CBPS": 3.649873e-02, "CEL6abc": 0, "CEPA": 0, "CELabc": 0, "CELASE2": 0, "CELASE1": 0, "EX_glyc3p_e": 0, "EX_glycogen1500_e": 0, "AHEXASE3": 0, "EX_h_e": 3.192045e+00, "EX_h2_e": 1.002499e+01, "AHMMPS": 0, "EX_h2o_e": -4.996165e+00, "EX_h2s_e": 3.974570e+00, "CELLBabc": 0, "CHORS": 2.529249e-02, "AHSERL2": 1.990076e-02, "CRTNh": 0, "EX_hco3_e": -5.252002e-01, "CS": 7.358796e-02, "AICART": 4.603665e-02, "CTPS2": 9.316992e-03, "EX_ile__L_e": 0, "EX_inost_e": 0, "CYSS": 5.529579e-03, "EX_k_e": 0, "CYSTRS": 0, "ALKP": 4.301570e-04, "CYTDK2": 0, "EX_lac__L_e": 0, "AIRCr": 4.049814e-02, "EX_lcts_e": 0, "EX_leu__L_e": 0, "EX_lmn30_e": 0, "EX_lmn2_e": 0, "EX_malt_e": -1.779974e+00, "CYTK1": 1.076921e-01, "CYTK2": 0, "DAPDA": 2.176016e-02, "DAPDC": 2.176016e-02, "DAPE": 2.176016e-02, "DASYN160": 1.065701e-01, "EX_malttr_e": 0, "EX_maltttr_e": 0, "DB4PS": 1.230778e-06, "AKP1": 3.076946e-03, "DCMPDA": 0, "EX_man_e": 0, "EX_manb_e": 0, "EX_mantr_e": 0, "EX_manttr_e": 0, "DDGLK": 0, "EX_melib_e": 0, "ALAALAr": 1.698474e-03, "DDPA": 2.529249e-02, "ALATRS": 0, "EX_mg2_e": 0, "EX_na1_e": 0, "EX_nh4_e": -7.116225e-01, "ALAabc": 0, "ALR2": 0, "EX_oxa_e": 0, "DDPGA": 0, "DHAD1": 5.125299e-02, "DHAD2": 1.698474e-02, "EX_pi_e": -2.602770e-01, "EX_ptrc_e": 0, "AMYLe": 0, "EX_pullulan1200_e": 0, "DHDPRx_r": 2.176016e-02, "DHDPS": 2.176016e-02, "DHFR": 3.076946e-03, "DHFS": 3.076946e-03, "EX_raffin_e": 0, "EX_rib__D_e": 0, "EX_rmn_e": 0, "DHORTS": -1.920630e-02, "APRAUR": 6.153891e-07, "DHORD_NAD": 1.920630e-02, "DHQTi": 2.529249e-02, "EX_s_e": -4, "EX_spmd_e": 0, "EX_starch1200_e": 0, "DHQS": 2.529249e-02, "AMYe": 0, "DMATT": 8.603140e-05, "EX_sucr_e": 0, "EX_thr__L_e": 0, "EX_tre_e": 0, "DNMPPA": 0, "ARAI": 0, "DNTPPA": 0, "DPCOAK": 1.756936e-04, "EX_ura_e": 0, "EX_val__L_e": 0, "EX_xan_e": 0, "DPR": 1.756936e-04, "EX_xtsn_e": 0, "ANPRT": 3.323101e-03, "EX_xyl__D_e": 0, "DRBK": 0, "DRPA": 3.181562e-02, "EX_xyl3_e": 0, "ANS": 3.323101e-03, "EX_xylan12_e": 0, "DTMPK": 1.520011e-03, "ARGSL": 1.729244e-02, "DURIK1": 0, "DUTPDP": 0, "EX_xylan4_e": 0, "EX_xylan8_e": 0, "EX_xylb_e": 0, "EX_zn2_e": 0, "ARGSS": 1.729244e-02, "DM_4hba_c": 0, "FASC300": 8.603140e-05, "FASC320": 8.603140e-05, "FERIRDe": 0, "ARGTRS": 0, "FRUabc": 0, "AROH": 0, "ASAD": -4.166092e-02, "GDH1": -2.129606e-01, "GLCURT": 0, "ASNTRAT": 0, "ASP1DC": 1.756936e-04, "G3PAT160": 1.066561e-01, "ASPCT": 1.920630e-02, "ASPO2": 1.680012e-04, "GLUR": -1.698474e-03, "ASPK": 4.166092e-02, "G5SADs": 1.292317e-02, "ASPTA6": 8.939574e-02, "EDA": 0, "FPGS_tm": 0, "DXPRIi": 9.463454e-04, "ASPTRS_Asn": 0, "DXPS": 9.463454e-04, "H2Ot": 4.996165e+00, "ASPTRS": 0, "FE3abc": 0, "ASPT": -8.669418e-02, "EGLUCe": 0, "ENO": 5.652805e+00, "H2St1": 3.974570e+00, "FBA": 2.287545e+00, "ATPPRT": 5.538502e-03, "FBA2": 0, "FBA3": 0, "H2td": 1.002499e+01, "FBP": 0, "HEX4": 0, "FCI": 0, "FMETTRS": 0, "FMNAT": 6.153891e-07, "FOLD3": 3.076946e-03, "FRUK": 0, "GALM2": 0, "HCO3E": 1.176673e+00, "GLYCOe": 0, "GLNTRAT": 0, "GLU5K": 0, "GTPCII": 6.153891e-07, "IMPCT2": 0, "GRTT": 8.603140e-05, "FTCD": 0, "FTHFLi": 3.078792e-03, "GalMr": 0, "FUCASE2": 0, "IPDDI": 8.603140e-05, "FUCASE": 0, "FUM": 0, "G1PACT": 3.396948e-03, "GALS3": 0, "GLS3e": 0, "GLSe": 0, "GLCMAN4": 0, "G3PD1ir": 2.132262e-01, "G5SD": 0, "G6PDA": -3.396948e-03, "GLCMAN6abc": 0, "GLCMAN4abc": 0, "GLCMAN6": 0, "GALUi": 8.603140e-04, "G6PDH2r": 3.549610e+00, "GALKr": 0, "GALM1": 0, "GALMAN6abc": 0, "GALMAN4abc": 0, "GALMAN4": 0, "GALT": 0, "L_LACt2r": 0, "GALMAN6": 0, "GALMAN600b_e": 0, "LCADi": 0, "GALMAN600c_e": 0, "GALMAN600a_e": 0, "GALabc": 0, "KAS14": 2.147317e-01, "GLCabc": 0, "IMPC": -4.603665e-02, "GAPD": 5.528283e+00, "GARFT": 4.049814e-02, "MANabc": 0, "LEUabc": 0, "GF6PTA": 0, "GHMT2r": 1.081294e-01, "GLCAASE3": 0, "GLCS1": 9.476993e-03, "ILEabc": 0, "HSDy": -1.990076e-02, "LMNe": 0, "LMN2": 0, "KARA2": 1.698474e-02, "KARA1": -5.125299e-02, "IMP": 0, "GLNS": 1.712683e-01, "GLCURS1": 0, "GLGC": 9.476993e-03, "GLNSP2": 0, "NADHPO": 0, "NAt": 0, "GLS": 0, "MANA2": 0, "GLUCAN2abc": 0, "GLUCANabc": 0, "GluForTx": 0, "MANA3": 0, "GLUFT": 0, "NDPK2": 2.194355e-02, "NDPK3": 1.061290e-01, "GLUPRT": 4.049814e-02, "MANA1": 0, "GLUSy": 0, "NDPK4": 1.520011e-03, "NDPK5": 1.563088e-03, "LMN2abc": 0, "NDPK7": 1.563088e-03, "NDPK8": 3.333563e-02, "GLYC3Pabc": 0, "NH3c": -2.129606e-01, "GLYCDx": -4.301570e-04, "MALTTRabc": 0, "GLUTRS": 0, "GLUTRS_Gln": 0, "HCO3abc": 5.252002e-01, "GLYCK2": 1.245221e-01, "HEX1": 3.559947e+00, "MCOATA": 1.502391e+00, "HEX7": 0, "GLYCL_2": 0, "GLYCt": 0, "NTPP1": 0, "NTPP2": 0, "NTPP3": 0, "HPYRRx": 1.245221e-01, "GMPS2": 1.713305e-02, "HISTD": 5.538502e-03, "GLYK": 0, "GLYTRS": 0, "GND": 3.549610e+00, "NTPP4": 0, "NTPP5": 3.181562e-02, "MELIBabc": 0, "MDH": 0, "GNK": 0, "MCLORi": 0, "GPDDA1": 0, "HISTP": 5.538502e-03, "GPDDA2": 0, "GTPCI": 3.076946e-03, "ME1": 0, "HISTRS": 0, "GUI1": 0, "HMPK1": 0, "GUI2": 0, "MECDPDH2": 9.463454e-04, "MECDPS": 9.463454e-04, "HPPK": 3.076946e-03, "MEPCT": 9.463454e-04, "HPROb": 0, "METAT": 1.091608e-02, "METB1": 0, "OMCDC": 2.633866e-02, "HSERTA": 1.990076e-02, "OXAt": 0, "MHPGLUT": 0, "HSK": 0, "METS": 1.990076e-02, "METTRS": 0, "MGSA": 0, "MI1PS2": 0, "PC": 1.629837e-01, "PDIPS": 0, "MGt5": 0, "HSTPT": 5.538502e-03, "MLTG1": 0, "PGMT": -1.033731e-02, "MLTG2": 0, "HXPRT": 0, "MNLDH2": 0, "MNLDHr": 0, "PMDPHT": 6.153891e-07, "PPTGS_TM": 1.698474e-03, "HYDFDN": 5.012494e+00, "ORNTAC": 3.804290e-02, "MNNH": 0, "MOHMT": 1.756936e-04, "ICDHyr": 7.358796e-02, "MTHFC": 8.345600e-02, "MTHFD": 8.345600e-02, "PPCOAC": 0, "MTHFR2": 2.297771e-02, "IGPDH": 5.538502e-03, "ORNTA": 1.292317e-02, "IG3PS": 5.538502e-03, "PULLe": 0, "IGPS": 3.323101e-03, "PPNDH": 1.083085e-02, "MTRI": 0, "ILETA": -1.698474e-02, "NADHDH": 0, "NTPP6": 0, "OAADC": 0, "PMPK": 0, "P5CR": 1.292317e-02, "NADK": 3.261562e-05, "EDD": 0, "OCBT": 1.729244e-02, "LEUTA": -2.633866e-02, "OCTDPS": 0, "NH4t": 7.116225e-01, "NADS1": 1.680012e-04, "ILETRS": 0, "IMPD": 1.713305e-02, "PUNP1": 0, "IPDPS": 9.463454e-04, "PNP": 0, "NMNAT": 0, "NNATr": 1.680012e-04, "OMPDC": 1.920630e-02, "INSTabc": 0, "ORNDC": 7.827288e-03, "NNAM": 0, "NNDPR": 1.680012e-04, "OOR2r": 1.846167e-07, "IPMD": 2.633866e-02, "ORPT": -1.920630e-02, "NOX": 0, "NP1": 0, "LCTSabc": 0, "NTD8": 0, "NTD1": 0, "IPPS": 2.633866e-02, "NTD3": 0, "NTD7": 0, "IPPMIa": -2.633866e-02, "NTD9": 0, "IPPMIb": -2.633866e-02, "NT5C": 0, "Kt1": 0, "LACZ": 0, "RBFK": 6.153891e-07, "LDH_L": 0, "SPRMS": 5.242654e-03, "LEUTRS": 0, "LYSTRS": 0,