{"SK_5mta_c": 2.871502e-04, "SK_apoACP_c": -1.146960e-04, "SK_gcald_c": 2.051073e-03, "SK_pap_c": 1.146960e-04, "ACt2r": -8.646365e+00, "ADCL": 2.051073e-03, "ADCS": 2.051073e-03, "CO2t": -8.984987e+00, "BIOMASS_Ecoli_TM": 4.102145e-02, "ALAR": 2.264384e-03, "DM_dip_d_d_c": 0, "DM_pydx5p_c": 0, "ARBabc": 0, "ACGK": 1.324993e-02, "ACCOAC": 7.741978e-03, "ALCD19": 2.867399e-04, "ACALD": 0, "ACGS": 0, "CRTNsyn": 0, "ACKr": -9.914359e+00, "CSNt2": 0, "ACOATA": 1.175634e-03, "ACLS": 3.416492e-02, "ACHBS": 1.132192e-02, "ACYP_2": 0, "DCYTD": 0, "DM_sprm_c": 0, "DM_thmpp_c": 0, "ADAPAT": 1.450519e-02, "ADA": 0, "ADK1": 1.798748e+00, "EX_ac_e": 8.646365e+00, "DHNPA": 2.051073e-03, "EX_ala__L_e": 0, "ADK3": -2.265635e-02, "EX_amylose300_e": 0, "EX_arab__L_e": 0, "EX_cell4_e": 0, "EX_cell500_e": 0, "EX_cell6_e": 0, "CYTD": 0, "DHPPDA": 4.102145e-07, "ADMDC": 2.871502e-04, "CHORM": 1.259359e-02, "EX_cellb_e": 0, "ADPT": 0, "BACCL": 0, "ADSL2r": 2.000637e-02, "EX_co2_e": 8.984987e+00, "EX_csn_e": 0, "EX_fe2_e": 0, "ADSL1r": 1.227752e-02, "EX_fe3_e": 0, "ATPS1": 0, "EX_fru_e": 0, "BGLA1": 0, "ADSS": 1.227752e-02, "BGLA": 0, "EX_gal_e": 0, "AGDC": 0, "EX_galman4_e": 0, "EX_galman6_e": 0, "BTS3r": 0, "AGPAT160": 1.146960e-04, "AGPR": -1.324993e-02, "CDPMEK": 6.308279e-04, "EX_galman600_e": 0, "EX_glc__D_e": 0, "AHCi": 0, "EX_glcman4_e": 0, "BUTKr": 0, "EX_glcman6_e": 0, "AHCYSNS": 0, "EX_glcman600_e": 0, "EX_glucan1500_e": 0, "EX_glucan4_e": 0, "EX_glucan6_e": 0, "EX_glyc_e": 0, "CBPS": 4.104591e-01, "CEL6abc": 0, "CEPA": 0, "CELabc": 0, "CELASE2": 0, "CELASE1": 0, "EX_glyc3p_e": 0, "EX_glycogen1500_e": 0, "AHEXASE3": 0, "EX_h_e": 8.646365e+00, "EX_h2_e": 1.744133e+01, "AHMMPS": 0, "EX_h2o_e": -8.674294e+00, "EX_h2s_e": 1.721671e+00, "CELLBabc": 0, "CHORS": 1.685982e-02, "AHSERL2": 0, "CRTNh": 0, "EX_hco3_e": 0, "CS": 4.555842e-02, "AICART": 2.369830e-02, "CTPS2": 5.168703e-03, "EX_ile__L_e": 0, "EX_inost_e": 0, "CYSS": 3.685982e-03, "EX_k_e": 0, "CYSTRS": 0, "ALKP": 0, "CYTDK2": 0, "EX_lac__L_e": 0, "AIRCr": 2.000637e-02, "EX_lcts_e": 0, "EX_leu__L_e": 0, "EX_lmn30_e": 0, "EX_lmn2_e": 0, "EX_malt_e": -2.794000e+00, "CYTK1": 8.052921e-04, "CYTK2": 1.041945e-03, "DAPDA": 1.450519e-02, "DAPDC": 1.450519e-02, "DAPE": 1.450519e-02, "DASYN160": 5.734799e-05, "EX_malttr_e": 0, "EX_maltttr_e": 0, "DB4PS": 8.204290e-07, "AKP1": 0, "DCMPDA": -1.041945e-03, "EX_man_e": 0, "EX_manb_e": 0, "EX_mantr_e": 0, "EX_manttr_e": 0, "DDGLK": 0, "EX_melib_e": 0, "ALAALAr": 1.132192e-03, "DDPA": 1.685982e-02, "ALATRS": 0, "EX_mg2_e": 0, "EX_na1_e": 0, "EX_nh4_e": -1.197695e+00, "ALAabc": 0, "ALR2": 0, "EX_oxa_e": 0, "DDPGA": 0, "DHAD1": 3.416492e-02, "DHAD2": 1.132192e-02, "EX_pi_e": -8.037944e-01, "EX_ptrc_e": 0, "AMYLe": 0, "EX_pullulan1200_e": 0, "DHDPRx_r": 1.450519e-02, "DHDPS": 1.450519e-02, "DHFR": 2.051073e-03, "DHFS": 2.051073e-03, "EX_raffin_e": 0, "EX_rib__D_e": 0, "EX_rmn_e": 0, "DHORTS": -3.989321e-01, "APRAUR": 4.102145e-07, "DHORD_NAD": 3.989321e-01, "DHQTi": 1.685982e-02, "EX_s_e": -1.731634e+00, "EX_spmd_e": 0, "EX_starch1200_e": 0, "DHQS": 1.685982e-02, "AMYe": 0, "DMATT": 5.734799e-05, "EX_sucr_e": 0, "EX_thr__L_e": 0, "EX_tre_e": 0, "DNMPPA": 2.051073e-03, "ARAI": 0, "DNTPPA": 2.051073e-03, "DPCOAK": 1.171162e-04, "EX_ura_e": 0, "EX_val__L_e": 0, "EX_xan_e": 0, "DPR": 1.171162e-04, "EX_xtsn_e": 0, "ANPRT": 2.215158e-03, "EX_xyl__D_e": 0, "DRBK": 0, "DRPA": 1.313670e+00, "EX_xyl3_e": 0, "ANS": 2.215158e-03, "EX_xylan12_e": 0, "DTMPK": 1.013230e-03, "ARGSL": 1.152703e-02, "DURIK1": 0, "DUTPDP": 0, "EX_xylan4_e": 0, "EX_xylan8_e": 0, "EX_xylb_e": 0, "EX_zn2_e": 0, "ARGSS": 1.152703e-02, "DM_4hba_c": 0, "FASC300": 5.734799e-05, "FASC320": 5.734799e-05, "FERIRDe": 0, "ARGTRS": 0, "FRUabc": 0, "AROH": 0, "ASAD": 1.271680e+00, "GDH1": 1000, "GLCURT": 0, "ASNTRAT": 0, "ASP1DC": 1.171162e-04, "G3PAT160": 1.146960e-04, "ASPCT": 3.989321e-01, "ASPO2": 1.119886e-04, "GLUR": -1.132192e-03, "ASPK": -1.271680e+00, "G5SADs": 8.614505e-03, "ASPTA6": -2.341504e-02, "EDA": 5.176081e-01, "FPGS_tm": 0, "DXPRIi": 6.308279e-04, "ASPTRS_Asn": 0, "DXPS": 6.308279e-04, "H2Ot": 8.674294e+00, "ASPTRS": 0, "FE3abc": 0, "ASPT": -9.992135e+02, "EGLUCe": 0, "ENO": 8.262313e+00, "H2St1": 1.721671e+00, "FBA": 3.510115e+00, "ATPPRT": 3.691931e-03, "FBA2": 2.867399e-04, "FBA3": 0, "H2td": 1.744133e+01, "FBP": 0, "HEX4": 0, "FCI": 0, "FMETTRS": 0, "FMNAT": 4.102145e-07, "FOLD3": 2.051073e-03, "FRUK": -2.867399e-04, "GALM2": 0, "HCO3E": 4.182011e-01, "GLYCOe": 0, "GLNTRAT": 0, "GLU5K": 8.614505e-03, "GTPCII": 4.102145e-07, "IMPCT2": 0, "GRTT": 5.734799e-05, "FTCD": 0, "FTHFLi": 2.052303e-03, "GalMr": 0, "FUCASE2": 0, "IPDDI": 5.734799e-05, "FUCASE": 0, "FUM": -9.991697e+02, "G1PACT": 2.264384e-03, "GALS3": 0, "GLS3e": 0, "GLSe": 0, "GLCMAN4": 0, "G3PD1ir": 1.720440e-04, "G5SD": 8.614505e-03, "G6PDA": -2.264384e-03, "GLCMAN6abc": 0, "GLCMAN4abc": 0, "GLCMAN6": 0, "GALUi": 3.867027e-01, "G6PDH2r": 5.176081e-01, "GALKr": 0, "GALM1": 0, "GALMAN6abc": 0, "GALMAN4abc": 0, "GALMAN4": 0, "GALT": 0, "L_LACt2r": 0, "GALMAN6": 0, "GALMAN600b_e": 0, "LCADi": 0, "GALMAN600c_e": 0, "GALMAN600a_e": 0, "GALabc": 0, "KAS14": 1.175634e-03, "GLCabc": 0, "IMPC": -2.369830e-02, "GAPD": 8.262313e+00, "GARFT": 2.000637e-02, "MANabc": 0, "LEUabc": 0, "GF6PTA": 0, "GHMT2r": 7.043303e-01, "GLCAASE3": 0, "GLCS1": 6.317303e-03, "ILEabc": 0, "HSDy": 1.286185e+00, "LMNe": 0, "LMN2": 0, "KARA2": 1.132192e-02, "KARA1": -3.416492e-02, "IMP": 0, "GLNS": 4.852748e-01, "GLCURS1": 0, "GLGC": 6.317303e-03, "GLNSP2": 0, "NADHPO": 0, "NAt": 0, "GLS": 0, "MANA2": 0, "GLUCAN2abc": 0, "GLUCANabc": 0, "GluForTx": 0, "MANA3": 0, "GLUFT": 0, "NDPK2": 3.997147e-01, "NDPK3": 8.052921e-04, "GLUPRT": 2.000637e-02, "MANA1": 0, "GLUSy": 0, "NDPK4": 1.013230e-03, "NDPK5": 1.314712e+00, "LMN2abc": 0, "NDPK7": 1.041945e-03, "NDPK8": 1.013230e-03, "GLYC3Pabc": 0, "NH3c": 1000, "GLYCDx": 0, "MALTTRabc": 0, "GLUTRS": 0, "GLUTRS_Gln": 0, "HCO3abc": 0, "GLYCK2": 0, "HEX1": 5.588000e+00, "MCOATA": 7.741978e-03, "HEX7": 0, "GLYCL_2": 6.532203e-01, "GLYCt": 0, "NTPP1": 1.313670e+00, "NTPP2": 0, "NTPP3": 0, "HPYRRx": 0, "GMPS2": 1.142078e-02, "HISTD": 3.691931e-03, "GLYK": 0, "GLYTRS": 0, "GND": 0, "NTPP4": 0, "NTPP5": 0, "MELIBabc": 0, "MDH": -9.991697e+02, "GNK": 0, "MCLORi": 0, "GPDDA1": 0, "HISTP": 3.691931e-03, "GPDDA2": 0, "GTPCI": 2.051073e-03, "ME1": 0, "HISTRS": 0, "GUI1": 0, "HMPK1": 0, "GUI2": 0, "MECDPDH2": 6.308279e-04, "MECDPS": 6.308279e-04, "HPPK": 2.051073e-03, "MEPCT": 6.308279e-04, "HPROb": 0, "METAT": 2.871502e-04, "METB1": -1.286185e+00, "OMCDC": 1.755718e-02, "HSERTA": -1.286185e+00, "OXAt": 0, "MHPGLUT": 0, "HSK": 0, "METS": 6.276282e-03, "METTRS": 0, "MGSA": 0, "MI1PS2": 0, "PC": 0, "PDIPS": 0, "MGt5": 0, "HSTPT": 3.691931e-03, "MLTG1": 0, "PGMT": -3.930200e-01, "MLTG2": 0, "HXPRT": 0, "MNLDH2": 0, "MNLDHr": 0, "PMDPHT": 4.102145e-07, "PPTGS_TM": 1.132192e-03, "HYDFDN": 8.720665e+00, "ORNTAC": 1.324993e-02, "MNNH": 0, "MOHMT": 1.171162e-04, "ICDHyr": 4.555842e-02, "MTHFC": 4.165236e-02, "MTHFD": 4.165236e-02, "PPCOAC": 0, "MTHFR2": 8.327355e-03, "IGPDH": 3.691931e-03, "ORNTA": 0, "IG3PS": 3.691931e-03, "PULLe": 0, "IGPS": 2.215158e-03, "PPNDH": 7.219775e-03, "MTRI": 0, "ILETA": -1.132192e-02, "NADHDH": 1.230644e-07, "NTPP6": 0, "OAADC": 8.081727e-01, "PMPK": 0, "P5CR": 8.614505e-03, "NADK": 2.174137e-05, "EDD": 5.176081e-01, "OCBT": 1.152703e-02, "LEUTA": -1.755718e-02, "OCTDPS": 0, "NH4t": 1.197695e+00, "NADS1": 1.119886e-04, "ILETRS": 0, "IMPD": 1.142078e-02, "PUNP1": 0, "IPDPS": 6.308279e-04, "PNP": 0, "NMNAT": 0, "NNATr": 1.119886e-04, "OMPDC": 3.989321e-01, "INSTabc": 0, "ORNDC": 1.722901e-03, "NNAM": 0, "NNDPR": 1.119886e-04, "OOR2r": 0, "IPMD": 1.755718e-02, "ORPT": -3.989321e-01, "NOX": 0, "NP1": 0, "LCTSabc": 0, "NTD8": 1.313670e+00, "NTD1": 0, "IPPS": 1.755718e-02, "NTD3": 0, "NTD7": 0, "IPPMIa": -1.755718e-02, "NTD9": 0, "IPPMIb": -1.755718e-02, "NT5C": 0, "Kt1": 0, "LACZ": 0, "RBFK": 4.102145e-07, "LDH_L": 0, "SPRMS": 0,