{"SK_5mta_c": 1.368534e-03, "SK_apoACP_c": -5.466315e-04, "SK_gcald_c": 9.775242e-03, "SK_pap_c": 5.466315e-04, "ACt2r": -7.306589e+00, "ADCL": 9.775242e-03, "ADCS": 9.775242e-03, "CO2t": -8.831389e+00, "BIOMASS_Ecoli_TM": 1.955048e-01, "ALAR": 1.079187e-02, "DM_dip_d_d_c": 0, "DM_pydx5p_c": 0, "ARBabc": 0, "ACGK": 6.314806e-02, "ACCOAC": 3.689763e-02, "ALCD19": 1.366579e-03, "ACALD": 0, "ACGS": 0, "CRTNsyn": 0, "ACKr": -7.657800e+00, "CSNt2": 0, "ACOATA": 5.602973e-03, "ACLS": 1.628272e-01, "ACHBS": 5.395934e-02, "ACYP_2": 0, "DCYTD": 0, "DM_sprm_c": 0, "DM_thmpp_c": 0, "ADAPAT": 6.913051e-02, "ADA": 0, "ADK1": 1.040479e+00, "EX_ac_e": 7.306589e+00, "DHNPA": 9.775242e-03, "EX_ala__L_e": 0, "ADK3": -1.079783e-01, "EX_amylose300_e": 0, "EX_arab__L_e": 0, "EX_cell4_e": 0, "EX_cell500_e": 0, "EX_cell6_e": 0, "CYTD": 0, "DHPPDA": 1.955048e-06, "ADMDC": 1.368534e-03, "CHORM": 6.001999e-02, "EX_cellb_e": 0, "ADPT": 0, "BACCL": 0, "ADSL2r": 9.534869e-02, "EX_co2_e": 8.831389e+00, "EX_csn_e": 0, "EX_fe2_e": 0, "ADSL1r": 5.851362e-02, "EX_fe3_e": 0, "ATPS1": 1.034442e+00, "EX_fru_e": 0, "BGLA1": 0, "ADSS": 5.851362e-02, "BGLA": 0, "EX_gal_e": 0, "AGDC": 0, "EX_galman4_e": 0, "EX_galman6_e": 0, "BTS3r": 0, "AGPAT160": 5.466315e-04, "AGPR": -6.314806e-02, "CDPMEK": 6.296245e-01, "EX_galman600_e": 0, "EX_glc__D_e": 0, "AHCi": 0, "EX_glcman4_e": 0, "BUTKr": 0, "EX_glcman6_e": 0, "AHCYSNS": 0, "EX_glcman600_e": 0, "EX_glucan1500_e": 0, "EX_glucan4_e": 0, "EX_glucan6_e": 0, "EX_glyc_e": 0, "CBPS": 1.159539e-01, "CEL6abc": 0, "CEPA": 0, "CELabc": 0, "CELASE2": 0, "CELASE1": 0, "EX_glyc3p_e": 0, "EX_glycogen1500_e": 0, "AHEXASE3": 0, "EX_h_e": 9.068522e+00, "EX_h2_e": 1.532139e+01, "AHMMPS": 0, "EX_h2o_e": -4.658824e+00, "EX_h2s_e": 0, "CELLBabc": 0, "CHORS": 8.035249e-02, "AHSERL2": 0, "CRTNh": 0, "EX_hco3_e": 0, "CS": 2.171277e-01, "AICART": 1.129441e-01, "CTPS2": 2.463361e-02, "EX_ile__L_e": 0, "EX_inost_e": 0, "CYSS": 1.756709e-02, "EX_k_e": 0, "CYSTRS": 0, "ALKP": 0, "CYTDK2": 0, "EX_lac__L_e": 0, "AIRCr": 9.534869e-02, "EX_lcts_e": 0, "EX_leu__L_e": 0, "EX_lmn30_e": 0, "EX_lmn2_e": 0, "EX_malt_e": -2.794000e+00, "CYTK1": 6.304560e-01, "CYTK2": 4.965823e-03, "DAPDA": 6.913051e-02, "DAPDC": 6.913051e-02, "DAPE": 6.913051e-02, "DASYN160": 2.733158e-04, "EX_malttr_e": 0, "EX_maltttr_e": 0, "DB4PS": 3.910097e-06, "AKP1": 0, "DCMPDA": -4.965823e-03, "EX_man_e": 0, "EX_manb_e": 0, "EX_mantr_e": 0, "EX_manttr_e": 0, "DDGLK": 0, "EX_melib_e": 0, "ALAALAr": 5.395934e-03, "DDPA": 8.035249e-02, "ALATRS": 0, "EX_mg2_e": 0, "EX_na1_e": 0, "EX_nh4_e": -2.027597e+00, "ALAabc": 0, "ALR2": 0, "EX_oxa_e": 0, "DDPGA": 0, "DHAD1": 1.628272e-01, "DHAD2": 5.395934e-02, "EX_pi_e": -3.069518e-01, "EX_ptrc_e": 0, "AMYLe": 0, "EX_pullulan1200_e": 0, "DHDPRx_r": 6.913051e-02, "DHDPS": 6.913051e-02, "DHFR": 9.775242e-03, "DHFS": 9.775242e-03, "EX_raffin_e": 0, "EX_rib__D_e": 0, "EX_rmn_e": 0, "DHORTS": -6.101706e-02, "APRAUR": 1.955048e-06, "DHORD_NAD": 6.101706e-02, "DHQTi": 8.035249e-02, "EX_s_e": -4.747933e-02, "EX_spmd_e": 0, "EX_starch1200_e": 0, "DHQS": 8.035249e-02, "AMYe": 0, "DMATT": 7.860057e-02, "EX_sucr_e": 0, "EX_thr__L_e": 0, "EX_tre_e": 0, "DNMPPA": 9.775242e-03, "ARAI": 0, "DNTPPA": 9.775242e-03, "DPCOAK": 5.581663e-04, "EX_ura_e": 0, "EX_val__L_e": 0, "EX_xan_e": 0, "DPR": 5.581663e-04, "EX_xtsn_e": 0, "ANPRT": 1.055726e-02, "EX_xyl__D_e": 0, "DRBK": 0, "DRPA": 5.688960e-01, "EX_xyl3_e": 0, "ANS": 1.055726e-02, "EX_xylan12_e": 0, "DTMPK": 4.828970e-03, "ARGSL": 5.493686e-02, "DURIK1": 0, "DUTPDP": 0, "EX_xylan4_e": 0, "EX_xylan8_e": 0, "EX_xylb_e": 0, "EX_zn2_e": 0, "ARGSS": 5.493686e-02, "DM_4hba_c": 0, "FASC300": 2.733158e-04, "FASC320": 2.733158e-04, "FERIRDe": 0, "ARGTRS": 0, "FRUabc": 0, "AROH": 0, "ASAD": 3.687778e-01, "GDH1": -7.465157e-01, "GLCURT": 0, "ASNTRAT": 0, "ASP1DC": 5.581663e-04, "G3PAT160": 5.466315e-04, "ASPCT": 6.101706e-02, "ASPO2": 5.337282e-04, "GLUR": -5.395934e-03, "ASPK": -3.687778e-01, "G5SADs": 4.105602e-02, "ASPTA6": -1.115942e-01, "EDA": 0, "FPGS_tm": 0, "DXPRIi": 6.296245e-01, "ASPTRS_Asn": 0, "DXPS": 6.296245e-01, "H2Ot": 4.658824e+00, "ASPTRS": 0, "FE3abc": 0, "ASPT": -1000, "EGLUCe": 0, "ENO": 9.575437e+00, "H2St1": 0, "FBA": 4.916899e+00, "ATPPRT": 1.759544e-02, "FBA2": 1.366579e-03, "FBA3": 0, "H2td": 1.532139e+01, "FBP": 0, "HEX4": 0, "FCI": 0, "FMETTRS": 0, "FMNAT": 1.955048e-06, "FOLD3": 9.775242e-03, "FRUK": -1.366579e-03, "GALM2": 0, "HCO3E": 1.528515e-01, "GLYCOe": 0, "GLNTRAT": 0, "GLU5K": 4.105602e-02, "GTPCII": 1.955048e-06, "IMPCT2": 0, "GRTT": 7.860057e-02, "FTCD": 0, "FTHFLi": 9.781107e-03, "GalMr": 0, "FUCASE2": 0, "IPDDI": 7.860057e-02, "FUCASE": 0, "FUM": -9.997912e+02, "G1PACT": 1.079187e-02, "GALS3": 0, "GLS3e": 0, "GLSe": 0, "GLCMAN4": 0, "G3PD1ir": 8.199473e-04, "G5SD": 4.105602e-02, "G6PDA": -1.079187e-02, "GLCMAN6abc": 0, "GLCMAN4abc": 0, "GLCMAN6": 0, "GALUi": 2.733158e-03, "G6PDH2r": 2.900483e-01, "GALKr": 0, "GALM1": 0, "GALMAN6abc": 0, "GALMAN4abc": 0, "GALMAN4": 0, "GALT": 0, "L_LACt2r": 0, "GALMAN6": 0, "GALMAN600b_e": 0, "LCADi": 0, "GALMAN600c_e": 0, "GALMAN600a_e": 0, "GALabc": 0, "KAS14": 5.602973e-03, "GLCabc": 0, "IMPC": -1.129441e-01, "GAPD": 9.575437e+00, "GARFT": 9.534869e-02, "MANabc": 0, "LEUabc": 0, "GF6PTA": 0, "GHMT2r": 5.108074e-01, "GLCAASE3": 0, "GLCS1": 3.010775e-02, "ILEabc": 0, "HSDy": 4.379084e-01, "LMNe": 0, "LMN2": 0, "KARA2": 5.395934e-02, "KARA1": -1.628272e-01, "IMP": 0, "GLNS": 4.725196e-01, "GLCURS1": 0, "GLGC": 3.010775e-02, "GLNSP2": 0, "NADHPO": 0, "NAt": 0, "GLS": 0, "MANA2": 0, "GLUCAN2abc": 0, "GLUCANabc": 0, "GluForTx": 0, "MANA3": 0, "GLUFT": 0, "NDPK2": 6.474729e-02, "NDPK3": 6.304560e-01, "GLUPRT": 9.534869e-02, "MANA1": 0, "GLUSy": 0, "NDPK4": 4.828970e-03, "NDPK5": 5.738618e-01, "LMN2abc": 0, "NDPK7": 4.965823e-03, "NDPK8": 4.828970e-03, "GLYC3Pabc": 0, "NH3c": -7.465157e-01, "GLYCDx": 0, "MALTTRabc": 0, "GLUTRS": 0, "GLUTRS_Gln": 0, "HCO3abc": 0, "GLYCK2": 0, "HEX1": 5.588000e+00, "MCOATA": 3.689763e-02, "HEX7": 0, "GLYCL_2": 2.672211e-01, "GLYCt": 0, "NTPP1": 5.688960e-01, "NTPP2": 0, "NTPP3": 0, "HPYRRx": 0, "GMPS2": 5.443050e-02, "HISTD": 1.759544e-02, "GLYK": 0, "GLYTRS": 0, "GND": 2.900483e-01, "NTPP4": 0, "NTPP5": 0, "MELIBabc": 0, "MDH": -9.997912e+02, "GNK": 0, "MCLORi": 0, "GPDDA1": 0, "HISTP": 1.759544e-02, "GPDDA2": 0, "GTPCI": 9.775242e-03, "ME1": 0, "HISTRS": 0, "GUI1": 0, "HMPK1": 0, "GUI2": 0, "MECDPDH2": 6.296245e-01, "MECDPS": 6.296245e-01, "HPPK": 9.775242e-03, "MEPCT": 6.296245e-01, "HPROb": 0, "METAT": 1.368534e-03, "METB1": -4.379084e-01, "OMCDC": 8.367607e-02, "HSERTA": -4.379084e-01, "OXAt": 0, "MHPGLUT": 0, "HSK": 0, "METS": 2.991224e-02, "METTRS": 0, "MGSA": 0, "MI1PS2": 0, "PC": 0, "PDIPS": 0, "MGt5": 0, "HSTPT": 1.759544e-02, "MLTG1": 0, "PGMT": -3.284090e-02, "MLTG2": 0, "HXPRT": 0, "MNLDH2": 0, "MNLDHr": 0, "PMDPHT": 1.955048e-06, "PPTGS_TM": 5.395934e-03, "HYDFDN": 7.660695e+00, "ORNTAC": 6.314806e-02, "MNNH": 0, "MOHMT": 5.581663e-04, "ICDHyr": 2.171277e-01, "MTHFC": 1.985117e-01, "MTHFD": 1.985117e-01, "PPCOAC": 0, "MTHFR2": 3.968748e-02, "IGPDH": 1.759544e-02, "ORNTA": 0, "IG3PS": 1.759544e-02, "PULLe": 0, "IGPS": 1.055726e-02, "PPNDH": 3.440885e-02, "MTRI": 0, "ILETA": -5.395934e-02, "NADHDH": 0, "NTPP6": 0, "OAADC": 0, "PMPK": 0, "P5CR": 4.105602e-02, "NADK": 1.036176e-04, "EDD": 0, "OCBT": 5.493686e-02, "LEUTA": -8.367607e-02, "OCTDPS": 7.832725e-02, "NH4t": 2.027597e+00, "NADS1": 5.337282e-04, "ILETRS": 0, "IMPD": 5.443050e-02, "PUNP1": 0, "IPDPS": 6.296245e-01, "PNP": 0, "NMNAT": 0, "NNATr": 5.337282e-04, "OMPDC": 6.101706e-02, "INSTabc": 0, "ORNDC": 8.211203e-03, "NNAM": 0, "NNDPR": 5.337282e-04, "OOR2r": 0, "IPMD": 8.367607e-02, "ORPT": -6.101706e-02, "NOX": 0, "NP1": 0, "LCTSabc": 0, "NTD8": 5.688960e-01, "NTD1": 0, "IPPS": 8.367607e-02, "NTD3": 0, "NTD7": 0, "IPPMIa": -8.367607e-02, "NTD9": 0, "IPPMIb": -8.367607e-02, "NT5C": 0, "Kt1": 0, "LACZ": 0, "RBFK": 1.955048e-06, "LDH_L": 0, "SPRMS": 0, "LEUTRS": 0, "LYSTRS": 0,