{"SK_5mta_c": 1.215801e-04, "SK_apoACP_c": -4.856256e-05, "SK_gcald_c": 8.684291e-04, "SK_pap_c": 4.856256e-05, "ACt2r": -2.771831e+00, "ADCL": 8.684291e-04, "ADCS": 8.684291e-04, "CO2t": -5.812965e+00, "BIOMASS_Ecoli_TM": 1.736858e-02, "ALAR": 9.587457e-04, "DM_dip_d_d_c": 0, "DM_pydx5p_c": 0, "ARBabc": 0, "ACGK": 9.257454e-03, "ACCOAC": 3.277973e-03, "ALCD19": 0, "ACALD": 0, "ACGS": 0, "CRTNsyn": 0, "ACKr": -2.761471e+00, "CSNt2": 0, "ACOATA": 4.977662e-04, "ACLS": 1.446551e-02, "ACHBS": 4.793729e-03, "ACYP_2": 0, "DCYTD": 0, "DM_sprm_c": 0, "DM_thmpp_c": 0, "ADAPAT": 6.141531e-03, "ADA": 0, "ADK1": 5.679353e-02, "EX_ac_e": 2.771831e+00, "DHNPA": 8.684291e-04, "EX_ala__L_e": 0, "ADK3": -9.592755e-03, "EX_amylose300_e": 0, "EX_arab__L_e": 0, "EX_cell4_e": 0, "EX_cell500_e": 0, "EX_cell6_e": 0, "CYTD": 0, "DHPPDA": 1.736858e-07, "ADMDC": 1.215801e-04, "CHORM": 5.332155e-03, "EX_cellb_e": 0, "ADPT": 0, "BACCL": 0, "ADSL2r": 1.438944e-02, "EX_co2_e": 5.812965e+00, "EX_csn_e": 0, "EX_fe2_e": 0, "ADSL1r": 5.198330e-03, "EX_fe3_e": 0, "ATPS1": 0, "EX_fru_e": 0, "BGLA1": 0, "ADSS": 5.198330e-03, "BGLA": 0, "EX_gal_e": 0, "AGDC": 0, "EX_galman4_e": 0, "EX_galman6_e": 0, "BTS3r": 0, "AGPAT160": 4.856256e-05, "AGPR": -9.257454e-03, "CDPMEK": 2.670941e-04, "EX_galman600_e": 0, "EX_glc__D_e": 0, "AHCi": 0, "EX_glcman4_e": 0, "BUTKr": 0, "EX_glcman6_e": 0, "AHCYSNS": 0, "EX_glcman600_e": 0, "EX_glucan1500_e": 0, "EX_glucan4_e": 0, "EX_glucan6_e": 0, "EX_glyc_e": 0, "CBPS": 1.030131e-02, "CEL6abc": 0, "CEPA": 0, "CELabc": 0, "CELASE2": 0, "CELASE1": 0, "EX_glyc3p_e": 0, "EX_glycogen1500_e": 0, "AHEXASE3": 0, "EX_h_e": 2.777749e+00, "EX_h2_e": 5.606579e+00, "AHMMPS": 0, "EX_h2o_e": -9.572563e-01, "EX_h2s_e": 2.912345e+00, "CELLBabc": 0, "CHORS": 7.138487e-03, "AHSERL2": 2.657393e-03, "CRTNh": 0, "EX_hco3_e": -2.975940e+00, "CS": 1.928955e-02, "AICART": 1.595261e-02, "CTPS2": 2.629603e-03, "EX_ile__L_e": 0, "EX_inost_e": 0, "CYSS": 1.560654e-03, "EX_k_e": 0, "CYSTRS": 0, "ALKP": 1.214064e-04, "CYTDK2": 0, "EX_lac__L_e": 0, "AIRCr": 1.438944e-02, "EX_lcts_e": 0, "EX_leu__L_e": 0, "EX_lmn30_e": 0, "EX_lmn2_e": 0, "EX_malt_e": -1.453452e+00, "CYTK1": 3.409626e-04, "CYTK2": 0, "DAPDA": 6.141531e-03, "DAPDC": 6.141531e-03, "DAPE": 6.141531e-03, "DASYN160": 2.428128e-05, "EX_malttr_e": 0, "EX_maltttr_e": 0, "DB4PS": 3.473716e-07, "AKP1": 8.684291e-04, "DCMPDA": 0, "EX_man_e": 0, "EX_manb_e": 0, "EX_mantr_e": 0, "EX_manttr_e": 0, "DDGLK": 0, "EX_melib_e": 0, "ALAALAr": 4.793729e-04, "DDPA": 7.138487e-03, "ALATRS": 0, "EX_mg2_e": 0, "EX_na1_e": 0, "EX_nh4_e": -2.998502e+00, "ALAabc": 0, "ALR2": 0, "EX_oxa_e": 0, "DDPGA": 0, "DHAD1": 1.446551e-02, "DHAD2": 4.793729e-03, "EX_pi_e": -1.335236e-02, "EX_ptrc_e": 0, "AMYLe": 0, "EX_pullulan1200_e": 0, "DHDPRx_r": 6.141531e-03, "DHDPS": 6.141531e-03, "DHFR": 8.684291e-04, "DHFS": 8.684291e-04, "EX_raffin_e": 0, "EX_rib__D_e": 0, "EX_rmn_e": 0, "DHORTS": -5.420735e-03, "APRAUR": 1.736858e-07, "DHORD_NAD": 5.420735e-03, "DHQTi": 7.138487e-03, "EX_s_e": -2.916563e+00, "EX_spmd_e": 0, "EX_starch1200_e": 0, "DHQS": 7.138487e-03, "AMYe": 0, "DMATT": 2.428128e-05, "EX_sucr_e": 0, "EX_thr__L_e": 0, "EX_tre_e": 0, "DNMPPA": 0, "ARAI": 0, "DNTPPA": 0, "DPCOAK": 4.958730e-05, "EX_ura_e": 0, "EX_val__L_e": 0, "EX_xan_e": 0, "DPR": 4.958730e-05, "EX_xtsn_e": 5.918692e-03, "ANPRT": 9.379034e-04, "EX_xyl__D_e": 0, "DRBK": 0, "DRPA": 8.979557e-03, "EX_xyl3_e": 0, "ANS": 9.379034e-04, "EX_xylan12_e": 0, "DTMPK": 4.290040e-04, "ARGSL": 4.880572e-03, "DURIK1": 0, "DUTPDP": 0, "EX_xylan4_e": 0, "EX_xylan8_e": 0, "EX_xylb_e": 0, "EX_zn2_e": 0, "ARGSS": 4.880572e-03, "DM_4hba_c": 0, "FASC300": 2.428128e-05, "FASC320": 2.428128e-05, "FERIRDe": 0, "ARGTRS": 0, "FRUabc": 0, "AROH": 0, "ASAD": -8.798924e-03, "GDH1": -5.714611e-02, "GLCURT": 0, "ASNTRAT": 0, "ASP1DC": 4.958730e-05, "G3PAT160": 4.856256e-05, "ASPCT": 5.420735e-03, "ASPO2": 4.741623e-05, "GLUR": -4.793729e-04, "ASPK": 8.798924e-03, "G5SADs": 3.647402e-03, "ASPTA6": 2.227152e-02, "EDA": 2.868120e+00, "FPGS_tm": 0, "DXPRIi": 2.670941e-04, "ASPTRS_Asn": 0, "DXPS": 2.670941e-04, "H2Ot": 9.572563e-01, "ASPTRS": 0, "FE3abc": 0, "ASPT": -2.446829e-02, "EGLUCe": 0, "ENO": 2.906145e+00, "H2St1": 2.912345e+00, "FBA": 0, "ATPPRT": 1.563172e-03, "FBA2": 0, "FBA3": 0, "H2td": 5.606579e+00, "FBP": 0, "HEX4": 0, "FCI": 0, "FMETTRS": 0, "FMNAT": 1.736858e-07, "FOLD3": 8.684291e-04, "FRUK": 0, "GALM2": 0, "HCO3E": -2.920800e+00, "GLYCOe": 0, "GLNTRAT": 0, "GLU5K": 0, "GTPCII": 1.736858e-07, "IMPCT2": 0, "GRTT": 2.428128e-05, "FTCD": 0, "FTHFLi": 8.689502e-04, "GalMr": 0, "FUCASE2": 0, "IPDDI": 2.428128e-05, "FUCASE": 0, "FUM": 0, "G1PACT": 9.587457e-04, "GALS3": 0, "GLS3e": 0, "GLSe": 0, "GLCMAN4": 0, "G3PD1ir": 7.284383e-05, "G5SD": 0, "G6PDA": 0, "GLCMAN6abc": 0, "GLCMAN4abc": 0, "GLCMAN6": 0, "GALUi": 2.428128e-04, "G6PDH2r": 2.903028e+00, "GALKr": 0, "GALM1": 0, "GALMAN6abc": 0, "GALMAN4abc": 0, "GALMAN4": 0, "GALT": 0, "L_LACt2r": 0, "GALMAN6": 0, "GALMAN600b_e": 0, "LCADi": 0, "GALMAN600c_e": 0, "GALMAN600a_e": 0, "GALabc": 0, "KAS14": 4.977662e-04, "GLCabc": 0, "IMPC": -1.595261e-02, "GAPD": 2.873960e+00, "GARFT": 1.438944e-02, "MANabc": 0, "LEUabc": 0, "GF6PTA": 9.587457e-04, "GHMT2r": 3.347751e-02, "GLCAASE3": 0, "GLCS1": 2.674762e-03, "ILEabc": 0, "HSDy": -2.657393e-03, "LMNe": 0, "LMN2": 0, "KARA2": 4.793729e-03, "KARA1": -1.446551e-02, "IMP": 0, "GLNS": 5.521577e-02, "GLCURS1": 0, "GLGC": 2.674762e-03, "GLNSP2": 0, "NADHPO": 0, "NAt": 0, "GLS": 0, "MANA2": 0, "GLUCAN2abc": 0, "GLUCANabc": 0, "GluForTx": 0, "MANA3": 0, "GLUFT": 0, "NDPK2": 6.193289e-03, "NDPK3": -1.001994e-04, "GLUPRT": 1.438944e-02, "MANA1": 0, "GLUSy": 0, "NDPK4": 4.290040e-04, "NDPK5": 9.420719e-03, "LMN2abc": 0, "NDPK7": 4.411620e-04, "NDPK8": 4.290040e-04, "GLYC3Pabc": 0, "NH3c": -5.714611e-02, "GLYCDx": -1.214064e-04, "MALTTRabc": 0, "GLUTRS": 0, "GLUTRS_Gln": 0, "HCO3abc": 2.975940e+00, "GLYCK2": 3.218551e-02, "HEX1": 2.906905e+00, "MCOATA": 3.277973e-03, "HEX7": 0, "GLYCL_2": 0, "GLYCt": 0, "NTPP1": 8.979557e-03, "NTPP2": 0, "NTPP3": 0, "HPYRRx": 3.218551e-02, "GMPS2": 4.835587e-03, "HISTD": 1.563172e-03, "GLYK": 0, "GLYTRS": 0, "GND": 3.490781e-02, "NTPP4": 0, "NTPP5": 0, "MELIBabc": 0, "MDH": 0, "GNK": 0, "MCLORi": 0, "GPDDA1": 0, "HISTP": 1.563172e-03, "GPDDA2": 0, "GTPCI": 8.684291e-04, "ME1": 0, "HISTRS": 0, "GUI1": 0, "HMPK1": 0, "GUI2": 0, "MECDPDH2": 2.670941e-04, "MECDPS": 2.670941e-04, "HPPK": 8.684291e-04, "MEPCT": 2.670941e-04, "HPROb": 0, "METAT": 1.215801e-04, "METB1": 0, "OMCDC": 7.433753e-03, "HSERTA": 2.657393e-03, "OXAt": 0, "MHPGLUT": 0, "HSK": 0, "METS": 2.657393e-03, "METTRS": 0, "MGSA": 0, "MI1PS2": 0, "PC": 4.156107e-02, "PDIPS": 0, "MGt5": 0, "HSTPT": 1.563172e-03, "MLTG1": 0, "PGMT": -2.917574e-03, "MLTG2": 0, "HXPRT": 0, "MNLDH2": 0, "MNLDHr": 0, "PMDPHT": 1.736858e-07, "PPTGS_TM": 4.793729e-04, "HYDFDN": 2.803289e+00, "ORNTAC": 9.257454e-03, "MNNH": 0, "MOHMT": 4.958730e-05, "ICDHyr": 1.928955e-02, "MTHFC": 2.947309e-02, "MTHFD": 2.947309e-02, "PPCOAC": 0, "MTHFR2": 3.525822e-03, "IGPDH": 1.563172e-03, "ORNTA": 3.647402e-03, "IG3PS": 1.563172e-03, "PULLe": 0, "IGPS": 9.379034e-04, "PPNDH": 3.056870e-03, "MTRI": 0, "ILETA": -4.793729e-03, "NADHDH": 5.210575e-08, "NTPP6": 0, "OAADC": 0, "PMPK": 0, "P5CR": 3.647402e-03, "NADK": 9.205349e-06, "EDD": 2.868120e+00, "OCBT": 4.880572e-03, "LEUTA": -7.433753e-03, "OCTDPS": 0, "NH4t": 2.998502e+00, "NADS1": 4.741623e-05, "ILETRS": 0, "IMPD": 1.075428e-02, "PUNP1": 0, "IPDPS": 2.670941e-04, "PNP": 0, "NMNAT": 0, "NNATr": 4.741623e-05, "OMPDC": 5.420735e-03, "INSTabc": 0, "ORNDC": 7.294805e-04, "NNAM": 0, "NNDPR": 4.741623e-05, "OOR2r": 0, "IPMD": 7.433753e-03, "ORPT": -5.420735e-03, "NOX": 0, "NP1": 0, "LCTSabc": 0, "NTD8": 8.979557e-03, "NTD1": 0, "IPPS": 7.433753e-03, "NTD3": 0, "NTD7": 0, "IPPMIa": -7.433753e-03, "NTD9": 0, "IPPMIb": -7.433753e-03, "NT5C": 0, "Kt1": 0, "LACZ": 0, "RBFK": 1.736858e-07, "LDH_L": 0, "SPRMS": 0, "LEUTRS": 0, "LYSTRS": 0,