{"SK_5mta_c": 7.924833e-04, "SK_apoACP_c": -3.165405e-04, "SK_gcald_c": 5.660595e-03, "SK_pap_c": 3.165405e-04, "ACt2r": -6.705072e+00, "ADCL": 5.660595e-03, "ADCS": 5.660595e-03, "CO2t": -1.210336e+01, "BIOMASS_Ecoli_TM": 1.132119e-01, "ALAR": 6.249297e-03, "DM_dip_d_d_c": 0, "DM_pydx5p_c": 0, "ARBabc": 0, "ACGK": 3.656745e-02, "ACCOAC": 1.491266e+00, "ALCD19": 7.913512e-04, "ACALD": 0, "ACGS": 0, "CRTNsyn": 0, "ACKr": -6.606299e+00, "CSNt2": 0, "ACOATA": 2.132302e-01, "ACLS": 9.428910e-02, "ACHBS": 3.124649e-02, "ACYP_2": 0, "DCYTD": 0, "DM_sprm_c": 0, "DM_thmpp_c": 0, "ADAPAT": 4.003173e-02, "ADA": 0, "ADK1": 3.158601e-01, "EX_ac_e": 6.705072e+00, "DHNPA": 5.660595e-03, "EX_ala__L_e": 0, "ADK3": -8.535442e-02, "EX_amylose300_e": 0, "EX_arab__L_e": 0, "EX_cell4_e": 0, "EX_cell500_e": 0, "EX_cell6_e": 0, "CYTD": 0, "DHPPDA": 1.132119e-06, "ADMDC": 7.924833e-04, "CHORM": 3.475606e-02, "EX_cellb_e": 0, "ADPT": 0, "BACCL": 0, "ADSL2r": 5.521401e-02, "EX_co2_e": 1.210336e+01, "EX_csn_e": 0, "EX_fe2_e": 0, "ADSL1r": 3.388376e-02, "EX_fe3_e": 0, "ATPS1": 6.813335e-01, "EX_fru_e": 0, "BGLA1": 0, "ADSS": 3.388376e-02, "BGLA": 0, "EX_gal_e": 0, "AGDC": 0, "EX_galman4_e": 0, "EX_galman6_e": 0, "BTS3r": 0, "AGPAT160": 3.165405e-04, "AGPR": -3.656745e-02, "CDPMEK": 1.740973e-03, "EX_galman600_e": 0, "EX_glc__D_e": 0, "AHCi": 0, "EX_glcman4_e": 0, "BUTKr": 0, "EX_glcman6_e": 0, "AHCYSNS": 0, "EX_glcman600_e": 0, "EX_glucan1500_e": 0, "EX_glucan4_e": 0, "EX_glucan6_e": 0, "EX_glyc_e": 0, "CBPS": 6.714598e-02, "CEL6abc": 0, "CEPA": 0, "CELabc": 0, "CELASE2": 0, "CELASE1": 0, "EX_glyc3p_e": 0, "EX_glycogen1500_e": 0, "AHEXASE3": 0, "EX_h_e": 7.770721e+00, "EX_h2_e": 1.718002e+01, "AHMMPS": 0, "EX_h2o_e": -9.363076e+00, "EX_h2s_e": 3.972506e+00, "CELLBabc": 0, "CHORS": 4.653009e-02, "AHSERL2": 4.856791e-02, "CRTNh": 0, "EX_hco3_e": 0, "CS": 1.257331e-01, "AICART": 6.540308e-02, "CTPS2": 1.426470e-02, "EX_ile__L_e": 0, "EX_inost_e": 0, "CYSS": 1.017266e-02, "EX_k_e": 0, "CYSTRS": 0, "ALKP": 0, "CYTDK2": 0, "EX_lac__L_e": 0, "AIRCr": 5.521401e-02, "EX_lcts_e": 0, "EX_leu__L_e": 0, "EX_lmn30_e": 0, "EX_lmn2_e": 0, "EX_malt_e": -2.794000e+00, "CYTK1": 2.222463e-03, "CYTK2": 2.875582e-03, "DAPDA": 4.003173e-02, "DAPDC": 4.003173e-02, "DAPE": 4.003173e-02, "DASYN160": 1.582702e-04, "EX_malttr_e": 0, "EX_maltttr_e": 0, "DB4PS": 2.264238e-06, "AKP1": 0, "DCMPDA": -2.875582e-03, "EX_man_e": 0, "EX_manb_e": 0, "EX_mantr_e": 0, "EX_manttr_e": 0, "DDGLK": 1.895122e+00, "EX_melib_e": 0, "ALAALAr": 3.124649e-03, "DDPA": 4.653009e-02, "ALATRS": 0, "EX_mg2_e": 0, "EX_na1_e": 0, "EX_nh4_e": -1.174130e+00, "ALAabc": 0, "ALR2": 0, "EX_oxa_e": 0, "DDPGA": 0, "DHAD1": 9.428910e-02, "DHAD2": 3.124649e-02, "EX_pi_e": -2.970190e-01, "EX_ptrc_e": 0, "AMYLe": 0, "EX_pullulan1200_e": 0, "DHDPRx_r": 4.003173e-02, "DHDPS": 4.003173e-02, "DHFR": 5.660595e-03, "DHFS": 5.660595e-03, "EX_raffin_e": 0, "EX_rib__D_e": 0, "EX_rmn_e": 0, "DHORTS": -3.533344e-02, "APRAUR": 1.132119e-06, "DHORD_NAD": 3.533344e-02, "DHQTi": 4.653009e-02, "EX_s_e": -4, "EX_spmd_e": 0, "EX_starch1200_e": 0, "DHQS": 4.653009e-02, "AMYe": 0, "DMATT": 1.582702e-04, "EX_sucr_e": 0, "EX_thr__L_e": 0, "EX_tre_e": 0, "DNMPPA": 5.660595e-03, "ARAI": 0, "DNTPPA": 5.660595e-03, "DPCOAK": 3.232200e-04, "EX_ura_e": 0, "EX_val__L_e": 0, "EX_xan_e": 0, "DPR": 3.232200e-04, "EX_xtsn_e": 0, "ANPRT": 6.113443e-03, "EX_xyl__D_e": 0, "DRBK": 0, "DRPA": 1.995133e-02, "EX_xyl3_e": 0, "ANS": 6.113443e-03, "EX_xylan12_e": 0, "DTMPK": 2.796334e-03, "ARGSL": 3.181255e-02, "DURIK1": 0, "DUTPDP": 0, "EX_xylan4_e": 0, "EX_xylan8_e": 0, "EX_xylb_e": 0, "EX_zn2_e": 0, "ARGSS": 3.181255e-02, "DM_4hba_c": 0, "FASC300": 1.582702e-04, "FASC320": 1.582702e-04, "FERIRDe": 0, "ARGTRS": 0, "FRUabc": 0, "AROH": 0, "ASAD": -9.593237e-02, "GDH1": 1000, "GLCURT": 1.895122e+00, "ASNTRAT": 0, "ASP1DC": 3.232200e-04, "G3PAT160": 2.103022e-01, "ASPCT": 3.533344e-02, "ASPO2": 3.090685e-04, "GLUR": -3.124649e-03, "ASPK": 9.593237e-02, "G5SADs": 2.377450e-02, "ASPTA6": -6.462136e-02, "EDA": 2.047995e+00, "FPGS_tm": 0, "DXPRIi": 1.740973e-03, "ASPTRS_Asn": 0, "DXPS": 1.740973e-03, "H2Ot": 9.363076e+00, "ASPTRS": 0, "FE3abc": 0, "ASPT": -1000, "EGLUCe": 0, "ENO": 7.442678e+00, "H2St1": 3.972506e+00, "FBA": 2.240033e+00, "ATPPRT": 1.018907e-02, "FBA2": 7.913512e-04, "FBA3": 0, "H2td": 1.718002e+01, "FBP": 0, "HEX4": 0, "FCI": 0, "FMETTRS": 0, "FMNAT": 1.132119e-06, "FOLD3": 5.660595e-03, "FRUK": -7.913512e-04, "GALM2": 0, "HCO3E": 1.867895e+00, "GLYCOe": 0, "GLNTRAT": 0, "GLU5K": 2.377450e-02, "GTPCII": 1.132119e-06, "IMPCT2": 0, "GRTT": 1.582702e-04, "FTCD": 0, "FTHFLi": 5.663992e-03, "GalMr": 0, "FUCASE2": 0, "IPDDI": 1.582702e-04, "FUCASE": 0, "FUM": -9.998791e+02, "G1PACT": 6.249297e-03, "GALS3": 0, "GLS3e": 0, "GLSe": 0, "GLCMAN4": 0, "G3PD1ir": 2.104605e-01, "G5SD": 2.377450e-02, "G6PDA": -6.249297e-03, "GLCMAN6abc": 0, "GLCMAN4abc": 0, "GLCMAN6": 0, "GALUi": 1.896705e+00, "G6PDH2r": 3.673861e+00, "GALKr": 0, "GALM1": 0, "GALMAN6abc": 0, "GALMAN4abc": 0, "GALMAN4": 0, "GALT": 0, "L_LACt2r": 0, "GALMAN6": 0, "GALMAN600b_e": 0, "LCADi": 0, "GALMAN600c_e": 0, "GALMAN600a_e": 0, "GALabc": 0, "KAS14": 2.132302e-01, "GLCabc": 0, "IMPC": -6.540308e-02, "GAPD": 7.442678e+00, "GARFT": 5.521401e-02, "MANabc": 0, "LEUabc": 0, "GF6PTA": 0, "GHMT2r": 1.410547e-01, "GLCAASE3": 1.895122e+00, "GLCS1": 1.743463e-02, "ILEabc": 0, "HSDy": -5.590064e-02, "LMNe": 0, "LMN2": 0, "KARA2": 3.124649e-02, "KARA1": -9.428910e-02, "IMP": 0, "GLNS": 2.736241e-01, "GLCURS1": 0, "GLGC": 1.743463e-02, "GLNSP2": 0, "NADHPO": 0, "NAt": 0, "GLS": 0, "MANA2": 0, "GLUCAN2abc": 0, "GLUCANabc": 0, "GluForTx": 0, "MANA3": 0, "GLUFT": 0, "NDPK2": 1.932616e+00, "NDPK3": 2.222463e-03, "GLUPRT": 5.521401e-02, "MANA1": 0, "GLUSy": 0, "NDPK4": 2.796334e-03, "NDPK5": 0, "LMN2abc": 0, "NDPK7": 2.875582e-03, "NDPK8": 2.796334e-03, "GLYC3Pabc": 0, "NH3c": 1000, "GLYCDx": 0, "MALTTRabc": 0, "GLUTRS": 0, "GLUTRS_Gln": 0, "HCO3abc": 0, "GLYCK2": 0, "HEX1": 5.588000e+00, "MCOATA": 1.491266e+00, "HEX7": 0, "GLYCL_2": 0, "GLYCt": 0, "NTPP1": 1.995133e-02, "NTPP2": 0, "NTPP3": 0, "HPYRRx": 0, "GMPS2": 3.151933e-02, "HISTD": 1.018907e-02, "GLYK": 0, "GLYTRS": 0, "GND": 3.520988e+00, "NTPP4": 0, "NTPP5": 0, "MELIBabc": 0, "MDH": -9.998791e+02, "GNK": 0, "MCLORi": 0, "GPDDA1": 0, "HISTP": 1.018907e-02, "GPDDA2": 0, "GTPCI": 5.660595e-03, "ME1": 0, "HISTRS": 0, "GUI1": 1.895122e+00, "HMPK1": 0, "GUI2": 0, "MECDPDH2": 1.740973e-03, "MECDPS": 1.740973e-03, "HPPK": 5.660595e-03, "MEPCT": 1.740973e-03, "HPROb": 0, "METAT": 7.924833e-04, "METB1": 0, "OMCDC": 4.845470e-02, "HSERTA": 4.856791e-02, "OXAt": 0, "MHPGLUT": 0, "HSK": 7.332735e-03, "METS": 1.732142e-02, "METTRS": 0, "MGSA": 0, "MI1PS2": 0, "PC": 3.094826e-01, "PDIPS": 0, "MGt5": 0, "HSTPT": 1.018907e-02, "MLTG1": 0, "PGMT": -1.914139e+00, "MLTG2": 0, "HXPRT": 0, "MNLDH2": 0, "MNLDHr": 0, "PMDPHT": 1.132119e-06, "PPTGS_TM": 3.124649e-03, "HYDFDN": 8.590011e+00, "ORNTAC": 3.656745e-02, "MNNH": 1.895122e+00, "MOHMT": 3.232200e-04, "ICDHyr": 1.257331e-01, "MTHFC": 1.149531e-01, "MTHFD": 1.149531e-01, "PPCOAC": 0, "MTHFR2": 2.298202e-02, "IGPDH": 1.018907e-02, "ORNTA": 0, "IG3PS": 1.018907e-02, "PULLe": 0, "IGPS": 6.113443e-03, "PPNDH": 1.992530e-02, "MTRI": 0, "ILETA": -3.124649e-02, "NADHDH": 3.396357e-07, "NTPP6": 0, "OAADC": 0, "PMPK": 0, "P5CR": 2.377450e-02, "NADK": 6.000231e-05, "EDD": 1.528726e-01, "OCBT": 3.181255e-02, "LEUTA": -4.845470e-02, "OCTDPS": 0, "NH4t": 1.174130e+00, "NADS1": 3.090685e-04, "ILETRS": 0, "IMPD": 3.151933e-02, "PUNP1": 0, "IPDPS": 1.740973e-03, "PNP": 0, "NMNAT": 0, "NNATr": 3.090685e-04, "OMPDC": 3.533344e-02, "INSTabc": 0, "ORNDC": 4.754900e-03, "NNAM": 0, "NNDPR": 3.090685e-04, "OOR2r": 0, "IPMD": 4.845470e-02, "ORPT": -3.533344e-02, "NOX": 0, "NP1": 0, "LCTSabc": 0, "NTD8": 1.995133e-02, "NTD1": 0, "IPPS": 4.845470e-02, "NTD3": 0, "NTD7": 0, "IPPMIa": -4.845470e-02, "NTD9": 0, "IPPMIb": -4.845470e-02, "NT5C": 0, "Kt1": 0, "LACZ": 0,