{"SK_5mta_c": 6.378263e-04, "SK_apoACP_c": -2.547660e-04, "SK_gcald_c": 4.555902e-03, "SK_pap_c": 2.547660e-04, "ACt2r": -9.709871e+00, "ADCL": 4.555902e-03, "ADCS": 4.555902e-03, "CO2t": -1.124162e+01, "BIOMASS_Ecoli_TM": 9.111804e-02, "ALAR": 5.029716e-03, "DM_dip_d_d_c": 0, "DM_pydx5p_c": 0, "ARBabc": 0, "ACGK": 4.856591e-02, "ACCOAC": 1.719671e-02, "ALCD19": 0, "ACALD": 0, "ACGS": 0, "CRTNsyn": 0, "ACKr": -9.655523e+00, "CSNt2": 0, "ACOATA": 2.611352e-03, "ACLS": 7.588811e-02, "ACHBS": 2.514858e-02, "ACYP_2": 0, "DCYTD": 0, "DM_sprm_c": 0, "DM_thmpp_c": 0, "ADAPAT": 3.221934e-02, "ADA": 0, "ADK1": 3.473693e-01, "EX_ac_e": 9.709871e+00, "DHNPA": 4.555902e-03, "EX_ala__L_e": 0, "ADK3": -5.263935e-02, "EX_amylose300_e": 0, "EX_arab__L_e": 0, "EX_cell4_e": 0, "EX_cell500_e": 0, "EX_cell6_e": 0, "CYTD": 0, "DHPPDA": 9.111804e-07, "ADMDC": 6.378263e-04, "CHORM": 2.797324e-02, "EX_cellb_e": 0, "ADPT": 4.710803e-02, "BACCL": 0, "ADSL2r": 7.548902e-02, "EX_co2_e": 1.124162e+01, "EX_csn_e": 0, "EX_fe2_e": 0, "ADSL1r": 2.727117e-02, "EX_fe3_e": 0, "ATPS1": 0, "EX_fru_e": 0, "BGLA1": 0, "ADSS": 2.727117e-02, "BGLA": 0, "EX_gal_e": 0, "AGDC": 0, "EX_galman4_e": 0, "EX_galman6_e": 0, "BTS3r": 0, "AGPAT160": 2.547660e-04, "AGPR": -4.856591e-02, "CDPMEK": 1.401213e-03, "EX_galman600_e": 0, "EX_glc__D_e": 0, "AHCi": 0, "EX_glcman4_e": 0, "BUTKr": 0, "EX_glcman6_e": 0, "AHCYSNS": 0, "EX_glcman600_e": 0, "EX_glucan1500_e": 0, "EX_glucan4_e": 0, "EX_glucan6_e": 0, "EX_glyc_e": 0, "CBPS": 5.404211e-02, "CEL6abc": 0, "CEPA": 0, "CELabc": 0, "CELASE2": 0, "CELASE1": 0, "EX_glyc3p_e": 0, "EX_glycogen1500_e": 0, "AHEXASE3": 0, "EX_h_e": 9.670874e+00, "EX_h2_e": 1.974982e+01, "AHMMPS": 0, "EX_h2o_e": -9.950663e+00, "EX_h2s_e": 7.860553e-01, "CELLBabc": 0, "CHORS": 3.744951e-02, "AHSERL2": 1.394106e-02, "CRTNh": 0, "EX_hco3_e": -1.189731e+00, "CS": 1.011957e-01, "AICART": 8.368964e-02, "CTPS2": 1.379527e-02, "EX_ile__L_e": 0, "EX_inost_e": 0, "CYSS": 8.187411e-03, "EX_k_e": 0, "CYSTRS": 0, "ALKP": 6.369151e-04, "CYTDK2": 0, "EX_lac__L_e": 0, "AIRCr": 7.548902e-02, "EX_lcts_e": 0, "EX_leu__L_e": 0, "EX_lmn30_e": 0, "EX_lmn2_e": 0, "EX_malt_e": -2.794000e+00, "CYTK1": 1.788738e-03, "CYTK2": 0, "DAPDA": 3.221934e-02, "DAPDC": 3.221934e-02, "DAPE": 3.221934e-02, "DASYN160": 1.273830e-04, "EX_malttr_e": 0, "EX_maltttr_e": 0, "DB4PS": 1.822361e-06, "AKP1": 4.555902e-03, "DCMPDA": 0, "EX_man_e": 0, "EX_manb_e": 0, "EX_mantr_e": 0, "EX_manttr_e": 0, "DDGLK": 0, "EX_melib_e": 0, "ALAALAr": 2.514858e-03, "DDPA": 3.744951e-02, "ALATRS": 0, "EX_mg2_e": 0, "EX_na1_e": 0, "EX_nh4_e": -1.069194e+00, "ALAabc": 0, "ALR2": 0, "EX_oxa_e": 0, "DDPGA": 0, "DHAD1": 7.588811e-02, "DHAD2": 2.514858e-02, "EX_pi_e": -7.004836e-02, "EX_ptrc_e": 0, "AMYLe": 0, "EX_pullulan1200_e": 0, "DHDPRx_r": 3.221934e-02, "DHDPS": 3.221934e-02, "DHFR": 4.555902e-03, "DHFS": 4.555902e-03, "EX_raffin_e": 0, "EX_rib__D_e": 0, "EX_rmn_e": 0, "DHORTS": -2.843794e-02, "APRAUR": 9.111804e-07, "DHORD_NAD": 2.843794e-02, "DHQTi": 3.744951e-02, "EX_s_e": -8.081837e-01, "EX_spmd_e": 0, "EX_starch1200_e": 0, "DHQS": 3.744951e-02, "AMYe": 0, "DMATT": 1.273830e-04, "EX_sucr_e": 0, "EX_thr__L_e": 0, "EX_tre_e": 0, "DNMPPA": 0, "ARAI": 0, "DNTPPA": 0, "DPCOAK": 2.601420e-04, "EX_ura_e": 0, "EX_val__L_e": 0, "EX_xan_e": 0, "DPR": 2.601420e-04, "EX_xtsn_e": 3.105029e-02, "ANPRT": 4.920374e-03, "EX_xyl__D_e": 0, "DRBK": 0, "DRPA": 4.710803e-02, "EX_xyl3_e": 0, "ANS": 4.920374e-03, "EX_xylan12_e": 0, "DTMPK": 2.250616e-03, "ARGSL": 2.560417e-02, "DURIK1": 0, "DUTPDP": 2.250616e-03, "EX_xylan4_e": 0, "EX_xylan8_e": 0, "EX_xylb_e": 0, "EX_zn2_e": 0, "ARGSS": 2.560417e-02, "DM_4hba_c": 0, "FASC300": 1.273830e-04, "FASC320": 1.273830e-04, "FERIRDe": 0, "ARGTRS": 0, "FRUabc": 0, "AROH": 0, "ASAD": -4.616040e-02, "GDH1": 4.530691e+00, "GLCURT": 0, "ASNTRAT": 0, "ASP1DC": 2.601420e-04, "G3PAT160": 2.547660e-04, "ASPCT": 2.843794e-02, "ASPO2": 2.487522e-04, "GLUR": -2.514858e-03, "ASPK": 4.616040e-02, "G5SADs": 1.913479e-02, "ASPTA6": 1.168396e-01, "EDA": 5.384533e+00, "FPGS_tm": 0, "DXPRIi": 1.401213e-03, "ASPTRS_Asn": 0, "DXPS": 1.401213e-03, "H2Ot": 9.950663e+00, "ASPTRS": 0, "FE3abc": 0, "ASPT": -1.283641e-01, "EGLUCe": 0, "ENO": 5.415168e+00, "H2St1": 7.860553e-01, "FBA": 0, "ATPPRT": 8.200623e-03, "FBA2": 0, "FBA3": 0, "H2td": 1.974982e+01, "FBP": 0, "HEX4": 0, "FCI": 0, "FMETTRS": 0, "FMNAT": 9.111804e-07, "FOLD3": 4.555902e-03, "FRUK": 0, "GALM2": 0, "HCO3E": -9.004564e-01, "GLYCOe": 0, "GLNTRAT": 0, "GLU5K": 0, "GTPCII": 9.111804e-07, "IMPCT2": 0, "GRTT": 1.273830e-04, "FTCD": 0, "FTHFLi": 4.558635e-03, "GalMr": 0, "FUCASE2": 0, "IPDDI": 1.273830e-04, "FUCASE": 0, "FUM": 0, "G1PACT": 5.029716e-03, "GALS3": 0, "GLS3e": 0, "GLSe": 0, "GLCMAN4": 0, "G3PD1ir": 3.821491e-04, "G5SD": 0, "G6PDA": -5.029716e-03, "GLCMAN6abc": 0, "GLCMAN4abc": 0, "GLCMAN6": 0, "GALUi": 1.273830e-03, "G6PDH2r": 5.567664e+00, "GALKr": 0, "GALM1": 0, "GALMAN6abc": 0, "GALMAN4abc": 0, "GALMAN4": 0, "GALT": 0, "L_LACt2r": 0, "GALMAN6": 0, "GALMAN600b_e": 0, "LCADi": 0, "GALMAN600c_e": 0, "GALMAN600a_e": 0, "GALabc": 0, "KAS14": 2.611352e-03, "GLCabc": 0, "IMPC": -8.368964e-02, "GAPD": 5.415168e+00, "GARFT": 7.548902e-02, "MANabc": 0, "LEUabc": 0, "GF6PTA": 0, "GHMT2r": 1.756277e-01, "GLCAASE3": 0, "GLCS1": 1.403218e-02, "ILEabc": 0, "HSDy": -1.394106e-02, "LMNe": 0, "LMN2": 0, "KARA2": 2.514858e-02, "KARA1": -7.588811e-02, "IMP": 0, "GLNS": 5.115128e+00, "GLCURS1": 0, "GLGC": 1.403218e-02, "GLNSP2": 0, "NADHPO": 0, "NAt": 0, "GLS": 0, "MANA2": 0, "GLUCAN2abc": 0, "GLUCANabc": 0, "GluForTx": 0, "MANA3": 0, "GLUFT": 0, "NDPK2": 3.474149e-02, "NDPK3": 1.788738e-03, "GLUPRT": 7.548902e-02, "MANA1": 0, "GLUSy": 4.830488e+00, "NDPK4": 2.250616e-03, "NDPK5": 0, "LMN2abc": 0, "NDPK7": 0, "NDPK8": 0, "GLYC3Pabc": 0, "NH3c": 4.530691e+00, "GLYCDx": -6.369151e-04, "MALTTRabc": 0, "GLUTRS": 0, "GLUTRS_Gln": 0, "HCO3abc": 1.189731e+00, "GLYCK2": 0, "HEX1": 5.588000e+00, "MCOATA": 1.719671e-02, "HEX7": 0, "GLYCL_2": 0, "GLYCt": 0, "NTPP1": 0, "NTPP2": 0, "NTPP3": 0, "HPYRRx": 1.688497e-01, "GMPS2": 2.536817e-02, "HISTD": 8.200623e-03, "GLYK": 0, "GLYTRS": 0, "GND": 1.831313e-01, "NTPP4": 0, "NTPP5": 4.710803e-02, "MELIBabc": 0, "MDH": 0, "GNK": 0, "MCLORi": 0, "GPDDA1": 0, "HISTP": 8.200623e-03, "GPDDA2": 0, "GTPCI": 4.555902e-03, "ME1": 0, "HISTRS": 0, "GUI1": 0, "HMPK1": 0, "GUI2": 0, "MECDPDH2": 1.401213e-03, "MECDPS": 1.401213e-03, "HPPK": 4.555902e-03, "MEPCT": 1.401213e-03, "HPROb": 0, "METAT": 6.378263e-04, "METB1": 0, "OMCDC": 3.899852e-02, "HSERTA": 1.394106e-02, "OXAt": 0, "MHPGLUT": 0, "HSK": 0, "METS": 1.394106e-02, "METTRS": 0, "MGSA": 0, "MI1PS2": 0, "PC": 2.180353e-01, "PDIPS": 0, "MGt5": 0, "HSTPT": 8.200623e-03, "MLTG1": 0, "PGMT": -1.530601e-02, "MLTG2": 0, "HXPRT": 0, "MNLDH2": 0, "MNLDHr": 0, "PMDPHT": 9.111804e-07, "PPTGS_TM": 2.514858e-03, "HYDFDN": 9.874908e+00, "ORNTAC": 4.856591e-02, "MNNH": 0, "MOHMT": 2.601420e-04, "ICDHyr": 1.011957e-01, "MTHFC": 1.546200e-01, "MTHFD": 1.546200e-01, "PPCOAC": 0, "MTHFR2": 1.849696e-02, "IGPDH": 8.200623e-03, "ORNTA": 1.913479e-02, "IG3PS": 8.200623e-03, "PULLe": 0, "IGPS": 4.920374e-03, "PPNDH": 1.603677e-02, "MTRI": 0, "ILETA": -2.514858e-02, "NADHDH": 2.733541e-07, "NTPP6": 0, "OAADC": 0, "PMPK": 0, "P5CR": 1.913479e-02, "NADK": 4.829256e-05, "EDD": 5.384533e+00, "OCBT": 2.560417e-02, "LEUTA": -3.899852e-02, "OCTDPS": 0, "NH4t": 1.069194e+00, "NADS1": 2.487522e-04, "ILETRS": 0, "IMPD": 5.641847e-02, "PUNP1": 0, "IPDPS": 1.401213e-03, "PNP": 0, "NMNAT": 0, "NNATr": 2.487522e-04, "OMPDC": 2.843794e-02, "INSTabc": 0, "ORNDC": 3.826958e-03, "NNAM": 0, "NNDPR": 2.487522e-04, "OOR2r": 0, "IPMD": 3.899852e-02, "ORPT": -2.843794e-02, "NOX": 0, "NP1": 0, "LCTSabc": 0, "NTD8": 0, "NTD1": 0, "IPPS": 3.899852e-02, "NTD3": 0, "NTD7": 0, "IPPMIa": -3.899852e-02, "NTD9": 0, "IPPMIb": -3.899852e-02, "NT5C": 0, "Kt1": 0, "LACZ": 0, "RBFK": 9.111804e-07, "LDH_L": 0, "SPRMS": 0, "LEUTRS": 0, "LYSTRS": 0, "MALT": 2.794000e+00,