{"SK_5mta_c": 7.229676e-04, "SK_apoACP_c": -2.887739e-04, "SK_gcald_c": 5.164054e-03, "SK_pap_c": 2.887739e-04, "ACt2r": -9.220602e+00, "ADCL": 5.164054e-03, "ADCS": 5.164054e-03, "CO2t": -1.134818e+01, "BIOMASS_Ecoli_TM": 1.032811e-01, "ALAR": 5.701116e-03, "DM_dip_d_d_c": 0, "DM_pydx5p_c": 0, "ARBabc": 0, "ACGK": 3.335979e-02, "ACCOAC": 1.949224e-02, "ALCD19": 7.219348e-04, "ACALD": 0, "ACGS": 0, "CRTNsyn": 0, "ACKr": -9.130494e+00, "CSNt2": 0, "ACOATA": 2.959933e-03, "ACLS": 8.601817e-02, "ACHBS": 2.850558e-02, "ACYP_2": 0, "DCYTD": 0, "DM_sprm_c": 0, "DM_thmpp_c": 0, "ADAPAT": 3.652019e-02, "ADA": 0, "ADK1": 3.082217e-01, "EX_ac_e": 9.220602e+00, "DHNPA": 5.164054e-03, "EX_ala__L_e": 0, "ADK3": -8.455674e-02, "EX_amylose300_e": 0, "EX_arab__L_e": 0, "EX_cell4_e": 0, "EX_cell500_e": 0, "EX_cell6_e": 0, "CYTD": 0, "DHPPDA": 1.032811e-06, "ADMDC": 7.229676e-04, "CHORM": 3.170729e-02, "EX_cellb_e": 0, "ADPT": 0, "BACCL": 0, "ADSL2r": 5.037070e-02, "EX_co2_e": 1.134818e+01, "EX_csn_e": 0, "EX_fe2_e": 0, "ADSL1r": 3.091151e-02, "EX_fe3_e": 0, "ATPS1": 5.324746e-01, "EX_fru_e": 0, "BGLA1": 0, "ADSS": 3.091151e-02, "BGLA": 0, "EX_gal_e": 0, "AGDC": 0, "EX_galman4_e": 0, "EX_galman6_e": 0, "BTS3r": 0, "AGPAT160": 2.887739e-04, "AGPR": -3.335979e-02, "CDPMEK": 1.588257e-03, "EX_galman600_e": 0, "EX_glc__D_e": 0, "AHCi": 0, "EX_glcman4_e": 0, "BUTKr": 0, "EX_glcman6_e": 0, "AHCYSNS": 0, "EX_glcman600_e": 0, "EX_glucan1500_e": 0, "EX_glucan4_e": 0, "EX_glucan6_e": 0, "EX_glyc_e": 0, "CBPS": 6.794553e-02, "CEL6abc": 0, "CEPA": 0, "CELabc": 0, "CELASE2": 0, "CELASE1": 0, "EX_glyc3p_e": 0, "EX_glycogen1500_e": 0, "AHEXASE3": 0, "EX_h_e": 1.019946e+01, "EX_h2_e": 1.881534e+01, "AHMMPS": 0, "EX_h2o_e": -1.211828e+01, "EX_h2s_e": 3.974918e+00, "CELLBabc": 0, "CHORS": 4.244853e-02, "AHSERL2": 4.430758e-02, "CRTNh": 0, "EX_hco3_e": 0, "CS": 1.147043e-01, "AICART": 5.966600e-02, "CTPS2": 1.301342e-02, "EX_ile__L_e": 0, "EX_inost_e": 0, "CYSS": 9.280322e-03, "EX_k_e": 0, "CYSTRS": 0, "ALKP": 0, "CYTDK2": 0, "EX_lac__L_e": 0, "AIRCr": 5.037070e-02, "EX_lcts_e": 0, "EX_leu__L_e": 0, "EX_lmn30_e": 0, "EX_lmn2_e": 0, "EX_malt_e": -2.794000e+00, "CYTK1": 2.027511e-03, "CYTK2": 2.623340e-03, "DAPDA": 3.652019e-02, "DAPDC": 3.652019e-02, "DAPE": 3.652019e-02, "DASYN160": 1.443870e-04, "EX_malttr_e": 0, "EX_maltttr_e": 0, "DB4PS": 2.065622e-06, "AKP1": 5.164054e-03, "DCMPDA": -2.623340e-03, "EX_man_e": 0, "EX_manb_e": 0, "EX_mantr_e": 0, "EX_manttr_e": 0, "DDGLK": 0, "EX_melib_e": 0, "ALAALAr": 2.850558e-03, "DDPA": 4.244853e-02, "ALATRS": 0, "EX_mg2_e": 0, "EX_na1_e": 0, "EX_nh4_e": -1.084516e+00, "ALAabc": 0, "ALR2": 0, "EX_oxa_e": 0, "DDPGA": 0, "DHAD1": 8.601817e-02, "DHAD2": 2.850558e-02, "EX_pi_e": -8.608840e-02, "EX_ptrc_e": 0, "AMYLe": 0, "EX_pullulan1200_e": 0, "DHDPRx_r": 3.652019e-02, "DHDPS": 3.652019e-02, "DHFR": 5.164054e-03, "DHFS": 5.164054e-03, "EX_raffin_e": 0, "EX_rib__D_e": 0, "EX_rmn_e": 0, "DHORTS": -3.892354e-02, "APRAUR": 1.032811e-06, "DHORD_NAD": 3.892354e-02, "DHQTi": 4.244853e-02, "EX_s_e": -4, "EX_spmd_e": 0, "EX_starch1200_e": 0, "DHQS": 4.244853e-02, "AMYe": 0, "DMATT": 1.443870e-04, "EX_sucr_e": 0, "EX_thr__L_e": 0, "EX_tre_e": 0, "DNMPPA": 0, "ARAI": 0, "DNTPPA": 0, "DPCOAK": 2.948675e-04, "EX_ura_e": 0, "EX_val__L_e": 0, "EX_xan_e": 0, "DPR": 2.948675e-04, "EX_xtsn_e": 0, "ANPRT": 5.577179e-03, "EX_xyl__D_e": 0, "DRBK": 0, "DRPA": 2.489074e-02, "EX_xyl3_e": 0, "ANS": 5.577179e-03, "EX_xylan12_e": 0, "DTMPK": 2.551043e-03, "ARGSL": 2.902198e-02, "DURIK1": 0, "DUTPDP": 0, "EX_xylan4_e": 0, "EX_xylan8_e": 0, "EX_xylb_e": 0, "EX_zn2_e": 0, "ARGSS": 2.902198e-02, "DM_4hba_c": 0, "FASC300": 1.443870e-04, "FASC320": 1.443870e-04, "FERIRDe": 0, "ARGTRS": 0, "FRUabc": 0, "AROH": 0, "ASAD": -8.082778e-02, "GDH1": 1000, "GLCURT": 0, "ASNTRAT": 0, "ASP1DC": 2.948675e-04, "G3PAT160": 2.887739e-04, "ASPCT": 3.892354e-02, "ASPO2": 2.819574e-04, "GLUR": -2.850558e-03, "ASPK": 8.082778e-02, "G5SADs": 2.168903e-02, "ASPTA6": -5.895284e-02, "EDA": 4.815413e+00, "FPGS_tm": 0, "DXPRIi": 1.588257e-03, "ASPTRS_Asn": 0, "DXPS": 1.588257e-03, "H2Ot": 1.211828e+01, "ASPTRS": 0, "FE3abc": 0, "ASPT": -1000, "EGLUCe": 0, "ENO": 5.420602e+00, "H2St1": 3.974918e+00, "FBA": -7.219348e-04, "ATPPRT": 9.295298e-03, "FBA2": 7.219348e-04, "FBA3": 0, "H2td": 1.881534e+01, "FBP": 0, "HEX4": 0, "FCI": 0, "FMETTRS": 0, "FMNAT": 1.032811e-06, "FOLD3": 5.164054e-03, "FRUK": -7.219348e-04, "GALM2": 0, "HCO3E": 3.697729e-01, "GLYCOe": 0, "GLNTRAT": 0, "GLU5K": 2.168903e-02, "GTPCII": 1.032811e-06, "IMPCT2": 0, "GRTT": 1.443870e-04, "FTCD": 0, "FTHFLi": 5.167153e-03, "GalMr": 0, "FUCASE2": 0, "IPDDI": 1.443870e-04, "FUCASE": 0, "FUM": -9.998897e+02, "G1PACT": 5.701116e-03, "GALS3": 0, "GLS3e": 0, "GLSe": 0, "GLCMAN4": 0, "G3PD1ir": 4.331609e-04, "G5SD": 2.168903e-02, "G6PDA": -5.701116e-03, "GLCMAN6abc": 0, "GLCMAN4abc": 0, "GLCMAN6": 0, "GALUi": 1.443870e-03, "G6PDH2r": 6.762892e+00, "GALKr": 0, "GALM1": 0, "GALMAN6abc": 0, "GALMAN4abc": 0, "GALMAN4": 0, "GALT": 0, "L_LACt2r": 0, "GALMAN6": 0, "GALMAN600b_e": 0, "LCADi": 0, "GALMAN600c_e": 0, "GALMAN600a_e": 0, "GALabc": 0, "KAS14": 2.959933e-03, "GLCabc": 0, "IMPC": -5.966600e-02, "GAPD": 5.420602e+00, "GARFT": 5.037070e-02, "MANabc": 0, "LEUabc": 0, "GF6PTA": 0, "GHMT2r": 1.353710e-01, "GLCAASE3": 0, "GLCS1": 1.590529e-02, "ILEabc": 0, "HSDy": -4.430758e-02, "LMNe": 0, "LMN2": 0, "KARA2": 2.850558e-02, "KARA1": -8.601817e-02, "IMP": 0, "GLNS": 4.727316e+00, "GLCURS1": 0, "GLGC": 1.590529e-02, "GLNSP2": 0, "NADHPO": 0, "NAt": 3.302822e-01, "GLS": 0, "MANA2": 0, "GLUCAN2abc": 0, "GLUCANabc": 0, "GluForTx": 0, "MANA3": 0, "GLUFT": 0, "NDPK2": 3.420463e-02, "NDPK3": 2.027511e-03, "GLUPRT": 5.037070e-02, "MANA1": 0, "GLUSy": 4.471005e+00, "NDPK4": 2.551043e-03, "NDPK5": 0, "LMN2abc": 0, "NDPK7": 2.623340e-03, "NDPK8": 2.551043e-03, "GLYC3Pabc": 0, "NH3c": 1000, "GLYCDx": 0, "MALTTRabc": 0, "GLUTRS": 0, "GLUTRS_Gln": 0, "HCO3abc": 0, "GLYCK2": 0, "HEX1": 5.588000e+00, "MCOATA": 1.949224e-02, "HEX7": 0, "GLYCL_2": 0, "GLYCt": 0, "NTPP1": 2.489074e-02, "NTPP2": 0, "NTPP3": 0, "HPYRRx": 0, "GMPS2": 2.875449e-02, "HISTD": 9.295298e-03, "GLYK": 0, "GLYTRS": 0, "GND": 1.947479e+00, "NTPP4": 0, "NTPP5": 0, "MELIBabc": 0, "MDH": -9.998897e+02, "GNK": 0, "MCLORi": 0, "GPDDA1": 0, "HISTP": 9.295298e-03, "GPDDA2": 0, "GTPCI": 5.164054e-03, "ME1": 0, "HISTRS": 0, "GUI1": 0, "HMPK1": 0, "GUI2": 0, "MECDPDH2": 1.588257e-03, "MECDPS": 1.588257e-03, "HPPK": 5.164054e-03, "MEPCT": 1.588257e-03, "HPROb": 0, "METAT": 7.229676e-04, "METB1": 0, "OMCDC": 4.420430e-02, "HSERTA": 4.430758e-02, "OXAt": 0, "MHPGLUT": 0, "HSK": 0, "METS": 1.580201e-02, "METTRS": 0, "MGSA": 0, "MI1PS2": 0, "PC": 2.823352e-01, "PDIPS": 0, "MGt5": 0, "HSTPT": 9.295298e-03, "MLTG1": 0, "PGMT": -1.734916e-02, "MLTG2": 0, "HXPRT": 0, "MNLDH2": 0, "MNLDHr": 0, "PMDPHT": 1.032811e-06, "PPTGS_TM": 2.850558e-03, "HYDFDN": 9.407670e+00, "ORNTAC": 3.335979e-02, "MNNH": 0, "MOHMT": 2.948675e-04, "ICDHyr": 1.147043e-01, "MTHFC": 1.048695e-01, "MTHFD": 1.048695e-01, "PPCOAC": 0, "MTHFR2": 2.096606e-02, "IGPDH": 9.295298e-03, "ORNTA": 0, "IG3PS": 9.295298e-03, "PULLe": 0, "IGPS": 5.577179e-03, "PPNDH": 1.817747e-02, "MTRI": 0, "ILETA": -2.850558e-02, "NADHDH": 0, "NTPP6": 0, "OAADC": 0, "PMPK": 0, "P5CR": 2.168903e-02, "NADK": 5.473897e-05, "EDD": 4.815413e+00, "OCBT": 2.902198e-02, "LEUTA": -4.420430e-02, "OCTDPS": 0, "NH4t": 1.084516e+00, "NADS1": 2.819574e-04, "ILETRS": 0, "IMPD": 2.875449e-02, "PUNP1": 0, "IPDPS": 1.588257e-03, "PNP": 0, "NMNAT": 0, "NNATr": 2.819574e-04, "OMPDC": 3.892354e-02, "INSTabc": 0, "ORNDC": 4.337806e-03, "NNAM": 0, "NNDPR": 2.819574e-04, "OOR2r": 3.098433e-07, "IPMD": 4.420430e-02, "ORPT": -3.892354e-02, "NOX": 0, "NP1": 0, "LCTSabc": 0, "NTD8": 2.489074e-02, "NTD1": 0, "IPPS": 4.420430e-02, "NTD3": 0, "NTD7": 0, "IPPMIa": -4.420430e-02, "NTD9": 0, "IPPMIb": -4.420430e-02, "NT5C": 0, "Kt1": 0, "LACZ": 0, "RBFK": 1.032811e-06, "LDH_L": 0, "SPRMS": 0, "LEUTRS": 0,