{"SK_5mta_c": 1.687642e-04, "SK_apoACP_c": -6.740925e-05, "SK_gcald_c": 1.205459e-03, "SK_pap_c": 6.740925e-05, "ACt2r": -3.879857e+00, "ADCL": 1.205459e-03, "ADCS": 1.205459e-03, "CO2t": -6.137354e+00, "BIOMASS_Ecoli_TM": 2.410917e-02, "ALAR": 1.330826e-03, "DM_dip_d_d_c": 0, "DM_pydx5p_c": 0, "ARBabc": 0, "ACGK": 1.285019e-02, "ACCOAC": 4.550124e-03, "ALCD19": 0, "ACALD": 0, "ACGS": 0, "CRTNsyn": 0, "ACKr": -3.865477e+00, "CSNt2": 0, "ACOATA": 6.909448e-04, "ACLS": 2.007944e-02, "ACHBS": 6.654132e-03, "ACYP_2": 0, "DCYTD": 0, "DM_sprm_c": 0, "DM_thmpp_c": 0, "ADAPAT": 8.525003e-03, "ADA": 0, "ADK1": 7.883458e-02, "EX_ac_e": 3.879857e+00, "DHNPA": 1.205459e-03, "EX_ala__L_e": 0, "ADK3": -1.331562e-02, "EX_amylose300_e": 0, "EX_arab__L_e": 0, "EX_cell4_e": 0, "EX_cell500_e": 0, "EX_cell6_e": 0, "CYTD": 0, "DHPPDA": 2.410917e-07, "ADMDC": 1.687642e-04, "CHORM": 7.401516e-03, "EX_cellb_e": 0, "ADPT": 0, "BACCL": 0, "ADSL2r": 1.997385e-02, "EX_co2_e": 6.137354e+00, "EX_csn_e": 0, "EX_fe2_e": 0, "ADSL1r": 7.215755e-03, "EX_fe3_e": 0, "ATPS1": 0, "EX_fru_e": 0, "BGLA1": 0, "ADSS": 7.215755e-03, "BGLA": 0, "EX_gal_e": 0, "AGDC": 0, "EX_galman4_e": 0, "EX_galman6_e": 0, "BTS3r": 0, "AGPAT160": 6.740925e-05, "AGPR": -1.285019e-02, "CDPMEK": 3.707508e-04, "EX_galman600_e": 0, "EX_glc__D_e": 0, "AHCi": 0, "EX_glcman4_e": 0, "BUTKr": 0, "EX_glcman6_e": 0, "AHCYSNS": 0, "EX_glcman600_e": 0, "EX_glucan1500_e": 0, "EX_glucan4_e": 0, "EX_glucan6_e": 0, "EX_glyc_e": 0, "CBPS": 1.429915e-02, "CEL6abc": 0, "CEPA": 0, "CELabc": 0, "CELASE2": 0, "CELASE1": 0, "EX_glyc3p_e": 0, "EX_glycogen1500_e": 0, "AHEXASE3": 0, "EX_h_e": 3.888072e+00, "EX_h2_e": 7.847048e+00, "AHMMPS": 0, "EX_h2o_e": -5.208051e+00, "EX_h2s_e": 3.994145e+00, "CELLBabc": 0, "CHORS": 9.908870e-03, "AHSERL2": 3.688703e-03, "CRTNh": 0, "EX_hco3_e": -2.215457e+00, "CS": 2.677565e-02, "AICART": 2.214367e-02, "CTPS2": 3.650129e-03, "EX_ile__L_e": 0, "EX_inost_e": 0, "CYSS": 2.166330e-03, "EX_k_e": 0, "CYSTRS": 0, "ALKP": 1.685231e-04, "CYTDK2": 0, "EX_lac__L_e": 0, "AIRCr": 1.997385e-02, "EX_lcts_e": 0, "EX_leu__L_e": 0, "EX_lmn30_e": 0, "EX_lmn2_e": 0, "EX_malt_e": -2.033676e+00, "CYTK1": 4.732872e-04, "CYTK2": 0, "DAPDA": 8.525003e-03, "DAPDC": 8.525003e-03, "DAPE": 8.525003e-03, "DASYN160": 3.370462e-05, "EX_malttr_e": 0, "EX_maltttr_e": 0, "DB4PS": 4.821834e-07, "AKP1": 1.205459e-03, "DCMPDA": 0, "EX_man_e": 0, "EX_manb_e": 0, "EX_mantr_e": 0, "EX_manttr_e": 0, "DDGLK": -1.963874e+00, "EX_melib_e": 0, "ALAALAr": 6.654132e-04, "DDPA": 9.908870e-03, "ALATRS": 0, "EX_mg2_e": 0, "EX_na1_e": 0, "EX_nh4_e": -2.829010e-01, "ALAabc": 0, "ALR2": 0, "EX_oxa_e": 0, "DDPGA": 0, "DHAD1": 2.007944e-02, "DHAD2": 6.654132e-03, "EX_pi_e": -1.853429e-02, "EX_ptrc_e": 0, "AMYLe": 0, "EX_pullulan1200_e": 0, "DHDPRx_r": 8.525003e-03, "DHDPS": 8.525003e-03, "DHFR": 1.205459e-03, "DHFS": 1.205459e-03, "EX_raffin_e": 0, "EX_rib__D_e": 0, "EX_rmn_e": 0, "DHORTS": -7.524473e-03, "APRAUR": 2.410917e-07, "DHORD_NAD": 7.524473e-03, "DHQTi": 9.908870e-03, "EX_s_e": -4, "EX_spmd_e": 0, "EX_starch1200_e": 0, "DHQS": 9.908870e-03, "AMYe": 0, "DMATT": 3.370462e-05, "EX_sucr_e": 0, "EX_thr__L_e": 0, "EX_tre_e": 0, "DNMPPA": 0, "ARAI": 0, "DNTPPA": 0, "DPCOAK": 6.883169e-05, "EX_ura_e": 0, "EX_val__L_e": 0, "EX_xan_e": 0, "DPR": 6.883169e-05, "EX_xtsn_e": 8.215683e-03, "ANPRT": 1.301895e-03, "EX_xyl__D_e": 0, "DRBK": 0, "DRPA": 1.246444e-02, "EX_xyl3_e": 0, "ANS": 1.301895e-03, "EX_xylan12_e": 0, "DTMPK": 5.954966e-04, "ARGSL": 6.774677e-03, "DURIK1": 0, "DUTPDP": 0, "EX_xylan4_e": 0, "EX_xylan8_e": 0, "EX_xylb_e": 0, "EX_zn2_e": 0, "ARGSS": 6.774677e-03, "DM_4hba_c": 0, "FASC300": 3.370462e-05, "FASC320": 3.370462e-05, "FERIRDe": 0, "ARGTRS": 0, "FRUabc": 0, "AROH": 0, "ASAD": -1.221371e-02, "GDH1": -7.932400e-02, "GLCURT": 0, "ASNTRAT": 0, "ASP1DC": 6.883169e-05, "G3PAT160": 6.740925e-05, "ASPCT": 7.524473e-03, "ASPO2": 6.581804e-05, "GLUR": -6.654132e-04, "ASPK": 1.221371e-02, "G5SADs": 5.062926e-03, "ASPTA6": 3.091490e-02, "EDA": 2.065794e+00, "FPGS_tm": 0, "DXPRIi": 3.707508e-04, "ASPTRS_Asn": 0, "DXPS": 3.707508e-04, "H2Ot": 5.208051e+00, "ASPTRS": 0, "FE3abc": 0, "ASPT": -3.396421e-02, "EGLUCe": 0, "ENO": 2.102424e+00, "H2St1": 3.994145e+00, "FBA": 0, "ATPPRT": 2.169825e-03, "FBA2": 0, "FBA3": 0, "H2td": 7.847048e+00, "FBP": 0, "HEX4": 0, "FCI": 0, "FMETTRS": 0, "FMNAT": 2.410917e-07, "FOLD3": 1.205459e-03, "FRUK": 0, "GALM2": 0, "HCO3E": -2.138917e+00, "GLYCOe": 0, "GLNTRAT": 0, "GLU5K": 0, "GTPCII": 2.410917e-07, "IMPCT2": 0, "GRTT": 3.370462e-05, "FTCD": 0, "FTHFLi": 1.206182e-03, "GalMr": 0, "FUCASE2": 0, "IPDDI": 3.370462e-05, "FUCASE": 0, "FUM": 0, "G1PACT": 1.330826e-03, "GALS3": 0, "GLS3e": 0, "GLSe": 0, "GLCMAN4": 0, "G3PD1ir": 1.011139e-04, "G5SD": 0, "G6PDA": 0, "GLCMAN6abc": 0, "GLCMAN4abc": 0, "GLCMAN6": 0, "GALUi": 3.370462e-04, "G6PDH2r": 4.029667e+00, "GALKr": 0, "GALM1": 0, "GALMAN6abc": 0, "GALMAN4abc": 0, "GALMAN4": 0, "GALT": 0, "L_LACt2r": 0, "GALMAN6": 0, "GALMAN600b_e": 0, "LCADi": 0, "GALMAN600c_e": 0, "GALMAN600a_e": 0, "GALabc": 0, "KAS14": 6.909448e-04, "GLCabc": 0, "IMPC": -2.214367e-02, "GAPD": 2.057748e+00, "GARFT": 1.997385e-02, "MANabc": 0, "LEUabc": 0, "GF6PTA": 1.330826e-03, "GHMT2r": 4.646983e-02, "GLCAASE3": 0, "GLCS1": 3.712813e-03, "ILEabc": 0, "HSDy": -3.688703e-03, "LMNe": 0, "LMN2": 0, "KARA2": 6.654132e-03, "KARA1": -2.007944e-02, "IMP": 0, "GLNS": 7.664450e-02, "GLCURS1": 0, "GLGC": 3.712813e-03, "GLNSP2": 0, "NADHPO": 0, "NAt": 0, "GLS": 0, "MANA2": 0, "GLUCAN2abc": 0, "GLUCANabc": 0, "GluForTx": 0, "MANA3": 0, "GLUFT": 0, "NDPK2": 8.596849e-03, "NDPK3": -1.390858e-04, "GLUPRT": 1.997385e-02, "MANA1": 0, "GLUSy": 0, "NDPK4": 5.954966e-04, "NDPK5": 1.307681e-02, "LMN2abc": 0, "NDPK7": 6.123730e-04, "NDPK8": 5.954966e-04, "GLYC3Pabc": 0, "NH3c": -7.932400e-02, "GLYCDx": -1.685231e-04, "MALTTRabc": 0, "GLUTRS": 0, "GLUTRS_Gln": 0, "HCO3abc": 2.215457e+00, "GLYCK2": 4.467642e-02, "HEX1": 4.067351e+00, "MCOATA": 4.550124e-03, "HEX7": 0, "GLYCL_2": 0, "GLYCt": 0, "NTPP1": 1.246444e-02, "NTPP2": 0, "NTPP3": 0, "HPYRRx": 4.467642e-02, "GMPS2": 6.712235e-03, "HISTD": 2.169825e-03, "GLYK": 0, "GLYTRS": 0, "GND": 0, "NTPP4": 0, "NTPP5": 0, "MELIBabc": 0, "MDH": 0, "GNK": 0, "MCLORi": 0, "GPDDA1": 0, "HISTP": 2.169825e-03, "GPDDA2": 0, "GTPCI": 1.205459e-03, "ME1": 0, "HISTRS": 0, "GUI1": 0, "HMPK1": 0, "GUI2": 0, "MECDPDH2": 3.707508e-04, "MECDPS": 3.707508e-04, "HPPK": 1.205459e-03, "MEPCT": 3.707508e-04, "HPROb": 0, "METAT": 1.687642e-04, "METB1": 0, "OMCDC": 1.031873e-02, "HSERTA": 3.688703e-03, "OXAt": 0, "MHPGLUT": 0, "HSK": 0, "METS": 3.688703e-03, "METTRS": 0, "MGSA": 0, "MI1PS2": 0, "PC": 5.769055e-02, "PDIPS": 0, "MGt5": 0, "HSTPT": 2.169825e-03, "MLTG1": 0, "PGMT": -4.049859e-03, "MLTG2": 0, "HXPRT": 0, "MNLDH2": 0, "MNLDHr": 0, "PMDPHT": 2.410917e-07, "PPTGS_TM": 6.654132e-04, "HYDFDN": 3.923524e+00, "ORNTAC": 1.285019e-02, "MNNH": -1.963874e+00, "MOHMT": 6.883169e-05, "ICDHyr": 2.677565e-02, "MTHFC": 4.091134e-02, "MTHFD": 4.091134e-02, "PPCOAC": 0, "MTHFR2": 4.894162e-03, "IGPDH": 2.169825e-03, "ORNTA": 5.062926e-03, "IG3PS": 2.169825e-03, "PULLe": 0, "IGPS": 1.301895e-03, "PPNDH": 4.243214e-03, "MTRI": 0, "ILETA": -6.654132e-03, "NADHDH": 7.232752e-08, "NTPP6": 0, "OAADC": 0, "PMPK": 0, "P5CR": 5.062926e-03, "NADK": 1.277786e-05, "EDD": 4.029667e+00, "OCBT": 6.774677e-03, "LEUTA": -1.031873e-02, "OCTDPS": 0, "NH4t": 2.829010e-01, "NADS1": 6.581804e-05, "ILETRS": 0, "IMPD": 1.492792e-02, "PUNP1": 0, "IPDPS": 3.707508e-04, "PNP": 0, "NMNAT": 0, "NNATr": 6.581804e-05, "OMPDC": 7.524473e-03, "INSTabc": 0, "ORNDC": 1.012585e-03, "NNAM": 0, "NNDPR": 6.581804e-05, "OOR2r": 0, "IPMD": 1.031873e-02, "ORPT": -7.524473e-03, "NOX": 0, "NP1": 0, "LCTSabc": 0, "NTD8": 1.246444e-02, "NTD1": 0, "IPPS": 1.031873e-02, "NTD3": 0, "NTD7": 0, "IPPMIa": -1.031873e-02, "NTD9": 0, "IPPMIb": -1.031873e-02, "NT5C": 0, "Kt1": 0, "LACZ": 0, "RBFK": 2.410917e-07, "LDH_L": 0, "SPRMS": 0, "LEUTRS": 0, "LYSTRS": 0,