{"SK_5mta_c": 1.392965e-04, "SK_apoACP_c": -5.563900e-05, "SK_gcald_c": 9.949750e-04, "SK_pap_c": 5.563900e-05, "ACt2r": -6.975510e+00, "ADCL": 9.949750e-04, "ADCS": 9.949750e-04, "CO2t": -9.188046e+00, "BIOMASS_Ecoli_TM": 1.989950e-02, "ALAR": 1.098452e-03, "DM_dip_d_d_c": 0, "DM_pydx5p_c": 0, "ARBabc": 0, "ACGK": 1.060643e-02, "ACCOAC": 3.755633e-03, "ALCD19": 0, "ACALD": 0, "ACGS": 0, "CRTNsyn": 0, "ACKr": -8.860072e+00, "CSNt2": 0, "ACOATA": 5.702998e-04, "ACLS": 1.657340e-02, "ACHBS": 5.492262e-03, "ACYP_2": 0, "DCYTD": 0, "DM_sprm_c": 0, "DM_thmpp_c": 0, "ADAPAT": 7.036463e-03, "ADA": 0, "ADK1": 1.998376e+00, "EX_ac_e": 6.975510e+00, "DHNPA": 9.949750e-04, "EX_ala__L_e": 0, "ADK3": -1.099059e-02, "EX_amylose300_e": 0, "EX_arab__L_e": 0, "EX_cell4_e": 0, "EX_cell500_e": 0, "EX_cell6_e": 0, "CYTD": 0, "DHPPDA": 1.989950e-07, "ADMDC": 1.392965e-04, "CHORM": 6.109146e-03, "EX_cellb_e": 0, "ADPT": 0, "BACCL": 0, "ADSL2r": 5.336164e-02, "EX_co2_e": 9.188046e+00, "EX_csn_e": 0, "EX_fe2_e": 0, "ADSL1r": 5.955821e-03, "EX_fe3_e": 0, "ATPS1": 0, "EX_fru_e": 0, "BGLA1": 0, "ADSS": 5.955821e-03, "BGLA": 0, "EX_gal_e": 0, "AGDC": 0, "EX_galman4_e": 0, "EX_galman6_e": 0, "BTS3r": 0, "AGPAT160": 5.563900e-05, "AGPR": -1.060643e-02, "CDPMEK": 3.060145e-04, "EX_galman600_e": 0, "EX_glc__D_e": 0, "AHCi": 0, "EX_glcman4_e": 0, "BUTKr": 0, "EX_glcman6_e": 0, "AHCYSNS": 0, "EX_glcman600_e": 0, "EX_glucan1500_e": 0, "EX_glucan4_e": 0, "EX_glucan6_e": 0, "EX_glyc_e": 0, "CBPS": 1.871358e+00, "CEL6abc": 0, "CEPA": 0, "CELabc": 0, "CELASE2": 0, "CELASE1": 0, "EX_glyc3p_e": 0, "EX_glycogen1500_e": 0, "AHEXASE3": 0, "EX_h_e": 7.019167e+00, "EX_h2_e": 1.402311e+01, "AHMMPS": 0, "EX_h2o_e": -1.313781e+00, "EX_h2s_e": 3.995167e+00, "CELLBabc": 0, "CHORS": 8.178694e-03, "AHSERL2": 0, "CRTNh": 0, "EX_hco3_e": -2.177836e+00, "CS": 2.210038e-02, "AICART": 5.515260e-02, "CTPS2": 3.012784e-03, "EX_ile__L_e": 0, "EX_inost_e": 0, "CYSS": 1.788070e-03, "EX_k_e": 0, "CYSTRS": 0, "ALKP": 1.390975e-04, "CYTDK2": 0, "EX_lac__L_e": 0, "AIRCr": 5.336164e-02, "EX_lcts_e": 0, "EX_leu__L_e": 0, "EX_lmn30_e": 0, "EX_lmn2_e": 0, "EX_malt_e": -2.616918e+00, "CYTK1": 3.906471e-04, "CYTK2": 0, "DAPDA": 7.036463e-03, "DAPDC": 7.036463e-03, "DAPE": 7.036463e-03, "DASYN160": 2.781950e-05, "EX_malttr_e": 0, "EX_maltttr_e": 0, "DB4PS": 3.979900e-07, "AKP1": 9.949750e-04, "DCMPDA": 0, "EX_man_e": 0, "EX_manb_e": 0, "EX_mantr_e": 0, "EX_manttr_e": 0, "DDGLK": 0, "EX_melib_e": 0, "ALAALAr": 5.492262e-04, "DDPA": 8.178694e-03, "ALATRS": 0, "EX_mg2_e": 0, "EX_na1_e": 0, "EX_nh4_e": -4.100116e+00, "ALAabc": 0, "ALR2": 0, "EX_oxa_e": 0, "DDPGA": 0, "DHAD1": 1.657340e-02, "DHAD2": 5.492262e-03, "EX_pi_e": -1.529804e-02, "EX_ptrc_e": 0, "AMYLe": 0, "EX_pullulan1200_e": 0, "DHDPRx_r": 7.036463e-03, "DHDPS": 7.036463e-03, "DHFR": 9.949750e-04, "DHFS": 9.949750e-04, "EX_raffin_e": 0, "EX_rib__D_e": 0, "EX_rmn_e": 0, "DHORTS": -1.865766e+00, "APRAUR": 1.989950e-07, "DHORD_NAD": 1.865766e+00, "DHQTi": 8.178694e-03, "EX_s_e": -4, "EX_spmd_e": 0, "EX_starch1200_e": 0, "DHQS": 8.178694e-03, "AMYe": 0, "DMATT": 2.781950e-05, "EX_sucr_e": 0, "EX_thr__L_e": 0, "EX_tre_e": 0, "DNMPPA": 0, "ARAI": 0, "DNTPPA": 0, "DPCOAK": 5.681307e-05, "EX_ura_e": 0, "EX_val__L_e": 0, "EX_xan_e": 0, "DPR": 5.681307e-05, "EX_xtsn_e": 4.365656e-02, "ANPRT": 1.074573e-03, "EX_xyl__D_e": 0, "DRBK": 0, "DRPA": 1.906719e+00, "EX_xyl3_e": 0, "ANS": 1.074573e-03, "EX_xylan12_e": 0, "DTMPK": 4.915176e-04, "ARGSL": 5.591759e-03, "DURIK1": 0, "DUTPDP": 0, "EX_xylan4_e": 0, "EX_xylan8_e": 0, "EX_xylb_e": 0, "EX_zn2_e": 0, "ARGSS": 5.591759e-03, "DM_4hba_c": 0, "FASC300": 2.781950e-05, "FASC320": 2.781950e-05, "FERIRDe": 0, "ARGTRS": 0, "FRUabc": 0, "AROH": 0, "ASAD": 1.886350e+00, "GDH1": -6.547333e-02, "GLCURT": 0, "ASNTRAT": 0, "ASP1DC": 5.681307e-05, "G3PAT160": 5.563900e-05, "ASPCT": 1.865766e+00, "ASPO2": 5.432563e-05, "GLUR": -5.492262e-04, "ASPK": -1.886350e+00, "G5SADs": 4.178895e-03, "ASPTA6": -1.135863e-02, "EDA": 3.913861e+00, "FPGS_tm": 0, "DXPRIi": 3.060145e-04, "ASPTRS_Asn": 0, "DXPS": 3.060145e-04, "H2Ot": 1.313781e+00, "ASPTRS": 0, "FE3abc": 0, "ASPT": -6.490922e-02, "EGLUCe": 0, "ENO": 5.159215e+00, "H2St1": 3.995167e+00, "FBA": 0, "ATPPRT": 1.790955e-03, "FBA2": 0, "FBA3": 0, "H2td": 1.402311e+01, "FBP": 0, "HEX4": 0, "FCI": 0, "FMETTRS": 0, "FMNAT": 1.989950e-07, "FOLD3": 9.949750e-04, "FRUK": 0, "GALM2": 0, "HCO3E": -2.919811e-01, "GLYCOe": 0, "GLNTRAT": 0, "GLU5K": 0, "GTPCII": 1.989950e-07, "IMPCT2": 0, "GRTT": 2.781950e-05, "FTCD": 0, "FTHFLi": 9.955720e-04, "GalMr": 0, "FUCASE2": 0, "IPDDI": 2.781950e-05, "FUCASE": 0, "FUM": 0, "G1PACT": 1.098452e-03, "GALS3": 0, "GLS3e": 0, "GLSe": 0, "GLCMAN4": 0, "G3PD1ir": 8.345850e-05, "G5SD": 0, "G6PDA": -1.098452e-03, "GLCMAN6abc": 0, "GLCMAN4abc": 0, "GLCMAN6": 0, "GALUi": 2.781950e-04, "G6PDH2r": 3.913861e+00, "GALKr": 0, "GALM1": 0, "GALMAN6abc": 0, "GALMAN4abc": 0, "GALMAN4": 0, "GALT": 0, "L_LACt2r": 0, "GALMAN6": 0, "GALMAN600b_e": 0, "LCADi": 0, "GALMAN600c_e": 0, "GALMAN600a_e": 0, "GALabc": 0, "KAS14": 5.702998e-04, "GLCabc": 0, "IMPC": -5.515260e-02, "GAPD": 5.159215e+00, "GARFT": 5.336164e-02, "MANabc": 0, "LEUabc": 0, "GF6PTA": 0, "GHMT2r": 1.971662e+00, "GLCAASE3": 0, "GLCS1": 3.064523e-03, "ILEabc": 0, "HSDy": 1.893386e+00, "LMNe": 0, "LMN2": 0, "KARA2": 5.492262e-03, "KARA1": -1.657340e-02, "IMP": 0, "GLNS": 1.995469e+00, "GLCURS1": 0, "GLGC": 3.064523e-03, "GLNSP2": 0, "NADHPO": 0, "NAt": 0, "GLS": 0, "MANA2": 0, "GLUCAN2abc": 0, "GLUCANabc": 0, "GluForTx": 0, "MANA3": 0, "GLUFT": 0, "NDPK2": 7.095764e-03, "NDPK3": -1.148002e-04, "GLUPRT": 5.336164e-02, "MANA1": 0, "GLUSy": 0, "NDPK4": 4.915176e-04, "NDPK5": 4.766889e-02, "LMN2abc": 0, "NDPK7": 5.054473e-04, "NDPK8": 4.915176e-04, "GLYC3Pabc": 0, "NH3c": -6.547333e-02, "GLYCDx": -1.390975e-04, "MALTTRabc": 0, "GLUTRS": 0, "GLUTRS_Gln": 0, "HCO3abc": 2.177836e+00, "GLYCK2": 0, "HEX1": 5.233836e+00, "MCOATA": 3.755633e-03, "HEX7": 0, "GLYCL_2": 0, "GLYCt": 0, "NTPP1": 4.716345e-02, "NTPP2": 0, "NTPP3": 0, "HPYRRx": 0, "GMPS2": 5.540220e-03, "HISTD": 1.790955e-03, "GLYK": 0, "GLYTRS": 0, "GND": 0, "NTPP4": 0, "NTPP5": 0, "MELIBabc": 0, "MDH": 0, "GNK": 0, "MCLORi": 0, "GPDDA1": 0, "HISTP": 1.790955e-03, "GPDDA2": 0, "GTPCI": 9.949750e-04, "ME1": 0, "HISTRS": 0, "GUI1": 0, "HMPK1": 0, "GUI2": 0, "MECDPDH2": 3.060145e-04, "MECDPS": 3.060145e-04, "HPPK": 9.949750e-04, "MEPCT": 3.060145e-04, "HPROb": 0, "METAT": 1.392965e-04, "METB1": -1.893386e+00, "OMCDC": 8.516986e-03, "HSERTA": -1.893386e+00, "OXAt": 0, "MHPGLUT": 0, "HSK": 0, "METS": 3.044623e-03, "METTRS": 0, "MGSA": 0, "MI1PS2": 0, "PC": 1.074175e-02, "PDIPS": 0, "MGt5": 0, "HSTPT": 1.790955e-03, "MLTG1": 0, "PGMT": -3.342718e-03, "MLTG2": 0, "HXPRT": 0, "MNLDH2": 0, "MNLDHr": 0, "PMDPHT": 1.989950e-07, "PPTGS_TM": 5.492262e-04, "HYDFDN": 7.011553e+00, "ORNTAC": 1.060643e-02, "MNNH": 0, "MOHMT": 5.681307e-05, "ICDHyr": 2.210038e-02, "MTHFC": 1.075187e-01, "MTHFD": 1.075187e-01, "PPCOAC": 0, "MTHFR2": 4.039598e-03, "IGPDH": 1.790955e-03, "ORNTA": 4.178895e-03, "IG3PS": 1.790955e-03, "PULLe": 0, "IGPS": 1.074573e-03, "PPNDH": 3.502312e-03, "MTRI": 0, "ILETA": -5.492262e-03, "NADHDH": 0, "NTPP6": 0, "OAADC": 0, "PMPK": 0, "P5CR": 4.178895e-03, "NADK": 1.054673e-05, "EDD": 3.913861e+00, "OCBT": 5.591759e-03, "LEUTA": -8.516986e-03, "OCTDPS": 0, "NH4t": 4.100116e+00, "NADS1": 5.432563e-05, "ILETRS": 0, "IMPD": 4.919678e-02, "PUNP1": 0, "IPDPS": 3.060145e-04, "PNP": 0, "NMNAT": 0, "NNATr": 5.432563e-05, "OMPDC": 1.865766e+00, "INSTabc": 0, "ORNDC": 8.357790e-04, "NNAM": 0, "NNDPR": 5.432563e-05, "OOR2r": 0, "IPMD": 8.516986e-03, "ORPT": -1.865766e+00, "NOX": 0, "NP1": 0, "LCTSabc": 0, "NTD8": 4.716345e-02, "NTD1": 0, "IPPS": 8.516986e-03, "NTD3": 0, "NTD7": 0, "IPPMIa": -8.516986e-03, "NTD9": 0, "IPPMIb": -8.516986e-03, "NT5C": 0, "Kt1": 0, "LACZ": 0, "RBFK": 1.989950e-07, "LDH_L": 0, "SPRMS": 0, "LEUTRS": 0, "LYSTRS": 0, "MALT": 2.616918e+00, "SUCOAS": 5.969850e-08,