{"SK_5mta_c": 1.303431e-03, "SK_apoACP_c": -5.206274e-04, "SK_gcald_c": 1.155957e-01, "SK_pap_c": 5.206274e-04, "ACt2r": -7.926079e+00, "ADCL": 9.310219e-03, "ADCS": 9.310219e-03, "CO2t": -8.824139e+00, "BIOMASS_Ecoli_TM": 1.862044e-01, "ALAR": 1.027848e-02, "DM_dip_d_d_c": 0, "DM_pydx5p_c": 0, "ARBabc": 0, "ACGK": 6.014401e-02, "ACCOAC": 3.514235e-02, "ALCD19": 1.301569e-03, "ACALD": 0, "ACGS": 0, "CRTNsyn": 0, "ACKr": -1000, "CSNt2": 0, "ACOATA": 5.336431e-03, "ACLS": 1.550812e-01, "ACHBS": 5.139241e-02, "ACYP_2": 0, "DCYTD": 0, "DM_sprm_c": 0, "DM_thmpp_c": 1.062855e-01, "ADAPAT": 6.584187e-02, "ADA": 0, "ADK1": 1.750117e+00, "EX_ac_e": 7.926079e+00, "DHNPA": 9.310219e-03, "EX_ala__L_e": 0, "ADK3": -1.075712e-01, "EX_amylose300_e": 0, "EX_arab__L_e": 0, "EX_cell4_e": 0, "EX_cell500_e": 0, "EX_cell6_e": 0, "CYTD": 0, "DHPPDA": 1.862044e-06, "ADMDC": 1.303431e-03, "CHORM": 1.634502e-01, "EX_cellb_e": 0, "ADPT": 5.418339e-01, "BACCL": 0, "ADSL2r": 9.081280e-02, "EX_co2_e": 8.824139e+00, "EX_csn_e": 0, "EX_fe2_e": 0, "ADSL1r": 5.573004e-02, "EX_fe3_e": 0, "ATPS1": 1.054217e+00, "EX_fru_e": 0, "BGLA1": 0, "ADSS": 5.573004e-02, "BGLA": 0, "EX_gal_e": 0, "AGDC": 0, "EX_galman4_e": 0, "EX_galman6_e": 0, "BTS3r": 0, "AGPAT160": 5.206274e-04, "AGPR": -6.014401e-02, "CDPMEK": 2.863451e-03, "EX_galman600_e": 0, "EX_glc__D_e": 0, "AHCi": 0, "EX_glcman4_e": 0, "BUTKr": 0, "EX_glcman6_e": 0, "AHCYSNS": 0, "EX_glcman600_e": 0, "EX_glucan1500_e": 0, "EX_glucan4_e": 0, "EX_glucan6_e": 0, "EX_glyc_e": 0, "CBPS": 1.104378e-01, "CEL6abc": 0, "CEPA": 0, "CELabc": 0, "CELASE2": 0, "CELASE1": 0, "EX_glyc3p_e": 0, "EX_glycogen1500_e": 0, "AHEXASE3": 0, "EX_h_e": 9.678796e+00, "EX_h2_e": 1.652668e+01, "AHMMPS": 1.062855e-01, "EX_h2o_e": -6.128490e+00, "EX_h2s_e": 1.066258e+00, "CELLBabc": 0, "CHORS": 1.828155e-01, "AHSERL2": 0, "CRTNh": 0, "EX_hco3_e": 0, "CS": 2.067986e-01, "AICART": 1.075712e-01, "CTPS2": 2.346175e-02, "EX_ile__L_e": 0, "EX_inost_e": 0, "CYSS": 1.230169e-01, "EX_k_e": 0, "CYSTRS": 0, "ALKP": 0, "CYTDK2": 0, "EX_lac__L_e": 0, "AIRCr": 9.081280e-02, "EX_lcts_e": 0, "EX_leu__L_e": 0, "EX_lmn30_e": 0, "EX_lmn2_e": 0, "EX_malt_e": -2.794000e+00, "CYTK1": 3.655378e-03, "CYTK2": 4.729591e-03, "DAPDA": 6.584187e-02, "DAPDC": 6.584187e-02, "DAPE": 6.584187e-02, "DASYN160": 2.603137e-04, "EX_malttr_e": 0, "EX_maltttr_e": 0, "DB4PS": 3.724087e-06, "AKP1": 0, "DCMPDA": -4.729591e-03, "EX_man_e": 0, "EX_manb_e": 0, "EX_mantr_e": 0, "EX_manttr_e": 0, "DDGLK": 0, "EX_melib_e": 0, "ALAALAr": 5.139241e-03, "DDPA": 1.828155e-01, "ALATRS": 0, "EX_mg2_e": 0, "EX_na1_e": 0, "EX_nh4_e": -2.356283e+00, "ALAabc": 0, "ALR2": 0, "EX_oxa_e": 0, "DDPGA": 0, "DHAD1": 1.550812e-01, "DHAD2": 5.139241e-02, "EX_pi_e": -3.557183e-01, "EX_ptrc_e": 0, "AMYLe": 0, "EX_pullulan1200_e": 0, "DHDPRx_r": 6.584187e-02, "DHDPS": 6.584187e-02, "DHFR": 9.310219e-03, "DHFS": 9.310219e-03, "EX_raffin_e": 0, "EX_rib__D_e": 0, "EX_rmn_e": 0, "DHORTS": -5.811439e-02, "APRAUR": 1.862044e-06, "DHORD_NAD": 5.811439e-02, "DHQTi": 1.828155e-01, "EX_s_e": -1.217765e+00, "EX_spmd_e": 0, "EX_starch1200_e": 0, "DHQS": 1.828155e-01, "AMYe": 0, "DMATT": 2.603137e-04, "EX_sucr_e": 0, "EX_thr__L_e": 0, "EX_tre_e": 0, "DNMPPA": 9.310219e-03, "ARAI": 0, "DNTPPA": 9.310219e-03, "DPCOAK": 5.316135e-04, "EX_ura_e": 0, "EX_val__L_e": 0, "EX_xan_e": 0, "DPR": 5.316135e-04, "EX_xtsn_e": 0, "ANPRT": 1.005504e-02, "EX_xyl__D_e": 0, "DRBK": 0, "DRPA": 5.418339e-01, "EX_xyl3_e": 0, "ANS": 1.005504e-02, "EX_xylan12_e": 0, "DTMPK": 4.599248e-03, "ARGSL": 5.232343e-02, "DURIK1": 0, "DUTPDP": 0, "EX_xylan4_e": 0, "EX_xylan8_e": 0, "EX_xylb_e": 0, "EX_zn2_e": 0, "ARGSS": 5.232343e-02, "DM_4hba_c": 1.062855e-01, "FASC300": 2.603137e-04, "FASC320": 2.603137e-04, "FERIRDe": 0, "ARGTRS": 0, "FRUabc": 0, "AROH": 0, "ASAD": 3.512351e-01, "GDH1": 1000, "GLCURT": 0, "ASNTRAT": 0, "ASP1DC": 5.316135e-04, "G3PAT160": 5.206274e-04, "ASPCT": 5.811439e-02, "ASPO2": 5.083379e-04, "GLUR": -5.139241e-03, "ASPK": -3.512351e-01, "G5SADs": 3.910292e-02, "ASPTA6": 0, "EDA": 1.128236e+00, "FPGS_tm": 0, "DXPRIi": 2.863451e-03, "ASPTRS_Asn": 0, "DXPS": 1.091489e-01, "H2Ot": 6.128490e+00, "ASPTRS": 0, "FE3abc": 0, "ASPT": -9.999921e+02, "EGLUCe": 0, "ENO": 8.787092e+00, "H2St1": 1.066258e+00, "FBA": 3.806386e+00, "ATPPRT": 1.675839e-02, "FBA2": 1.301569e-03, "FBA3": 0, "H2td": 1.652668e+01, "FBP": 0, "HEX4": 0, "FCI": 0, "FMETTRS": 0, "FMNAT": 1.862044e-06, "FOLD3": 9.310219e-03, "FRUK": -1.301569e-03, "GALM2": 0, "HCO3E": 1.455802e-01, "GLYCOe": 0, "GLNTRAT": 0, "GLU5K": 3.910292e-02, "GTPCII": 1.862044e-06, "IMPCT2": 0, "GRTT": 2.603137e-04, "FTCD": 0, "FTHFLi": 9.315805e-03, "GalMr": 0, "FUCASE2": 0, "IPDDI": 2.603137e-04, "FUCASE": 0, "FUM": -9.997932e+02, "G1PACT": 1.027848e-02, "GALS3": 0, "GLS3e": 0, "GLSe": 0, "GLCMAN4": 0, "G3PD1ir": 7.809411e-04, "G5SD": 3.910292e-02, "G6PDA": -1.027848e-02, "GLCMAN6abc": 0, "GLCMAN4abc": 0, "GLCMAN6": 0, "GALUi": 2.603137e-03, "G6PDH2r": 1.128236e+00, "GALKr": 0, "GALM1": 0, "GALMAN6abc": 0, "GALMAN4abc": 0, "GALMAN4": 0, "GALT": 0, "L_LACt2r": 0, "GALMAN6": 0, "GALMAN600b_e": 0, "LCADi": 0, "GALMAN600c_e": 0, "GALMAN600a_e": 0, "GALabc": 0, "KAS14": 5.336431e-03, "GLCabc": 0, "IMPC": -1.075712e-01, "GAPD": 8.787092e+00, "GARFT": 1.970983e-01, "MANabc": 0, "LEUabc": 0, "GF6PTA": 0, "GHMT2r": 5.927935e-01, "GLCAASE3": 0, "GLCS1": 2.867547e-02, "ILEabc": 0, "HSDy": 4.170769e-01, "LMNe": 0, "LMN2": 0, "KARA2": 5.139241e-02, "KARA1": -1.550812e-01, "IMP": 0, "GLNS": 6.626120e-01, "GLCURS1": 0, "GLGC": 2.867547e-02, "GLNSP2": 0, "NADHPO": 0, "NAt": 0, "GLS": 0, "MANA2": 0, "GLUCAN2abc": 0, "GLUCANabc": 0, "GluForTx": 0, "MANA3": 0, "GLUFT": 0, "NDPK2": 6.166716e-02, "NDPK3": 3.655378e-03, "GLUPRT": 1.970983e-01, "MANA1": 0, "GLUSy": 0, "NDPK4": 4.599248e-03, "NDPK5": 0, "LMN2abc": 0, "NDPK7": 4.729591e-03, "NDPK8": 5.464331e-01, "GLYC3Pabc": 0, "NH3c": 1000, "GLYCDx": 0, "MALTTRabc": 0, "GLUTRS": 0, "GLUTRS_Gln": 0, "HCO3abc": 0, "GLYCK2": 0, "HEX1": 5.588000e+00, "MCOATA": 3.514235e-02, "HEX7": 0, "GLYCL_2": 2.545095e-01, "GLYCt": 0, "NTPP1": 0, "NTPP2": 0, "NTPP3": 0, "HPYRRx": 0, "GMPS2": 5.184116e-02, "HISTD": 1.675839e-02, "GLYK": 0, "GLYTRS": 0, "GND": 0, "NTPP4": 0, "NTPP5": 5.418339e-01, "MELIBabc": 0, "MDH": -9.997932e+02, "GNK": 0, "MCLORi": 0, "GPDDA1": 0, "HISTP": 1.675839e-02, "GPDDA2": 0, "GTPCI": 9.310219e-03, "ME1": 0, "HISTRS": 0, "GUI1": 0, "HMPK1": 1.062855e-01, "GUI2": 0, "MECDPDH2": 2.863451e-03, "MECDPS": 2.863451e-03, "HPPK": 9.310219e-03, "MEPCT": 2.863451e-03, "HPROb": 0, "METAT": 1.303431e-03, "METB1": -9.922628e+02, "OMCDC": 7.969547e-02, "HSERTA": -9.922628e+02, "OXAt": 0, "MHPGLUT": 0, "HSK": 9.918457e+02, "METS": 2.848927e-02, "METTRS": 0, "MGSA": 0, "MI1PS2": 0, "PC": 0, "PDIPS": 0, "MGt5": 0, "HSTPT": 1.675839e-02, "MLTG1": 0, "PGMT": -3.127861e-02, "MLTG2": 0, "HXPRT": 0, "MNLDH2": 0, "MNLDHr": 0, "PMDPHT": 1.862044e-06, "PPTGS_TM": 5.139241e-03, "HYDFDN": 8.263340e+00, "ORNTAC": 6.014401e-02, "MNNH": 0, "MOHMT": 5.316135e-04, "ICDHyr": 2.067986e-01, "MTHFC": 2.953537e-01, "MTHFD": 2.953537e-01, "PPCOAC": 0, "MTHFR2": 3.779949e-02, "IGPDH": 1.675839e-02, "ORNTA": 0, "IG3PS": 1.675839e-02, "PULLe": 0, "IGPS": 1.005504e-02, "PPNDH": 3.277197e-02, "MTRI": 0, "ILETA": -5.139241e-02, "NADHDH": 5.586131e-07, "NTPP6": 0, "OAADC": 0, "PMPK": 1.062855e-01, "P5CR": 3.910292e-02, "NADK": 9.868832e-05, "EDD": 1.128236e+00, "OCBT": 5.232343e-02, "LEUTA": -7.969547e-02, "OCTDPS": 0, "NH4t": 2.356283e+00, "NADS1": 5.083379e-04, "ILETRS": 0, "IMPD": 5.184116e-02, "PUNP1": 0, "IPDPS": 2.863451e-03, "PNP": 0, "NMNAT": 0, "NNATr": 5.083379e-04, "OMPDC": 5.811439e-02, "INSTabc": 0, "ORNDC": 7.820584e-03, "NNAM": 0, "NNDPR": 5.083379e-04, "OOR2r": 0, "IPMD": 7.969547e-02, "ORPT": -5.811439e-02, "NOX": 0, "NP1": 0, "LCTSabc": 0, "NTD8": 0, "NTD1": 0, "IPPS": 7.969547e-02, "NTD3": 0, "NTD7": 0, "IPPMIa": -7.969547e-02, "NTD9": 0, "IPPMIb": -7.969547e-02, "NT5C": 0, "Kt1": 0, "LACZ": 0,