{"SK_5mta_c": 6.856839e-04, "SK_apoACP_c": -2.738817e-04, "SK_gcald_c": 4.897742e-03, "SK_pap_c": 2.738817e-04, "ACt2r": -7.158134e+00, "ADCL": 4.897742e-03, "ADCS": 4.897742e-03, "CO2t": -1.051630e+01, "BIOMASS_Ecoli_TM": 9.795484e-02, "ALAR": 5.407107e-03, "DM_dip_d_d_c": 0, "DM_pydx5p_c": 0, "ARBabc": 0, "ACGK": 5.220993e-02, "ACCOAC": 1.848702e-02, "ALCD19": 0, "ACALD": 0, "ACGS": 0, "CRTNsyn": 0, "ACKr": -7.281227e+00, "CSNt2": 0, "ACOATA": 2.807288e-03, "ACLS": 8.158218e-02, "ACHBS": 2.703554e-02, "ACYP_2": 0, "DCYTD": 0, "DM_sprm_c": 0, "DM_thmpp_c": 0, "ADAPAT": 3.463683e-02, "ADA": 0, "ADK1": 2.940632e+00, "EX_ac_e": 7.158134e+00, "DHNPA": 4.897742e-03, "EX_ala__L_e": 0, "ADK3": -5.410095e-02, "EX_amylose300_e": 0, "EX_arab__L_e": 0, "EX_cell4_e": 0, "EX_cell500_e": 0, "EX_cell6_e": 0, "CYTD": 0, "DHPPDA": 9.795484e-07, "ADMDC": 6.856839e-04, "CHORM": 3.007214e-02, "EX_cellb_e": 0, "ADPT": 0, "BACCL": 0, "ADSL2r": 2.626715e-01, "EX_co2_e": 1.051630e+01, "EX_csn_e": 0, "EX_fe2_e": 0, "ADSL1r": 2.931740e-02, "EX_fe3_e": 0, "ATPS1": 0, "EX_fru_e": 0, "BGLA1": 0, "ADSS": 2.931740e-02, "BGLA": 0, "EX_gal_e": 0, "AGDC": 0, "EX_galman4_e": 0, "EX_galman6_e": 0, "BTS3r": 0, "AGPAT160": 2.738817e-04, "AGPR": -5.220993e-02, "CDPMEK": 9.601595e-01, "EX_galman600_e": 0, "EX_glc__D_e": 0, "AHCi": 0, "EX_glcman4_e": 0, "BUTKr": 0, "EX_glcman6_e": 0, "AHCYSNS": 0, "EX_glcman600_e": 0, "EX_glucan1500_e": 0, "EX_glucan4_e": 0, "EX_glucan6_e": 0, "EX_glyc_e": 0, "CBPS": 5.809702e-02, "CEL6abc": 0, "CEPA": 0, "CELabc": 0, "CELASE2": 0, "CELASE1": 0, "EX_glyc3p_e": 0, "EX_glycogen1500_e": 0, "AHEXASE3": 0, "EX_h_e": 7.210577e+00, "EX_h2_e": 1.467111e+01, "AHMMPS": 0, "EX_h2o_e": -2.317609e+00, "EX_h2s_e": 4.406159e-01, "CELLBabc": 0, "CHORS": 4.025944e-02, "AHSERL2": 0, "CRTNh": 0, "EX_hco3_e": -1.729185e+00, "CS": 1.087886e-01, "AICART": 2.714874e-01, "CTPS2": 1.483036e-02, "EX_ile__L_e": 0, "EX_inost_e": 0, "CYSS": 8.801733e-03, "EX_k_e": 0, "CYSTRS": 0, "ALKP": 1.095527e-03, "CYTDK2": 0, "EX_lac__L_e": 0, "AIRCr": 2.626715e-01, "EX_lcts_e": 0, "EX_leu__L_e": 0, "EX_lmn30_e": 0, "EX_lmn2_e": 0, "EX_malt_e": -2.794000e+00, "CYTK1": 9.605761e-01, "CYTK2": 0, "DAPDA": 3.463683e-02, "DAPDC": 3.463683e-02, "DAPE": 3.463683e-02, "DASYN160": 1.369409e-04, "EX_malttr_e": 0, "EX_maltttr_e": 0, "DB4PS": 1.959097e-06, "AKP1": 4.897742e-03, "DCMPDA": 0, "EX_man_e": 0, "EX_manb_e": 0, "EX_mantr_e": 0, "EX_manttr_e": 0, "DDGLK": 0, "EX_melib_e": 0, "ALAALAr": 2.703554e-03, "DDPA": 4.025944e-02, "ALATRS": 0, "EX_mg2_e": 0, "EX_na1_e": 0, "EX_nh4_e": -1.875491e+00, "ALAabc": 0, "ALR2": 0, "EX_oxa_e": 0, "DDPGA": 0, "DHAD1": 8.158218e-02, "DHAD2": 2.703554e-02, "EX_pi_e": -1.624545e-01, "EX_ptrc_e": 0, "AMYLe": 0, "EX_pullulan1200_e": 0, "DHDPRx_r": 3.463683e-02, "DHDPS": 3.463683e-02, "DHFR": 4.897742e-03, "DHFS": 4.897742e-03, "EX_raffin_e": 0, "EX_rib__D_e": 0, "EX_rmn_e": 0, "DHORTS": -3.057171e-02, "APRAUR": 9.795484e-07, "DHORD_NAD": 3.057171e-02, "DHQTi": 4.025944e-02, "EX_s_e": -4.644047e-01, "EX_spmd_e": 0, "EX_starch1200_e": 0, "DHQS": 4.025944e-02, "AMYe": 0, "DMATT": 8.728722e-02, "EX_sucr_e": 0, "EX_thr__L_e": 0, "EX_tre_e": 0, "DNMPPA": 0, "ARAI": 0, "DNTPPA": 0, "DPCOAK": 2.796611e-04, "EX_ura_e": 0, "EX_val__L_e": 0, "EX_xan_e": 0, "DPR": 2.796611e-04, "EX_xtsn_e": 2.148984e-01, "ANPRT": 5.289562e-03, "EX_xyl__D_e": 0, "DRBK": 0, "DRPA": 2.321610e-01, "EX_xyl3_e": 0, "ANS": 5.289562e-03, "EX_xylan12_e": 0, "DTMPK": 2.419485e-03, "ARGSL": 2.752531e-02, "DURIK1": 0, "DUTPDP": 0, "EX_xylan4_e": 0, "EX_xylan8_e": 0, "EX_xylb_e": 0, "EX_zn2_e": 0, "ARGSS": 2.752531e-02, "DM_4hba_c": 0, "FASC300": 1.369409e-04, "FASC320": 1.369409e-04, "FERIRDe": 0, "ARGTRS": 0, "FRUabc": 0, "AROH": 0, "ASAD": 1.318947e-01, "GDH1": -3.222910e-01, "GLCURT": 0, "ASNTRAT": 0, "ASP1DC": 2.796611e-04, "G3PAT160": 2.738817e-04, "ASPCT": 3.057171e-02, "ASPO2": 2.674167e-04, "GLUR": -2.703554e-03, "ASPK": -1.318947e-01, "G5SADs": 2.057052e-02, "ASPTA6": -5.591262e-02, "EDA": 0, "FPGS_tm": 0, "DXPRIi": 9.601595e-01, "ASPTRS_Asn": 0, "DXPS": 9.601595e-01, "H2Ot": 2.317609e+00, "ASPTRS": 0, "FE3abc": 0, "ASPT": -3.195142e-01, "EGLUCe": 0, "ENO": 9.288387e+00, "H2St1": 4.406159e-01, "FBA": 5.026359e+00, "ATPPRT": 8.815936e-03, "FBA2": 0, "FBA3": 0, "H2td": 1.467111e+01, "FBP": 0, "HEX4": 0, "FCI": 0, "FMETTRS": 0, "FMNAT": 9.795484e-07, "FOLD3": 4.897742e-03, "FRUK": 0, "GALM2": 0, "HCO3E": -1.599725e+00, "GLYCOe": 0, "GLNTRAT": 0, "GLU5K": 0, "GTPCII": 9.795484e-07, "IMPCT2": 0, "GRTT": 8.728722e-02, "FTCD": 0, "FTHFLi": 4.900681e-03, "GalMr": 0, "FUCASE2": 0, "IPDDI": 8.728722e-02, "FUCASE": 0, "FUM": 0, "G1PACT": 5.407107e-03, "GALS3": 0, "GLS3e": 0, "GLSe": 0, "GLCMAN4": 0, "G3PD1ir": 0, "G5SD": 0, "G6PDA": 0, "GLCMAN6abc": 0, "GLCMAN4abc": 0, "GLCMAN6": 0, "GALUi": 1.369409e-03, "G6PDH2r": 4.995196e-01, "GALKr": 0, "GALM1": 0, "GALMAN6abc": 0, "GALMAN4abc": 0, "GALMAN4": 0, "GALT": 0, "L_LACt2r": 0, "GALMAN6": 0, "GALMAN600b_e": 0, "LCADi": 0, "GALMAN600c_e": 0, "GALMAN600a_e": 0, "GALabc": 0, "KAS14": 2.807288e-03, "GLCabc": 0, "IMPC": -2.714874e-01, "GAPD": 9.288387e+00, "GARFT": 2.626715e-01, "MANabc": 0, "LEUabc": 0, "GF6PTA": 5.407107e-03, "GHMT2r": 5.518422e-01, "GLCAASE3": 0, "GLCS1": 1.508505e-02, "ILEabc": 0, "HSDy": 1.665316e-01, "LMNe": 0, "LMN2": 0, "KARA2": 2.703554e-02, "KARA1": -8.158218e-02, "IMP": 0, "GLNS": 6.744410e-01, "GLCURS1": 0, "GLGC": 1.508505e-02, "GLNSP2": 0, "NADHPO": 0, "NAt": 0, "GLS": 0, "MANA2": 0, "GLUCAN2abc": 0, "GLUCANabc": 0, "GluForTx": 0, "MANA3": 0, "GLUFT": 0, "NDPK2": 3.492874e-02, "NDPK3": 9.580880e-01, "GLUPRT": 2.626715e-01, "MANA1": 0, "GLUSy": 0, "NDPK4": 2.419485e-03, "NDPK5": 2.346491e-01, "LMN2abc": 0, "NDPK7": 2.488053e-03, "NDPK8": 2.419485e-03, "GLYC3Pabc": 0, "NH3c": -3.222910e-01, "GLYCDx": -1.095527e-03, "MALTTRabc": 0, "GLUTRS": 0, "GLUTRS_Gln": 0, "HCO3abc": 1.729185e+00, "GLYCK2": 0, "HEX1": 5.588000e+00, "MCOATA": 1.848702e-02, "HEX7": 0, "GLYCL_2": 0, "GLYCt": 0, "NTPP1": 2.321610e-01, "NTPP2": 0, "NTPP3": 0, "HPYRRx": 0, "GMPS2": 2.727161e-02, "HISTD": 8.815936e-03, "GLYK": 4.108226e-04, "GLYTRS": 0, "GND": 4.995196e-01, "NTPP4": 0, "NTPP5": 0, "MELIBabc": 0, "MDH": 0, "GNK": 0, "MCLORi": 0, "GPDDA1": 0, "HISTP": 8.815936e-03, "GPDDA2": 0, "GTPCI": 4.897742e-03, "ME1": 0, "HISTRS": 0, "GUI1": 0, "HMPK1": 0, "GUI2": 0, "MECDPDH2": 9.601595e-01, "MECDPS": 9.601595e-01, "HPPK": 4.897742e-03, "MEPCT": 9.601595e-01, "HPROb": 0, "METAT": 6.856839e-04, "METB1": -1.665316e-01, "OMCDC": 4.192467e-02, "HSERTA": -1.665316e-01, "OXAt": 0, "MHPGLUT": 0, "HSK": 0, "METS": 1.498709e-02, "METTRS": 0, "MGSA": 0, "MI1PS2": 0, "PC": 5.287602e-02, "PDIPS": 0, "MGt5": 0, "HSTPT": 8.815936e-03, "MLTG1": 0, "PGMT": -1.645445e-02, "MLTG2": 0, "HXPRT": 0, "MNLDH2": 0, "MNLDHr": 0, "PMDPHT": 9.795484e-07, "PPTGS_TM": 2.703554e-03, "HYDFDN": 7.335553e+00, "ORNTAC": 5.220993e-02, "MNNH": 0, "MOHMT": 2.796611e-04, "ICDHyr": 1.087886e-01, "MTHFC": 5.292583e-01, "MTHFD": 5.292583e-01, "PPCOAC": 0, "MTHFR2": 1.988483e-02, "IGPDH": 8.815936e-03, "ORNTA": 2.057052e-02, "IG3PS": 8.815936e-03, "PULLe": 0, "IGPS": 5.289562e-03, "PPNDH": 1.724005e-02, "MTRI": 0, "ILETA": -2.703554e-02, "NADHDH": 0, "NTPP6": 0, "OAADC": 0, "PMPK": 0, "P5CR": 2.057052e-02, "NADK": 5.191607e-05, "EDD": 0, "OCBT": 2.752531e-02, "LEUTA": -4.192467e-02, "OCTDPS": 0, "NH4t": 1.875491e+00, "NADS1": 2.674167e-04, "ILETRS": 0, "IMPD": 2.421700e-01, "PUNP1": 0, "IPDPS": 9.601595e-01, "PNP": 0, "NMNAT": 0, "NNATr": 2.674167e-04, "OMPDC": 3.057171e-02, "INSTabc": 0, "ORNDC": 4.114103e-03, "NNAM": 0, "NNDPR": 2.674167e-04, "OOR2r": 0, "IPMD": 4.192467e-02, "ORPT": -3.057171e-02, "NOX": 0, "NP1": 0, "LCTSabc": 0, "NTD8": 2.321610e-01, "NTD1": 0, "IPPS": 4.192467e-02, "NTD3": 0, "NTD7": 0, "IPPMIa": -4.192467e-02, "NTD9": 2.257292e+00, "IPPMIb": -4.192467e-02, "NT5C": 0, "Kt1": 0, "LACZ": 0, "RBFK": 9.795484e-07, "LDH_L": 0, "SPRMS": 0, "LEUTRS": 0, "LYSTRS": 0, "MALT": 2.794000e+00,