{"SK_5mta_c": 2.846028e-04, "SK_apoACP_c": -1.136785e-04, "SK_gcald_c": 2.032877e-03, "SK_pap_c": 1.136785e-04, "ACt2r": -7.395677e+00, "ADCL": 2.032877e-03, "ADCS": 2.032877e-03, "CO2t": -7.388034e+00, "BIOMASS_Ecoli_TM": 4.065754e-02, "ALAR": 2.244296e-03, "DM_dip_d_d_c": 0, "DM_pydx5p_c": 0, "ARBabc": 0, "ACGK": 1.313238e-02, "ACCOAC": 7.673297e-03, "ALCD19": 2.841962e-04, "ACALD": 7.854013e-02, "ACGS": 0, "CRTNsyn": 0, "ACKr": -1000, "CSNt2": 0, "ACOATA": 1.165204e-03, "ACLS": 3.386183e-02, "ACHBS": 1.122148e-02, "ACYP_2": 0, "DCYTD": 0, "DM_sprm_c": 0, "DM_thmpp_c": 0, "ADAPAT": 1.437651e-02, "ADA": 0, "ADK1": 2.251156e+00, "EX_ac_e": 7.395677e+00, "DHNPA": 2.032877e-03, "EX_ala__L_e": 0, "ADK3": -2.348806e-02, "EX_amylose300_e": 0, "EX_arab__L_e": 0, "EX_cell4_e": 0, "EX_cell500_e": 0, "EX_cell6_e": 0, "CYTD": 0, "DHPPDA": 4.065754e-07, "ADMDC": 2.846028e-04, "CHORM": 1.248186e-02, "EX_cellb_e": 0, "ADPT": 8.570521e-02, "BACCL": 0, "ADSL2r": 1.982888e-02, "EX_co2_e": 7.388034e+00, "EX_csn_e": 0, "EX_fe2_e": 0, "ADSL1r": 1.216860e-02, "EX_fe3_e": 0, "ATPS1": 1.197301e+00, "EX_fru_e": 0, "BGLA1": 0, "ADSS": 1.216860e-02, "BGLA": 0, "EX_gal_e": 0, "AGDC": 0, "EX_galman4_e": 0, "EX_galman6_e": 0, "BTS3r": 0, "AGPAT160": 1.136785e-04, "AGPR": -1.313238e-02, "CDPMEK": 6.252316e-04, "EX_galman600_e": 0, "EX_glc__D_e": 0, "AHCi": 0, "EX_glcman4_e": 0, "BUTKr": 0, "EX_glcman6_e": 0, "AHCYSNS": 0, "EX_glcman600_e": 0, "EX_glucan1500_e": 0, "EX_glucan4_e": 0, "EX_glucan6_e": 0, "EX_glyc_e": 0, "CBPS": 2.004755e+00, "CEL6abc": 0, "CEPA": 0, "CELabc": 0, "CELASE2": 0, "CELASE1": 0, "EX_glyc3p_e": 0, "EX_glycogen1500_e": 0, "AHEXASE3": 0, "EX_h_e": 9.759022e+00, "EX_h2_e": 1.478155e+01, "AHMMPS": 0, "EX_h2o_e": -3.459182e+00, "EX_h2s_e": 3.990126e+00, "CELLBabc": 0, "CHORS": 1.671025e-02, "AHSERL2": 0, "CRTNh": 0, "EX_hco3_e": 0, "CS": 4.515438e-02, "AICART": 2.348806e-02, "CTPS2": 5.122850e-03, "EX_ile__L_e": 0, "EX_inost_e": 0, "CYSS": 3.653283e-03, "EX_k_e": 0, "CYSTRS": 0, "ALKP": 0, "CYTDK2": 0, "EX_lac__L_e": 0, "AIRCr": 1.982888e-02, "EX_lcts_e": 0, "EX_leu__L_e": 0, "EX_lmn30_e": 0, "EX_lmn2_e": 0, "EX_malt_e": -2.794000e+00, "CYTK1": 7.981481e-04, "CYTK2": 1.032701e-03, "DAPDA": 1.437651e-02, "DAPDC": 1.437651e-02, "DAPE": 1.437651e-02, "DASYN160": 5.683924e-05, "EX_malttr_e": 0, "EX_maltttr_e": 0, "DB4PS": 8.131507e-07, "AKP1": 2.032877e-03, "DCMPDA": -1.032701e-03, "EX_man_e": 0, "EX_manb_e": 0, "EX_mantr_e": 0, "EX_manttr_e": 0, "DDGLK": 0, "EX_melib_e": 0, "ALAALAr": 1.122148e-03, "DDPA": 1.671025e-02, "ALATRS": 0, "EX_mg2_e": 0, "EX_na1_e": 0, "EX_nh4_e": -4.382945e+00, "ALAabc": 0, "ALR2": 0, "EX_oxa_e": 0, "DDPGA": 0, "DHAD1": 3.386183e-02, "DHAD2": 1.122148e-02, "EX_pi_e": -3.125609e-02, "EX_ptrc_e": 0, "AMYLe": 0, "EX_pullulan1200_e": 0, "DHDPRx_r": 1.437651e-02, "DHDPS": 1.437651e-02, "DHFR": 2.032877e-03, "DHFS": 2.032877e-03, "EX_raffin_e": 0, "EX_rib__D_e": 0, "EX_rmn_e": 0, "DHORTS": -1.993330e+00, "APRAUR": 4.065754e-07, "DHORD_NAD": 1.993330e+00, "DHQTi": 1.671025e-02, "EX_s_e": -4, "EX_spmd_e": 0, "EX_starch1200_e": 0, "DHQS": 1.671025e-02, "AMYe": 0, "DMATT": 5.683924e-05, "EX_sucr_e": 0, "EX_thr__L_e": 0, "EX_tre_e": 0, "DNMPPA": 0, "ARAI": 0, "DNTPPA": 0, "DPCOAK": 1.160773e-04, "EX_ura_e": 0, "EX_val__L_e": 0, "EX_xan_e": 0, "DPR": 1.160773e-04, "EX_xtsn_e": 0, "ANPRT": 2.195507e-03, "EX_xyl__D_e": 0, "DRBK": 0, "DRPA": 2.066346e+00, "EX_xyl3_e": 0, "ANS": 2.195507e-03, "EX_xylan12_e": 0, "DTMPK": 1.004241e-03, "ARGSL": 1.142477e-02, "DURIK1": 0, "DUTPDP": 0, "EX_xylan4_e": 0, "EX_xylan8_e": 0, "EX_xylb_e": 0, "EX_zn2_e": 0, "ARGSS": 1.142477e-02, "DM_4hba_c": 0, "FASC300": 5.683924e-05, "FASC320": 5.683924e-05, "FERIRDe": 0, "ARGTRS": 0, "FRUabc": 0, "AROH": 0, "ASAD": 1.946189e+00, "GDH1": 1000, "GLCURT": 0, "ASNTRAT": 0, "ASP1DC": 1.160773e-04, "G3PAT160": 1.136785e-04, "ASPCT": 1.993330e+00, "ASPO2": 1.109951e-04, "GLUR": -1.122148e-03, "ASPK": -1.946189e+00, "G5SADs": 8.538083e-03, "ASPTA6": -2.320732e-02, "EDA": 4.170135e+00, "FPGS_tm": 0, "DXPRIi": 6.252316e-04, "ASPTRS_Asn": 0, "DXPS": 6.252316e-04, "H2Ot": 3.459182e+00, "ASPTRS": 0, "FE3abc": 0, "ASPT": -1000, "EGLUCe": 0, "ENO": 5.524736e+00, "H2St1": 3.990126e+00, "FBA": -2.841962e-04, "ATPPRT": 3.659178e-03, "FBA2": 2.841962e-04, "FBA3": 0, "H2td": 1.478155e+01, "FBP": 0, "HEX4": 0, "FCI": 0, "FMETTRS": 0, "FMNAT": 4.065754e-07, "FOLD3": 2.032877e-03, "FRUK": -2.841962e-04, "GALM2": 0, "HCO3E": 2.123572e+00, "GLYCOe": 0, "GLNTRAT": 0, "GLU5K": 8.538083e-03, "GTPCII": 4.065754e-07, "IMPCT2": 0, "GRTT": 5.683924e-05, "FTCD": 0, "FTHFLi": 2.034097e-03, "GalMr": 0, "FUCASE2": 0, "IPDDI": 5.683924e-05, "FUCASE": 0, "FUM": -9.999566e+02, "G1PACT": 2.244296e-03, "GALS3": 0, "GLS3e": 0, "GLSe": 0, "GLCMAN4": 0, "G3PD1ir": 1.705177e-04, "G5SD": 8.538083e-03, "G6PDA": -2.244296e-03, "GLCMAN6abc": 0, "GLCMAN4abc": 0, "GLCMAN6": 0, "GALUi": 5.683924e-04, "G6PDH2r": 4.170135e+00, "GALKr": 0, "GALM1": 0, "GALMAN6abc": 0, "GALMAN4abc": 0, "GALMAN4": 0, "GALT": 0, "L_LACt2r": 0, "GALMAN6": 0, "GALMAN600b_e": 0, "LCADi": 0, "GALMAN600c_e": 0, "GALMAN600a_e": 0, "GALabc": 0, "KAS14": 1.165204e-03, "GLCabc": 0, "IMPC": -2.348806e-02, "GAPD": 5.524736e+00, "GARFT": 1.982888e-02, "MANabc": 0, "LEUabc": 0, "GF6PTA": 0, "GHMT2r": 2.031298e+00, "GLCAASE3": 0, "GLCS1": 6.261261e-03, "ILEabc": 0, "HSDy": 1.960566e+00, "LMNe": 0, "LMN2": 0, "KARA2": 1.122148e-02, "KARA1": -3.386183e-02, "IMP": 0, "GLNS": 2.078907e+00, "GLCURS1": 0, "GLGC": 6.261261e-03, "GLNSP2": 0, "NADHPO": 0, "NAt": 2.259840e+00, "GLS": 0, "MANA2": 0, "GLUCAN2abc": 0, "GLUCANabc": 0, "GluForTx": 0, "MANA3": 0, "GLUFT": 0, "NDPK2": 1.346496e-02, "NDPK3": 7.981481e-04, "GLUPRT": 1.982888e-02, "MANA1": 0, "GLUSy": 0, "NDPK4": 1.004241e-03, "NDPK5": 0, "LMN2abc": 0, "NDPK7": 1.032701e-03, "NDPK8": 8.670945e-02, "GLYC3Pabc": 0, "NH3c": 1000, "GLYCDx": 0, "MALTTRabc": 0, "GLUTRS": 0, "GLUTRS_Gln": 0, "HCO3abc": 0, "GLYCK2": 0, "HEX1": 5.588000e+00, "MCOATA": 7.673297e-03, "HEX7": 0, "GLYCL_2": 0, "GLYCt": 0, "NTPP1": 0, "NTPP2": 0, "NTPP3": 0, "HPYRRx": 0, "GMPS2": 1.131946e-02, "HISTD": 3.659178e-03, "GLYK": 0, "GLYTRS": 0, "GND": 0, "NTPP4": 0, "NTPP5": 8.570521e-02, "MELIBabc": 0, "MDH": -9.999566e+02, "GNK": 0, "MCLORi": 0, "GPDDA1": 0, "HISTP": 3.659178e-03, "GPDDA2": 0, "GTPCI": 2.032877e-03, "ME1": 0, "HISTRS": 0, "GUI1": 0, "HMPK1": 0, "GUI2": 0, "MECDPDH2": 6.252316e-04, "MECDPS": 6.252316e-04, "HPPK": 2.032877e-03, "MEPCT": 6.252316e-04, "HPROb": 0, "METAT": 2.846028e-04, "METB1": -9.926224e+02, "OMCDC": 1.740143e-02, "HSERTA": -9.926224e+02, "OXAt": 0, "MHPGLUT": 0, "HSK": 9.906618e+02, "METS": 6.220603e-03, "METTRS": 0, "MGSA": 0, "MI1PS2": 0, "PC": 1.111438e-01, "PDIPS": 0, "MGt5": 0, "HSTPT": 3.659178e-03, "MLTG1": 0, "PGMT": -6.829653e-03, "MLTG2": 0, "HXPRT": 0, "MNLDH2": 0, "MNLDHr": 0, "PMDPHT": 4.065754e-07, "PPTGS_TM": 1.122148e-03, "HYDFDN": 7.390777e+00, "ORNTAC": 1.313238e-02, "MNNH": 0, "MOHMT": 1.160773e-04, "ICDHyr": 4.515438e-02, "MTHFC": 4.128285e-02, "MTHFD": 4.128285e-02, "PPCOAC": 0, "MTHFR2": 8.253480e-03, "IGPDH": 3.659178e-03, "ORNTA": 0, "IG3PS": 3.659178e-03, "PULLe": 0, "IGPS": 2.195507e-03, "PPNDH": 7.155727e-03, "MTRI": 0, "ILETA": -1.122148e-02, "NADHDH": 0, "NTPP6": 0, "OAADC": 0, "PMPK": 0, "P5CR": 8.538083e-03, "NADK": 2.154849e-05, "EDD": 4.170135e+00, "OCBT": 1.142477e-02, "LEUTA": -1.740143e-02, "OCTDPS": 0, "NH4t": 4.382945e+00, "NADS1": 1.109951e-04, "ILETRS": 0, "IMPD": 1.131946e-02, "PUNP1": 0, "IPDPS": 6.252316e-04, "PNP": 0, "NMNAT": 0, "NNATr": 1.109951e-04, "OMPDC": 1.993330e+00, "INSTabc": 0, "ORNDC": 1.707617e-03, "NNAM": 0, "NNDPR": 1.109951e-04, "OOR2r": 1.219726e-07, "IPMD": 1.740143e-02, "ORPT": -1.993330e+00, "NOX": 0, "NP1": 0, "LCTSabc": 0, "NTD8": 0, "NTD1": 0, "IPPS": 1.740143e-02, "NTD3": 0, "NTD7": 0, "IPPMIa": -1.740143e-02, "NTD9": 0, "IPPMIb": -1.740143e-02, "NT5C": 0, "Kt1": 0, "LACZ": 0, "RBFK": 4.065754e-07, "LDH_L": 0, "SPRMS": 0, "LEUTRS": 0,