{"SK_5mta_c": 6.089990e-03, "SK_apoACP_c": -9.599240e-05, "SK_gcald_c": 1.716602e-03, "SK_pap_c": 9.599240e-05, "ACt2r": -9.069518e+00, "ADCL": 1.716602e-03, "ADCS": 1.716602e-03, "CO2t": -8.788672e+00, "BIOMASS_Ecoli_TM": 3.433205e-02, "ALAR": 1.895129e-03, "DM_dip_d_d_c": 0, "DM_pydx5p_c": 0, "ARBabc": 0, "ACGK": 2.122381e-02, "ACCOAC": 6.479487e-03, "ALCD19": 0, "ACALD": 0, "ACGS": 0, "CRTNsyn": 0, "ACKr": -9.043190e+00, "CSNt2": 0, "ACOATA": 9.839221e-04, "ACLS": 2.859362e-02, "ACHBS": 9.475645e-03, "ACYP_2": 0, "DCYTD": 0, "DM_sprm_c": 2.924833e-03, "DM_thmpp_c": 0, "ADAPAT": 1.213981e-02, "ADA": 0, "ADK1": 4.882728e-01, "EX_ac_e": 9.069518e+00, "DHNPA": 1.716602e-03, "EX_ala__L_e": 0, "ADK3": -2.481143e-02, "EX_amylose300_e": 0, "EX_arab__L_e": 0, "EX_cell4_e": 0, "EX_cell500_e": 0, "EX_cell6_e": 0, "CYTD": 0, "DHPPDA": 3.433205e-07, "ADMDC": 6.089990e-03, "CHORM": 1.053994e-02, "EX_cellb_e": 0, "ADPT": 1.774967e-02, "BACCL": 0, "ADSL2r": 2.259358e-02, "EX_co2_e": 8.788672e+00, "EX_csn_e": 0, "EX_fe2_e": 0, "ADSL1r": 1.612508e-02, "EX_fe3_e": 0, "ATPS1": 0, "EX_fru_e": 0, "BGLA1": 0, "ADSS": 1.612508e-02, "BGLA": 0, "EX_gal_e": 0, "AGDC": 0, "EX_galman4_e": 0, "EX_galman6_e": 0, "BTS3r": 0, "AGPAT160": 9.599240e-05, "AGPR": -2.122381e-02, "CDPMEK": 5.279582e-04, "EX_galman600_e": 0, "EX_glc__D_e": 0, "AHCi": 0, "EX_glcman4_e": 0, "BUTKr": 0, "EX_glcman6_e": 0, "AHCYSNS": 0, "EX_glcman600_e": 0, "EX_glucan1500_e": 0, "EX_glucan4_e": 0, "EX_glucan6_e": 0, "EX_glyc_e": 0, "CBPS": 3.727735e-01, "CEL6abc": 0, "CEPA": 0, "CELabc": 0, "CELASE2": 0, "CELASE1": 0, "EX_glyc3p_e": 0, "EX_glycogen1500_e": 0, "AHEXASE3": 0, "EX_h_e": 9.069518e+00, "EX_h2_e": 1.826925e+01, "AHMMPS": 0, "EX_h2o_e": -8.732729e+00, "EX_h2s_e": 3.913912e-01, "CELLBabc": 0, "CHORS": 1.411047e-02, "AHSERL2": 1.110247e-02, "CRTNh": 0, "EX_hco3_e": 0, "CS": 4.105400e-02, "AICART": 2.568346e-02, "CTPS2": 5.197872e-03, "EX_ile__L_e": 0, "EX_inost_e": 0, "CYSS": 3.084906e-03, "EX_k_e": 0, "CYSTRS": 0, "ALKP": 2.399810e-04, "CYTDK2": 0, "EX_lac__L_e": 0, "AIRCr": 2.259358e-02, "EX_lcts_e": 0, "EX_leu__L_e": 0, "EX_lmn30_e": 0, "EX_lmn2_e": 0, "EX_malt_e": -2.794000e+00, "CYTK1": 6.739724e-04, "CYTK2": 0, "DAPDA": 1.213981e-02, "DAPDC": 1.213981e-02, "DAPE": 1.213981e-02, "DASYN160": 4.799620e-05, "EX_malttr_e": 0, "EX_maltttr_e": 0, "DB4PS": 6.866409e-07, "AKP1": 1.716602e-03, "DCMPDA": 0, "EX_man_e": 0, "EX_manb_e": 0, "EX_mantr_e": 0, "EX_manttr_e": 0, "DDGLK": 0, "EX_melib_e": 0, "ALAALAr": 9.475645e-04, "DDPA": 1.411047e-02, "ALATRS": 0, "EX_mg2_e": 0, "EX_na1_e": 0, "EX_nh4_e": -1.101831e+00, "ALAabc": 0, "ALR2": 0, "EX_oxa_e": 0, "DDPGA": 0, "DHAD1": 2.859362e-02, "DHAD2": 9.475645e-03, "EX_pi_e": -7.312156e-01, "EX_ptrc_e": 0, "AMYLe": 0, "EX_pullulan1200_e": 0, "DHDPRx_r": 1.213981e-02, "DHDPS": 1.213981e-02, "DHFR": 1.716602e-03, "DHFS": 1.716602e-03, "EX_raffin_e": 0, "EX_rib__D_e": 0, "EX_rmn_e": 0, "DHORTS": -3.631262e-01, "APRAUR": 3.433205e-07, "DHORD_NAD": 3.631262e-01, "DHQTi": 1.411047e-02, "EX_s_e": -4.055786e-01, "EX_spmd_e": 0, "EX_starch1200_e": 0, "DHQS": 1.411047e-02, "AMYe": 0, "DMATT": 4.799620e-05, "EX_sucr_e": 0, "EX_thr__L_e": 0, "EX_tre_e": 0, "DNMPPA": 0, "ARAI": 0, "DNTPPA": 0, "DPCOAK": 9.801799e-05, "EX_ura_e": 0, "EX_val__L_e": 0, "EX_xan_e": 0, "DPR": 9.801799e-05, "EX_xtsn_e": 0, "ANPRT": 1.853930e-03, "EX_xyl__D_e": 0, "DRBK": 0, "DRPA": 1.774967e-02, "EX_xyl3_e": 0, "ANS": 1.853930e-03, "EX_xylan12_e": 0, "DTMPK": 8.480015e-04, "ARGSL": 9.647305e-03, "DURIK1": 0, "DUTPDP": 0, "EX_xylan4_e": 0, "EX_xylan8_e": 0, "EX_xylb_e": 0, "EX_zn2_e": 0, "ARGSS": 9.647305e-03, "DM_4hba_c": 0, "FASC300": 4.799620e-05, "FASC320": 4.799620e-05, "FERIRDe": 0, "ARGTRS": 0, "FRUabc": 0, "AROH": 0, "ASAD": -2.324228e-02, "GDH1": 4.360852e+00, "GLCURT": 0, "ASNTRAT": 0, "ASP1DC": 9.801799e-05, "G3PAT160": 9.599240e-05, "ASPCT": 3.631262e-01, "ASPO2": 9.372649e-05, "GLUR": -9.475645e-04, "ASPK": 2.324228e-02, "G5SADs": 7.209730e-03, "ASPTA6": 4.022844e-01, "EDA": 4.950885e+00, "FPGS_tm": 0, "DXPRIi": 5.279582e-04, "ASPTRS_Asn": 0, "DXPS": 5.279582e-04, "H2Ot": 8.732729e+00, "ASPTRS": 0, "FE3abc": 0, "ASPT": -4.836585e-02, "EGLUCe": 0, "ENO": 5.245788e+00, "H2St1": 3.913912e-01, "FBA": 0, "ATPPRT": 3.089884e-03, "FBA2": 0, "FBA3": 0, "H2td": 1.826925e+01, "FBP": 0, "HEX4": 0, "FCI": 0, "FMETTRS": 0, "FMNAT": 3.433205e-07, "FOLD3": 1.716602e-03, "FRUK": 0, "GALM2": 0, "HCO3E": 8.225913e-01, "GLYCOe": 0, "GLNTRAT": 0, "GLU5K": 0, "GTPCII": 3.433205e-07, "IMPCT2": 0, "GRTT": 4.799620e-05, "FTCD": 0, "FTHFLi": 1.717632e-03, "GalMr": 0, "FUCASE2": 0, "IPDDI": 4.799620e-05, "FUCASE": 0, "FUM": 0, "G1PACT": 1.895129e-03, "GALS3": 0, "GLS3e": 0, "GLSe": 0, "GLCMAN4": 0, "G3PD1ir": 1.439886e-04, "G5SD": 0, "G6PDA": -1.895129e-03, "GLCMAN6abc": 0, "GLCMAN4abc": 0, "GLCMAN6": 0, "GALUi": 3.528911e-01, "G6PDH2r": 4.950885e+00, "GALKr": 0, "GALM1": 0, "GALMAN6abc": 0, "GALMAN4abc": 0, "GALMAN4": 0, "GALT": 0, "L_LACt2r": 0, "GALMAN6": 0, "GALMAN600b_e": 0, "LCADi": 0, "GALMAN600c_e": 0, "GALMAN600a_e": 0, "GALabc": 0, "KAS14": 9.839221e-04, "GLCabc": 0, "IMPC": -2.568346e-02, "GAPD": 4.823906e+00, "GARFT": 2.259358e-02, "MANabc": 0, "LEUabc": 0, "GF6PTA": 0, "GHMT2r": 6.032449e-02, "GLCAASE3": 0, "GLCS1": 5.287135e-03, "ILEabc": 0, "HSDy": -1.110247e-02, "LMNe": 0, "LMN2": 0, "KARA2": 9.475645e-03, "KARA1": -2.859362e-02, "IMP": 0, "GLNS": 4.927621e+00, "GLCURS1": 0, "GLGC": 5.287135e-03, "GLNSP2": 0, "NADHPO": 0, "NAt": 0, "GLS": 0, "MANA2": 0, "GLUCAN2abc": 0, "GLUCANabc": 0, "GluForTx": 0, "MANA3": 0, "GLUFT": 0, "NDPK2": 3.646533e-01, "NDPK3": -1.980616e-04, "GLUPRT": 2.259358e-02, "MANA1": 0, "GLUSy": 4.479661e+00, "NDPK4": 8.480015e-04, "NDPK5": 8.720340e-04, "LMN2abc": 0, "NDPK7": 8.720340e-04, "NDPK8": 1.859767e-02, "GLYC3Pabc": 0, "NH3c": 4.360852e+00, "GLYCDx": -2.399810e-04, "MALTTRabc": 0, "GLUTRS": 0, "GLUTRS_Gln": 0, "HCO3abc": 0, "GLYCK2": 4.218811e-01, "HEX1": 5.588000e+00, "MCOATA": 6.479487e-03, "HEX7": 0, "GLYCL_2": 0, "GLYCt": 0, "NTPP1": 0, "NTPP2": 0, "NTPP3": 0, "HPYRRx": 4.218811e-01, "GMPS2": 9.558385e-03, "HISTD": 3.089884e-03, "GLYK": 0, "GLYTRS": 0, "GND": 0, "NTPP4": 0, "NTPP5": 1.774967e-02, "MELIBabc": 0, "MDH": 0, "GNK": 0, "MCLORi": 0, "GPDDA1": 0, "HISTP": 3.089884e-03, "GPDDA2": 0, "GTPCI": 1.716602e-03, "ME1": 0, "HISTRS": 0, "GUI1": 0, "HMPK1": 0, "GUI2": 0, "MECDPDH2": 5.279582e-04, "MECDPS": 5.279582e-04, "HPPK": 1.716602e-03, "MEPCT": 5.279582e-04, "HPROb": 0, "METAT": 6.089990e-03, "METB1": 0, "OMCDC": 1.469412e-02, "HSERTA": 1.110247e-02, "OXAt": 0, "MHPGLUT": 0, "HSK": 0, "METS": 1.110247e-02, "METTRS": 0, "MGSA": 0, "MI1PS2": 0, "PC": 4.433384e-01, "PDIPS": 0, "MGt5": 0, "HSTPT": 3.089884e-03, "MLTG1": 0, "PGMT": -3.581782e-01, "MLTG2": 0, "HXPRT": 0, "MNLDH2": 0, "MNLDHr": 0, "PMDPHT": 3.433205e-07, "PPTGS_TM": 9.475645e-04, "HYDFDN": 9.134626e+00, "ORNTAC": 2.122381e-02, "MNNH": 0, "MOHMT": 9.801799e-05, "ICDHyr": 4.105400e-02, "MTHFC": 4.655940e-02, "MTHFD": 4.655940e-02, "PPCOAC": 0, "MTHFR2": 1.281907e-02, "IGPDH": 3.089884e-03, "ORNTA": 7.209730e-03, "IG3PS": 3.089884e-03, "PULLe": 0, "IGPS": 1.853930e-03, "PPNDH": 6.042440e-03, "MTRI": 0, "ILETA": -9.475645e-03, "NADHDH": 1.029961e-07, "NTPP6": 0, "OAADC": 0, "PMPK": 0, "P5CR": 7.209730e-03, "NADK": 1.819598e-05, "EDD": 4.950885e+00, "OCBT": 9.647305e-03, "LEUTA": -1.469412e-02, "OCTDPS": 0, "NH4t": 1.101831e+00, "NADS1": 9.372649e-05, "ILETRS": 0, "IMPD": 9.558385e-03, "PUNP1": 0, "IPDPS": 5.279582e-04, "PNP": 0, "NMNAT": 0, "NNATr": 9.372649e-05, "OMPDC": 3.631262e-01, "INSTabc": 0, "ORNDC": 4.366779e-03, "NNAM": 0, "NNDPR": 9.372649e-05, "OOR2r": 0, "IPMD": 1.469412e-02, "ORPT": -3.631262e-01, "NOX": 0, "NP1": 0, "LCTSabc": 0, "NTD8": 0, "NTD1": 0, "IPPS": 1.469412e-02, "NTD3": 0, "NTD7": 0, "IPPMIa": -1.469412e-02, "NTD9": 0, "IPPMIb": -1.469412e-02, "NT5C": 0, "Kt1": 0, "LACZ": 0, "RBFK": 3.433205e-07, "LDH_L": 0, "SPRMS": 2.924833e-03, "LEUTRS": 0, "LYSTRS": 0,