{"SK_5mta_c": 1.545561e-03, "SK_apoACP_c": -6.173414e-04, "SK_gcald_c": 1.103972e-02, "SK_pap_c": 6.173414e-04, "ACt2r": -8.340402e+00, "ADCL": 1.103972e-02, "ADCS": 1.103972e-02, "CO2t": -8.667048e+00, "BIOMASS_Ecoli_TM": 2.207945e-01, "ALAR": 1.218786e-02, "DM_dip_d_d_c": 0, "DM_pydx5p_c": 0, "ARBabc": 0, "ACGK": 1.176835e-01, "ACCOAC": 4.167054e-02, "ALCD19": 1.543353e-03, "ACALD": 0, "ACGS": 0, "CRTNsyn": 0, "ACKr": -8.147770e+00, "CSNt2": 0, "ACOATA": 6.327749e-03, "ACLS": 1.838898e-01, "ACHBS": 6.093928e-02, "ACYP_2": 0, "DCYTD": 0, "DM_sprm_c": 0, "DM_thmpp_c": 0, "ADAPAT": 7.807293e-02, "ADA": 0, "ADK1": 5.965591e-01, "EX_ac_e": 8.340402e+00, "DHNPA": 1.103972e-02, "EX_ala__L_e": 0, "ADK3": -1.470094e-01, "EX_amylose300_e": 0, "EX_arab__L_e": 0, "EX_cell4_e": 0, "EX_cell500_e": 0, "EX_cell6_e": 0, "CYTD": 0, "DHPPDA": 1.945751e-02, "ADMDC": 1.545561e-03, "CHORM": 6.778391e-02, "EX_cellb_e": 0, "ADPT": 0, "BACCL": 0, "ADSL2r": 1.271379e-01, "EX_co2_e": 8.667048e+00, "EX_csn_e": 0, "EX_fe2_e": 0, "ADSL1r": 6.608268e-02, "EX_fe3_e": 0, "ATPS1": 1.162934e+00, "EX_fru_e": 0, "BGLA1": 0, "ADSS": 6.608268e-02, "BGLA": 0, "EX_gal_e": 0, "AGDC": 0, "EX_galman4_e": 0, "EX_galman6_e": 0, "BTS3r": 0, "AGPAT160": 6.173414e-04, "AGPR": -1.176835e-01, "CDPMEK": 3.395378e-03, "EX_galman600_e": 0, "EX_glc__D_e": 0, "AHCi": 0, "EX_glcman4_e": 0, "BUTKr": 0, "EX_glcman6_e": 0, "AHCYSNS": 0, "EX_glcman600_e": 0, "EX_glucan1500_e": 0, "EX_glucan4_e": 0, "EX_glucan6_e": 0, "EX_glyc_e": 0, "CBPS": 1.309532e-01, "CEL6abc": 0, "CEPA": 0, "CELabc": 0, "CELASE2": 0, "CELASE1": 0, "EX_glyc3p_e": 0, "EX_glycogen1500_e": 0, "AHEXASE3": 0, "EX_h_e": 1.049653e+01, "EX_h2_e": 1.748063e+01, "AHMMPS": 0, "EX_h2o_e": -7.006142e+00, "EX_h2s_e": 7.881723e-02, "CELLBabc": 0, "CHORS": 9.074653e-02, "AHSERL2": 1000, "CRTNh": 0, "EX_hco3_e": 0, "CS": 2.452144e-01, "AICART": 1.470094e-01, "CTPS2": 2.782010e-02, "EX_ile__L_e": 0, "EX_inost_e": 0, "CYSS": 1.983949e-02, "EX_k_e": 0, "CYSTRS": 0, "ALKP": 0, "CYTDK2": 0, "EX_lac__L_e": 0, "AIRCr": 1.271379e-01, "EX_lcts_e": 0, "EX_leu__L_e": 0, "EX_lmn30_e": 0, "EX_lmn2_e": 0, "EX_malt_e": -2.794000e+00, "CYTK1": 4.334416e-03, "CYTK2": 5.608180e-03, "DAPDA": 7.807293e-02, "DAPDC": 7.807293e-02, "DAPE": 7.807293e-02, "DASYN160": 3.086707e-04, "EX_malttr_e": 0, "EX_maltttr_e": 0, "DB4PS": 3.891503e-02, "AKP1": 0, "DCMPDA": -5.608180e-03, "EX_man_e": 0, "EX_manb_e": 0, "EX_mantr_e": 0, "EX_manttr_e": 0, "DDGLK": 0, "EX_melib_e": 0, "ALAALAr": 6.093928e-03, "DDPA": 9.074653e-02, "ALATRS": 0, "EX_mg2_e": 0, "EX_na1_e": 0, "EX_nh4_e": -2.367699e+00, "ALAabc": 0, "ALR2": 0, "EX_oxa_e": 0, "DDPGA": 0, "DHAD1": 1.838898e-01, "DHAD2": 6.093928e-02, "EX_pi_e": -1.697391e-01, "EX_ptrc_e": 0, "AMYLe": 0, "EX_pullulan1200_e": 0, "DHDPRx_r": 7.807293e-02, "DHDPS": 7.807293e-02, "DHFR": 1.103972e-02, "DHFS": 1.103972e-02, "EX_raffin_e": 0, "EX_rib__D_e": 0, "EX_rmn_e": 0, "DHORTS": -6.890996e-02, "APRAUR": 1.945751e-02, "DHORD_NAD": 6.890996e-02, "DHQTi": 9.074653e-02, "EX_s_e": -1.324383e-01, "EX_spmd_e": 0, "EX_starch1200_e": 0, "DHQS": 9.074653e-02, "AMYe": 0, "DMATT": 3.086707e-04, "EX_sucr_e": 0, "EX_thr__L_e": 0, "EX_tre_e": 0, "DNMPPA": 1.103972e-02, "ARAI": 0, "DNTPPA": 1.103972e-02, "DPCOAK": 6.303682e-04, "EX_ura_e": 0, "EX_val__L_e": 0, "EX_xan_e": 0, "DPR": 6.303682e-04, "EX_xtsn_e": 0, "ANPRT": 1.192290e-02, "EX_xyl__D_e": 0, "DRBK": 0, "DRPA": 0, "EX_xyl3_e": 0, "ANS": 1.192290e-02, "EX_xylan12_e": 0, "DTMPK": 5.453624e-03, "ARGSL": 6.204325e-02, "DURIK1": 0, "DUTPDP": 0, "EX_xylan4_e": 0, "EX_xylan8_e": 0, "EX_xylb_e": 0, "EX_zn2_e": 0, "ARGSS": 6.204325e-02, "DM_4hba_c": 0, "FASC300": 3.086707e-04, "FASC320": 3.086707e-04, "FERIRDe": 0, "ARGTRS": 0, "FRUabc": 0, "AROH": 0, "ASAD": -2.260046e-01, "GDH1": 1000, "GLCURT": 0, "ASNTRAT": 0, "ASP1DC": 6.303682e-04, "G3PAT160": 6.173414e-04, "ASPCT": 6.890996e-02, "ASPO2": 6.027689e-04, "GLUR": -6.093928e-03, "ASPK": 2.260046e-01, "G5SADs": 4.636684e-02, "ASPTA6": -1.260295e-01, "EDA": 7.076746e-01, "FPGS_tm": 0, "DXPRIi": 3.395378e-03, "ASPTRS_Asn": 0, "DXPS": 3.395378e-03, "H2Ot": 7.006142e+00, "ASPTRS": 0, "FE3abc": 0, "ASPT": -1000, "EGLUCe": 0, "ENO": 9.808632e+00, "H2St1": 7.881723e-02, "FBA": 4.621016e+00, "ATPPRT": 1.987150e-02, "FBA2": 1.543353e-03, "FBA3": 0, "H2td": 1.748063e+01, "FBP": 0, "HEX4": 0, "FCI": 0, "FMETTRS": 0, "FMNAT": 2.207945e-06, "FOLD3": 1.103972e-02, "FRUK": -1.543353e-03, "GALM2": 0, "HCO3E": 8.151096e-01, "GLYCOe": 0, "GLNTRAT": 0, "GLU5K": 0, "GTPCII": 1.945751e-02, "IMPCT2": 0, "GRTT": 3.086707e-04, "FTCD": 0, "FTHFLi": 6.941226e-02, "GalMr": 0, "FUCASE2": 0, "IPDDI": 3.086707e-04, "FUCASE": 0, "FUM": -9.997447e+02, "G1PACT": 1.218786e-02, "GALS3": 0, "GLS3e": 0, "GLSe": 0, "GLCMAN4": 0, "G3PD1ir": 9.260121e-04, "G5SD": 0, "G6PDA": -1.218786e-02, "GLCMAN6abc": 0, "GLCMAN4abc": 0, "GLCMAN6": 0, "GALUi": 3.086707e-03, "G6PDH2r": 7.076746e-01, "GALKr": 0, "GALM1": 0, "GALMAN6abc": 0, "GALMAN4abc": 0, "GALMAN4": 0, "GALT": 0, "L_LACt2r": 0, "GALMAN6": 0, "GALMAN600b_e": 0, "LCADi": 0, "GALMAN600c_e": 0, "GALMAN600a_e": 0, "GALabc": 0, "KAS14": 6.327749e-03, "GLCabc": 0, "IMPC": -1.470094e-01, "GAPD": 9.808632e+00, "GARFT": 1.271379e-01, "MANabc": 0, "LEUabc": 0, "GF6PTA": 0, "GHMT2r": 2.556403e-01, "GLCAASE3": 0, "GLCS1": 3.400235e-02, "ILEabc": 0, "HSDy": -1.479316e-01, "LMNe": 0, "LMN2": 0, "KARA2": 6.093928e-02, "KARA1": -1.838898e-01, "IMP": 0, "GLNS": 5.920085e-01, "GLCURS1": 0, "GLGC": 3.400235e-02, "GLNSP2": 0, "NADHPO": 0, "NAt": 0, "GLS": 0, "MANA2": 0, "GLUCAN2abc": 0, "GLUCANabc": 0, "GluForTx": 0, "MANA3": 0, "GLUFT": 0, "NDPK2": 7.312272e-02, "NDPK3": 4.334416e-03, "GLUPRT": 1.271379e-01, "MANA1": 0, "GLUSy": 0, "NDPK4": 5.453624e-03, "NDPK5": 0, "LMN2abc": 0, "NDPK7": 5.608180e-03, "NDPK8": 0, "GLYC3Pabc": 0, "NH3c": 1000, "GLYCDx": 0, "MALTTRabc": 0, "GLUTRS": 0, "GLUTRS_Gln": 0, "HCO3abc": 0, "GLYCK2": 0, "HEX1": 5.588000e+00, "MCOATA": 4.167054e-02, "HEX7": 0, "GLYCL_2": 0, "GLYCt": 0, "NTPP1": 0, "NTPP2": 0, "NTPP3": 0, "HPYRRx": 0, "GMPS2": 8.092670e-02, "HISTD": 1.987150e-02, "GLYK": 0, "GLYTRS": 0, "GND": 0, "NTPP4": 0, "NTPP5": 0, "MELIBabc": 0, "MDH": -9.997447e+02, "GNK": 0, "MCLORi": 0, "GPDDA1": 0, "HISTP": 1.987150e-02, "GPDDA2": 0, "GTPCI": 1.103972e-02, "ME1": 0, "HISTRS": 0, "GUI1": 0, "HMPK1": 0, "GUI2": 0, "MECDPDH2": 3.395378e-03, "MECDPS": 3.395378e-03, "HPPK": 1.103972e-02, "MEPCT": 3.395378e-03, "HPROb": 0, "METAT": 1.545561e-03, "METB1": -9.999053e+02, "OMCDC": 9.450004e-02, "HSERTA": 9.472017e-02, "OXAt": 0, "MHPGLUT": 0, "HSK": 5.321147e-02, "METS": 3.378156e-02, "METTRS": 0, "MGSA": 0, "MI1PS2": 0, "PC": 6.424859e-01, "PDIPS": 0, "MGt5": 0, "HSTPT": 1.987150e-02, "MLTG1": 0, "PGMT": -3.708906e-02, "MLTG2": 0, "HXPRT": 0, "MNLDH2": 0, "MNLDHr": 0, "PMDPHT": 1.945751e-02, "PPTGS_TM": 6.093928e-03, "HYDFDN": 8.740314e+00, "ORNTAC": 1.176835e-01, "MNNH": 0, "MOHMT": 6.303682e-04, "ICDHyr": 2.452144e-01, "MTHFC": 2.047350e-01, "MTHFD": 2.047350e-01, "PPCOAC": 0, "MTHFR2": 4.482128e-02, "IGPDH": 1.987150e-02, "ORNTA": 4.636684e-02, "IG3PS": 1.987150e-02, "PULLe": 0, "IGPS": 1.192290e-02, "PPNDH": 3.885983e-02, "MTRI": 0, "ILETA": -6.093928e-02, "NADHDH": 0, "NTPP6": 0, "OAADC": 0, "PMPK": 0, "P5CR": 4.636684e-02, "NADK": 1.170211e-04, "EDD": 7.076746e-01, "OCBT": 6.204325e-02, "LEUTA": -9.450004e-02, "OCTDPS": 0, "NH4t": 2.367699e+00, "NADS1": 6.027689e-04, "ILETRS": 0, "IMPD": 8.092670e-02, "PUNP1": 0, "IPDPS": 3.395378e-03, "PNP": 0, "NMNAT": 0, "NNATr": 6.027689e-04, "OMPDC": 6.890996e-02, "INSTabc": 0, "ORNDC": 9.273368e-03, "NNAM": 0, "NNDPR": 6.027689e-04, "OOR2r": 0, "IPMD": 9.450004e-02, "ORPT": -6.890996e-02, "NOX": 0, "NP1": 0, "LCTSabc": 0, "NTD8": 0, "NTD1": 0, "IPPS": 9.450004e-02, "NTD3": 0, "NTD7": 0, "IPPMIa": -9.450004e-02, "NTD9": 0, "IPPMIb": -9.450004e-02, "NT5C": 0, "Kt1": 0, "LACZ": 0, "RBFK": 2.207945e-06, "LDH_L": 0, "SPRMS": 0, "LEUTRS": 0, "LYSTRS": 0, "MALT": 2.794000e+00, "SUCOAS": 6.623834e-07,