{"SK_5mta_c": 3.137010e-02, "SK_apoACP_c": -4.944657e-04, "SK_gcald_c": 8.842377e-03, "SK_pap_c": 4.944657e-04, "ACt2r": -8.292087e+00, "ADCL": 8.842377e-03, "ADCS": 8.842377e-03, "CO2t": -1.104453e+01, "BIOMASS_Ecoli_TM": 1.768475e-01, "ALAR": 9.761984e-03, "DM_dip_d_d_c": 0, "DM_pydx5p_c": 0, "ARBabc": 0, "ACGK": 1.093258e-01, "ACCOAC": 3.337644e-02, "ALCD19": 0, "ACALD": 0, "ACGS": 0, "CRTNsyn": 0, "ACKr": -8.156473e+00, "CSNt2": 0, "ACOATA": 5.068274e-03, "ACLS": 1.472884e-01, "ACHBS": 4.880992e-02, "ACYP_2": 0, "DCYTD": 0, "DM_sprm_c": 1.506608e-02, "DM_thmpp_c": 0, "ADAPAT": 6.253329e-02, "ADA": 0, "ADK1": 6.998361e-01, "EX_ac_e": 8.292087e+00, "DHNPA": 8.842377e-03, "EX_ala__L_e": 0, "ADK3": -1.278059e-01, "EX_amylose300_e": 0, "EX_arab__L_e": 0, "EX_cell4_e": 0, "EX_cell500_e": 0, "EX_cell6_e": 0, "CYTD": 0, "DHPPDA": 1.768475e-06, "ADMDC": 3.137010e-02, "CHORM": 5.429219e-02, "EX_cellb_e": 0, "ADPT": 9.143018e-02, "BACCL": 0, "ADSL2r": 1.163816e-01, "EX_co2_e": 1.104453e+01, "EX_csn_e": 0, "EX_fe2_e": 0, "ADSL1r": 8.306175e-02, "EX_fe3_e": 0, "ATPS1": 0, "EX_fru_e": 0, "BGLA1": 0, "ADSS": 8.306175e-02, "BGLA": 0, "EX_gal_e": 0, "AGDC": 0, "EX_galman4_e": 0, "EX_galman6_e": 0, "BTS3r": 0, "AGPAT160": 4.944657e-04, "AGPR": -1.093258e-01, "CDPMEK": 2.719561e-03, "EX_galman600_e": 0, "EX_glc__D_e": 0, "AHCi": 0, "EX_glcman4_e": 0, "BUTKr": 0, "EX_glcman6_e": 0, "AHCYSNS": 0, "EX_glcman600_e": 0, "EX_glucan1500_e": 0, "EX_glucan4_e": 0, "EX_glucan6_e": 0, "EX_glyc_e": 0, "CBPS": 1.048883e-01, "CEL6abc": 0, "CEPA": 0, "CELabc": 0, "CELASE2": 0, "CELASE1": 0, "EX_glyc3p_e": 0, "EX_glycogen1500_e": 0, "AHEXASE3": 0, "EX_h_e": 7.723586e+00, "EX_h2_e": 1.725493e+01, "AHMMPS": 0, "EX_h2o_e": -4.849869e+00, "EX_h2s_e": 2.007900e-01, "CELLBabc": 0, "CHORS": 7.268434e-02, "AHSERL2": 5.718984e-02, "CRTNh": 0, "EX_hco3_e": -2.383804e+00, "CS": 2.114730e-01, "AICART": 1.322979e-01, "CTPS2": 2.677472e-02, "EX_ile__L_e": 0, "EX_inost_e": 0, "CYSS": 1.589064e-02, "EX_k_e": 0, "CYSTRS": 0, "ALKP": 1.236164e-03, "CYTDK2": 0, "EX_lac__L_e": 0, "AIRCr": 1.163816e-01, "EX_lcts_e": 0, "EX_leu__L_e": 0, "EX_lmn30_e": 0, "EX_lmn2_e": 0, "EX_malt_e": -2.794000e+00, "CYTK1": 3.471694e-03, "CYTK2": 0, "DAPDA": 6.253329e-02, "DAPDC": 6.253329e-02, "DAPE": 6.253329e-02, "DASYN160": 2.472329e-04, "EX_malttr_e": 0, "EX_maltttr_e": 0, "DB4PS": 3.536951e-06, "AKP1": 8.842377e-03, "DCMPDA": 0, "EX_man_e": 0, "EX_manb_e": 0, "EX_mantr_e": 0, "EX_manttr_e": 0, "DDGLK": 0, "EX_melib_e": 0, "ALAALAr": 4.880992e-03, "DDPA": 7.268434e-02, "ALATRS": 0, "EX_mg2_e": 0, "EX_na1_e": 0, "EX_nh4_e": -2.045026e+00, "ALAabc": 0, "ALR2": 0, "EX_oxa_e": 0, "DDPGA": 0, "DHAD1": 1.472884e-01, "DHAD2": 4.880992e-02, "EX_pi_e": -5.685021e-01, "EX_ptrc_e": 0, "AMYLe": 0, "EX_pullulan1200_e": 0, "DHDPRx_r": 6.253329e-02, "DHDPS": 6.253329e-02, "DHFR": 8.842377e-03, "DHFS": 8.842377e-03, "EX_raffin_e": 0, "EX_rib__D_e": 0, "EX_rmn_e": 0, "DHORTS": -5.519412e-02, "APRAUR": 1.768475e-06, "DHORD_NAD": 5.519412e-02, "DHQTi": 7.268434e-02, "EX_s_e": -2.738704e-01, "EX_spmd_e": 0, "EX_starch1200_e": 0, "DHQS": 7.268434e-02, "AMYe": 0, "DMATT": 2.472329e-04, "EX_sucr_e": 0, "EX_thr__L_e": 0, "EX_tre_e": 0, "DNMPPA": 0, "ARAI": 0, "DNTPPA": 0, "DPCOAK": 5.048997e-04, "EX_ura_e": 0, "EX_val__L_e": 0, "EX_xan_e": 0, "DPR": 5.048997e-04, "EX_xtsn_e": 0, "ANPRT": 9.549767e-03, "EX_xyl__D_e": 0, "DRBK": 0, "DRPA": 9.143018e-02, "EX_xyl3_e": 0, "ANS": 9.549767e-03, "EX_xylan12_e": 0, "DTMPK": 4.368134e-03, "ARGSL": 4.969416e-02, "DURIK1": 0, "DUTPDP": 0, "EX_xylan4_e": 0, "EX_xylan8_e": 0, "EX_xylb_e": 0, "EX_zn2_e": 0, "ARGSS": 4.969416e-02, "DM_4hba_c": 0, "FASC300": 2.472329e-04, "FASC320": 2.472329e-04, "FERIRDe": 0, "ARGTRS": 0, "FRUabc": 0, "AROH": 0, "ASAD": -1.197231e-01, "GDH1": -6.119959e-01, "GLCURT": 0, "ASNTRAT": 0, "ASP1DC": 5.048997e-04, "G3PAT160": 4.944657e-04, "ASPCT": 5.519412e-02, "ASPO2": 4.827938e-04, "GLUR": -4.880992e-03, "ASPK": 1.197231e-01, "G5SADs": 3.713798e-02, "ASPTA6": 2.569016e-01, "EDA": 6.120167e-01, "FPGS_tm": 0, "DXPRIi": 2.719561e-03, "ASPTRS_Asn": 0, "DXPS": 2.719561e-03, "H2Ot": 4.849869e+00, "ASPTRS": 0, "FE3abc": 0, "ASPT": -2.491370e-01, "EGLUCe": 0, "ENO": 9.855543e+00, "H2St1": 2.007900e-01, "FBA": 4.647556e+00, "ATPPRT": 1.591628e-02, "FBA2": 0, "FBA3": -2.162739e-01, "H2td": 1.725493e+01, "FBP": 0, "HEX4": 0, "FCI": 0, "FMETTRS": 0, "FMNAT": 1.768475e-06, "FOLD3": 8.842377e-03, "FRUK": 0, "GALM2": 0, "HCO3E": -1.777165e+00, "GLYCOe": 0, "GLNTRAT": 0, "GLU5K": 0, "GTPCII": 1.768475e-06, "IMPCT2": 0, "GRTT": 2.472329e-04, "FTCD": 0, "FTHFLi": 8.847682e-03, "GalMr": 0, "FUCASE2": 0, "IPDDI": 2.472329e-04, "FUCASE": 0, "FUM": 0, "G1PACT": 9.761984e-03, "GALS3": 0, "GLS3e": 0, "GLSe": 0, "GLCMAN4": 0, "G3PD1ir": 7.416986e-04, "G5SD": 0, "G6PDA": -9.761984e-03, "GLCMAN6abc": 0, "GLCMAN4abc": 0, "GLCMAN6": 0, "GALUi": 2.472329e-03, "G6PDH2r": 6.120167e-01, "GALKr": 0, "GALM1": 0, "GALMAN6abc": 0, "GALMAN4abc": 0, "GALMAN4": 0, "GALT": 0, "L_LACt2r": 0, "GALMAN6": 0, "GALMAN600b_e": 0, "LCADi": 0, "GALMAN600c_e": 0, "GALMAN600a_e": 0, "GALabc": 0, "KAS14": 5.068274e-03, "GLCabc": 0, "IMPC": -1.322979e-01, "GAPD": 9.497697e+00, "GARFT": 1.163816e-01, "MANabc": 0, "LEUabc": 0, "GF6PTA": 0, "GHMT2r": 3.107370e-01, "GLCAASE3": 0, "GLCS1": 2.723452e-02, "ILEabc": 0, "HSDy": -5.718984e-02, "LMNe": 0, "LMN2": 0, "KARA2": 4.880992e-02, "KARA1": -1.472884e-01, "IMP": 0, "GLNS": 4.921826e-01, "GLCURS1": 0, "GLGC": 2.723452e-02, "GLNSP2": 0, "NADHPO": 0, "NAt": 0, "GLS": 0, "MANA2": 0, "GLUCAN2abc": 0, "GLUCANabc": 0, "GluForTx": 0, "MANA3": 0, "GLUFT": 0, "NDPK2": 6.306029e-02, "NDPK3": -1.020233e-03, "GLUPRT": 1.163816e-01, "MANA1": 0, "GLUSy": 0, "NDPK4": 4.368134e-03, "NDPK5": 4.491927e-03, "LMN2abc": 0, "NDPK7": 4.491927e-03, "NDPK8": 9.579831e-02, "GLYC3Pabc": 0, "NH3c": -6.119959e-01, "GLYCDx": -1.236164e-03, "MALTTRabc": 0, "GLUTRS": 0, "GLUTRS_Gln": 0, "HCO3abc": 2.383804e+00, "GLYCK2": 3.578462e-01, "HEX1": 5.588000e+00, "MCOATA": 3.337644e-02, "HEX7": 0, "GLYCL_2": 0, "GLYCt": 0, "NTPP1": 0, "NTPP2": 0, "NTPP3": 0, "HPYRRx": 3.578462e-01, "GMPS2": 4.923612e-02, "HISTD": 1.591628e-02, "GLYK": 0, "GLYTRS": 0, "GND": 0, "NTPP4": 0, "NTPP5": 9.143018e-02, "MELIBabc": 0, "MDH": 0, "GNK": 0, "MCLORi": 0, "GPDDA1": 0, "HISTP": 1.591628e-02, "GPDDA2": 0, "GTPCI": 8.842377e-03, "ME1": 0, "HISTRS": 0, "GUI1": 0, "HMPK1": 0, "GUI2": 0, "MECDPDH2": 2.719561e-03, "MECDPS": 2.719561e-03, "HPPK": 8.842377e-03, "MEPCT": 2.719561e-03, "HPROb": 0, "METAT": 3.137010e-02, "METB1": 0, "OMCDC": 7.569075e-02, "HSERTA": 5.718984e-02, "OXAt": 0, "MHPGLUT": 0, "HSK": 0, "METS": 5.718984e-02, "METTRS": 0, "MGSA": 0, "MI1PS2": 0, "PC": 4.683746e-01, "PDIPS": 0, "MGt5": 0, "HSTPT": 1.591628e-02, "MLTG1": 0, "PGMT": -2.970685e-02, "MLTG2": 0, "HXPRT": 0, "MNLDH2": 0, "MNLDHr": 0, "PMDPHT": 1.768475e-06, "PPTGS_TM": 4.880992e-03, "HYDFDN": 8.627466e+00, "ORNTAC": 1.093258e-01, "MNNH": 0, "MOHMT": 5.048997e-04, "ICDHyr": 2.114730e-01, "MTHFC": 2.398318e-01, "MTHFD": 2.398318e-01, "PPCOAC": 0, "MTHFR2": 6.603222e-02, "IGPDH": 1.591628e-02, "ORNTA": 3.713798e-02, "IG3PS": 1.591628e-02, "PULLe": 0, "IGPS": 9.549767e-03, "PPNDH": 3.112517e-02, "MTRI": 0, "ILETA": -4.880992e-02, "NADHDH": 5.305426e-07, "NTPP6": 0, "OAADC": 0, "PMPK": 0, "P5CR": 3.713798e-02, "NADK": 9.372919e-05, "EDD": 6.120167e-01, "OCBT": 4.969416e-02, "LEUTA": -7.569075e-02, "OCTDPS": 0, "NH4t": 2.045026e+00, "NADS1": 4.827938e-04, "ILETRS": 0, "IMPD": 4.923612e-02, "PUNP1": 0, "IPDPS": 2.719561e-03, "PNP": 0, "NMNAT": 0, "NNATr": 4.827938e-04, "OMPDC": 5.519412e-02, "INSTabc": 0, "ORNDC": 2.249368e-02, "NNAM": 0, "NNDPR": 4.827938e-04, "OOR2r": 0, "IPMD": 7.569075e-02, "ORPT": -5.519412e-02, "NOX": 0, "NP1": 0, "LCTSabc": 0, "NTD8": 0, "NTD1": 0, "IPPS": 7.569075e-02, "NTD3": 0, "NTD7": 0, "IPPMIa": -7.569075e-02, "NTD9": 0, "IPPMIb": -7.569075e-02, "NT5C": 0, "Kt1": 0, "LACZ": 0, "RBFK": 1.768475e-06, "LDH_L": 0, "SPRMS": 1.506608e-02,