{"SK_5mta_c": 5.101192e-04, "SK_apoACP_c": -2.037562e-04, "SK_gcald_c": 3.643709e-03, "SK_pap_c": 2.037562e-04, "ACt2r": -9.798238e+00, "ADCL": 3.643709e-03, "ADCS": 3.643709e-03, "CO2t": -1.112083e+01, "BIOMASS_Ecoli_TM": 7.287418e-02, "ALAR": 4.022655e-03, "DM_dip_d_d_c": 0, "DM_pydx5p_c": 0, "ARBabc": 0, "ACGK": 3.884194e-02, "ACCOAC": 1.375354e-02, "ALCD19": 0, "ACALD": 0, "ACGS": 0, "CRTNsyn": 0, "ACKr": -9.754772e+00, "CSNt2": 0, "ACOATA": 2.088501e-03, "ACLS": 6.069362e-02, "ACHBS": 2.011327e-02, "ACYP_2": 0, "DCYTD": 0, "DM_sprm_c": 0, "DM_thmpp_c": 0, "ADAPAT": 2.576831e-02, "ADA": 0, "ADK1": 3.977669e-01, "EX_ac_e": 9.798238e+00, "DHNPA": 3.643709e-03, "EX_ala__L_e": 0, "ADK3": -1.142438e-01, "EX_amylose300_e": 0, "EX_arab__L_e": 0, "EX_cell4_e": 0, "EX_cell500_e": 0, "EX_cell6_e": 0, "CYTD": 0, "DHPPDA": 7.399571e-02, "ADMDC": 5.101192e-04, "CHORM": 2.237237e-02, "EX_cellb_e": 0, "ADPT": 0, "BACCL": 0, "ADSL2r": 1.095361e-01, "EX_co2_e": 1.112083e+01, "EX_csn_e": 0, "EX_fe2_e": 0, "ADSL1r": 2.181088e-02, "EX_fe3_e": 0, "ATPS1": 0, "EX_fru_e": 0, "BGLA1": 0, "ADSS": 2.181088e-02, "BGLA": 0, "EX_gal_e": 0, "AGDC": 0, "EX_galman4_e": 0, "EX_galman6_e": 0, "BTS3r": 0, "AGPAT160": 2.037562e-04, "AGPR": -3.884194e-02, "CDPMEK": 1.120659e-03, "EX_galman600_e": 0, "EX_glc__D_e": 0, "AHCi": 0, "EX_glcman4_e": 0, "BUTKr": 0, "EX_glcman6_e": 0, "AHCYSNS": 0, "EX_glcman600_e": 0, "EX_glucan1500_e": 0, "EX_glucan4_e": 0, "EX_glucan6_e": 0, "EX_glyc_e": 0, "CBPS": 4.322167e-02, "CEL6abc": 0, "CEPA": 0, "CELabc": 0, "CELASE2": 0, "CELASE1": 0, "EX_glyc3p_e": 0, "EX_glycogen1500_e": 0, "AHEXASE3": 0, "EX_h_e": 9.742216e+00, "EX_h2_e": 1.986046e+01, "AHMMPS": 0, "EX_h2o_e": -9.625246e+00, "EX_h2s_e": 5.148139e-01, "CELLBabc": 0, "CHORS": 2.995129e-02, "AHSERL2": 1.114975e-02, "CRTNh": 0, "EX_hco3_e": -1.037958e+00, "CS": 8.093406e-02, "AICART": 1.160948e-01, "CTPS2": 1.103315e-02, "EX_ile__L_e": 0, "EX_inost_e": 0, "CYSS": 6.548109e-03, "EX_k_e": 0, "CYSTRS": 0, "ALKP": 8.150248e-04, "CYTDK2": 0, "EX_lac__L_e": 0, "AIRCr": 1.095361e-01, "EX_lcts_e": 0, "EX_leu__L_e": 0, "EX_lmn30_e": 0, "EX_lmn2_e": 0, "EX_malt_e": -2.794000e+00, "CYTK1": 1.430593e-03, "CYTK2": 0, "DAPDA": 2.576831e-02, "DAPDC": 2.576831e-02, "DAPE": 2.576831e-02, "DASYN160": 1.018781e-04, "EX_malttr_e": 0, "EX_maltttr_e": 0, "DB4PS": 1.479914e-01, "AKP1": 3.643709e-03, "DCMPDA": 0, "EX_man_e": 0, "EX_manb_e": 0, "EX_mantr_e": 0, "EX_manttr_e": 0, "DDGLK": 0, "EX_melib_e": 0, "ALAALAr": 2.011327e-03, "DDPA": 2.995129e-02, "ALATRS": 0, "EX_mg2_e": 0, "EX_na1_e": 0, "EX_nh4_e": -1.051764e+00, "ALAabc": 0, "ALR2": 0, "EX_oxa_e": 0, "DDPGA": 0, "DHAD1": 6.069362e-02, "DHAD2": 2.011327e-02, "EX_pi_e": -5.602312e-02, "EX_ptrc_e": 0, "AMYLe": 0, "EX_pullulan1200_e": 0, "DHDPRx_r": 2.576831e-02, "DHDPS": 2.576831e-02, "DHFR": 3.643709e-03, "DHFS": 3.643709e-03, "EX_raffin_e": 0, "EX_rib__D_e": 0, "EX_rmn_e": 0, "DHORTS": -2.274403e-02, "APRAUR": 7.399571e-02, "DHORD_NAD": 2.274403e-02, "DHQTi": 2.995129e-02, "EX_s_e": -5.325118e-01, "EX_spmd_e": 0, "EX_starch1200_e": 0, "DHQS": 2.995129e-02, "AMYe": 0, "DMATT": 1.018781e-04, "EX_sucr_e": 0, "EX_thr__L_e": 0, "EX_tre_e": 0, "DNMPPA": 0, "ARAI": 0, "DNTPPA": 0, "DPCOAK": 2.080558e-04, "EX_ura_e": 0, "EX_val__L_e": 0, "EX_xan_e": 0, "DPR": 2.080558e-04, "EX_xtsn_e": 0, "ANPRT": 3.935206e-03, "EX_xyl__D_e": 0, "DRBK": 0, "DRPA": 0, "EX_xyl3_e": 0, "ANS": 3.935206e-03, "EX_xylan12_e": 0, "DTMPK": 1.799992e-03, "ARGSL": 2.047764e-02, "DURIK1": 0, "DUTPDP": 0, "EX_xylan4_e": 0, "EX_xylan8_e": 0, "EX_xylb_e": 0, "EX_zn2_e": 0, "ARGSS": 2.047764e-02, "DM_4hba_c": 0, "FASC300": 1.018781e-04, "FASC320": 1.018781e-04, "FERIRDe": 0, "ARGTRS": 0, "FRUabc": 0, "AROH": 0, "ASAD": -7.459401e-02, "GDH1": 4.790443e+00, "GLCURT": 0, "ASNTRAT": 0, "ASP1DC": 2.080558e-04, "G3PAT160": 2.037562e-04, "ASPCT": 2.274403e-02, "ASPO2": 1.989465e-04, "GLUR": -2.011327e-03, "ASPK": 7.459401e-02, "G5SADs": 1.530358e-02, "ASPTA6": 1.311216e-01, "EDA": 5.263785e+00, "FPGS_tm": 0, "DXPRIi": 1.120659e-03, "ASPTRS_Asn": 0, "DXPS": 1.120659e-03, "H2Ot": 9.625246e+00, "ASPTRS": 0, "FE3abc": 0, "ASPT": -1.518244e-01, "EGLUCe": 0, "ENO": 5.425339e+00, "H2St1": 5.148139e-01, "FBA": 0, "ATPPRT": 6.558676e-03, "FBA2": 0, "FBA3": 0, "H2td": 1.986046e+01, "FBP": 0, "HEX4": 0, "FCI": 0, "FMETTRS": 0, "FMNAT": 7.287418e-07, "FOLD3": 3.643709e-03, "FRUK": 0, "GALM2": 0, "HCO3E": -7.689267e-01, "GLYCOe": 0, "GLNTRAT": 0, "GLU5K": 0, "GTPCII": 7.399571e-02, "IMPCT2": 0, "GRTT": 1.018781e-04, "FTCD": 0, "FTHFLi": 2.256308e-01, "GalMr": 0, "FUCASE2": 0, "IPDDI": 1.018781e-04, "FUCASE": 0, "FUM": 0, "G1PACT": 4.022655e-03, "GALS3": 0, "GLS3e": 0, "GLSe": 0, "GLCMAN4": 0, "G3PD1ir": 0, "G5SD": 0, "G6PDA": -4.022655e-03, "GLCMAN6abc": 0, "GLCMAN4abc": 0, "GLCMAN6": 0, "GALUi": 1.018781e-03, "G6PDH2r": 5.575759e+00, "GALKr": 0, "GALM1": 0, "GALMAN6abc": 0, "GALMAN4abc": 0, "GALMAN4": 0, "GALT": 0, "L_LACt2r": 0, "GALMAN6": 0, "GALMAN600b_e": 0, "LCADi": 0, "GALMAN600c_e": 0, "GALMAN600a_e": 0, "GALabc": 0, "KAS14": 2.088501e-03, "GLCabc": 0, "IMPC": -1.160948e-01, "GAPD": 5.252621e+00, "GARFT": 1.095361e-01, "MANabc": 0, "LEUabc": 0, "GF6PTA": 0, "GHMT2r": 8.437518e-02, "GLCAASE3": 0, "GLCS1": 1.122262e-02, "ILEabc": 0, "HSDy": -4.882570e-02, "LMNe": 0, "LMN2": 0, "KARA2": 2.011327e-02, "KARA1": -6.069362e-02, "IMP": 0, "GLNS": 5.430181e+00, "GLCURS1": 0, "GLGC": 1.122262e-02, "GLNSP2": 0, "NADHPO": 0, "NAt": 4.151836e-01, "GLS": 0, "MANA2": 0, "GLUCAN2abc": 0, "GLUCANabc": 0, "GluForTx": 0, "MANA3": 0, "GLUFT": 0, "NDPK2": 2.598547e-02, "NDPK3": -4.204111e-04, "GLUPRT": 1.095361e-01, "MANA1": 0, "GLUSy": 5.030214e+00, "NDPK4": 1.799992e-03, "NDPK5": 1.851004e-03, "LMN2abc": 0, "NDPK7": 1.851004e-03, "NDPK8": 1.799992e-03, "GLYC3Pabc": 0, "NH3c": 4.790443e+00, "GLYCDx": -8.150248e-04, "MALTTRabc": 0, "GLUTRS": 0, "GLUTRS_Gln": 0, "HCO3abc": 1.037958e+00, "GLYCK2": 1.727182e-01, "HEX1": 5.588000e+00, "MCOATA": 1.375354e-02, "HEX7": 0, "GLYCL_2": 6.757367e-02, "GLYCt": 0, "NTPP1": 0, "NTPP2": 0, "NTPP3": 0, "HPYRRx": 1.727182e-01, "GMPS2": 9.428388e-02, "HISTD": 6.558676e-03, "GLYK": 3.056343e-04, "GLYTRS": 0, "GND": 3.119740e-01, "NTPP4": 0, "NTPP5": 0, "MELIBabc": 0, "MDH": 0, "GNK": 0, "MCLORi": 0, "GPDDA1": 0, "HISTP": 6.558676e-03, "GPDDA2": 0, "GTPCI": 3.643709e-03, "ME1": 0, "HISTRS": 0, "GUI1": 0, "HMPK1": 0, "GUI2": 0, "MECDPDH2": 1.120659e-03, "MECDPS": 1.120659e-03, "HPPK": 3.643709e-03, "MEPCT": 1.120659e-03, "HPROb": 0, "METAT": 5.101192e-04, "METB1": 0, "OMCDC": 3.119015e-02, "HSERTA": 1.114975e-02, "OXAt": 0, "MHPGLUT": 0, "HSK": 3.767595e-02, "METS": 1.114975e-02, "METTRS": 0, "MGSA": 0, "MI1PS2": 0, "PC": 2.120557e-01, "PDIPS": 0, "MGt5": 0, "HSTPT": 6.558676e-03, "MLTG1": 0, "PGMT": -1.224140e-02, "MLTG2": 0, "HXPRT": 0, "MNLDH2": 0, "MNLDHr": 0, "PMDPHT": 7.399571e-02, "PPTGS_TM": 2.011327e-03, "HYDFDN": 9.930231e+00, "ORNTAC": 3.884194e-02, "MNNH": 0, "MOHMT": 2.080558e-04, "ICDHyr": 8.093406e-02, "MTHFC": 0, "MTHFD": 0, "PPCOAC": 0, "MTHFR2": 1.479346e-02, "IGPDH": 6.558676e-03, "ORNTA": 1.530358e-02, "IG3PS": 6.558676e-03, "PULLe": 0, "IGPS": 3.935206e-03, "PPNDH": 1.282586e-02, "MTRI": 0, "ILETA": -2.011327e-02, "NADHDH": 2.186225e-07, "NTPP6": 0, "OAADC": 0, "PMPK": 0, "P5CR": 1.530358e-02, "NADK": 3.862331e-05, "EDD": 5.263785e+00, "OCBT": 2.047764e-02, "LEUTA": -3.119015e-02, "OCTDPS": 0, "NH4t": 1.051764e+00, "NADS1": 1.989465e-04, "ILETRS": 0, "IMPD": 9.428388e-02, "PUNP1": 0, "IPDPS": 1.120659e-03, "PNP": 0, "NMNAT": 0, "NNATr": 1.989465e-04, "OMPDC": 2.274403e-02, "INSTabc": 0, "ORNDC": 3.060715e-03, "NNAM": 0, "NNDPR": 1.989465e-04, "OOR2r": 0, "IPMD": 3.119015e-02, "ORPT": -2.274403e-02, "NOX": 0, "NP1": 0, "LCTSabc": 0, "NTD8": 0, "NTD1": 0, "IPPS": 3.119015e-02, "NTD3": 0, "NTD7": 0, "IPPMIa": -3.119015e-02, "NTD9": 0, "IPPMIb": -3.119015e-02, "NT5C": 0, "Kt1": 0, "LACZ": 0, "RBFK": 7.287418e-07, "LDH_L": 0, "SPRMS": 0, "LEUTRS": 0, "LYSTRS": 0, "MALT": 2.794000e+00,