{"ACALDt": 0, "ACMANApts": 0, "ACTNdiff": 0, "ACt2r": -9.449581e-01, "ADEt2": 2.925358e-03, "ADPTA": 0, "AKGt2r": 0, "ALAt2r_copy2": 2.133203e-02, "ALOX": 0, "AMALT1": 0, "AMALT2": 0, "AMALT3": 0, "AMALT4": 0, "ACGAMT": 0, "ARGt2r": 1.000000e-02, "ACGK": 0, "ASNt2r": 0, "ACHBS": 0, "BIOMASS_LLA": 2.625523e-02, "ACOATA": 0, "BIOMASS_LLA_noATPnoH": 0, "ASPt2r": 1.000000e-02, "ACLS": 0, "2H3MBt": 1.948230e-03, "2H3MPt": 0, "ACLDC": 0, "2HXICt_copy1": 0, "2MBALDH": 0, "ATPM": 1.494702e+00, "ACODA_1": 0, "ACONT": 0, "BTDt_RR": 0, "2MBALDt": 3.602703e-03, "2MBAt6": 0, "2MPAt6": 0, "ACKILE": 0, "2HXICt_copy2": 1.025398e-02, "3MBALt": 0, "3MBAt6": 0, "3MOPDC": 3.602703e-03, "BZALt": 0, "CBMKr_copy1": 0, "ACKLEU": 0, "2S6HCCi": 0, "ACKVAL": 0, "AALDH": 0, "ACKr": -9.449581e-01, "ACOTA": 0, "CH4St": 0, "ACTD": 0, "CITt2r": 0, "AB6PGH": 0, "ACACT1r": 5.776151e-05, "CITt3": 0, "ACPS2": 0, "ACPSc": 0, "ADADir": 0, "CO2t": -1.285967e-02, "ADA": 0, "CPSS_LLA": 1.680335e-04, "ADK2": 0, "CYSt2r": 5.409864e-03, "ADK1": 1.448255e-01, "ADCL": 0, "ADCS": 0, "ADPDS": 0, "ADPT": 3.341083e-03, "ADPRDP": 0, "ADSL1r": 0, "CSND": 0, "DAPE": 0, "ADSL2r": 0, "DADA": 0, "ADSS": 0, "DHAt": 0, "DIACTt": 0, "DNAS_LLA": 1.942887e-03, "DRIBt2": 0, "AGAT_LLA": 1.598943e-03, "CYTDK1": 0, "AEPabc": 0, "CYTDK2": 0, "DADK": 0, "ASPTRS_1": 5.184016e-03, "ETOHt": -7.508346e-01, "EX_2aeppn_e": 0, "EX_2h3mb_e": 1.948230e-03, "AGDC": 0, "EX_2h3mp_e": 0, "EX_2hxic__L_e": 1.025398e-02, "EX_2mba_e": 0, "ATPPRT": 0, "ARGSL": 0, "ARGSS": 5.367475e-03, "EX_2mbald_e": 3.602703e-03, "ARGTRS_1": 4.632525e-03, "AGPR": 0, "EX_2mpa_e": 0, "EX_3mba_e": 0, "AHCYSNS": 4.157253e-04, "ARGabc": 0, "ASAD": 0, "EX_3mbal_e": 0, "AICART": 0, "ASNN": 0, "AHMMPS_1": 0, "TRPTA": 0, "AIRCr": 0, "ASNTRS_1": 5.184016e-03, "EX_4abut_e": 0, "ASNS1": 5.184016e-03, "ASPCT": 0, "ALAALAr": 3.124372e-03, "ASPK": 0, "EX_4abz_e": 0, "EX_ac_e": 9.449581e-01, "EX_acald_e": 0, "EX_acgala_e": 0, "ALAR": 8.611715e-03, "ALATA_L": 0, "EX_acgam_e": 0, "EX_acmana_e": 0, "ASPR": 0, "ASPTA": -5.735507e-03, "ASPTA2": 0, "ALATRS_1": 9.595945e-03, "ALCD19": 0, "BG_CELLB": 0, "ATPS3r": 0, "EX_actn__R_e": 0, "EX_ade_e": -2.925358e-03, "BTDD_RR": 0, "BTMAT1": 3.197887e-03, "EX_akg_e": 0, "ALKP": 0, "CARORSr": 0, "DALAt2r": 0, "CFAS180": 4.157253e-04, "CBMKr_copy2": 0, "EX_ala__D_e": 0, "EX_ala__L_e": -2.133203e-02, "EX_arg__L_e": -1.000000e-02, "CBPS": 0, "CGPT": 0, "ALAt2r_copy1": 0, "CHITN1": 0, "CHORM": 1.006941e-02, "EX_asn__L_e": 0, "EX_asp__L_e": -1.000000e-02, "EX_btd_RR_e": 0, "AMANAPEr": 0, "CHLabc": 0, "CHORS": 1.095179e-02, "CLPNS_LLA": 3.623222e-04, "AMMQT8_2": 0, "CPPPGO": 0, "EX_bzal_e": 0, "ANPRT": 8.823858e-04, "CMLDC": 0, "APATi": 0, "CRPT_25": 0, "CS": 0, "EX_cellb_e": 0, "EX_ch4s_e": 0, "CTPS1": 2.077314e-03, "EX_chol_e": 0, "ANS": 8.823858e-04, "EX_cit_e": 0, "CTPS2": 0, "CYSTGL": 0, "APRAUR": 0, "CYSS": 0, "DHPPDA": 0, "CYSTL": 0, "DHDPRy": 0, "CYSTRS_1": 5.404613e-03, "ARGDI_1": 5.367475e-03, "CYTD": 0, "CYTB_B2": 0, "DDMAT5": 3.197887e-03, "DEMAT4": 3.197887e-03, "CYTK2": 0, "ARGORNt3": 0, "CYTK1": 7.220188e-03, "DAGK_LLA": 5.621245e-03, "DCYTD": 0, "DAPDC": 0, "EX_co2_e": 1.285967e-02, "DGNSK": 0, "DINSK": 0, "DASYN_LLA": 7.220188e-03, "DB4PS": 0, "DADNK": 0, "DAGGT_LLA": 0, "DDPA": 1.095179e-02, "DALTAL_LLA": 3.938284e-04, "DCMPDA_1": 0, "EX_cys__L_e": -5.409864e-03, "DHAD1": 0, "DHAD2": 0, "DHAPT": 0, "FOLt": 0, "FORt2": -1.710000e+00, "DHDPS": 0, "EX_dha_e": 0, "DHFR": 0, "FOLR2": 0, "EX_diact_e": 0, "DHFS": 0, "DHNAOT_1": 0, "G5SADs": 3.474282e-02, "EX_drib_e": 0, "EX_etoh_e": 7.508346e-01, "ABUTt2r": -1.186958e-01, "GALTAL": 3.938284e-04, "DHNPA_1": 0, "GAT1_LLA": 1.598943e-03, "EX_fe2_e": 0, "DHORDi": 0, "DHORTS": 0, "FOLD3": 0, "GCALDt": 0, "EX_fe3_e": 0, "GLYt2r_copy1": 0, "FE2abc": 0, "DHQTi": 1.095179e-02, "DHQS": 1.095179e-02, "EX_fol_e": 0, "DMATT": 5.251046e-06, "DPCOAK": 5.251046e-06, "GLYt2r_copy2": 0, "EX_for_e": 1.710000e+00, "GLUabc": 1.686958e-01, "DPMVD": 5.776151e-05, "DRBK": 0, "DRPA": 0, "GLYBabc": 0, "EX_fru_e": 0, "FE3abc": 0, "DTMPK": 6.217238e-04, "EX_gal_e": 0, "DURIK1": 0, "DURIPP": 0, "EX_galt_e": 0, "DXPS": 0, "DUTPDP": 0, "EDA": 0, "FLVR_1": 0, "FMETDF": 0, "FMETTRS_1": 0, "ENO": 2.557687e+00, "EX_gcald_e": 0, "FMNAT": 0, "FRDx": 0, "EX_glc__D_e": -1.311165e+00, "HEX7": 0, "FTHFCL_1": 0, "FTHFLi": 6.628448e-03, "G1PACT": 6.248745e-03, "G1PTMT": 1.680335e-04, "H2Ot": 5.840711e-01, "H2St1": 0, "G3PCT": 0, "EX_glcn__D_e": 0, "G3PD1ir": 1.246037e-01, "G3PD2": 1.161469e-01, "HCO3E": 2.967169e-02, "EX_gln__L_e": 0, "HISt2r": 1.985368e-03, "G3PD": 0, "EX_glu__L_e": -5.000000e-02, "G3PD4": 0, "G5SD": 3.474282e-02, "ILEt2r_copy1": 0, "INSt2": 0, "EX_gly_e": 0, "G6PDA": 0, "EX_glyb_e": 0, "G6PDH2r": 0, "G6PI": 0, "GALK2": 0, "GALM": 0, "kaasIII": 3.197887e-03, "LCTSt": 0, "HDMAT7": 2.798151e-03, "GALT": 0, "EX_glyc3p_e": 0, "EX_glyc_e": 0, "GALUi": 5.689508e-03, "GALt2": 0, "GTPCII": 0, "EX_gua_e": 0, "GRTT": 5.251046e-06, "GARFT": 0, "GAPD": 2.557687e+00, "GF6PTA": 6.248745e-03, "GHMT2r": -6.212722e-03, "EX_h2o_e": -5.840711e-01, "GK1": -9.999963e+02, "GK2": 9.999994e+02, "KARA1": 0, "GTHPi": 0, "EX_h2s_e": 0, "GTHOr": 0, "GPDDA4": 0, "GLCNt2ir": 0, "GTPCI": 0, "EX_h_e": 3.437332e+00, "GLNS": 1.542902e-02, "GLCP": 0, "EX_his__L_e": -1.985368e-03, "GLCS1": 0, "GLGC": 0, "HPPK": 0, "GLNTRS2": 6.066402e-03, "EX_hxan_e": 0, "GLU5K": 3.474282e-02, "GUAt2r": 0, "GTPDPK": 0, "EX_ile__L_e": -1.000000e-02, "HXANt2r": 0, "HXPRT": 0, "GLNabc": 0, "GLUABUTt7": -1.186958e-01, "EX_ins_e": 0, "GLUDC": 0, "GLUPRT": 0, "GLUR": -3.124372e-03, "GUAPRT": 0, "GUI1": 0, "GUI2": 0, "HARAAT": 0, "HDDR5": 3.197887e-03, "HDER4": 3.197887e-03, "HDEHL4": 3.197887e-03, "GLUTRS_2": 6.066402e-03, "GLUSy": 0, "GLUTRS2": 6.066402e-03, "GLYC3Pt6": 0, "HHDHL7": 2.894088e-03, "HHDR7": 2.894088e-03, "EX_lac__L_e": 9.200000e-01, "HHYR2": 3.197887e-03, "HOCR3": 3.197887e-03, "HODR8": 1.854774e-03, "HBUR1": 3.197887e-03, "GLYCt": 0, "HTDR6": 3.197887e-03, "EX_lcts_e": 0, "HCYSMT": 0, "HETZK": 0, "GMPR": 0, "GLYK": 3.623222e-04, "EX_leu__L_e": -1.996022e-02, "GLYTRS_1": 6.507595e-03, "GMPS2": 3.113870e-03, "HEX1": 0, "HIBD": 0, "EX_lys__L_e": -9.335204e-03, "HISTD": 0, "GNKr": 0, "GPDDA1": 0, "GPDDA2": 0, "HISTP": 0, "EX_mal__L_e": 0, "HMGCOAR": -5.776151e-05, "HISTRS_1": 1.985368e-03, "HMGCOAS": -5.776151e-05, "HSERTA": 0, "HMPK1": 0, "LEUt2r_copy1": 0, "EX_malt_e": 0, "LPGS_LLA": 3.413180e-05, "LTAS_LLA": 3.938284e-04, "HSST": 0, "EX_man_e": 0, "HSDy": 0, "HSK": 0, "L_LACt2r": -9.200000e-01, "EX_met__D_e": 0, "METS": 4.157253e-04, "HSTPTr": 0, "ICDHyr": 0, "EX_met__L_e": -2.205964e-03, "ICHORS": 0, "METt2r": 2.205964e-03, "IGPDH_1": 0, "NACt": 5.251046e-05, "IG3PS_1": 0, "EX_mn2_e": 0, "IGPS": 8.823858e-04, "EX_mnl_e": 0, "NADN": 0, "EX_nac_e": -5.251046e-05, "EX_nh4_e": 9.056497e-02, "LEUTA": 1.025398e-02, "EX_nmn_e": 0, "ILETA": 3.602703e-03, "ILETRS_1": 6.397297e-03, "NDPK2": 1.591592e-02, "NDPK4": 7.897573e-04, "NDPK5": 3.497197e-04, "EX_o2_e": 0, "NDPK6": 0, "NDPK7": 3.497197e-04, "NDPK8": 1000, "NH3c": 5.367475e-03, "MTAN": 0, "ILEt2r_copy2": 1.000000e-02, "IMPD": 0, "IPDDI": 5.251046e-06, "LACZ": 0, "LDH_L": -9.200000e-01, "IPPMIa": 0, "IPPMIb": 0, "ARAT": 0, "EX_orn__L_e": 0, "METGL": 0, "LEUt2r_copy2": 1.996022e-02, "LEUTRS_1": 9.706243e-03, "EX_orot_e": -3.977667e-03, "LYSTRS_1": 6.210832e-03, "O2t": 0, "EX_pacald_e": 0, "OROATP": 3.977667e-03, "M1PD": 0, "LYSt2r": 9.335204e-03, "MACPMT": 2.393618e-02, "4ABZt": 0, "EX_pea_e": 0, "PACALDt": 0, "MALLAC": 0, "EX_phe__L_e": -4.411929e-03, "MALT": 0, "MPL": 0, "PAP_LLA": 0, "PEAt": 0, "PGPP_LLA": 7.220188e-03, "MALTabc": 0, "MALTATr": 0, "PHEt2r": 4.411929e-03, "MALt2r": 0, "MAN6PI": 0, "MANAO": 0, "PHPYROX": 0, "PNTOt2": 5.251046e-06, "EX_pi_e": -1.810088e-02, "PROTS_LLA": 0, "PROTS_LLA_v2": 0, "MCMAT2": 3.197887e-03, "MCMAT3": 3.197887e-03, "AHSERL2": 0, "PROTS_LLA_v3": 1.102982e-01, "EX_pnto__R_e": -5.251046e-06, "OCDMAT8": 3.197887e-05, "METAT": 4.157253e-04,