{"ACALDt": -1.558873e+00, "ACMANApts": 0, "ACTNdiff": 0, "ACt2r": -1.138250e+00, "ADEt2": 2.821517e-03, "ADPTA": 0, "AKGt2r": 0, "ALAt2r_copy2": 0, "ALOX": 0, "AMALT1": 0, "AMALT2": 0, "AMALT3": 0, "AMALT4": 0, "ACGAMT": 0, "ARGt2r": 1.000000e-02, "ACGK": 0, "ASNt2r": 0, "ACHBS": 7.702751e-03, "BIOMASS_LLA": 2.532325e-02, "ACOATA": 0, "BIOMASS_LLA_noATPnoH": 0, "ASPt2r": 1.000000e-02, "ACLS": 0, "2H3MBt": 2.234043e-03, "2H3MPt": 1.153254e-02, "ACLDC": 0, "2HXICt_copy1": 1000, "2MBALDH": 0, "ATPM": 0, "ACODA_1": 0, "ACONT": 0, "BTDt_RR": 0, "2MBALDt": 0, "2MBAt6": 0, "2MPAt6": 0, "ACKILE": 0, "2HXICt_copy2": -9.999994e+02, "3MBALt": 0, "3MBAt6": 0, "3MOPDC": 0, "BZALt": 0, "CBMKr_copy1": 9.999945e+02, "ACKLEU": 0, "2S6HCCi": 0, "ACKVAL": 0, "AALDH": 0, "ACKr": -1.138250e+00, "ACOTA": 0, "CH4St": 0, "ACTD": 0, "CITt2r": 0, "AB6PGH": 0, "ACACT1r": 5.571115e-05, "CITt3": 0, "ACPS2": 0, "ACPSc": 0, "ADADir": 0, "CO2t": -2.629813e-02, "ADA": 0, "CPSS_LLA": 1.620688e-04, "ADK2": 0, "CYSt2r": 5.217831e-03, "ADK1": 1.865125e+00, "ADCL": 0, "ADCS": 0, "ADPDS": 0, "ADPT": 3.222485e-03, "ADPRDP": 5.766727e-01, "ADSL1r": 0, "CSND": 0, "DAPE": 0, "ADSL2r": 0, "DADA": 0, "ADSS": 0, "DHAt": 0, "DIACTt": 0, "DNAS_LLA": 1.873921e-03, "DRIBt2": 0, "AGAT_LLA": 1.542186e-03, "CYTDK1": 0, "AEPabc": 0, "CYTDK2": 0, "DADK": 0, "ASPTRS_1": 5.000000e-03, "ETOHt": -1.020000e+00, "EX_2aeppn_e": 0, "EX_2h3mb_e": 2.234043e-03, "AGDC": 0, "EX_2h3mp_e": 1.153254e-02, "EX_2hxic__L_e": 6.382979e-04, "EX_2mba_e": 0, "ATPPRT": 0, "ARGSL": 0, "ARGSS": 0, "EX_2mbald_e": 0, "ARGTRS_1": 4.468085e-03, "AGPR": 0, "EX_2mpa_e": 0, "EX_3mba_e": 0, "AHCYSNS": 4.009684e-04, "ARGabc": 0, "ASAD": 0, "EX_3mbal_e": 0, "AICART": 0, "ASNN": 0, "AHMMPS_1": 0, "TRPTA": -1000, "AIRCr": 0, "ASNTRS_1": 5.000000e-03, "EX_4abut_e": 0, "ASNS1": 5.000000e-03, "ASPCT": 0, "ALAALAr": 5.363323e-03, "ASPK": 0, "EX_4abz_e": 0, "EX_ac_e": 1.138250e+00, "EX_acald_e": 1.558873e+00, "EX_acgala_e": 0, "ALAR": 1.300574e-02, "ALATA_L": -2.762438e-02, "EX_acgam_e": 0, "EX_acmana_e": 0, "ASPR": 0, "ASPTA": 0, "ASPTA2": 0, "ALATRS_1": 9.255319e-03, "ALCD19": 0, "BG_CELLB": 0, "ATPS3r": -5.333845e-02, "EX_actn__R_e": 0, "EX_ade_e": -2.821517e-03, "BTDD_RR": 0, "BTMAT1": 3.084372e-03, "EX_akg_e": 0, "ALKP": 0, "CARORSr": 0, "DALAt2r": 0, "CFAS180": 4.009684e-04, "CBMKr_copy2": -1000, "EX_ala__D_e": 0, "EX_ala__L_e": 0, "EX_arg__L_e": -1.000000e-02, "CBPS": 0, "CGPT": 0, "ALAt2r_copy1": 0, "CHITN1": 0, "CHORM": 7.761628e-03, "EX_asn__L_e": 0, "EX_asp__L_e": -1.000000e-02, "EX_btd_RR_e": 0, "AMANAPEr": 0, "CHLabc": 0, "CHORS": 8.612692e-03, "CLPNS_LLA": 3.494609e-04, "AMMQT8_2": 0, "CPPPGO": 0, "EX_bzal_e": 0, "ANPRT": 8.510638e-04, "CMLDC": 0, "APATi": 0, "CRPT_25": 0, "CS": 0, "EX_cellb_e": 0, "EX_ch4s_e": 0, "CTPS1": 2.003576e-03, "EX_chol_e": 0, "ANS": 8.510638e-04, "EX_cit_e": 0, "CTPS2": 0, "CYSTGL": 0, "APRAUR": 0, "CYSS": 0, "DHPPDA": 0, "CYSTL": 0, "DHDPRy": 0, "CYSTRS_1": 5.212766e-03, "ARGDI_1": 5.531915e-03, "CYTD": 0, "CYTB_B2": 0, "DDMAT5": 3.084372e-03, "DEMAT4": 3.084372e-03, "CYTK2": 0, "ARGORNt3": 0, "CYTK1": 6.963894e-03, "DAGK_LLA": 5.421708e-03, "DCYTD": 0, "DAPDC": 0, "EX_co2_e": 2.629813e-02, "DGNSK": 0, "DINSK": 0, "DASYN_LLA": 6.963894e-03, "DB4PS": 0, "DADNK": 0, "DAGGT_LLA": 6.229520e-04, "DDPA": 8.612692e-03, "DALTAL_LLA": 3.798488e-04, "DCMPDA_1": 0, "EX_cys__L_e": -5.217831e-03, "DHAD1": 0, "DHAD2": 7.702751e-03, "DHAPT": 0, "FOLt": 2.532325e-07, "FORt2": -3.748911e+00, "DHDPS": 0, "EX_dha_e": 0, "DHFR": 5.999078e-04, "FOLR2": 2.532325e-07, "EX_diact_e": 0, "DHFS": 0, "DHNAOT_1": 0, "G5SADs": 3.293455e-02, "EX_drib_e": 0, "EX_etoh_e": 1.020000e+00, "ABUTt2r": 5.000000e-02, "GALTAL": 3.798488e-04, "DHNPA_1": 0, "GAT1_LLA": 1.542186e-03, "EX_fe2_e": 0, "DHORDi": 0, "DHORTS": 0, "FOLD3": 0, "GCALDt": 0, "EX_fe3_e": 0, "GLYt2r_copy1": 0, "FE2abc": 0, "DHQTi": 8.612692e-03, "DHQS": 8.612692e-03, "EX_fol_e": -2.532325e-07, "DMATT": 5.064650e-06, "DPCOAK": 5.064650e-06, "GLYt2r_copy2": 0, "EX_for_e": 3.748911e+00, "GLUabc": 0, "DPMVD": 5.571115e-05, "DRBK": 0, "DRPA": 0, "GLYBabc": 0, "EX_fru_e": 0, "FE3abc": 0, "DTMPK": 5.996546e-04, "EX_gal_e": 0, "DURIK1": 0, "DURIPP": 0, "EX_galt_e": 0, "DXPS": 0, "DUTPDP": 5.996546e-04, "EDA": 0, "FLVR_1": 0, "FMETDF": 0, "FMETTRS_1": 0, "ENO": 4.174104e+00, "EX_gcald_e": 0, "FMNAT": 0, "FRDx": -9.998494e+02, "EX_glc__D_e": -2.120000e+00, "HEX7": 0, "FTHFCL_1": 0, "FTHFLi": 0, "G1PACT": 1.072665e-02, "G1PTMT": 1.620688e-04, "H2Ot": 7.554275e-01, "H2St1": 0, "G3PCT": 0, "EX_glcn__D_e": 0, "G3PD1ir": 1000, "G3PD2": 1.424668e-01, "HCO3E": 2.308652e-02, "EX_gln__L_e": 0, "HISt2r": 1.914894e-03, "G3PD": 9.998494e+02, "EX_glu__L_e": -5.000000e-02, "G3PD4": 0, "G5SD": 3.293455e-02, "ILEt2r_copy1": 0, "INSt2": 2.550000e-03, "EX_gly_e": 0, "G6PDA": 0, "EX_glyb_e": 0, "G6PDH2r": 0, "G6PI": 0, "GALK2": 0, "GALM": 0, "kaasIII": 3.084372e-03, "LCTSt": 0, "HDMAT7": 2.698826e-03, "GALT": 0, "EX_glyc3p_e": 0, "EX_glyc_e": 0, "GALUi": 5.487549e-03, "GALt2": 0, "GTPCII": 0, "EX_gua_e": 0, "GRTT": 5.064650e-06, "GARFT": 0, "GAPD": 4.174104e+00, "GF6PTA": 1.072665e-02, "GHMT2r": 1.000623e-03, "EX_h2o_e": -7.554275e-01, "GK1": -9.999970e+02, "GK2": 1000, "KARA1": 0, "GTHPi": 0, "EX_h2s_e": 0, "GTHOr": 0, "GPDDA4": 0, "GLCNt2ir": 0, "GTPCI": 0, "EX_h_e": 5.239251e+00, "GLNS": 4.826493e-02, "GLCP": 0, "EX_his__L_e": -1.914894e-03, "GLCS1": 0, "GLGC": 0, "HPPK": 0, "GLNTRS2": 5.851064e-03, "EX_hxan_e": 0, "GLU5K": 3.293455e-02, "GUAt2r": 0, "GTPDPK": 0, "EX_ile__L_e": -1.000000e-02, "HXANt2r": 0, "HXPRT": 2.550000e-03, "GLNabc": 0, "GLUABUTt7": 5.000000e-02, "EX_ins_e": -2.550000e-03, "GLUDC": 0, "GLUPRT": 0, "GLUR": -5.363323e-03, "GUAPRT": 0, "GUI1": 0, "GUI2": 0, "HARAAT": 0, "HDDR5": 3.084372e-03, "HDER4": 3.084372e-03, "HDEHL4": 3.084372e-03, "GLUTRS_2": 5.851064e-03, "GLUSy": 2.868388e-02, "GLUTRS2": 5.851064e-03, "GLYC3Pt6": 0, "HHDHL7": 2.791357e-03, "HHDR7": 2.791357e-03, "EX_lac__L_e": 4.000000e-01, "HHYR2": 3.084372e-03, "HOCR3": 3.084372e-03, "HODR8": 1.788936e-03, "HBUR1": 3.084372e-03, "GLYCt": 0, "HTDR6": 3.084372e-03, "EX_lcts_e": 0, "HCYSMT": 0, "HETZK": 0, "GMPR": 0, "GLYK": 3.494609e-04, "EX_leu__L_e": -1.000000e-02, "GLYTRS_1": 6.276596e-03, "GMPS2": 3.003338e-03, "HEX1": 0, "HIBD": 0, "EX_lys__L_e": -1.135369e-02, "HISTD": 0, "GNKr": 0, "GPDDA1": 0, "GPDDA2": 0, "HISTP": 0, "EX_mal__L_e": 0, "HMGCOAR": -5.571115e-05, "HISTRS_1": 1.914894e-03, "HMGCOAS": -5.571115e-05, "HSERTA": 0, "HMPK1": 0, "LEUt2r_copy1": 0, "EX_malt_e": 0, "LPGS_LLA": 3.292023e-05, "LTAS_LLA": 3.798488e-04, "HSST": 0, "EX_man_e": 0, "HSDy": 0, "HSK": 0, "L_LACt2r": -4.000000e-01, "EX_met__D_e": 0, "METS": 4.009684e-04, "HSTPTr": 0, "ICDHyr": 0, "EX_met__L_e": -2.127660e-03, "ICHORS": 0, "METt2r": 0, "IGPDH_1": 0, "NACt": 5.064650e-05, "IG3PS_1": 0, "EX_mn2_e": 0, "IGPS": 8.510638e-04, "EX_mnl_e": 0, "NADN": 5.766727e-01, "EX_nac_e": -5.064650e-05, "EX_nh4_e": 0, "LEUTA": 1000, "EX_nmn_e": 0, "ILETA": 1000, "ILETRS_1": 6.170213e-03, "NDPK2": 2.065032e-02, "NDPK4": 7.617234e-04, "NDPK5": 0, "EX_o2_e": 0, "NDPK6": 0, "NDPK7": 3.373057e-04, "NDPK8": 1000, "NH3c": 1.106383e-02, "MTAN": 0, "ILEt2r_copy2": 1.000000e-02, "IMPD": 2.550000e-03, "IPDDI": 5.064650e-06, "LACZ": 0, "LDH_L": -4.000000e-01, "IPPMIa": 0, "IPPMIb": 0, "ARAT": 0, "EX_orn__L_e": 0, "METGL": 0, "LEUt2r_copy2": 1.000000e-02, "LEUTRS_1": 9.361702e-03, "EX_orot_e": -4.390000e-03, "LYSTRS_1": 5.990367e-03, "O2t": 0, "EX_pacald_e": 0, "OROATP": 4.390000e-03, "M1PD": 0, "LYSt2r": 1.135369e-02, "MACPMT": 2.308652e-02, "4ABZt": 0, "EX_pea_e": 0, "PACALDt": 0, "MALLAC": 0, "EX_phe__L_e": 3.148194e-04, "MALT": 0, "MPL": 0, "PAP_LLA": 0, "PEAt": 0, "PGPP_LLA": 6.963894e-03, "MALTabc": 0, "MALTATr": 0, "PHEt2r": -3.148194e-04, "MALt2r": 0, "MAN6PI": 0, "MANAO": 0, "PHPYROX": 0, "PNTOt2": 5.064650e-06, "EX_pi_e": -1.745785e-02, "PROTS_LLA": 0, "PROTS_LLA_v2": 0, "MCMAT2": 3.084372e-03, "MCMAT3": 3.084372e-03, "AHSERL2": 0,