{"THDPS": 4.176223e-03, "NADTRHD_copy1": 999999, "TDPGDH": 1.495006e-04, "TDPDRR": 1.495006e-04, "TDPDRE": 1.495006e-04, "TDMS4": 5.325867e-05, "TDMS3": 1.059867e-04, "TDMS2": 1.062761e-04, "TDMS1": 1.596795e-04, "RBFK": 0, "TATSO": 5.485064e-05, "TATS": 5.673206e-05, "THZSN": 0, "R05224": 0, "TAS": 4.231749e-04, "R05219": 0, "TARTRt7": 0, "R05217": 0, "TARTD": 0, "QULNS": 0, "TALA": -1.350527e-02, "THZPSN": 0, "SULabc": 3.111580e-03, "QRr": -999999, "SULR": 2.744413e-03, "PYRt2": 0, "CYANST_copy1": -999999, "SUCOAS": 2.883817e-02, "SUCD1": 0, "THRt2r": 0, "SUCCt2r": -3.285427e-01, "THRS": 0, "SUCBZS": 0, "THRD_L": -6.614592e-03, "PYRDC": 0, "PYK": 2.771915e+00, "PYDXO": 0, "PYDXNO": 0, "PYAM5PO": 0, "PUNP7": 0, "THMDP": 0, "THFGLUS": 0, "SUCBZL": 0, "PUNP6": 0, "PUNP5": -1.047951e-03, "PUNP4": 0, "PUNP3": 0, "PUNP2": 0, "PMANM": -3.088569e-03, "PUNP1": 1.047951e-03, "SSALy": 0, "PLIPA1E180": 0, "PTPATi": 0, "SSALx": 3.847132e-01, "PTAr": 1.410144e-01, "PLIPA1E160": 0, "PLCD": 0, "PSSA180": 0, "SPODM": 0, "PIt": -5.346509e-02, "PSSA160": 1.959089e-04, "SPMS": 0, "PSP_L": 4.605162e-02, "SOTA": 0, "PSERT": 4.605162e-02, "PIabc": 0, "SKMt2": 0, "PHYCBOXL": 0, "PHTO": 0, "PSD180": 0, "PSD160": 1.959089e-04, "PSCVT": 5.344295e-03, "PRPPS": 4.473164e-02, "PROt2r": 0, "PHTHS2": 6.980552e-05, "PHTHS": 1.316994e-05, "PHTHDLS2": 6.980552e-05, "SHSL4r": 1.084687e-02, "PHTHDLS": 1.316994e-05, "PHTHCLS": 0, "PROabc": 0, "PHTHCLR2": -999999, "PROD2": 0, "PHTHCLR1": 999999, "SHSL1": 1.683099e-03, "PRMICI": 1.959427e-03, "SHKK": 5.344295e-03, "PRFGS": 1.895063e-02, "PREPTTA": -1.316994e-05, "PHEt2r": 0, "PHETA1": -2.320515e-03, "SHK3Dr": 5.344295e-03, "PHDCAt": 0, "PREPTHS2": 6.980552e-05, "PREPTHS": 1.316994e-05, "PREPPACPH": 6.980552e-05, "PHDCATA": -3.113027e-04, "PREPHACPH": 0, "SHCHF3": 0, "PRDX": 0, "PGSA190": 2.802834e-04, "PRATPP": 1.959427e-03, "SHCHF2": 0, "PGSA160190": 8.610152e-04, "SHCHF": 0, "PGSA160": 3.129429e-04, "PRASCSi": 1.895063e-02, "PRAMPC": 1.959427e-03, "PGPPT3": 4.713199e-05, "PGPP190": 2.802834e-04, "PGPP160190": 8.610152e-04, "PGPP160": 3.129429e-04, "PRAIi": 9.708129e-04, "PRAIS": 1.895063e-02, "PRAGSr": 1.895063e-02, "PPTGS_TB2": 9.093532e-04, "PPTGS_TB1": 9.093532e-04, "PGMT": -5.703261e-03, "SHCHD3": 0, "PGM": -2.784749e+00, "PGLYCP": 0, "PGLS": 5.711799e-05, "PPTGS": 0, "PPPGO": 0, "PPNDH": 2.320515e-03, "PPND": 1.531959e-03, "PGL": 0, "PGK": -2.830801e+00, "PPNCL3": 0, "SHCHD2": 0, "PPNCL2": 0, "PGI": 9.838224e-01, "SHCHCS2": 0, "PGCD": 4.605162e-02, "PGAMT": -1.529561e-02, "PPNCL": 0, "PPK2": 0, "PFL": 5.169525e-01, "PFK": 9.284973e-01, "SHCHCS": 0, "PERD": 0, "G6PP": -9.921293e-01, "PEPCK_re": 0, "PPDK": 0, "SGSAD": 0, "PPDIMAT": 0, "PEAMNO": 0, "PPDIMAS": 6.980552e-05, "PPCSCT": 0, "PPCOAC": 0, "PPCK": 0, "PDX5POi": 0, "PDIMAT": 0, "PDIMAS": 1.316994e-05, "SGDS": 0, "PDHcr_copy1": -999999, "PDHcr_copy2": 999999, "PPCDC": 0, "PPBNGS": 0, "PPAtr": 0, "SERt2r": 0, "PPA": 9.009046e-02, "SERD_L": 0, "PNTK": 0, "PNCDC": 0, "PDHbr": 0, "PDHa": 0, "PMPK": 0, "SERD_D": 0, "PMDPHT": 0, "PDH": 0, "PDE4": 0, "PDE1": 0, "PC8XM": 0, "SERAT": 2.744413e-03, "PC6YM": 0, "SELCYSLY": 0, "PC6AR": 0, "EX_mal__L_e": 0, "PC20M": 0, "SDPTA": -4.176223e-03, "PC17M": 0, "SDPDS": 4.176223e-03, "PC11M": 0, "MPML": 0, "MOTS": 0, "MOTH": 0, "PC": 0, "PATS": 6.035018e-05, "PAPSR": 2.744413e-03, "PAPPT3": 4.756617e-05, "SALCS": 1.399005e-04, "PAPPT2": 9.579807e-04, "SADT2": 0, "PAPPT1": 9.579807e-04, "MOHMT": 0, "PAPA160": 0, "SADT": 3.111580e-03, "PANTS": 0, "PACt2r": 0, "MNDNS2": 0, "MNDNS1": 0, "MN6PP": 4.586083e-03, "P5CRx": 6.658974e-03, "SADH": 0, "P5CR": 0, "P5CD": 0, "MMSAD3": 0, "RZ5PP": 0, "OXGDC2": 0, "RRPPDIMAS": 5.711799e-05, "RPPDIMAS": 5.711799e-05, "MTHFD": -9.999990e+05, "RPI": -3.122637e-02, "MTHFC": 2.925310e-02, "MTAN": 0, "RPE": -3.235483e-02, "MSHS": 0, "MSHOXH": 0, "RNTR4": 1.762264e-04, "MSHAMID": 0, "MMSAD2": 0, "RNDR4": 0, "MMSAD1": 0, "UDPGALM": 1.057937e-03, "UDPG4E": 3.734089e-03, "UDPDPS2": 0, "RNDR3": 3.214334e-04, "UDPDPS": 2.272177e-04, "UDCPDPS": 0, "MMM2": 1.227188e-02, "UDCPDP": 2.045924e-03, "RNDR2": 3.212405e-04, "UAPGR": 2.145398e-03, "UAMRH": 4.713199e-05, "MME": 1.227188e-02, "MMCD": 0, "UAMAS": 1.963527e-03, "MI4PP": 0, "RNDR1": 1.684595e-04, "MI3PP": 0, "UAMAGS": 1.963527e-03, "UAGPT3": 4.756617e-05, "UAGPT2": 9.579807e-04, "RIBabc": 0, "MI1PS": 7.839734e-04, "RBK_L1": 0, "MI1PP": 7.839734e-04, "MHPGLUT": 0, "UAGPT1": 9.579807e-04, "UAGDP": 4.191322e-03, "RBK_Dr": -1.128466e-03, "UAGCVT": 2.145398e-03, "UAAGLS2": 9.579807e-04, "MGt5": 0, "RBK": 0, "METabc": 0, "UAAGLS1": 9.579807e-04, "UAAGDS": 4.756617e-05, "TYRt2r": 0, "TYRTA": -1.531959e-03, "METSOXR2": 0, "METSOXR1": 0, "TTDCAt2": 0, "METS": 5.721206e-03, "RBFSb": 0, "METOX2s": 0, "METOX1s": 0, "TSULabc": 0, "TRPt2r": 0, "TRPTA": 0, "METAT": 4.038107e-03, "RBFSa": 0, "MEPCT": 2.499395e-03, "MEOHt2": 0, "TRPS3": 0, "TRPS2": 0, "IPPMIa": -9.875334e-03, "TRPS1": 9.708129e-04, "TRIATS": 0, "TREabc": 0, "MECDPS": 2.499395e-03, "MECDPDH": 2.499395e-03, "ME1": 0, "MDH": 2.154427e-01, "TRESULT": 3.671664e-04, "TRE6PS": 1.819671e-03, "TRE6PP": 1.506535e-03, "MDFDH": 0, "IPMD": 9.875334e-03, "MCOATA": 2.860984e-02, "MCD": 0, "TRDR": 3.731773e-03, "TPI": 1.922682e+00, "TMPPP": 0, "TMPK": 0, "TMN": 0, "TMHAS6": 0, "MCBTS3": 7.226584e-05, "MCBTS2": 0, "MCBTS": 6.763465e-05, "MANAT3": 6.145973e-05, "MANAT2": 2.560661e-04, "TMHAS5": 0, "MANAT1": 8.109404e-05, "TMHAS4": 5.292098e-05, "IPDPS": 2.499395e-03, "TMHAS3": 5.325867e-05, "TMHAS2": 5.306570e-05, "MAN6PI": -7.674651e-03, "MAN1PT2": 3.088569e-03, "MAN1PT": 0, "MALt2r": 0, "TMHAS1": 5.335515e-05, "IPDDI": 2.272177e-04, "TMDS": 1.762264e-04, "TMDPP": 0, "TMDK1": 0, "BIOMASS_Mtb_9_60atp": 4.824155e-02, "YUMPS": 0, "TKT2": -1.884956e-02, "XYLabc": 0, "INSK": 0, "TKT1": -1.350527e-02, "INSH": 1.047951e-03, "MALTabc": 0, "XYLK": 0, "MALTHPabc": 0, "INDPYRD": 0, "MALT": 0, "XPPT": 0, "VALt2r": -1.091002e+00, "VALTA": -1.100932e+00, "URIK2": 0, "URIDK2r": -1.762264e-04, "UMPK_copy1": 999999, "UREA": 0, "MALS": 0, "L_LACt3": 0, "L_LACt2r": 0, "UPPRT": 0, "IMPD": 1.207534e-02, "UPPDC2": 0, "UPPDC1": 0, "UPP3S": 0, "UPP3MT": 0, "L_LACD3": 0, "L_LACD2": 0, "L_LACD": 0, "LYSt5r": 0, "LPLIPAL2E180": 0, "UMPK_copy2": -9.999990e+05, "UGMDDS2": 4.713199e-05, "LPLIPAL2E160": 0, "IMPC": -2.091006e-02, "LO": 0, "UGMDDS": 4.756617e-05, "LEUt2r": 0, "UGMAS": 4.713199e-05, "ILEt2r": 0, "UGMAGS": 4.713199e-05, "UGLDDS2": 9.579807e-04, "LEUTA": -9.875334e-03, "LDH_L": 0, "UGLDDS1": 9.579807e-04, "LCTSabc": 0, "ILETA": -4.232279e-03, "UGGPT3": 4.713199e-05, "LACZ": 0, "Kt3r": -999999, "Kabc": 0, "UGAGDS": 4.713199e-05, "UDPGD": 0, "KARA2": 4.232279e-03, "IGPS": 9.708129e-04, "KARA1": -1.110807e+00, "GLYCTO1": 0, "IGPDH": 1.959427e-03, "IGAMD": 0, "IG3PS": 1.959427e-03, "GLYCL": 0, "IPPS": 9.875334e-03, "ID3ACALDt": 0, "IPPMIb": -9.875334e-03, "GLYCK": 0, "ICL": 1.437588e-01, "GLYC3Pabc": 0, "GLYBabc": 0, "ICHORS": 0, "ICDHyr": 0, "GLXO1": 0, "IACGAMS": 0, "HXPRT": 0, "HSTPT": 1.959427e-03, "GLUt2r": 4.063377e-01, "EX_lys__L_e": 0, "HSST": 1.252997e-02, "EX_leu__L_e": 0, "GLUTRR": 0, "GLUSy": 0, "GLUR": -2.010659e-03, "HSK": 0, "GLUPRT": 1.895063e-02, "GLUDxi": -8.894748e-01, "HSERTA": 0, "GLUDC": 3.847132e-01, "GLUCYS": 0, "GLU5K": 6.658974e-03, "GLNSP3": 0, "EX_lcts_e": 0, "EX_lac__L_e": 0, "EX_k_e": 0, "EX_ile__L_e": 0, "GLNSP2": 0, "GLNSP1": 0, "HSDy": 9.999990e+05, "GLNS": 9.820382e-02, "GLGC": 0, "EX_id3acald_e": 0, "HSDxi": 999999, "EX_his__L_e": 0, "GLCabc": 1, "GLCS1": 0, "GLCP": 0, "HPPK2": 0, "EX_hdca_e": 0, "HPPK": 0, "EX_h_e": 1.412914e+00, "GK1": 3.212405e-04, "GHMT2r": 3.515053e-02, "EX_h2s_e": 0, "EX_h2o_e": 999999, "GGLUCT2": 0, "HOPNTAL": 0, "GFUCS": 5.711799e-05, "GF6PTA": 1.529561e-02, "GCCc": 0, "EX_h2co3_e": -9.999951e+05, "EX_h2_e": 5.063449e-01, "GCCb": 0, "HMPK4": 0, "GCCa": 0, "GCC2": 0, "GARFT": 1.895063e-02, "GAPD": 2.830801e+00, "GALt2": 0, "EX_gthrd_e": 0, "EX_glyc_e": -1, "EX_glyc3p_e": 0, "EX_glyb_e": 0,