{"THDPS": 1.069465e-03, "NADTRHD_copy1": 0, "TDPGDH": 3.828476e-05, "TDPDRR": 3.828476e-05, "TDPDRE": 3.828476e-05, "TDMS4": 1.363871e-05, "TDMS3": 2.714154e-05, "TDMS2": 2.721566e-05, "TDMS1": 4.089144e-05, "RBFK": 0, "TATSO": 1.404639e-05, "TATS": 1.452820e-05, "THZSN": 0, "R05224": 0, "TAS": 1.083685e-04, "R05219": 0, "TARTRt7": 0, "R05217": 0, "TARTD": 0, "QULNS": 0, "TALA": 0, "THZPSN": 0, "SULabc": 7.968271e-04, "QRr": 0, "SULR": 7.028015e-04, "PYRt2": 0, "CYANST_copy1": 0, "SUCOAS": 0, "SUCD1": 0, "THRt2r": 0, "SUCCt2r": 0, "THRS": 0, "SUCBZS": 0, "THRD_L": -1.693894e-03, "PYRDC": 0, "PYK": 8.620586e-01, "PYDXO": 0, "PYDXNO": 0, "PYAM5PO": 0, "PUNP7": 0, "THMDP": 0, "THFGLUS": 0, "SUCBZL": 0, "PUNP6": 0, "PUNP5": 0, "PUNP4": 0, "PUNP3": 0, "PUNP2": 0, "PMANM": -7.909343e-04, "PUNP1": 0, "SSALy": 9.336489e-01, "PLIPA1E180": 0, "PTPATi": 0, "SSALx": 0, "PTAr": -2.930179e-01, "PLIPA1E160": 0, "PLCD": 0, "PSSA180": 0, "SPODM": 0, "PIt": -2.118284e-02, "PSSA160": 5.016922e-05, "SPMS": 0, "PSP_L": 1.928436e-02, "SOTA": 0, "PSERT": 1.928436e-02, "PIabc": 0, "SKMt2": 0, "PHYCBOXL": 0, "PHTO": 0, "PSD180": 0, "PSD160": 5.016922e-05, "PSCVT": 1.923532e-02, "PRPPS": 1.894634e-02, "PROt2r": 0, "PHTHS2": 1.787611e-05, "PHTHS": 3.372617e-06, "PHTHDLS2": 1.787611e-05, "SHSL4r": 3.004740e-02, "PHTHDLS": 3.372617e-06, "PHTHCLS": 0, "PROabc": 0, "PHTHCLR2": -999999, "PROD2": 2.032455e+00, "PHTHCLR1": 999999, "SHSL1": 4.310155e-04, "PRMICI": 5.017787e-04, "SHKK": 1.923532e-02, "PRFGS": 1.234422e-02, "PREPTTA": 0, "PHEt2r": 0, "PHETA1": -5.942477e-04, "SHK3Dr": 1.923532e-02, "PHDCAt": 0, "PREPTHS2": 1.787611e-05, "PREPTHS": 3.372617e-06, "PREPPACPH": 1.787611e-05, "PHDCATA": -7.971977e-05, "PREPHACPH": 3.372617e-06, "SHCHF3": 0, "PRDX": 0, "PGSA190": 7.177621e-05, "PRATPP": 5.017787e-04, "SHCHF2": 0, "PGSA160190": 2.204926e-04, "SHCHF": 0, "PGSA160": 8.013980e-05, "PRASCSi": 1.234422e-02, "PRAMPC": 5.017787e-04, "PGPPT3": 1.206977e-05, "PGPP190": 7.177621e-05, "PGPP160190": 2.204926e-04, "PGPP160": 8.013980e-05, "PRAIi": 2.486100e-04, "PRAIS": 1.234422e-02, "PRAGSr": 1.234422e-02, "PPTGS_TB2": 2.328712e-04, "PPTGS_TB1": 2.328712e-04, "PGMT": -1.460516e-03, "SHCHD3": 0, "PGM": -9.010787e-01, "PGLYCP": 0, "PGLS": 1.462703e-05, "PPTGS": 0, "PPPGO": 0, "PPNDH": 5.942477e-04, "PPND": 1.825904e-02, "PGL": 0, "PGK": -9.203631e-01, "PPNCL3": 0, "SHCHD2": 0, "PPNCL2": 0, "PGI": -4.142834e-03, "SHCHCS2": 0, "PGCD": 1.928436e-02, "PGAMT": -3.916967e-03, "PPNCL": 0, "PPK2": 0, "PFL": 2.519022e-02, "PFK": 0, "SHCHCS": 0, "PERD": 0, "G6PP": 2.015565e-03, "PEPCK_re": 0, "PPDK": 0, "SGSAD": 0, "PPDIMAT": 0, "PEAMNO": 0, "PPDIMAS": 1.787611e-05, "PPCSCT": 9.686208e-01, "PPCOAC": 0, "PPCK": 0, "PDX5POi": 0, "PDIMAT": 0, "PDIMAS": 3.372617e-06, "SGDS": 0, "PDHcr_copy1": 0, "PDHcr_copy2": 0, "PPCDC": 0, "PPBNGS": 0, "PPAtr": -9.686208e-01, "SERt2r": 0, "PPA": 4.746706e-02, "SERD_L": 0, "PNTK": 0, "PNCDC": 0, "PDHbr": 0, "PDHa": 0, "PMPK": 0, "SERD_D": 0, "PMDPHT": 0, "PDH": 0, "PDE4": 0, "PDE1": 0, "PC8XM": 0, "SERAT": 7.028015e-04, "PC6YM": 0, "SELCYSLY": 0, "PC6AR": 0, "EX_mal__L_e": 0, "PC20M": 0, "SDPTA": -1.069465e-03, "PC17M": 0, "SDPDS": 1.069465e-03, "PC11M": 0, "MPML": 0, "MOTS": 0, "MOTH": 0, "PC": 0, "PATS": 1.545474e-05, "PAPSR": 7.028015e-04, "PAPPT3": 1.218095e-05, "SALCS": 3.582633e-05, "PAPPT2": 2.453239e-04, "SADT2": 0, "PAPPT1": 2.453239e-04, "MOHMT": 0, "PAPA160": 0, "SADT": 7.968271e-04, "PANTS": 0, "PACt2r": 0, "MNDNS2": 0, "MNDNS1": 0, "MN6PP": 1.174424e-03, "P5CRx": 2.034161e+00, "SADH": 0, "P5CR": 0, "P5CD": 0, "MMSAD3": 0, "RZ5PP": 0, "OXGDC2": 0, "RRPPDIMAS": 1.462703e-05, "RPPDIMAS": 1.462703e-05, "MTHFD": 0, "RPI": -1.894634e-02, "MTHFC": 0, "MTAN": 0, "RPE": -1.923532e-02, "MSHS": 0, "MSHOXH": 0, "RNTR4": 0, "MSHAMID": 0, "MMSAD2": 0, "RNDR4": 4.512883e-05, "MMSAD1": 0, "UDPGALM": 2.709212e-04, "UDPG4E": 9.562419e-04, "UDPDPS2": 0, "RNDR3": 8.231409e-05, "UDPDPS": 0, "UDCPDPS": 5.818691e-05, "MMM2": 9.717634e-01, "UDCPDP": 5.239292e-04, "RNDR2": 8.226467e-05, "UAPGR": 5.494030e-04, "UAMRH": 1.206977e-05, "MME": 9.717634e-01, "MMCD": 9.686208e-01, "UAMAS": 5.028288e-04, "MI4PP": 0, "RNDR1": 4.313985e-05, "MI3PP": 0, "UAMAGS": 5.028288e-04, "UAGPT3": 1.218095e-05, "UAGPT2": 2.453239e-04, "RIBabc": 0, "MI1PS": 2.007634e-04, "RBK_L1": 0, "MI1PP": 2.007634e-04, "MHPGLUT": 0, "UAGPT1": 2.453239e-04, "UAGDP": 1.073332e-03, "RBK_Dr": -2.889826e-04, "UAGCVT": 5.494030e-04, "UAAGLS2": 2.453239e-04, "MGt5": 0, "RBK": 0, "METabc": 0, "UAAGLS1": 2.453239e-04, "UAAGDS": 1.218095e-05, "TYRt2r": -1.786673e-02, "TYRTA": -1.825904e-02, "METSOXR2": 0, "METSOXR1": 0, "TTDCAt2": 0, "METS": 1.644764e-02, "RBFSb": 0, "METOX2s": 0, "METOX1s": 0, "TSULabc": 0, "TRPt2r": 0, "TRPTA": 0, "METAT": 1.601662e-02, "RBFSa": 0, "MEPCT": 6.400560e-04, "MEOHt2": 0, "TRPS3": 0, "TRPS2": 0, "IPPMIa": -2.528919e-03, "TRPS1": 2.486100e-04, "TRIATS": 0, "TREabc": 0, "MECDPS": 6.400560e-04, "MECDPDH": 6.400560e-04, "ME1": 0, "MDH": 0, "TRESULT": 9.402560e-05, "TRE6PS": 4.659894e-04, "TRE6PP": 3.858002e-04, "MDFDH": 0, "IPMD": 2.528919e-03, "MCOATA": 9.722167e-02, "MCD": 0, "TRDR": 9.556489e-04, "TPI": 9.692503e-01, "TMPPP": 0, "TMPK": 0, "TMN": 0, "TMHAS6": 0, "MCBTS3": 1.850615e-05, "MCBTS2": 0, "MCBTS": 1.732018e-05, "MANAT3": 1.573888e-05, "MANAT2": 6.557454e-05, "TMHAS5": 0, "MANAT1": 2.076692e-05, "TMHAS4": 1.355224e-05, "IPDPS": 5.818691e-04, "TMHAS3": 1.363871e-05, "TMHAS2": 1.358930e-05, "MAN6PI": -1.965359e-03, "MAN1PT2": 7.909343e-04, "MAN1PT": 0, "MALt2r": 0, "TMHAS1": 1.366342e-05, "IPDDI": 0, "TMDS": 4.512883e-05, "TMDPP": 0, "TMDK1": 0, "BIOMASS_Mtb_9_60atp": 1.235391e-02, "YUMPS": 0, "TKT2": -1.923532e-02, "XYLabc": 0, "INSK": 1.574826e-02, "TKT1": 0, "INSH": 2.683639e-04, "MALTabc": 0, "XYLK": 0, "MALTHPabc": 0, "INDPYRD": 0, "MALT": 0, "XPPT": 0, "VALt2r": -1.961083e-01, "VALTA": -1.986510e-01, "URIK2": 0, "URIDK2r": -4.512883e-05, "UMPK_copy1": 3.786102e-03, "UREA": 0, "MALS": 0, "L_LACt3": 0, "L_LACt2r": 0, "UPPRT": 0, "IMPD": 3.092307e-03, "UPPDC2": 0, "UPPDC1": 0, "UPP3S": 0, "UPP3MT": 0, "L_LACD3": 0, "L_LACD2": 0, "L_LACD": 0, "LYSt5r": 0, "LPLIPAL2E180": 0, "UMPK_copy2": 0, "UGMDDS2": 1.206977e-05, "LPLIPAL2E160": 0, "IMPC": -1.284600e-02, "LO": 0, "UGMDDS": 1.218095e-05, "LEUt2r": 0, "UGMAS": 1.206977e-05, "ILEt2r": -2.726968e-02, "UGMAGS": 1.206977e-05, "UGLDDS2": 2.453239e-04, "LEUTA": -2.528919e-03, "LDH_L": 0, "UGLDDS1": 2.453239e-04, "LCTSabc": 0, "ILETA": -2.835350e-02, "UGGPT3": 1.206977e-05, "LACZ": 0, "Kt3r": 0, "Kabc": 0, "UGAGDS": 1.206977e-05, "UDPGD": 0, "KARA2": 2.835350e-02, "IGPS": 2.486100e-04, "KARA1": -2.011800e-01, "GLYCTO1": 0, "IGPDH": 5.017787e-04, "IGAMD": 0, "IG3PS": 5.017787e-04, "GLYCL": 0, "IPPS": 2.528919e-03, "ID3ACALDt": 0, "IPPMIb": -2.528919e-03, "GLYCK": 0, "ICL": 0, "GLYC3Pabc": 0, "GLYBabc": 0, "ICHORS": 0, "ICDHyr": 0, "GLXO1": 0, "IACGAMS": 0, "HXPRT": 2.683639e-04, "HSTPT": 5.017787e-04, "GLUt2r": 9.391866e-01, "EX_lys__L_e": 0, "HSST": 3.047841e-02, "EX_leu__L_e": 0, "GLUTRR": 0, "GLUSy": 0, "GLUR": -5.148985e-04, "HSK": 0, "GLUPRT": 1.234422e-02, "GLUDxi": 0, "HSERTA": 0, "GLUDC": 0, "GLUCYS": 0, "GLU5K": 0, "GLNSP3": 0, "EX_lcts_e": 0, "EX_lac__L_e": 0, "EX_k_e": 0, "EX_ile__L_e": 2.726968e-02, "GLNSP2": 0, "GLNSP1": 0, "HSDy": 9.999989e+05, "GLNS": 4.013099e-02, "GLGC": 0, "EX_id3acald_e": 0, "HSDxi": 9.999989e+05, "EX_his__L_e": 0, "GLCabc": 0, "GLCS1": 0, "GLCP": 0, "HPPK2": 0, "EX_hdca_e": 0, "HPPK": 0, "EX_h_e": -5.353250e-01, "GK1": 8.226467e-05, "GHMT2r": 1.649276e-02, "EX_h2s_e": 0, "EX_h2o_e": -4.932738e-02, "GGLUCT2": 0, "HOPNTAL": 0, "GFUCS": 1.462703e-05, "GF6PTA": 3.916967e-03, "GCCc": 0, "EX_h2co3_e": 2.144495e+00, "EX_h2_e": 0, "GCCb": 0, "HMPK4": 0, "GCCa": 0, "GCC2": 0, "GARFT": 1.234422e-02, "GAPD": 9.203631e-01, "GALt2": 0, "EX_gthrd_e": 0, "EX_glyc_e": -1, "EX_glyc3p_e": 0, "EX_glyb_e": 0, "EX_gly_e": 0, "EX_glu__L_e": -9.391866e-01, "GALUi": 1.422231e-03, "GALT": -6.853207e-04, "GALKr": -6.853207e-04,