{"THDPS": 1.268092e-03, "NADTRHD_copy1": 3.016531e-01, "TDPGDH": 4.539519e-05, "TDPDRR": 4.539519e-05, "TDPDRE": 4.539519e-05, "TDMS4": 1.617176e-05, "TDMS3": 3.218239e-05, "TDMS2": 3.227028e-05, "TDMS1": 4.848599e-05, "RBFK": 0, "TATSO": 1.665516e-05, "TATS": 1.722644e-05, "THZSN": 0, "R05224": 0, "TAS": 1.284952e-04, "R05219": 0, "TARTRt7": 0, "R05217": 0, "TARTD": 0, "QULNS": 0, "TALA": -4.100816e-03, "THZPSN": 0, "SULabc": 9.448177e-04, "QRr": 0, "SULR": 8.333292e-04, "PYRt2": 0, "CYANST_copy1": -999999, "SUCOAS": 0, "SUCD1": 0, "THRt2r": 0, "SUCCt2r": 0, "THRS": 0, "SUCBZS": 0, "THRD_L": -2.008492e-03, "PYRDC": 0, "PYK": 6.812279e-01, "PYDXO": 0, "PYDXNO": 0, "PYAM5PO": 0, "PUNP7": 0, "THMDP": 0, "THFGLUS": 0, "SUCBZL": 0, "PUNP6": 0, "PUNP5": -3.182058e-04, "PUNP4": 0, "PUNP3": 0, "PUNP2": 0, "PMANM": -9.378304e-04, "PUNP1": 3.182058e-04, "SSALy": 1.705591e-02, "PLIPA1E180": 0, "PTPATi": 0, "SSALx": 0, "PTAr": 0, "PLIPA1E160": 0, "PLCD": 0, "PSSA180": 0, "SPODM": 0, "PIt": -1.623444e-02, "PSSA160": 5.948689e-05, "SPMS": 0, "PSP_L": 2.634986e-01, "SOTA": 0, "PSERT": 2.634986e-01, "PIabc": 0, "SKMt2": 0, "PHYCBOXL": 0, "PHTO": 0, "PSD180": 0, "PSD160": 5.948689e-05, "PSCVT": 1.622772e-03, "PRPPS": 1.358257e-02, "PROt2r": 0, "PHTHS2": 2.119614e-05, "PHTHS": 3.998996e-06, "PHTHDLS2": 2.119614e-05, "SHSL4r": -9.999990e+05, "PHTHDLS": 3.998996e-06, "PHTHCLS": 0, "PROabc": 0, "PHTHCLR2": -999999, "PROD2": 0, "PHTHCLR1": 999999, "SHSL1": 999999, "PRMICI": 5.949715e-04, "SHKK": 1.622772e-03, "PRFGS": 5.754277e-03, "PREPTTA": -3.998996e-06, "PHEt2r": 0, "PHETA1": -7.046143e-04, "SHK3Dr": 1.622772e-03, "PHDCAt": 0, "PREPTHS2": 2.119614e-05, "PREPTHS": 3.998996e-06, "PREPPACPH": 2.119614e-05, "PHDCATA": -9.452571e-05, "PREPHACPH": 0, "SHCHF3": 0, "PRDX": 0, "PGSA190": 8.510683e-05, "PRATPP": 5.949715e-04, "SHCHF2": 0, "PGSA160190": 2.614435e-04, "SHCHF": 0, "PGSA160": 9.502376e-05, "PRASCSi": 5.754277e-03, "PRAMPC": 5.949715e-04, "PGPPT3": 1.431142e-05, "PGPP190": 8.510683e-05, "PGPP160190": 2.614435e-04, "PGPP160": 9.502376e-05, "PRAIi": 2.947831e-04, "PRAIS": 5.754277e-03, "PRAGSr": 5.754277e-03, "PPTGS_TB2": 2.761211e-04, "PPTGS_TB1": 2.761211e-04, "PGMT": -1.731770e-03, "SHCHD3": 0, "PGM": -6.851249e-01, "PGLYCP": 0, "PGLS": 1.734363e-05, "PPTGS": 0, "PPPGO": 0, "PPNDH": 7.046143e-04, "PPND": 4.651726e-04, "PGL": 0, "PGK": -9.486235e-01, "PPNCL3": 0, "SHCHD2": 0, "PPNCL2": 0, "PGI": -4.912261e-03, "SHCHCS2": 0, "PGCD": 2.634986e-01, "PGAMT": -4.644445e-03, "PPNCL": 0, "PPK2": 0, "PFL": 1.229085e-01, "PFK": 0, "SHCHCS": 0, "PERD": 0, "G6PP": 2.389905e-03, "PEPCK_re": 0, "PPDK": 0, "SGSAD": 0, "PPDIMAT": 0, "PEAMNO": 0, "PPDIMAS": 2.119614e-05, "PPCSCT": 0, "PPCOAC": 0, "PPCK": 0, "PDX5POi": 0, "PDIMAT": 0, "PDIMAS": 3.998996e-06, "SGDS": 0, "PDHcr_copy1": 0, "PDHcr_copy2": 0, "PPCDC": 0, "PPBNGS": 0, "PPAtr": 0, "SERt2r": 0, "PPA": 2.735558e-02, "SERD_L": 0, "PNTK": 0, "PNCDC": 0, "PDHbr": 0, "PDHa": 0, "PMPK": 0, "SERD_D": 0, "PMDPHT": 0, "PDH": 0, "PDE4": 0, "PDE1": 0, "PC8XM": 0, "SERAT": 8.333292e-04, "PC6YM": 0, "SELCYSLY": 0, "PC6AR": 0, "EX_mal__L_e": 0, "PC20M": 0, "SDPTA": -1.268092e-03, "PC17M": 0, "SDPDS": 1.268092e-03, "PC11M": 0, "MPML": 0, "MOTS": 0, "MOTH": 0, "PC": 0, "PATS": 1.832507e-05, "PAPSR": 8.333292e-04, "PAPPT3": 1.444326e-05, "SALCS": 4.248017e-05, "PAPPT2": 2.908867e-04, "SADT2": 0, "PAPPT1": 2.908867e-04, "MOHMT": 0, "PAPA160": 0, "SADT": 9.448177e-04, "PANTS": 0, "PACt2r": 0, "MNDNS2": 0, "MNDNS1": 0, "MN6PP": 1.392544e-03, "P5CRx": 2.021968e-03, "SADH": 0, "P5CR": 0, "P5CD": 0, "MMSAD3": 0, "RZ5PP": 0, "OXGDC2": 0, "RRPPDIMAS": 1.734363e-05, "RPPDIMAS": 1.734363e-05, "MTHFD": -9.999985e+05, "RPI": -9.481751e-03, "MTHFC": 5.079131e-01, "MTAN": 0, "RPE": -9.824405e-03, "MSHS": 0, "MSHOXH": 0, "RNTR4": 5.351037e-05, "MSHAMID": 0, "MMSAD2": 0, "RNDR4": 0, "MMSAD1": 0, "UDPGALM": 3.212380e-04, "UDPG4E": 1.133840e-03, "UDPDPS2": 0, "RNDR3": 9.760186e-05, "UDPDPS": 6.899366e-05, "UDCPDPS": 0, "MMM2": 3.726302e-03, "UDCPDP": 6.212359e-04, "RNDR2": 9.754327e-05, "UAPGR": 6.514408e-04, "UAMRH": 1.431142e-05, "MME": 3.726302e-03, "MMCD": 0, "UAMAS": 5.962166e-04, "MI4PP": 0, "RNDR1": 5.115199e-05, "MI3PP": 0, "UAMAGS": 5.962166e-04, "UAGPT3": 1.444326e-05, "UAGPT2": 2.908867e-04, "RIBabc": 0, "MI1PS": 2.380501e-04, "RBK_L1": 0, "MI1PP": 2.380501e-04, "MHPGLUT": 0, "UAGPT1": 2.908867e-04, "UAGDP": 1.272677e-03, "RBK_Dr": -3.426539e-04, "UAGCVT": 6.514408e-04, "UAAGLS2": 2.908867e-04, "MGt5": 0, "RBK": 0, "METabc": 0, "UAAGLS1": 2.908867e-04, "UAAGDS": 1.444326e-05, "TYRt2r": 0, "TYRTA": -4.651726e-04, "METSOXR2": 0, "METSOXR1": 0, "TTDCAt2": 0, "METS": 1.737219e-03, "RBFSb": 0, "METOX2s": 0, "METOX1s": 0, "TSULabc": 0, "TRPt2r": 0, "TRPTA": 0, "METAT": 1.226154e-03, "RBFSa": 0, "MEPCT": 7.589303e-04, "MEOHt2": 0, "TRPS3": 2.947831e-04, "TRPS2": 2.947831e-04, "IPPMIa": -2.998602e-03, "TRPS1": 0, "TRIATS": 0, "TREabc": 0, "MECDPS": 7.589303e-04, "MECDPDH": 7.589303e-04, "ME1": 0, "MDH": 3.135642e-02, "TRESULT": 1.114885e-04, "TRE6PS": 5.525352e-04, "TRE6PP": 4.574529e-04, "MDFDH": 0, "IPMD": 2.998602e-03, "MCOATA": 8.687254e-03, "MCD": 0, "TRDR": 1.133137e-03, "TPI": 9.765227e-01, "TMPPP": 0, "TMPK": 0, "TMN": 0, "TMHAS6": 0, "MCBTS3": 2.194321e-05, "MCBTS2": 0, "MCBTS": 2.053697e-05, "MANAT3": 1.866198e-05, "MANAT2": 7.775337e-05, "TMHAS5": 0, "MANAT1": 2.462385e-05, "TMHAS4": 1.606922e-05, "IPDPS": 0, "TMHAS3": 1.617176e-05, "TMHAS2": 1.611317e-05, "MAN6PI": -2.330374e-03, "MAN1PT2": 9.378304e-04, "MAN1PT": 0, "MALt2r": 0, "TMHAS1": 1.620106e-05, "IPDDI": -6.899366e-04, "TMDS": 5.351037e-05, "TMDPP": 0, "TMDK1": 0, "BIOMASS_Mtb_9_60atp": 1.464834e-02, "YUMPS": 0, "TKT2": -5.723588e-03, "XYLabc": 0, "INSK": 0, "TKT1": -4.100816e-03, "INSH": 3.182058e-04, "MALTabc": 0, "XYLK": 0, "MALTHPabc": 0, "INDPYRD": 0, "MALT": 0, "XPPT": 0, "VALt2r": 0, "VALTA": -3.015023e-03, "URIK2": 0, "URIDK2r": -5.351037e-05, "UMPK_copy1": 999999, "UREA": 0, "MALS": 0, "L_LACt3": 0, "L_LACt2r": 0, "UPPRT": 0, "IMPD": 3.666625e-03, "UPPDC2": 0, "UPPDC1": 0, "UPP3S": 0, "UPP3MT": 0, "L_LACD3": 0, "L_LACD2": 0, "L_LACD": 0, "LYSt5r": 0, "LPLIPAL2E180": 0, "UMPK_copy2": -9.999990e+05, "UGMDDS2": 1.431142e-05, "LPLIPAL2E160": 0, "IMPC": -6.349248e-03, "LO": 0, "UGMDDS": 1.444326e-05, "LEUt2r": 0, "UGMAS": 1.431142e-05, "ILEt2r": 0, "UGMAGS": 1.431142e-05, "UGLDDS2": 2.908867e-04, "LEUTA": -2.998602e-03, "LDH_L": 0, "UGLDDS1": 2.908867e-04, "LCTSabc": 0, "ILETA": -1.285113e-03, "UGGPT3": 1.431142e-05, "LACZ": 0, "Kt3r": -999999, "Kabc": 0, "UGAGDS": 1.431142e-05, "UDPGD": 0, "KARA2": 1.285113e-03, "IGPS": 2.947831e-04, "KARA1": -6.013625e-03, "GLYCTO1": 0, "IGPDH": 5.949715e-04, "IGAMD": 0, "IG3PS": 5.949715e-04, "GLYCL": 0, "IPPS": 2.998602e-03, "ID3ACALDt": 0, "IPPMIb": -2.998602e-03, "GLYCK": 0, "ICL": 9.589914e-03, "GLYC3Pabc": 0, "GLYBabc": 0, "ICHORS": 0, "ICDHyr": 0, "GLXO1": 0, "IACGAMS": 0, "HXPRT": 0, "HSTPT": 5.949715e-04, "GLUt2r": 2.362211e-02, "EX_lys__L_e": 0, "HSST": 3.804671e-03, "EX_leu__L_e": 0, "GLUTRR": 0, "GLUSy": 0, "GLUR": -6.105280e-04, "HSK": 0, "GLUPRT": 5.754277e-03, "GLUDxi": -2.794619e+00, "HSERTA": 0, "GLUDC": 1.705591e-02, "GLUCYS": 0, "GLU5K": 2.021968e-03, "GLNSP3": 0, "EX_lcts_e": 0, "EX_lac__L_e": 0, "EX_k_e": 0, "EX_ile__L_e": 0, "GLNSP2": 0, "GLNSP1": 0, "HSDy": 9.999990e+05, "GLNS": 2.981916e-02, "GLGC": 0, "EX_id3acald_e": 0, "HSDxi": 999999, "EX_his__L_e": 0, "GLCabc": 0, "GLCS1": 0, "GLCP": 0, "HPPK2": 0, "EX_hdca_e": 0, "HPPK": 0, "EX_h_e": 5.998510e-01, "GK1": 9.754327e-05, "GHMT2r": 2.601885e-01, "EX_h2s_e": 0, "EX_h2o_e": 1.085518e+00, "GGLUCT2": 0, "HOPNTAL": 0, "GFUCS": 1.734363e-05, "GF6PTA": 4.644445e-03, "GCCc": 2.495152e-01, "EX_h2co3_e": 8.953343e-01, "EX_h2_e": 6.187181e-01, "GCCb": 2.495152e-01, "HMPK4": 0, "GCCa": 2.495152e-01, "GCC2": 0, "GARFT": 5.754277e-03, "GAPD": 9.486235e-01, "GALt2": 0, "EX_gthrd_e": 0, "EX_glyc_e": -1, "EX_glyc3p_e": 0, "EX_glyb_e": 0, "EX_gly_e": 0, "EX_glu__L_e": -2.362211e-02,