{"THDPS": 2.691112e-03, "NADTRHD_copy1": 999999, "TDPGDH": 9.633651e-05, "TDPDRR": 9.633651e-05, "TDPDRE": 9.633651e-05, "TDMS4": 3.431930e-05, "TDMS3": 6.829665e-05, "TDMS2": 6.848316e-05, "TDMS1": 1.028957e-04, "RBFK": 0, "TATSO": 3.534515e-05, "TATS": 3.655751e-05, "THZSN": 0, "R05224": 0, "TAS": 2.726892e-04, "R05219": 0, "TARTRt7": 0, "R05217": 0, "TARTD": 0, "QULNS": 0, "TALA": -1.057092e-02, "THZPSN": 0, "SULabc": 2.005068e-03, "QRr": 1.998059e+00, "SULR": 1.768470e-03, "PYRt2": 0, "CYANST_copy1": 0, "SUCOAS": 5.653674e-02, "SUCD1": 0, "THRt2r": 0, "SUCCt2r": 0, "THRS": 0, "SUCBZS": 0, "THRD_L": -4.262370e-03, "PYRDC": 2.336465e-01, "PYK": 1.781853e+00, "PYDXO": 0, "PYDXNO": 0, "PYAM5PO": 0, "PUNP7": 0, "THMDP": 0, "THFGLUS": 0, "SUCBZL": 0, "PUNP6": 0, "PUNP5": -6.752881e-04, "PUNP4": 0, "PUNP3": 0, "PUNP2": 0, "PMANM": -1.990240e-03, "PUNP1": 6.752881e-04, "SSALy": 9.860654e-01, "PLIPA1E180": 0, "PTPATi": 0, "SSALx": 0, "PTAr": -2.354149e-01, "PLIPA1E160": 0, "PLCD": 0, "PSSA180": 0, "SPODM": 0, "PIt": -4.566198e-02, "PSSA160": 1.262415e-04, "SPMS": 0, "PSP_L": 6.854747e-02, "SOTA": 0, "PSERT": 6.854747e-02, "PIabc": 0, "SKMt2": 0, "PHYCBOXL": 0, "PHTO": 0, "PSD180": 0, "PSD160": 1.262415e-04, "PSCVT": 3.443805e-03, "PRPPS": 3.442941e-02, "PROt2r": 0, "PHTHS2": 4.498191e-05, "PHTHS": 8.486566e-06, "PHTHDLS2": 4.498191e-05, "SHSL4r": 4.494334e-02, "PHTHDLS": 8.486566e-06, "PHTHCLS": 0, "PROabc": 0, "PHTHCLR2": -999999, "PROD2": 0, "PHTHCLR1": 999999, "SHSL1": 1.084571e-03, "PRMICI": 1.262633e-03, "SHKK": 3.443805e-03, "PRFGS": 1.221158e-02, "PREPTTA": -8.486566e-06, "PHEt2r": 0, "PHETA1": -1.495314e-03, "SHK3Dr": 3.443805e-03, "PHDCAt": 0, "PREPTHS2": 4.498191e-05, "PREPTHS": 8.486566e-06, "PREPPACPH": 4.498191e-05, "PHDCATA": -2.006000e-04, "PREPHACPH": 0, "SHCHF3": 0, "PRDX": 0, "PGSA190": 1.806115e-04, "PRATPP": 1.262633e-03, "SHCHF2": 0, "PGSA160190": 5.548287e-04, "SHCHF": 0, "PGSA160": 2.016570e-04, "PRASCSi": 1.221158e-02, "PRAMPC": 1.262633e-03, "PGPPT3": 3.037134e-05, "PGPP190": 1.806115e-04, "PGPP160190": 5.548287e-04, "PGPP160": 2.016570e-04, "PRAIi": 6.255811e-04, "PRAIS": 1.221158e-02, "PRAGSr": 1.221158e-02, "PPTGS_TB2": 5.859771e-04, "PPTGS_TB1": 5.859771e-04, "PGMT": -9.279951e-03, "SHCHD3": 0, "PGM": -1.879874e+00, "PGLYCP": 0, "PGLS": 3.680620e-05, "PPTGS": 0, "PPPGO": 0, "PPNDH": 1.495314e-03, "PPND": 9.871772e-04, "PGL": 0, "PGK": -1.948421e+00, "PPNCL3": 0, "SHCHD2": 0, "PPNCL2": 0, "PGI": 9.839705e-01, "SHCHCS2": 0, "PGCD": 6.854747e-02, "PGAMT": -9.856322e-03, "PPNCL": 0, "PPK2": 0, "PFL": 6.835416e-03, "PFK": 9.445831e-01, "SHCHCS": 0, "PERD": 0, "G6PP": -9.949282e-01, "PEPCK_re": 9.999989e+05, "PPDK": 0, "SGSAD": 0, "PPDIMAT": 0, "PEAMNO": 0, "PPDIMAS": 4.498191e-05, "PPCSCT": 9.960621e-01, "PPCOAC": 0, "PPCK": -999999, "PDX5POi": 0, "PDIMAT": 0, "PDIMAS": 8.486566e-06, "SGDS": 0, "PDHcr_copy1": 0, "PDHcr_copy2": 0, "PPCDC": 0, "PPBNGS": 0, "PPAtr": -9.960621e-01, "SERt2r": 0, "PPA": 6.926296e-02, "SERD_L": 3.887231e-02, "PNTK": 0, "PNCDC": 0, "PDHbr": 0, "PDHa": 0, "PMPK": 0, "SERD_D": 0, "PMDPHT": 0, "PDH": 0, "PDE4": 0, "PDE1": 0, "PC8XM": 0, "SERAT": 1.768470e-03, "PC6YM": 0, "SELCYSLY": 0, "PC6AR": 0, "EX_mal__L_e": 0, "PC20M": 0, "SDPTA": -2.691112e-03, "PC17M": 0, "SDPDS": 2.691112e-03, "PC11M": 0, "MPML": 0, "MOTS": 0, "MOTH": 0, "PC": 0, "PATS": 3.888899e-05, "PAPSR": 1.768470e-03, "PAPPT3": 3.065111e-05, "SALCS": 9.015033e-05, "PAPPT2": 6.173122e-04, "SADT2": 0, "PAPPT1": 6.173122e-04, "MOHMT": 0, "PAPA160": 0, "SADT": 2.005068e-03, "PANTS": 0, "PACt2r": 0, "MNDNS2": 0, "MNDNS1": 0, "MN6PP": 2.955221e-03, "P5CRx": 0, "SADH": 0, "P5CR": 4.290969e-03, "P5CD": 0, "MMSAD3": 0, "RZ5PP": 0, "OXGDC2": 0, "RRPPDIMAS": 3.680620e-05, "RPPDIMAS": 3.680620e-05, "MTHFD": 999999, "RPI": -2.385848e-02, "MTHFC": 1.885037e-02, "MTAN": 0, "RPE": -2.458565e-02, "MSHS": 0, "MSHOXH": 0, "RNTR4": 1.135583e-04, "MSHAMID": 0, "MMSAD2": 0, "RNDR4": 0, "MMSAD1": 0, "UDPGALM": 6.817230e-04, "UDPG4E": 8.011038e-03, "UDPDPS2": 0, "RNDR3": 2.071282e-04, "UDPDPS": 1.464166e-04, "UDCPDPS": 0, "MMM2": 1.003970e+00, "UDCPDP": 1.318371e-03, "RNDR2": 2.070038e-04, "UAPGR": 1.382471e-03, "UAMRH": 3.037134e-05, "MME": 1.003970e+00, "MMCD": 9.960621e-01, "UAMAS": 1.265275e-03, "MI4PP": 0, "RNDR1": 1.085534e-04, "MI3PP": 0, "UAMAGS": 1.265275e-03, "UAGPT3": 3.065111e-05, "UAGPT2": 6.173122e-04, "RIBabc": 0, "MI1PS": 5.051838e-04, "RBK_L1": 0, "MI1PP": 5.051838e-04, "MHPGLUT": 0, "UAGPT1": 6.173122e-04, "UAGDP": 2.700842e-03, "RBK_Dr": -7.271712e-04, "UAGCVT": 1.382471e-03, "UAAGLS2": 6.173122e-04, "MGt5": 0, "RBK": 0, "METabc": 0, "UAAGLS1": 6.173122e-04, "UAAGDS": 3.065111e-05, "TYRt2r": 0, "TYRTA": -9.871772e-04, "METSOXR2": 0, "METSOXR1": 0, "TTDCAt2": 0, "METS": 3.686682e-03, "RBFSb": 0, "METOX2s": 0, "METOX1s": 0, "TSULabc": 0, "TRPt2r": 0, "TRPTA": 0, "METAT": 2.602112e-03, "RBFSa": 0, "MEPCT": 1.610582e-03, "MEOHt2": 0, "TRPS3": 0, "TRPS2": 0, "IPPMIa": -6.363556e-03, "TRPS1": 6.255811e-04, "TRIATS": 0, "TREabc": 0, "MECDPS": 1.610582e-03, "MECDPDH": 1.610582e-03, "ME1": 0, "MDH": 0, "TRESULT": 2.365980e-04, "TRE6PS": 1.172576e-03, "TRE6PP": 9.707947e-04, "MDFDH": 0, "IPMD": 6.363556e-03, "MCOATA": 1.843587e-02, "MCD": 0, "TRDR": 2.404713e-03, "TPI": 1.018838e+00, "TMPPP": 0, "TMPK": 0, "TMN": 0, "TMHAS6": 0, "MCBTS3": 4.656731e-05, "MCBTS2": 0, "MCBTS": 4.358302e-05, "MANAT3": 3.960397e-05, "MANAT2": 1.650062e-04, "TMHAS5": 0, "MANAT1": 5.225611e-05, "TMHAS4": 3.410169e-05, "IPDPS": 1.610582e-03, "TMHAS3": 3.431930e-05, "TMHAS2": 3.419495e-05, "MAN6PI": -4.945461e-03, "MAN1PT2": 1.990240e-03, "MAN1PT": 0, "MALt2r": 0, "TMHAS1": 3.438147e-05, "IPDDI": 1.464166e-04, "TMDS": 1.135583e-04, "TMDPP": 0, "TMDK1": 0, "BIOMASS_Mtb_9_60atp": 3.108632e-02, "YUMPS": 0, "TKT2": -1.401473e-02, "XYLabc": 0, "INSK": 0, "TKT1": -1.057092e-02, "INSH": 6.752881e-04, "MALTabc": 0, "XYLK": 0, "MALTHPabc": 0, "INDPYRD": 0, "MALT": 0, "XPPT": 0, "VALt2r": -7.476379e-01, "VALTA": -7.540363e-01, "URIK2": 0, "URIDK2r": -1.135583e-04, "UMPK_copy1": 0, "UREA": 0, "MALS": 0, "L_LACt3": 0, "L_LACt2r": 0, "UPPRT": 0, "IMPD": 7.781217e-03, "UPPDC2": 0, "UPPDC1": 0, "UPP3S": 0, "UPP3MT": 0, "L_LACD3": 0, "L_LACD2": 0, "L_LACD": 0, "LYSt5r": 0, "LPLIPAL2E180": 0, "UMPK_copy2": 1.513186e-02, "UGMDDS2": 3.037134e-05, "LPLIPAL2E160": 0, "IMPC": -1.347421e-02, "LO": 0, "UGMDDS": 3.065111e-05, "LEUt2r": 0, "UGMAS": 3.037134e-05, "ILEt2r": -3.795374e-02, "UGMAGS": 3.037134e-05, "UGLDDS2": 6.173122e-04, "LEUTA": -6.363556e-03, "LDH_L": 0, "UGLDDS1": 6.173122e-04, "LCTSabc": 0, "ILETA": -4.068097e-02, "UGGPT3": 3.037134e-05, "LACZ": 0, "Kt3r": -999999, "Kabc": 0, "UGAGDS": 3.037134e-05, "UDPGD": 0, "KARA2": 4.068097e-02, "IGPS": 6.255811e-04, "KARA1": -7.603999e-01, "GLYCTO1": 0, "IGPDH": 1.262633e-03, "IGAMD": 0, "IG3PS": 1.262633e-03, "GLYCL": 0, "IPPS": 6.363556e-03, "ID3ACALDt": 0, "IPPMIb": -6.363556e-03, "GLYCK": 0, "ICL": 0, "GLYC3Pabc": 0, "GLYBabc": 0, "ICHORS": 0, "ICDHyr": 0, "GLXO1": 0, "IACGAMS": 0, "HXPRT": 0, "HSTPT": 1.262633e-03, "GLUt2r": 1, "EX_lys__L_e": 0, "HSST": 4.602791e-02, "EX_leu__L_e": 0, "GLUTRR": 0, "GLUSy": 0, "GLUR": -1.295647e-03, "HSK": 0, "GLUPRT": 1.221158e-02, "GLUDxi": 0, "HSERTA": 0, "GLUDC": 0, "GLUCYS": 0, "GLU5K": 4.290969e-03, "GLNSP3": 0, "EX_lcts_e": 0, "EX_lac__L_e": 0, "EX_k_e": 0, "EX_ile__L_e": 3.795374e-02, "GLNSP2": 0, "GLNSP1": 0, "HSDy": 9.999990e+05, "GLNS": 6.888629e-02, "GLGC": 0, "EX_id3acald_e": 0, "HSDxi": 999999, "EX_his__L_e": 0, "GLCabc": 1, "GLCS1": 0, "GLCP": 0, "HPPK2": 0, "EX_hdca_e": 0, "HPPK": 0, "EX_h_e": -3.286167e-03, "GK1": 2.070038e-04, "GHMT2r": 2.265061e-02, "EX_h2s_e": 0, "EX_h2o_e": -6.493794e-01, "GGLUCT2": 0, "HOPNTAL": 0, "GFUCS": 3.680620e-05, "GF6PTA": 9.856322e-03, "GCCc": 0, "EX_h2co3_e": 2.932932e+00, "EX_h2_e": 0, "GCCb": 0, "HMPK4": 0, "GCCa": 0, "GCC2": 0, "GARFT": 1.221158e-02, "GAPD": 1.948421e+00, "GALt2": 0, "EX_gthrd_e": 0, "EX_glyc_e": -7.800215e-02, "EX_glyc3p_e": 0, "EX_glyb_e": 0,