{"THDPS": 3.179544e-03, "NADTRHD_copy1": 999999, "TDPGDH": 1.138214e-04, "TDPDRR": 1.138214e-04, "TDPDRE": 1.138214e-04, "TDMS4": 4.054819e-05, "TDMS3": 8.069237e-05, "TDMS2": 8.091274e-05, "TDMS1": 1.215711e-04, "RBFK": 0, "TATSO": 4.176023e-05, "TATS": 4.319264e-05, "THZSN": 0, "R05224": 0, "TAS": 3.221818e-04, "R05219": 0, "TARTRt7": 0, "R05217": 0, "TARTD": 0, "QULNS": 0, "TALA": -1.028216e-02, "THZPSN": 0, "SULabc": 2.368984e-03, "QRr": -9.999972e+05, "SULR": 2.089444e-03, "PYRt2": -1.404079e+00, "CYANST_copy1": -999999, "SUCOAS": -9.999988e+05, "SUCD1": 0, "THRt2r": 0, "SUCCt2r": 0, "THRS": 9.539623e-03, "SUCBZS": 0, "THRD_L": 4.503640e-03, "PYRDC": 0, "PYK": 0, "PYDXO": 0, "PYDXNO": 0, "PYAM5PO": 0, "PUNP7": 0, "THMDP": 0, "THFGLUS": 0, "SUCBZL": 0, "PUNP6": 0, "PUNP5": -7.978517e-04, "PUNP4": 0, "PUNP3": 0, "PUNP2": 0, "PMANM": -2.351464e-03, "PUNP1": 7.978517e-04, "SSALy": 3.833543e-01, "PLIPA1E180": 0, "PTPATi": 0, "SSALx": 0, "PTAr": -999999, "PLIPA1E160": 0, "PLCD": 0, "PSSA180": 0, "SPODM": 0, "PIt": -4.070535e-02, "PSSA160": 1.491542e-04, "SPMS": 0, "PSP_L": 3.506115e-02, "SOTA": 0, "PSERT": 3.506115e-02, "PIabc": 0, "SKMt2": 0, "PHYCBOXL": 0, "PHTO": 0, "PSD180": 0, "PSD160": 1.491542e-04, "PSCVT": 4.068849e-03, "PRPPS": 3.405618e-02, "PROt2r": 0, "PHTHS2": 5.314604e-05, "PHTHS": 2.228171e-02, "PHTHDLS2": 5.314604e-05, "SHSL4r": -999999, "PHTHDLS": 2.228171e-02, "PHTHCLS": 0, "PROabc": 0, "PHTHCLR2": -999999, "PROD2": 0, "PHTHCLR1": 999999, "SHSL1": 999999, "PRMICI": 1.491799e-03, "SHKK": 4.068849e-03, "PRFGS": 1.442796e-02, "PREPTTA": -2.228171e-02, "PHEt2r": 0, "PHETA1": -1.766711e-03, "SHK3Dr": 4.068849e-03, "PHDCAt": 0, "PREPTHS2": 5.314604e-05, "PREPTHS": 2.228171e-02, "PREPPACPH": 5.314604e-05, "PHDCATA": -2.370086e-04, "PREPHACPH": 0, "SHCHF3": 0, "PRDX": 0, "PGSA190": 2.133922e-04, "PRATPP": 1.491799e-03, "SHCHF2": 0, "PGSA160190": 6.555291e-04, "SHCHF": 0, "PGSA160": 2.382573e-04, "PRASCSi": 1.442796e-02, "PRAMPC": 1.491799e-03, "PGPPT3": 3.588368e-05, "PGPP190": 2.133922e-04, "PGPP160190": 6.555291e-04, "PGPP160": 2.382573e-04, "PRAIi": 7.391230e-04, "PRAIS": 1.442796e-02, "PRAGSr": 1.442796e-02, "PPTGS_TB2": 6.923309e-04, "PPTGS_TB1": 6.923309e-04, "PGMT": -4.342145e-03, "SHCHD3": 0, "PGM": -2.836120e+00, "PGLYCP": 0, "PGLS": 4.348646e-05, "PPTGS": 0, "PPPGO": 0, "PPNDH": 1.766711e-03, "PPND": 1.166348e-03, "PGL": 0, "PGK": -2.871181e+00, "PPNCL3": 0, "SHCHD2": 0, "PPNCL2": 0, "PGI": 9.876833e-01, "SHCHCS2": 0, "PGCD": 3.506115e-02, "PGAMT": -1.164523e-02, "PPNCL": 0, "PPK2": 0, "PFL": 9.968227e-01, "PFK": 9.455618e-01, "SHCHCS": 0, "PERD": 0, "G6PP": -9.940077e-01, "PEPCK_re": 9.999962e+05, "PPDK": 0, "SGSAD": 0, "PPDIMAT": 0, "PEAMNO": 0, "PPDIMAS": 5.314604e-05, "PPCSCT": 0, "PPCOAC": 0, "PPCK": -999999, "PDX5POi": 0, "PDIMAT": 2.227168e-02, "PDIMAS": 2.228171e-02, "SGDS": 0, "PDHcr_copy1": 0, "PDHcr_copy2": 0, "PPCDC": 0, "PPBNGS": 0, "PPAtr": 0, "SERt2r": 0, "PPA": 9.086155e-02, "SERD_L": 0, "PNTK": 0, "PNCDC": 0, "PDHbr": 0, "PDHa": 0, "PMPK": 0, "SERD_D": 0, "PMDPHT": 0, "PDH": 0, "PDE4": 0, "PDE1": 0, "PC8XM": 0, "SERAT": 2.089444e-03, "PC6YM": 0, "SELCYSLY": 0, "PC6AR": 0, "EX_mal__L_e": 0, "PC20M": 0, "SDPTA": -3.179544e-03, "PC17M": 0, "SDPDS": 3.179544e-03, "PC11M": 0, "MPML": 0, "MOTS": 0, "MOTH": 0, "PC": 0, "PATS": 4.594727e-05, "PAPSR": 2.089444e-03, "PAPPT3": 3.621423e-05, "SALCS": 1.065125e-04, "PAPPT2": 7.293532e-04, "SADT2": 0, "PAPPT1": 7.293532e-04, "MOHMT": 0, "PAPA160": 0, "SADT": 2.368984e-03, "PANTS": 0, "PACt2r": 0, "MNDNS2": 0, "MNDNS1": 0, "MN6PP": 3.491588e-03, "P5CRx": 5.069772e-03, "SADH": 0, "P5CR": 0, "P5CD": 0, "MMSAD3": 0, "RZ5PP": 0, "OXGDC2": 0, "RRPPDIMAS": 4.348646e-05, "RPPDIMAS": 4.348646e-05, "MTHFD": 0, "RPI": -2.377402e-02, "MTHFC": 0, "MTAN": 0, "RPE": -2.463317e-02, "MSHS": 0, "MSHOXH": 0, "RNTR4": 0, "MSHAMID": 0, "MMSAD2": 0, "RNDR4": 1.341690e-04, "MMSAD1": 0, "UDPGALM": 8.054545e-04, "UDPG4E": 2.842928e-03, "UDPDPS2": 0, "RNDR3": 2.447215e-04, "UDPDPS": 0, "UDCPDPS": 1.729909e-04, "MMM2": 2.320599e-01, "UDCPDP": 1.557653e-03, "RNDR2": 2.445746e-04, "UAPGR": 1.633387e-03, "UAMRH": 3.588368e-05, "MME": 2.320599e-01, "MMCD": 0, "UAMAS": 1.494921e-03, "MI4PP": 0, "RNDR1": 1.282557e-04, "MI3PP": 0, "UAMAGS": 1.494921e-03, "UAGPT3": 3.621423e-05, "UAGPT2": 7.293532e-04, "RIBabc": 0, "MI1PS": 5.968738e-04, "RBK_L1": 0, "MI1PP": 5.968738e-04, "MHPGLUT": 0, "UAGPT1": 7.293532e-04, "UAGDP": 3.191040e-03, "RBK_Dr": -8.591515e-04, "UAGCVT": 1.633387e-03, "UAAGLS2": 7.293532e-04, "MGt5": 0, "RBK": 0, "METabc": 0, "UAAGLS1": 7.293532e-04, "UAAGDS": 3.621423e-05, "TYRt2r": 0, "TYRTA": -1.166348e-03, "METSOXR2": 0, "METSOXR1": 0, "TTDCAt2": 0, "METS": 2.662749e-02, "RBFSb": 0, "METOX2s": 0, "METOX1s": 0, "TSULabc": 0, "TRPt2r": 0, "TRPTA": 0, "METAT": 2.534607e-02, "RBFSa": 0, "MEPCT": 1.902900e-03, "MEOHt2": 0, "TRPS3": 0, "TRPS2": 0, "IPPMIa": -7.518530e-03, "TRPS1": 7.391230e-04, "TRIATS": 0, "TREabc": 0, "MECDPS": 1.902900e-03, "MECDPDH": 1.902900e-03, "ME1": 2.944222e+00, "MDH": -2.771773e+00, "TRESULT": 2.795401e-04, "TRE6PS": 1.385396e-03, "TRE6PP": 1.146992e-03, "MDFDH": 0, "IPMD": 7.518530e-03, "MCOATA": 2.178194e-02, "MCD": 0, "TRDR": 2.841165e-03, "TPI": 1.941134e+00, "TMPPP": 0, "TMPK": 0, "TMN": 0, "TMHAS6": 0, "MCBTS3": 5.501919e-05, "MCBTS2": 0, "MCBTS": 5.149326e-05, "MANAT3": 4.679202e-05, "MANAT2": 1.949545e-04, "TMHAS5": 0, "MANAT1": 6.174049e-05, "TMHAS4": 4.029109e-05, "IPDPS": 0, "TMHAS3": 4.054819e-05, "TMHAS2": 4.040128e-05, "MAN6PI": -5.843053e-03, "MAN1PT2": 2.351464e-03, "MAN1PT": 0, "MALt2r": 0, "TMHAS1": 4.062165e-05, "IPDDI": -1.729909e-03, "TMDS": 1.341690e-04, "TMDPP": 0, "TMDK1": 0, "BIOMASS_Mtb_9_60atp": 3.672843e-02, "YUMPS": 0, "TKT2": -1.435101e-02, "XYLabc": 0, "INSK": 0, "TKT1": -1.028216e-02, "INSH": 7.978517e-04, "MALTabc": 0, "XYLK": 0, "MALTHPabc": 0, "INDPYRD": 0, "MALT": 0, "XPPT": 0, "VALt2r": -2.438869e-01, "VALTA": -2.514466e-01, "URIK2": 0, "URIDK2r": -1.341690e-04, "UMPK_copy1": 999999, "UREA": 0, "MALS": 0, "L_LACt3": 0, "L_LACt2r": 0, "UPPRT": 0, "IMPD": 9.193494e-03, "UPPDC2": 0, "UPPDC1": 0, "UPP3S": 0, "UPP3MT": 0, "L_LACD3": 0, "L_LACD2": 0, "L_LACD": 0, "LYSt5r": 0, "LPLIPAL2E180": 0, "UMPK_copy2": -9.999990e+05, "UGMDDS2": 3.588368e-05, "LPLIPAL2E160": 0, "IMPC": -1.591976e-02, "LO": 0, "UGMDDS": 3.621423e-05, "LEUt2r": 0, "UGMAS": 3.588368e-05, "ILEt2r": 0, "UGMAGS": 3.588368e-05, "UGLDDS2": 7.293532e-04, "LEUTA": -7.518530e-03, "LDH_L": 0, "UGLDDS1": 7.293532e-04, "LCTSabc": 0, "ILETA": -3.222222e-03, "UGGPT3": 3.588368e-05, "LACZ": 0, "Kt3r": -999999, "Kabc": 0, "UGAGDS": 3.588368e-05, "UDPGD": 0, "KARA2": 3.222222e-03, "IGPS": 7.391230e-04, "KARA1": -2.589651e-01, "GLYCTO1": 0, "IGPDH": 1.491799e-03, "IGAMD": 0, "IG3PS": 1.491799e-03, "GLYCL": 0, "IPPS": 7.518530e-03, "ID3ACALDt": 0, "IPPMIb": -7.518530e-03, "GLYCK": 0, "ICL": 0, "GLYC3Pabc": 0, "GLYBabc": 0, "ICHORS": 0, "ICDHyr": 0, "GLXO1": 0, "IACGAMS": 0, "HXPRT": 0, "HSTPT": 1.491799e-03, "GLUt2r": 3.998180e-01, "EX_lys__L_e": 0, "HSST": 0, "EX_leu__L_e": 0, "GLUTRR": 0, "GLUSy": 0, "GLUR": -1.530804e-03, "HSK": 9.539623e-03, "GLUPRT": 1.442796e-02, "GLUDxi": 0, "HSERTA": 0, "GLUDC": 0, "GLUCYS": 0, "GLU5K": 5.069772e-03, "GLNSP3": 0, "EX_lcts_e": 0, "EX_lac__L_e": 0, "EX_k_e": 0, "EX_ile__L_e": 0, "GLNSP2": 0, "GLNSP1": 0, "HSDy": 9.999990e+05, "GLNS": 7.476693e-02, "GLGC": 0, "EX_id3acald_e": 0, "HSDxi": 999999, "EX_his__L_e": 0, "GLCabc": 1, "GLCS1": 0, "GLCP": 0, "HPPK2": 0, "EX_hdca_e": 0, "HPPK": 0, "EX_h_e": 1.102423e+00, "GK1": 2.445746e-04, "GHMT2r": 2.676166e-02, "EX_h2s_e": 0, "EX_h2o_e": 999999, "GGLUCT2": 0, "HOPNTAL": 0, "GFUCS": 4.348646e-05, "GF6PTA": 1.164523e-02, "GCCc": 0, "EX_h2co3_e": -9.999956e+05, "EX_h2_e": 9.664750e-01, "GCCb": 0, "HMPK4": 0, "GCCa": 0, "GCC2": 0, "GARFT": 1.442796e-02, "GAPD": 2.871181e+00, "GALt2": 0, "EX_gthrd_e": 0, "EX_glyc_e": -1, "EX_glyc3p_e": 0, "EX_glyb_e": 0, "EX_gly_e": 0, "EX_glu__L_e": -3.998180e-01,