{"THDPS": 2.735249e-03, "NADTRHD_copy1": 999999, "TDPGDH": 9.791653e-05, "TDPDRR": 9.791653e-05, "TDPDRE": 9.791653e-05, "TDMS4": 3.488217e-05, "TDMS3": 6.941678e-05, "TDMS2": 6.960636e-05, "TDMS1": 1.045833e-04, "RBFK": 0, "TATSO": 3.592484e-05, "TATS": 3.715710e-05, "THZSN": 0, "R05224": 0, "TAS": 2.771616e-04, "R05219": 0, "TARTRt7": 0, "R05217": 0, "TARTD": 0, "QULNS": 0, "TALA": -1.778362e-02, "THZPSN": 0, "SULabc": 2.037953e-03, "QRr": 1.998027e+00, "SULR": 1.797474e-03, "PYRt2": 0, "CYANST_copy1": -999999, "SUCOAS": -9.999988e+05, "SUCD1": 0, "THRt2r": 0, "SUCCt2r": 0, "THRS": 8.629268e-02, "SUCBZS": 0, "THRD_L": 8.196040e-02, "PYRDC": 0, "PYK": 2.412110e+00, "PYDXO": 0, "PYDXNO": 0, "PYAM5PO": 0, "PUNP7": 0, "THMDP": 0, "THFGLUS": 0, "SUCBZL": 0, "PUNP6": 0, "PUNP5": -6.863636e-04, "PUNP4": 0, "PUNP3": 0, "PUNP2": 0, "PMANM": -2.022882e-03, "PUNP1": 6.863636e-04, "SSALy": 1.091039e+00, "PLIPA1E180": 0, "PTPATi": 0, "SSALx": 0, "PTAr": -9.999989e+05, "PLIPA1E160": 0, "PLCD": 0, "PSSA180": 0, "SPODM": 0, "PIt": -8.864681e-02, "PSSA160": 1.283120e-04, "SPMS": 0, "PSP_L": 3.016186e-02, "SOTA": 0, "PSERT": 3.016186e-02, "PIabc": 0, "SKMt2": 0, "PHYCBOXL": 0, "PHTO": 0, "PSD180": 0, "PSD160": 1.283120e-04, "PSCVT": 3.500287e-03, "PRPPS": 5.611205e-02, "PROt2r": 0, "PHTHS2": 4.571966e-05, "PHTHS": 1.916816e-02, "PHTHDLS2": 4.571966e-05, "SHSL4r": -999999, "PHTHDLS": 1.916816e-02, "PHTHCLS": 0, "PROabc": 0, "PHTHCLR2": -999999, "PROD2": 0, "PHTHCLR1": 999999, "SHSL1": 999999, "PRMICI": 1.283342e-03, "SHKK": 3.500287e-03, "PRFGS": 1.241186e-02, "PREPTTA": -1.916816e-02, "PHEt2r": 0, "PHETA1": -1.519839e-03, "SHK3Dr": 3.500287e-03, "PHDCAt": 0, "PREPTHS2": 4.571966e-05, "PREPTHS": 1.916816e-02, "PREPPACPH": 4.571966e-05, "PHDCATA": -2.038901e-04, "PREPHACPH": 0, "SHCHF3": 0, "PRDX": 0, "PGSA190": 1.835737e-04, "PRATPP": 1.283342e-03, "SHCHF2": 0, "PGSA160190": 5.639284e-04, "SHCHF": 0, "PGSA160": 2.049644e-04, "PRASCSi": 1.241186e-02, "PRAMPC": 1.283342e-03, "PGPPT3": 3.086946e-05, "PGPP190": 1.835737e-04, "PGPP160190": 5.639284e-04, "PGPP160": 2.049644e-04, "PRAIi": 6.358413e-04, "PRAIS": 1.241186e-02, "PRAGSr": 1.241186e-02, "PPTGS_TB2": 5.955878e-04, "PPTGS_TB1": 5.955878e-04, "PGMT": -3.055012e-02, "SHCHD3": 0, "PGM": -2.698687e+00, "PGLYCP": 0, "PGLS": 3.740986e-05, "PPTGS": 0, "PPPGO": 0, "PPNDH": 1.519839e-03, "PPND": 1.003368e-03, "PGL": 0, "PGK": -2.728849e+00, "PPNCL3": 0, "SHCHD2": 0, "PPNCL2": 0, "PGI": 9.625896e-01, "SHCHCS2": 0, "PGCD": 3.016186e-02, "PGAMT": -1.001798e-02, "PPNCL": 0, "PPK2": 0, "PFL": 9.627335e-01, "PFK": 9.084776e-01, "SHCHCS": 0, "PERD": 0, "G6PP": -9.948450e-01, "PEPCK_re": 9.999987e+05, "PPDK": 0, "SGSAD": 0, "PPDIMAT": 0, "PEAMNO": 0, "PPDIMAS": 4.571966e-05, "PPCSCT": 9.307223e-01, "PPCOAC": 0, "PPCK": -999999, "PDX5POi": 0, "PDIMAT": 1.915954e-02, "PDIMAS": 1.916816e-02, "SGDS": 0, "PDHcr_copy1": 0, "PDHcr_copy2": 0, "PPCDC": 0, "PPBNGS": 0, "PPAtr": -9.307223e-01, "SERt2r": 0, "PPA": 1.367028e-01, "SERD_L": 0, "PNTK": 0, "PNCDC": 0, "PDHbr": 0, "PDHa": 0, "PMPK": 0, "SERD_D": 0, "PMDPHT": 0, "PDH": 0, "PDE4": 0, "PDE1": 0, "PC8XM": 0, "SERAT": 1.797474e-03, "PC6YM": 0, "SELCYSLY": 0, "PC6AR": 0, "EX_mal__L_e": 0, "PC20M": 0, "SDPTA": -2.735249e-03, "PC17M": 0, "SDPDS": 2.735249e-03, "PC11M": 0, "MPML": 0, "MOTS": 0, "MOTH": 0, "PC": 0, "PATS": 3.952681e-05, "PAPSR": 1.797474e-03, "PAPPT3": 3.115382e-05, "SALCS": 9.162889e-05, "PAPPT2": 6.274367e-04, "SADT2": 0, "PAPPT1": 6.274367e-04, "MOHMT": 0, "PAPA160": 0, "SADT": 2.037953e-03, "PANTS": 0, "PACt2r": 0, "MNDNS2": 0, "MNDNS1": 0, "MN6PP": 3.003690e-03, "P5CRx": 4.361346e-03, "SADH": 0, "P5CR": 0, "P5CD": 0, "MMSAD3": 0, "RZ5PP": 0, "OXGDC2": 0, "RRPPDIMAS": 3.740986e-05, "RPPDIMAS": 3.740986e-05, "MTHFD": 0, "RPI": -3.832843e-02, "MTHFC": 0, "MTAN": 0, "RPE": -3.906753e-02, "MSHS": 0, "MSHOXH": 0, "RNTR4": 1.154208e-04, "MSHAMID": 0, "MMSAD2": 0, "RNDR4": 0, "MMSAD1": 0, "UDPGALM": 6.929040e-04, "UDPG4E": 2.445670e-03, "UDPDPS2": 0, "RNDR3": 2.105253e-04, "UDPDPS": 1.488180e-04, "UDCPDPS": 0, "MMM2": 1.130355e+00, "UDCPDP": 1.339994e-03, "RNDR2": 2.103989e-04, "UAPGR": 1.405145e-03, "UAMRH": 3.086946e-05, "MME": 1.130355e+00, "MMCD": 9.307223e-01, "UAMAS": 1.286027e-03, "MI4PP": 0, "RNDR1": 1.103338e-04, "MI3PP": 0, "UAMAGS": 1.286027e-03, "UAGPT3": 3.115382e-05, "UAGPT2": 6.274367e-04, "RIBabc": 0, "MI1PS": 5.134694e-04, "RBK_L1": 0, "MI1PP": 5.134694e-04, "MHPGLUT": 0, "UAGPT1": 6.274367e-04, "UAGDP": 2.745138e-03, "RBK_Dr": -7.390976e-04, "UAGCVT": 1.405145e-03, "UAAGLS2": 6.274367e-04, "MGt5": 0, "RBK": 0, "METabc": 0, "UAAGLS1": 6.274367e-04, "UAAGDS": 3.115382e-05, "TYRt2r": 0, "TYRTA": -1.003368e-03, "METSOXR2": 0, "METSOXR1": 0, "TTDCAt2": 0, "METS": 2.290669e-02, "RBFSb": 0, "METOX2s": 0, "METOX1s": 0, "TSULabc": 0, "TRPt2r": 0, "TRPTA": 0, "METAT": 2.180433e-02, "RBFSa": 0, "MEPCT": 1.636998e-03, "MEOHt2": 0, "TRPS3": 0, "TRPS2": 0, "IPPMIa": -6.467925e-03, "TRPS1": 6.358413e-04, "TRIATS": 0, "TREabc": 0, "MECDPS": 1.636998e-03, "MECDPDH": 1.636998e-03, "ME1": 0, "MDH": 0, "TRESULT": 2.404784e-04, "TRE6PS": 1.191808e-03, "TRE6PP": 9.867168e-04, "MDFDH": 0, "IPMD": 6.467925e-03, "MCOATA": 1.873823e-02, "MCD": 0, "TRDR": 2.444153e-03, "TPI": 1.842656e+00, "TMPPP": 0, "TMPK": 0, "TMN": 0, "TMHAS6": 0, "MCBTS3": 4.733106e-05, "MCBTS2": 0, "MCBTS": 4.429783e-05, "MANAT3": 4.025352e-05, "MANAT2": 1.677125e-04, "TMHAS5": 0, "MANAT1": 5.311316e-05, "TMHAS4": 3.466100e-05, "IPDPS": 0, "TMHAS3": 3.488217e-05, "TMHAS2": 3.475579e-05, "MAN6PI": -5.026571e-03, "MAN1PT2": 2.022882e-03, "MAN1PT": 0, "MALt2r": 0, "TMHAS1": 3.494536e-05, "IPDDI": -1.488180e-03, "TMDS": 1.154208e-04, "TMDPP": 0, "TMDK1": 0, "BIOMASS_Mtb_9_60atp": 3.159617e-02, "YUMPS": 0, "TKT2": -2.128391e-02, "XYLabc": 0, "INSK": 2.111796e-02, "TKT1": -1.778362e-02, "INSH": 6.863636e-04, "MALTabc": 0, "XYLK": 0, "MALTHPabc": 0, "INDPYRD": 0, "MALT": 0, "XPPT": 0, "VALt2r": -6.617531e-01, "VALTA": -6.682565e-01, "URIK2": 0, "URIDK2r": -1.154208e-04, "UMPK_copy1": 3.649800e-02, "UREA": 0, "MALS": 0, "L_LACt3": 0, "L_LACt2r": 0, "UPPRT": 0, "IMPD": 7.908837e-03, "UPPDC2": 0, "UPPDC1": 0, "UPP3S": 0, "UPP3MT": 0, "L_LACD3": 0, "L_LACD2": 0, "L_LACD": 0, "LYSt5r": 0, "LPLIPAL2E180": 0, "UMPK_copy2": 0, "UGMDDS2": 3.086946e-05, "LPLIPAL2E160": 0, "IMPC": -1.369520e-02, "LO": 0, "UGMDDS": 3.115382e-05, "LEUt2r": 0, "UGMAS": 3.086946e-05, "ILEt2r": -7.808608e-02, "UGMAGS": 3.086946e-05, "UGLDDS2": 6.274367e-04, "LEUTA": -6.467925e-03, "LDH_L": 0, "UGLDDS1": 6.274367e-04, "LCTSabc": 0, "ILETA": -8.085804e-02, "UGGPT3": 3.086946e-05, "LACZ": 0, "Kt3r": -999999, "Kabc": 0, "UGAGDS": 3.086946e-05, "UDPGD": 2.681472e-02, "KARA2": 8.085804e-02, "IGPS": 6.358413e-04, "KARA1": -6.747244e-01, "GLYCTO1": 0, "IGPDH": 1.283342e-03, "IGAMD": 0, "IG3PS": 1.283342e-03, "GLYCL": 0, "IPPS": 6.467925e-03, "ID3ACALDt": 0, "IPPMIb": -6.467925e-03, "GLYCK": 0, "ICL": 0, "GLYC3Pabc": 0, "GLYBabc": 0, "ICHORS": 0, "ICDHyr": 1.052022e-01, "GLXO1": 0, "IACGAMS": 0, "HXPRT": 0, "HSTPT": 1.283342e-03, "GLUt2r": 1, "EX_lys__L_e": 0, "HSST": 0, "EX_leu__L_e": 0, "GLUTRR": 0, "GLUSy": 0, "GLUR": -1.316897e-03, "HSK": 8.629268e-02, "GLUPRT": 1.241186e-02, "GLUDxi": 0, "HSERTA": 0, "GLUDC": 1.091039e+00, "GLUCYS": 0, "GLU5K": 4.361346e-03, "GLNSP3": 0, "EX_lcts_e": 0, "EX_lac__L_e": 0, "EX_k_e": 0, "EX_ile__L_e": 7.808608e-02, "GLNSP2": 0, "GLNSP1": 0, "HSDy": 9.999989e+05, "GLNS": 9.113406e-02, "GLGC": 0, "EX_id3acald_e": 0, "HSDxi": 999999, "EX_his__L_e": 0, "GLCabc": 1, "GLCS1": 0, "GLCP": 0, "HPPK2": 0, "EX_hdca_e": 0, "HPPK": 0, "EX_h_e": -8.403647e-02, "GK1": 2.103989e-04, "GHMT2r": 2.302211e-02, "EX_h2s_e": 0, "EX_h2o_e": -5.277490e-01, "GGLUCT2": 0, "HOPNTAL": 0, "GFUCS": 3.740986e-05, "GF6PTA": 1.001798e-02, "GCCc": 0, "EX_h2co3_e": 3.719361e+00, "EX_h2_e": 9.366264e-01, "GCCb": 0, "HMPK4": 0, "GCCa": 0, "GCC2": 0, "GARFT": 1.241186e-02, "GAPD": 2.728849e+00, "GALt2": 0, "EX_gthrd_e": 0, "EX_glyc_e": -9.379877e-01,