{"THDPS": 2.969141e-03, "NADTRHD_copy1": 999999, "TDPGDH": 1.062894e-04, "TDPDRR": 1.062894e-04, "TDPDRE": 1.062894e-04, "TDMS4": 3.786496e-05, "TDMS3": 7.535264e-05, "TDMS2": 7.555843e-05, "TDMS1": 1.135263e-04, "RBFK": 0, "TATSO": 3.899679e-05, "TATS": 4.033441e-05, "THZSN": 0, "R05224": 0, "TAS": 3.008618e-04, "R05219": 0, "TARTRt7": 0, "R05217": 0, "TARTD": 0, "QULNS": 0, "TALA": -1.166305e-02, "THZPSN": 0, "SULabc": 2.212219e-03, "QRr": 1.997859e+00, "SULR": 1.951177e-03, "PYRt2": 0, "CYANST_copy1": -999999, "SUCOAS": 2.284817e-01, "SUCD1": 0, "THRt2r": 0, "SUCCt2r": 0, "THRS": 0, "SUCBZS": 0, "THRD_L": -4.702732e-03, "PYRDC": 0, "PYK": 2.738410e+00, "PYDXO": 0, "PYDXNO": 0, "PYAM5PO": 0, "PUNP7": 0, "THMDP": 0, "THFGLUS": 0, "SUCBZL": 0, "PUNP6": 0, "PUNP5": -7.450548e-04, "PUNP4": 0, "PUNP3": 0, "PUNP2": 0, "PMANM": -2.195859e-03, "PUNP1": 7.450548e-04, "SSALy": 9.846257e-01, "PLIPA1E180": 0, "PTPATi": 4.217823e-11, "SSALx": 0, "PTAr": -1.951177e-03, "PLIPA1E160": 0, "PLCD": 0, "PSSA180": 0, "SPODM": 0, "PIt": -5.037950e-02, "PSSA160": 1.392841e-04, "SPMS": 0, "PSP_L": 3.274101e-02, "SOTA": 0, "PSERT": 3.274101e-02, "PIabc": 0, "SKMt2": 0, "PHYCBOXL": 0, "PHTO": 0, "PSD180": 0, "PSD160": 1.392841e-04, "PSCVT": 3.799598e-03, "PRPPS": 3.798644e-02, "PROt2r": 0, "PHTHS2": 4.962916e-05, "PHTHS": 2.080724e-02, "PHTHDLS2": 4.962916e-05, "SHSL4r": 7.711727e-03, "PHTHDLS": 2.080724e-02, "PHTHCLS": 0, "PROabc": 0, "PHTHCLR2": -999999, "PROD2": 0, "PHTHCLR1": 999999, "SHSL1": 1.196622e-03, "PRMICI": 1.393081e-03, "SHKK": 3.799598e-03, "PRFGS": 1.347320e-02, "PREPTTA": -2.080724e-02, "PHEt2r": 0, "PHETA1": -1.649801e-03, "SHK3Dr": 3.799598e-03, "PHDCAt": 0, "PREPTHS2": 4.962916e-05, "PREPTHS": 2.080724e-02, "PREPPACPH": 4.962916e-05, "PHDCATA": -2.213248e-04, "PREPHACPH": 0, "SHCHF3": 0, "PRDX": 0, "PGSA190": 1.992712e-04, "PRATPP": 1.393081e-03, "SHCHF2": 0, "PGSA160190": 6.121502e-04, "SHCHF": 0, "PGSA160": 2.224909e-04, "PRASCSi": 1.347320e-02, "PRAMPC": 1.393081e-03, "PGPPT3": 3.350912e-05, "PGPP190": 1.992712e-04, "PGPP160190": 6.121502e-04, "PGPP160": 2.224909e-04, "PRAIi": 6.902124e-04, "PRAIS": 1.347320e-02, "PRAGSr": 1.347320e-02, "PPTGS_TB2": 6.465168e-04, "PPTGS_TB1": 6.465168e-04, "PGMT": -1.023870e-02, "SHCHD3": 0, "PGM": -2.747534e+00, "PGLYCP": 0, "PGLS": 4.060880e-05, "PPTGS": 0, "PPPGO": 0, "PPNDH": 1.649801e-03, "PPND": 1.089166e-03, "PGL": 0, "PGK": -2.780275e+00, "PPNCL3": 0, "SHCHD2": 0, "PPNCL2": 0, "PGI": 9.823144e-01, "SHCHCS2": 0, "PGCD": 3.274101e-02, "PGAMT": -1.087462e-02, "PPNCL": 0, "PPK2": 0, "PFL": 1.102510e+00, "PFK": 9.388577e-01, "SHCHCS": 0, "PERD": 0, "G6PP": -9.944042e-01, "PEPCK_re": 0, "PPDK": 0, "SGSAD": 0, "PPDIMAT": 0, "PEAMNO": 0, "PPDIMAS": 4.962916e-05, "PPCSCT": 7.876765e-01, "PPCOAC": 0, "PPCK": 0, "PDX5POi": 0, "PDIMAT": 2.079788e-02, "PDIMAS": 2.080724e-02, "SGDS": 0, "PDHcr_copy1": 0, "PDHcr_copy2": 0, "PPCDC": 4.217823e-11, "PPBNGS": 0, "PPAtr": -7.876765e-01, "SERt2r": 0, "PPA": 1.025448e-01, "SERD_L": 0, "PNTK": 0, "PNCDC": 0, "PDHbr": 0, "PDHa": 0, "PMPK": 0, "SERD_D": 0, "PMDPHT": 0, "PDH": 0, "PDE4": 0, "PDE1": 0, "PC8XM": 0, "SERAT": 1.951177e-03, "PC6YM": 0, "SELCYSLY": 0, "PC6AR": 0, "EX_mal__L_e": 0, "PC20M": 0, "SDPTA": -2.969141e-03, "PC17M": 0, "SDPDS": 2.969141e-03, "PC11M": 0, "MPML": 0, "MOTS": 0, "MOTH": 0, "PC": 5.714851e-02, "PATS": 4.290676e-05, "PAPSR": 1.951177e-03, "PAPPT3": 3.381780e-05, "SALCS": 9.946412e-05, "PAPPT2": 6.810891e-04, "SADT2": 0, "PAPPT1": 6.810891e-04, "MOHMT": 0, "PAPA160": 0, "SADT": 2.212219e-03, "PANTS": 0, "PACt2r": 0, "MNDNS2": 0, "MNDNS1": 0, "MN6PP": 3.260537e-03, "P5CRx": 4.734286e-03, "SADH": 0, "P5CR": 0, "P5CD": 0, "MMSAD3": 0, "RZ5PP": 0, "OXGDC2": 0, "RRPPDIMAS": 4.060880e-05, "RPPDIMAS": 4.060880e-05, "MTHFD": 0, "RPI": -2.632340e-02, "MTHFC": 0, "MTAN": 0, "RPE": -2.712569e-02, "MSHS": 0, "MSHOXH": 0, "RNTR4": 1.252905e-04, "MSHAMID": 0, "MMSAD2": 0, "RNDR4": 0, "MMSAD1": 0, "UDPGALM": 7.521545e-04, "UDPG4E": 2.654800e-03, "UDPDPS2": 0, "RNDR3": 2.285274e-04, "UDPDPS": 1.615434e-04, "UDCPDPS": 0, "MMM2": 1.004380e+00, "UDCPDP": 1.454577e-03, "RNDR2": 2.283902e-04, "UAPGR": 1.525299e-03, "UAMRH": 3.350912e-05, "MME": 1.004380e+00, "MMCD": 7.876765e-01, "UAMAS": 1.395996e-03, "MI4PP": 0, "RNDR1": 1.197685e-04, "MI3PP": 0, "UAMAGS": 1.395996e-03, "UAGPT3": 3.381780e-05, "UAGPT2": 6.810891e-04, "RIBabc": 0, "MI1PS": 5.573763e-04, "RBK_L1": 0, "MI1PP": 5.573763e-04, "MHPGLUT": 0, "UAGPT1": 6.810891e-04, "UAGDP": 2.979876e-03, "RBK_Dr": -8.022981e-04, "UAGCVT": 1.525299e-03, "UAAGLS2": 6.810891e-04, "MGt5": 0, "RBK": 0, "METabc": 0, "UAAGLS1": 6.810891e-04, "UAAGDS": 3.381780e-05, "TYRt2r": 0, "TYRTA": -1.089166e-03, "METSOXR2": 0, "METSOXR1": 0, "TTDCAt2": 0, "METS": 2.486545e-02, "RBFSb": 0, "METOX2s": 0, "METOX1s": 0, "TSULabc": 0, "TRPt2r": 0, "TRPTA": 0, "METAT": 2.366882e-02, "RBFSa": 0, "MEPCT": 1.776978e-03, "MEOHt2": 0, "TRPS3": 0, "TRPS2": 0, "IPPMIa": -1.786719e-01, "TRPS1": 6.902124e-04, "TRIATS": 0, "TREabc": 0, "MECDPS": 1.776978e-03, "MECDPDH": 1.776978e-03, "ME1": 0, "MDH": 0, "TRESULT": 2.610419e-04, "TRE6PS": 1.293719e-03, "TRE6PP": 1.071091e-03, "MDFDH": 0, "IPMD": 1.786719e-01, "MCOATA": 2.034055e-02, "MCD": 0, "TRDR": 2.653154e-03, "TPI": 1.857967e+00, "TMPPP": 0, "TMPK": 0, "TMN": 0, "TMHAS6": 0, "MCBTS3": 5.137836e-05, "MCBTS2": 0, "MCBTS": 4.808576e-05, "MANAT3": 4.369561e-05, "MANAT2": 0, "TMHAS5": 0, "MANAT1": 2.397085e-04, "TMHAS4": 3.762487e-05, "IPDPS": 1.776978e-03, "TMHAS3": 3.786496e-05, "TMHAS2": 3.772777e-05, "MAN6PI": -5.456396e-03, "MAN1PT2": 2.195859e-03, "MAN1PT": 0, "MALt2r": 0, "TMHAS1": 3.793356e-05, "IPDDI": 1.615434e-04, "TMDS": 1.252905e-04, "TMDPP": 0, "TMDK1": 0, "BIOMASS_Mtb_9_60atp": 3.429797e-02, "YUMPS": 0, "TKT2": -1.546265e-02, "XYLabc": 0, "INSK": 0, "TKT1": -1.166305e-02, "INSH": 7.450548e-04, "MALTabc": 0, "XYLK": 0, "MALTHPabc": 0, "INDPYRD": 0, "MALT": 0, "XPPT": 0, "VALt2r": -5.917894e-01, "VALTA": -5.988488e-01, "URIK2": 0, "URIDK2r": -1.252905e-04, "UMPK_copy1": 1.669519e-02, "UREA": 0, "MALS": 0, "L_LACt3": 0, "L_LACt2r": 0, "UPPRT": 0, "IMPD": 8.585125e-03, "UPPDC2": 0, "UPPDC1": 0, "UPP3S": 0, "UPP3MT": 0, "L_LACD3": 0, "L_LACD2": 0, "L_LACD": 0, "LYSt5r": 0, "LPLIPAL2E180": 0, "UMPK_copy2": 0, "UGMDDS2": 3.350912e-05, "LPLIPAL2E160": 0, "IMPC": -1.486628e-02, "LO": 0, "UGMDDS": 3.381780e-05, "LEUt2r": -1.716509e-01, "UGMAS": 3.350912e-05, "ILEt2r": 0, "UGMAGS": 3.350912e-05, "UGLDDS2": 6.810891e-04, "LEUTA": -1.786719e-01, "LDH_L": 0, "UGLDDS1": 6.810891e-04, "LCTSabc": 0, "ILETA": -3.008995e-03, "UGGPT3": 3.350912e-05, "LACZ": 0, "Kt3r": -999999, "Kabc": 0, "UGAGDS": 3.350912e-05, "UDPGD": 6.183890e-03, "KARA2": 3.008995e-03, "IGPS": 6.902124e-04, "KARA1": -7.775207e-01, "GLYCTO1": 0, "IGPDH": 1.393081e-03, "IGAMD": 0, "IG3PS": 1.393081e-03, "GLYCL": 0, "IPPS": 1.786719e-01, "ID3ACALDt": 0, "IPPMIb": -1.786719e-01, "GLYCK": 0, "ICL": 0, "GLYC3Pabc": 0, "GLYBabc": 0, "ICHORS": 0, "ICDHyr": 0, "GLXO1": 0, "IACGAMS": 0, "HXPRT": 0, "HSTPT": 1.393081e-03, "GLUt2r": 1, "EX_lys__L_e": 0, "HSST": 8.908349e-03, "EX_leu__L_e": 1.716509e-01, "GLUTRR": 0, "GLUSy": 0, "GLUR": -1.429505e-03, "HSK": 0, "GLUPRT": 1.347320e-02, "GLUDxi": 8.476325e-02, "HSERTA": 0, "GLUDC": 9.846257e-01, "GLUCYS": 0, "GLU5K": 4.734286e-03, "GLNSP3": 0, "EX_lcts_e": 0, "EX_lac__L_e": 0, "EX_k_e": 0, "EX_ile__L_e": 0, "GLNSP2": 0, "GLNSP1": 0, "HSDy": 9.999990e+05, "GLNS": 7.600321e-02, "GLGC": 0, "EX_id3acald_e": 0, "HSDxi": 999999, "EX_his__L_e": 0, "GLCabc": 1, "GLCS1": 0, "GLCP": 0, "HPPK2": 0, "EX_hdca_e": 0, "HPPK": 0, "EX_h_e": -2.054206e-01, "GK1": 2.283902e-04, "GHMT2r": 2.499074e-02, "EX_h2s_e": 0, "EX_h2o_e": -8.231612e-01, "GGLUCT2": 0, "HOPNTAL": 0, "GFUCS": 4.060880e-05, "GF6PTA": 1.087462e-02, "GCCc": 0, "EX_h2co3_e": 3.935116e+00, "EX_h2_e": 1.074170e+00, "GCCb": 0, "HMPK4": 0, "GCCa": 0, "GCC2": 0, "GARFT": 1.347320e-02, "GAPD": 2.780275e+00, "GALt2": 0, "EX_gthrd_e": 0, "EX_glyc_e": -9.232438e-01,