{"THDPS": 7.339229e-04, "NADTRHD_copy1": 0, "TDPGDH": 2.627300e-05, "TDPDRR": 2.627300e-05, "TDPDRE": 2.627300e-05, "TDMS4": 9.359596e-06, "TDMS3": 1.862594e-05, "TDMS2": 1.867680e-05, "TDMS1": 2.806183e-05, "RBFK": 0, "TATSO": 9.639367e-06, "TATS": 9.970005e-06, "THZSN": 0, "R05224": 0, "TAS": 7.436810e-05, "R05219": 0, "TARTRt7": 0, "R05217": 0, "TARTD": 0, "QULNS": 0, "TALA": 0, "THZPSN": 0, "SULabc": 5.468242e-04, "QRr": 0, "SULR": 4.822990e-04, "PYRt2": 0, "CYANST_copy1": 0, "SUCOAS": 0, "SUCD1": 0, "THRt2r": 0, "SUCCt2r": 0, "THRS": 0, "SUCBZS": 5.140894e-03, "THRD_L": -1.162438e-03, "PYRDC": 0, "PYK": 6.957226e-01, "PYDXO": 0, "PYDXNO": 0, "PYAM5PO": 0, "PUNP7": 0, "THMDP": 0, "THFGLUS": 0, "SUCBZL": 5.140894e-03, "PUNP6": 0, "PUNP5": 0, "PUNP4": 0, "PUNP3": 0, "PUNP2": 0, "PMANM": -5.427803e-04, "PUNP1": 0, "SSALy": 7.102467e-01, "PLIPA1E180": 0, "PTPATi": 0, "SSALx": 0, "PTAr": -2.504775e-01, "PLIPA1E160": 0, "PLCD": 0, "PSSA180": 0, "SPODM": 0, "PIt": -9.395873e-03, "PSSA160": 3.442873e-05, "SPMS": 0, "PSP_L": 8.093041e-03, "SOTA": 0, "PSERT": 8.093041e-03, "PIabc": 0, "SKMt2": 0, "PHYCBOXL": 0, "PHTO": 0, "PSD180": 0, "PSD160": 3.442873e-05, "PSCVT": 4.792601e-02, "PRPPS": 4.772769e-02, "PROt2r": 0, "PHTHS2": 1.226751e-05, "PHTHS": 2.314465e-06, "PHTHDLS2": 1.226751e-05, "SHSL4r": 9.521244e-02, "PHTHDLS": 2.314465e-06, "PHTHCLS": 0, "PROabc": 0, "PHTHCLR2": -9.999971e+05, "PROD2": 1.972124e+00, "PHTHCLR1": 9.999971e+05, "SHSL1": 2.957853e-04, "PRMICI": 3.443467e-04, "SHKK": 4.792601e-02, "PRFGS": 3.330355e-03, "PREPTTA": 0, "PHEt2r": 0, "PHETA1": -4.078037e-04, "SHK3Dr": 4.792601e-02, "PHDCAt": 0, "PREPTHS2": 1.226751e-05, "PREPTHS": 2.314465e-06, "PREPPACPH": 1.226751e-05, "PHDCATA": -5.470786e-05, "PREPHACPH": 2.314465e-06, "SHCHF3": 0, "PRDX": 0, "PGSA190": 4.925657e-05, "PRATPP": 3.443467e-04, "SHCHF2": 0, "PGSA160190": 1.513135e-04, "SHCHF": 0, "PGSA160": 5.499611e-05, "PRASCSi": 3.330355e-03, "PRAMPC": 3.443467e-04, "PGPPT3": 8.282904e-06, "PGPP190": 4.925657e-05, "PGPP160190": 1.513135e-04, "PGPP160": 5.499611e-05, "PRAIi": 1.706092e-04, "PRAIS": 3.330355e-03, "PRAGSr": 3.330355e-03, "PPTGS_TB2": 1.598083e-04, "PPTGS_TB1": 1.598083e-04, "PGMT": -1.002282e-03, "SHCHD3": 0, "PGM": -7.919516e-01, "PGLYCP": 0, "PGLS": 1.003783e-05, "PPTGS": 0, "PPPGO": 0, "PPNDH": 4.078037e-04, "PPND": 4.211514e-02, "PGL": 0, "PGK": -8.000446e-01, "PPNCL3": 0, "SHCHD2": 0, "PPNCL2": 0, "PGI": -2.843028e-03, "SHCHCS2": 5.140894e-03, "PGCD": 8.093041e-03, "PGAMT": -2.688027e-03, "PPNCL": 0, "PPK2": 0, "PFL": 7.005056e-03, "PFK": 0, "SHCHCS": 0, "PERD": 0, "G6PP": 1.383186e-03, "PEPCK_re": 0, "PPDK": 0, "SGSAD": 0, "PPDIMAT": 0, "PEAMNO": 0, "PPDIMAS": 1.226751e-05, "PPCSCT": 7.188235e-01, "PPCOAC": 0, "PPCK": 0, "PDX5POi": 0, "PDIMAT": 0, "PDIMAS": 2.314465e-06, "SGDS": 0, "PDHcr_copy1": 0, "PDHcr_copy2": 0, "PPCDC": 0, "PPBNGS": 0, "PPAtr": -7.188235e-01, "SERt2r": 0, "PPA": 1.482939e-01, "SERD_L": 0, "PNTK": 0, "PNCDC": 0, "PDHbr": 0, "PDHa": 0, "PMPK": 0, "SERD_D": 0, "PMDPHT": 0, "PDH": 0, "PDE4": 0, "PDE1": 0, "PC8XM": 0, "SERAT": 4.822990e-04, "PC6YM": 0, "SELCYSLY": 0, "PC6AR": 0, "EX_mal__L_e": 0, "PC20M": 0, "SDPTA": -7.339229e-04, "PC17M": 0, "SDPDS": 7.339229e-04, "PC11M": 0, "MPML": 0, "MOTS": 0, "MOTH": 0, "PC": 0, "PATS": 1.060585e-05, "PAPSR": 4.822990e-04, "PAPPT3": 8.359205e-06, "SALCS": 2.458590e-05, "PAPPT2": 1.683540e-04, "SADT2": 0, "PAPPT1": 1.683540e-04, "MOHMT": 0, "PAPA160": 0, "SADT": 5.468242e-04, "PANTS": 0, "PACt2r": 0, "MNDNS2": 0, "MNDNS1": 0, "MN6PP": 8.059511e-04, "P5CRx": 0, "SADH": 0, "P5CR": 1.973294e+00, "P5CD": 0, "MMSAD3": 0, "RZ5PP": 0, "OXGDC2": 5.140894e-03, "RRPPDIMAS": 1.003783e-05, "RPPDIMAS": 1.003783e-05, "MTHFD": 0, "RPI": -4.772769e-02, "MTHFC": 0, "MTAN": 0, "RPE": -4.792601e-02, "MSHS": 0, "MSHOXH": 0, "RNTR4": 0, "MSHAMID": 0, "MMSAD2": 0, "RNDR4": 3.096975e-05, "MMSAD1": 0, "UDPGALM": 1.859202e-04, "UDPG4E": 6.562230e-04, "UDPDPS2": 0, "RNDR3": 5.648822e-05, "UDPDPS": 0, "UDCPDPS": 3.993089e-05, "MMM2": 7.209801e-01, "UDCPDP": 3.595475e-04, "RNDR2": 5.645430e-05, "UAPGR": 3.770290e-04, "UAMRH": 8.282904e-06, "MME": 7.209801e-01, "MMCD": 7.188235e-01, "UAMAS": 3.450673e-04, "MI4PP": 0, "RNDR1": 2.960481e-05, "MI3PP": 0, "UAMAGS": 3.450673e-04, "UAGPT3": 8.359205e-06, "UAGPT2": 1.683540e-04, "RIBabc": 0, "MI1PS": 1.377743e-04, "RBK_L1": 0, "MI1PP": 1.377743e-04, "MHPGLUT": 0, "UAGPT1": 1.683540e-04, "UAGDP": 7.365765e-04, "RBK_Dr": -1.983149e-04, "UAGCVT": 3.770290e-04, "UAAGLS2": 1.683540e-04, "MGt5": 0, "RBK": 0, "METabc": 0, "UAAGLS1": 1.683540e-04, "UAAGDS": 8.359205e-06, "TYRt2r": -4.184592e-02, "TYRTA": -4.211514e-02, "METSOXR2": 0, "METSOXR1": 0, "TTDCAt2": 0, "METS": 6.146330e-03, "RBFSb": 0, "METOX2s": 0, "METOX1s": 0, "TSULabc": 0, "TRPt2r": 0, "TRPTA": 0, "METAT": 5.850545e-03, "RBFSa": 0, "MEPCT": 4.156639e-02, "MEOHt2": 0, "TRPS3": 1.706092e-04, "TRPS2": 1.706092e-04, "IPPMIa": -9.477707e-02, "TRPS1": 0, "TRIATS": 0, "TREabc": 0, "MECDPS": 4.156639e-02, "MECDPDH": 4.156639e-02, "ME1": 0, "MDH": 0, "TRESULT": 6.452526e-05, "TRE6PS": 3.197862e-04, "TRE6PP": 2.647562e-04, "MDFDH": 0, "IPMD": 9.477707e-02, "MCOATA": 5.027850e-03, "MCD": 0, "TRDR": 6.558161e-04, "TPI": 9.441722e-01, "TMPPP": 0, "TMPK": 0, "TMN": 0, "TMHAS6": 0, "MCBTS3": 1.269989e-05, "MCBTS2": 0, "MCBTS": 1.188601e-05, "MANAT3": 1.080084e-05, "MANAT2": 4.500067e-05, "TMHAS5": 0, "MANAT1": 1.425134e-05, "TMHAS4": 9.300251e-06, "IPDPS": 3.638557e-02, "TMHAS3": 9.359596e-06, "TMHAS2": 9.325685e-06, "MAN6PI": -1.348731e-03, "MAN1PT2": 5.427803e-04, "MAN1PT": 0, "MALt2r": 0, "TMHAS1": 9.376552e-06, "IPDDI": 0, "TMDS": 3.096975e-05, "TMDPP": 0, "TMDK1": 0, "BIOMASS_Mtb_9_60atp": 8.477895e-03, "YUMPS": 0, "TKT2": -4.792601e-02, "XYLabc": 0, "INSK": 5.666379e-03, "TKT1": 0, "INSH": 1.841653e-04, "MALTabc": 0, "XYLK": 0, "MALTHPabc": 0, "INDPYRD": 0, "MALT": 0, "XPPT": 0, "VALt2r": -4.454258e-02, "VALTA": -4.628756e-02, "URIK2": 0, "URIDK2r": -3.096975e-05, "UMPK_copy1": 4.246484e-02, "UREA": 0, "MALS": 0, "L_LACt3": 0, "L_LACt2r": 0, "UPPRT": 0, "IMPD": 2.122102e-03, "UPPDC2": 0, "UPPDC1": 0, "UPP3S": 0, "UPP3MT": 0, "L_LACD3": 0, "L_LACD2": 0, "L_LACD": 0, "LYSt5r": 0, "LPLIPAL2E180": 0, "UMPK_copy2": 0, "UGMDDS2": 8.282904e-06, "LPLIPAL2E160": 0, "IMPC": -3.674701e-03, "LO": 0, "UGMDDS": 8.359205e-06, "LEUt2r": -9.304159e-02, "UGMAS": 8.282904e-06, "ILEt2r": -9.330623e-02, "UGMAGS": 8.282904e-06, "UGLDDS2": 1.683540e-04, "LEUTA": -9.477707e-02, "LDH_L": 0, "UGLDDS1": 1.683540e-04, "LCTSabc": 0, "ILETA": -9.405001e-02, "UGGPT3": 8.282904e-06, "LACZ": 0, "Kt3r": 0, "Kabc": 0, "UGAGDS": 8.282904e-06, "UDPGD": 0, "KARA2": 9.405001e-02, "IGPS": 1.706092e-04, "KARA1": -1.410646e-01, "GLYCTO1": 0, "IGPDH": 3.443467e-04, "IGAMD": 0, "IG3PS": 3.443467e-04, "GLYCL": 0, "IPPS": 9.477707e-02, "ID3ACALDt": 0, "IPPMIb": -9.477707e-02, "GLYCK": 0, "ICL": 0, "GLYC3Pabc": 0, "GLYBabc": 0, "ICHORS": 5.140894e-03, "ICDHyr": 0, "GLXO1": 0, "IACGAMS": 0, "HXPRT": 1.841653e-04, "HSTPT": 3.443467e-04, "GLUt2r": 7.191878e-01, "EX_lys__L_e": 0, "HSST": 9.550823e-02, "EX_leu__L_e": 9.304159e-02, "GLUTRR": 0, "GLUSy": 0, "GLUR": -3.533502e-04, "HSK": 0, "GLUPRT": 3.330355e-03, "GLUDxi": 0, "HSERTA": 0, "GLUDC": 0, "GLUCYS": 0, "GLU5K": 0, "GLNSP3": 0, "EX_lcts_e": 0, "EX_lac__L_e": 0, "EX_k_e": 0, "EX_ile__L_e": 9.330623e-02, "GLNSP2": 0, "GLNSP1": 0, "HSDy": 9.999989e+05, "GLNS": 5.712481e-02, "GLGC": 0, "EX_id3acald_e": 0, "HSDxi": 999999, "EX_his__L_e": 0, "GLCabc": 0, "GLCS1": 0, "GLCP": 0, "HPPK2": 0, "EX_hdca_e": 0, "HPPK": 0, "EX_h_e": -5.239650e-01, "GK1": 5.645430e-05, "GHMT2r": 6.177300e-03, "EX_h2s_e": 0, "EX_h2o_e": 4.760280e-01, "GGLUCT2": 0, "HOPNTAL": 0, "GFUCS": 1.003783e-05, "GF6PTA": 2.688027e-03, "GCCc": 0, "EX_h2co3_e": 1.852071e+00, "EX_h2_e": 0, "GCCb": 0, "HMPK4": 0, "GCCa": 0, "GCC2": 0, "GARFT": 3.330355e-03, "GAPD": 8.000446e-01, "GALt2": 0, "EX_gthrd_e": 0, "EX_glyc_e": -1, "EX_glyc3p_e": 0, "EX_glyb_e": 0, "EX_gly_e": 0,