{"THDPS": 4.269157e-03, "NADTRHD_copy1": -9.948042e-01, "TDPGDH": 1.528274e-04, "TDPDRR": 1.528274e-04, "TDPDRE": 1.528274e-04, "TDMS4": 5.444385e-05, "TDMS3": 1.083452e-04, "TDMS2": 1.086411e-04, "TDMS1": 1.632329e-04, "RBFK": 0, "TATSO": 5.607124e-05, "TATS": 5.799453e-05, "THZSN": 0, "R05224": 0, "TAS": 4.325919e-04, "R05219": 0, "TARTRt7": 0, "R05217": 0, "TARTD": 0, "QULNS": 0, "TALA": -1.380581e-02, "THZPSN": 0, "SULabc": 3.180823e-03, "QRr": 999999, "SULR": 2.805486e-03, "PYRt2": 0, "CYANST_copy1": -999999, "SUCOAS": 2.947991e-02, "SUCD1": 0, "THRt2r": 0, "SUCCt2r": 0, "THRS": 0, "SUCBZS": 0, "THRD_L": -6.761788e-03, "PYRDC": 0, "PYK": 2.263830e+00, "PYDXO": 0, "PYDXNO": 0, "PYAM5PO": 0, "PUNP7": 0, "THMDP": 0, "THFGLUS": 0, "SUCBZL": 0, "PUNP6": 0, "PUNP5": -1.071271e-03, "PUNP4": 0, "PUNP3": 0, "PUNP2": 0, "PMANM": -3.157299e-03, "PUNP1": 1.071271e-03, "SSALy": 0, "PLIPA1E180": 0, "PTPATi": 0, "SSALx": 0, "PTAr": 4.269251e-01, "PLIPA1E160": 0, "PLCD": 0, "PSSA180": 0, "SPODM": 0, "PIt": -5.465487e-02, "PSSA160": 2.002685e-04, "SPMS": 0, "PSP_L": 4.707642e-02, "SOTA": 0, "PSERT": 4.707642e-02, "PIabc": 0, "SKMt2": 0, "PHYCBOXL": 0, "PHTO": 0, "PSD180": 0, "PSD160": 2.002685e-04, "PSCVT": 5.463223e-03, "PRPPS": 4.572706e-02, "PROt2r": 0, "PHTHS2": 7.135892e-05, "PHTHS": 1.346302e-05, "PHTHDLS2": 7.135892e-05, "SHSL4r": 1.108825e-02, "PHTHDLS": 1.346302e-05, "PHTHCLS": 0, "PROabc": 0, "PHTHCLR2": -999999, "PROD2": 0, "PHTHCLR1": 999999, "SHSL1": 1.720554e-03, "PRMICI": 2.003031e-03, "SHKK": 5.463223e-03, "PRFGS": 1.937234e-02, "PREPTTA": -1.346302e-05, "PHEt2r": 0, "PHETA1": -2.372154e-03, "SHK3Dr": 5.463223e-03, "PHDCAt": 0, "PREPTHS2": 7.135892e-05, "PREPTHS": 1.346302e-05, "PREPPACPH": 7.135892e-05, "PHDCATA": -3.182302e-04, "PREPHACPH": 0, "SHCHF3": 0, "PRDX": 0, "PGSA190": 2.865206e-04, "PRATPP": 2.003031e-03, "SHCHF2": 0, "PGSA160190": 8.801755e-04, "SHCHF": 0, "PGSA160": 3.199069e-04, "PRASCSi": 1.937234e-02, "PRAMPC": 2.003031e-03, "PGPPT3": 4.818083e-05, "PGPP190": 2.865206e-04, "PGPP160190": 8.801755e-04, "PGPP160": 3.199069e-04, "PRAIi": 9.924166e-04, "PRAIS": 1.937234e-02, "PRAGSr": 1.937234e-02, "PPTGS_TB2": 9.295892e-04, "PPTGS_TB1": 9.295892e-04, "PGMT": -5.830177e-03, "SHCHD3": 0, "PGM": -2.779959e+00, "PGLYCP": 0, "PGLS": 5.838905e-05, "PPTGS": 0, "PPPGO": 0, "PPNDH": 2.372154e-03, "PPND": 1.566050e-03, "PGL": 0, "PGK": -2.827036e+00, "PPNCL3": 0, "SHCHD2": 0, "PPNCL2": 0, "PGI": 9.834624e-01, "SHCHCS2": 0, "PGCD": 4.707642e-02, "PGAMT": -1.563599e-02, "PPNCL": 0, "PPK2": 0, "PFL": 8.112290e-01, "PFK": 9.269061e-01, "SHCHCS": 0, "PERD": 0, "G6PP": -9.919541e-01, "PEPCK_re": -9.031317e-03, "PPDK": 0, "SGSAD": 0, "PPDIMAT": 0, "PEAMNO": 0, "PPDIMAS": 7.135892e-05, "PPCSCT": 1.585869e-02, "PPCOAC": 0, "PPCK": -4.939783e-01, "PDX5POi": 0, "PDIMAT": 0, "PDIMAS": 1.346302e-05, "SGDS": 0, "PDHcr_copy1": 0, "PDHcr_copy2": 0, "PPCDC": 0, "PPBNGS": 0, "PPAtr": -1.585869e-02, "SERt2r": 0, "PPA": 9.209527e-02, "SERD_L": 0, "PNTK": 0, "PNCDC": 0, "PDHbr": 0, "PDHa": 0, "PMPK": 0, "SERD_D": 0, "PMDPHT": 0, "PDH": 0, "PDE4": 0, "PDE1": 0, "PC8XM": 0, "SERAT": 2.805486e-03, "PC6YM": 0, "SELCYSLY": 0, "PC6AR": 0, "EX_mal__L_e": 0, "PC20M": 0, "SDPTA": -4.269157e-03, "PC17M": 0, "SDPDS": 4.269157e-03, "PC11M": 0, "MPML": 0, "MOTS": 0, "MOTH": 0, "PC": 0, "PATS": 6.169316e-05, "PAPSR": 2.805486e-03, "PAPPT3": 4.862467e-05, "SALCS": 1.430137e-04, "PAPPT2": 9.792988e-04, "SADT2": 0, "PAPPT1": 9.792988e-04, "MOHMT": 0, "PAPA160": 0, "SADT": 3.180823e-03, "PANTS": 0, "PACt2r": 0, "MNDNS2": 0, "MNDNS1": 0, "MN6PP": 4.688138e-03, "P5CRx": 0, "SADH": 0, "P5CR": 6.807158e-03, "P5CD": 0, "MMSAD3": 0, "RZ5PP": 0, "OXGDC2": 0, "RRPPDIMAS": 5.838905e-05, "RPPDIMAS": 5.838905e-05, "MTHFD": -9.999990e+05, "RPI": -3.192126e-02, "MTHFC": 2.990407e-02, "MTAN": 0, "RPE": -3.307483e-02, "MSHS": 0, "MSHOXH": 0, "RNTR4": 0, "MSHAMID": 0, "MMSAD2": 0, "RNDR4": 1.801480e-04, "MMSAD1": 0, "UDPGALM": 1.081480e-03, "UDPG4E": 3.817184e-03, "UDPDPS2": 0, "RNDR3": 3.285864e-04, "UDPDPS": 2.322740e-04, "UDCPDPS": 0, "MMM2": 2.840366e-02, "UDCPDP": 2.091452e-03, "RNDR2": 3.283891e-04, "UAPGR": 2.193140e-03, "UAMRH": 4.818083e-05, "MME": 2.840366e-02, "MMCD": 1.585869e-02, "UAMAS": 2.007222e-03, "MI4PP": 0, "RNDR1": 1.722083e-04, "MI3PP": 0, "UAMAGS": 2.007222e-03, "UAGPT3": 4.862467e-05, "UAGPT2": 9.792988e-04, "RIBabc": 0, "MI1PS": 8.014193e-04, "RBK_L1": 0, "MI1PP": 8.014193e-04, "MHPGLUT": 0, "UAGPT1": 9.792988e-04, "UAGDP": 4.284593e-03, "RBK_Dr": -1.153578e-03, "UAGCVT": 2.193140e-03, "UAAGLS2": 9.792988e-04, "MGt5": 0, "RBK": 0, "METabc": 0, "UAAGLS1": 9.792988e-04, "UAAGDS": 4.862467e-05, "TYRt2r": 0, "TYRTA": -1.566050e-03, "METSOXR2": 0, "METSOXR1": 0, "TTDCAt2": 0, "METS": 5.848522e-03, "RBFSb": 0, "METOX2s": 0, "METOX1s": 0, "TSULabc": 0, "TRPt2r": 0, "TRPTA": 0, "METAT": 4.127968e-03, "RBFSa": 0, "MEPCT": 2.555014e-03, "MEOHt2": 0, "TRPS3": 0, "TRPS2": 0, "IPPMIa": -1.009509e-02, "TRPS1": 9.924166e-04, "TRIATS": 0, "TREabc": 0, "MECDPS": 2.555014e-03, "MECDPDH": 2.555014e-03, "ME1": 0, "MDH": 0, "TRESULT": 3.753371e-04, "TRE6PS": 1.860165e-03, "TRE6PP": 1.540061e-03, "MDFDH": 0, "IPMD": 1.009509e-02, "MCOATA": 2.924650e-02, "MCD": 0, "TRDR": 3.814817e-03, "TPI": 1.920961e+00, "TMPPP": 0, "TMPK": 0, "TMN": 0, "TMHAS6": 0, "MCBTS3": 7.387399e-05, "MCBTS2": 0, "MCBTS": 6.913974e-05, "MANAT3": 6.282741e-05, "MANAT2": 2.617644e-04, "TMHAS5": 0, "MANAT1": 8.289865e-05, "TMHAS4": 5.409864e-05, "IPDPS": 0, "TMHAS3": 5.444385e-05, "TMHAS2": 5.424659e-05, "MAN6PI": -7.845437e-03, "MAN1PT2": 3.157299e-03, "MAN1PT": 0, "MALt2r": 0, "TMHAS1": 5.454248e-05, "IPDDI": -2.322740e-03, "TMDS": 1.801480e-04, "TMDPP": 0, "TMDK1": 0, "BIOMASS_Mtb_9_60atp": 4.931508e-02, "YUMPS": 0, "TKT2": -1.926903e-02, "XYLabc": 0, "INSK": 0, "TKT1": -1.380581e-02, "INSH": 1.071271e-03, "MALTabc": 0, "XYLK": 0, "MALTHPabc": 0, "INDPYRD": 0, "MALT": 0, "XPPT": 0, "VALt2r": -6.890096e-01, "VALTA": -6.991600e-01, "URIK2": 0, "URIDK2r": -1.801480e-04, "UMPK_copy1": 999999, "UREA": 0, "MALS": 0, "L_LACt3": 0, "L_LACt2r": 0, "UPPRT": 0, "IMPD": 1.234406e-02, "UPPDC2": 0, "UPPDC1": 0, "UPP3S": 0, "UPP3MT": 0, "L_LACD3": 0, "L_LACD2": 0, "L_LACD": 0, "LYSt5r": 0, "LPLIPAL2E180": 0, "UMPK_copy2": -9.999990e+05, "UGMDDS2": 4.818083e-05, "LPLIPAL2E160": 0, "IMPC": -2.137537e-02, "LO": 0, "UGMDDS": 4.862467e-05, "LEUt2r": 0, "UGMAS": 4.818083e-05, "ILEt2r": 0, "UGMAGS": 4.818083e-05, "UGLDDS2": 9.792988e-04, "LEUTA": -1.009509e-02, "LDH_L": 0, "UGLDDS1": 9.792988e-04, "LCTSabc": 0, "ILETA": -4.326461e-03, "UGGPT3": 4.818083e-05, "LACZ": 0, "Kt3r": -999999, "Kabc": 0, "UGAGDS": 4.818083e-05, "UDPGD": 0, "KARA2": 4.326461e-03, "IGPS": 9.924166e-04, "KARA1": -7.092551e-01, "GLYCTO1": 0, "IGPDH": 2.003031e-03, "IGAMD": 0, "IG3PS": 2.003031e-03, "GLYCL": 0, "IPPS": 1.009509e-02, "ID3ACALDt": 0, "IPPMIb": -1.009509e-02, "GLYCK": 0, "ICL": 0, "GLYC3Pabc": 0, "GLYBabc": 0, "ICHORS": 0, "ICDHyr": 4.297306e-01, "GLXO1": 0, "IACGAMS": 0, "HXPRT": 0, "HSTPT": 2.003031e-03, "GLUt2r": 1.136229e-02, "EX_lys__L_e": 0, "HSST": 1.280880e-02, "EX_leu__L_e": 0, "GLUTRR": 0, "GLUSy": 0, "GLUR": -2.055403e-03, "HSK": 0, "GLUPRT": 1.937234e-02, "GLUDxi": -8.870153e-01, "HSERTA": 0, "GLUDC": 0, "GLUCYS": 0, "GLU5K": 0, "GLNSP3": 0, "EX_lcts_e": 0, "EX_lac__L_e": 0, "EX_k_e": 0, "EX_ile__L_e": 0, "GLNSP2": 0, "GLNSP1": 0, "HSDy": 9.999990e+05, "GLNS": 1.003892e-01, "GLGC": 0, "EX_id3acald_e": 0, "HSDxi": 999999, "EX_his__L_e": 0, "GLCabc": 1, "GLCS1": 0, "GLCP": 0, "HPPK2": 0, "EX_hdca_e": 0, "HPPK": 0, "EX_h_e": 1.861287e+00, "GK1": 3.283891e-04, "GHMT2r": 3.593274e-02, "EX_h2s_e": 0, "EX_h2o_e": 2.396466e+00, "GGLUCT2": 0, "HOPNTAL": 0, "GFUCS": 5.838905e-05, "GF6PTA": 1.563599e-02, "GCCc": 0, "EX_h2co3_e": 1.465792e+00, "EX_h2_e": 8.003853e-01, "GCCb": 0, "HMPK4": 0, "GCCa": 0, "GCC2": 0, "GARFT": 1.937234e-02, "GAPD": 2.827036e+00, "GALt2": 0, "EX_gthrd_e": 0, "EX_glyc_e": -1, "EX_glyc3p_e": 0, "EX_glyb_e": 0, "EX_gly_e": 0,