{"THDPS": 1.625083e-03, "NADTRHD_copy1": -999999, "TDPGDH": 5.817479e-05, "TDPDRR": 5.817479e-05, "TDPDRE": 5.817479e-05, "TDMS4": 2.072442e-05, "TDMS3": 4.124234e-05, "TDMS2": 4.135498e-05, "TDMS1": 6.213571e-05, "RBFK": 0, "TATSO": 2.134390e-05, "TATS": 2.207601e-05, "THZSN": 0, "R05224": 0, "TAS": 1.646690e-04, "R05219": 0, "TARTRt7": 0, "R05217": 0, "TARTD": 0, "QULNS": 0, "TALA": -6.831712e-03, "THZPSN": 0, "SULabc": 1.210802e-03, "QRr": -999999, "SULR": 1.067927e-03, "PYRt2": 0, "CYANST_copy1": -999999, "SUCOAS": -9.999989e+05, "SUCD1": 0, "THRt2r": 0, "SUCCt2r": 0, "THRS": 0, "SUCBZS": 0, "THRD_L": -2.573920e-03, "PYRDC": 0, "PYK": 6.830243e-01, "PYDXO": 0, "PYDXNO": 0, "PYAM5PO": 0, "PUNP7": 0, "THMDP": 0, "THFGLUS": 0, "SUCBZL": 0, "PUNP6": 0, "PUNP5": -4.077867e-04, "PUNP4": 0, "PUNP3": 0, "PUNP2": 0, "PMANM": -1.201847e-03, "PUNP1": 4.077867e-04, "SSALy": 8.547056e-02, "PLIPA1E180": 0, "PTPATi": 0, "SSALx": 0, "PTAr": -9.999988e+05, "PLIPA1E160": 0, "PLCD": 0, "PSSA180": 0, "SPODM": 0, "PIt": -2.553406e-02, "PSSA160": 7.623357e-05, "SPMS": 0, "PSP_L": 2.264927e-02, "SOTA": 0, "PSERT": 2.264927e-02, "PIabc": 0, "SKMt2": 0, "PHYCBOXL": 0, "PHTO": 0, "PSD180": 0, "PSD160": 7.623357e-05, "PSCVT": 2.079613e-03, "PRPPS": 2.213563e-02, "PROt2r": 0, "PHTHS2": 2.716325e-05, "PHTHS": 6.658995e-03, "PHTHDLS2": 2.716325e-05, "SHSL4r": 4.220817e-03, "PHTHDLS": 6.658995e-03, "PHTHCLS": 0, "PROabc": 0, "PHTHCLR2": -999999, "PROD2": 0, "PHTHCLR1": 999999, "SHSL1": 6.549404e-04, "PRMICI": 7.624671e-04, "SHKK": 2.079613e-03, "PRFGS": 1.210353e-02, "PREPTTA": -6.658995e-03, "PHEt2r": 0, "PHETA1": -9.029764e-04, "SHK3Dr": 2.079613e-03, "PHDCAt": 0, "PREPTHS2": 2.716325e-05, "PREPTHS": 6.658995e-03, "PREPPACPH": 2.716325e-05, "PHDCATA": -1.211365e-04, "PREPHACPH": 0, "SHCHF3": 0, "PRDX": 0, "PGSA190": 1.090660e-04, "PRATPP": 7.624671e-04, "SHCHF2": 0, "PGSA160190": 3.350448e-04, "SHCHF": 0, "PGSA160": 1.217747e-04, "PRASCSi": 1.210353e-02, "PRAMPC": 7.624671e-04, "PGPPT3": 1.834036e-05, "PGPP190": 1.090660e-04, "PGPP160190": 3.350448e-04, "PGPP160": 1.217747e-04, "PRAIi": 3.777701e-04, "PRAIS": 1.210353e-02, "PRAGSr": 1.210353e-02, "PPTGS_TB2": 3.538544e-04, "PPTGS_TB1": 3.538544e-04, "PGMT": -2.219296e-03, "SHCHD3": 0, "PGM": -9.036286e-01, "PGLYCP": 0, "PGLS": 2.222619e-05, "PPTGS": 0, "PPPGO": 0, "PPNDH": 9.029764e-04, "PPND": 5.961274e-04, "PGL": 0, "PGK": -9.262778e-01, "PPNCL3": 0, "SHCHD2": 0, "PPNCL2": 0, "PGI": -6.295155e-03, "SHCHCS2": 0, "PGCD": 2.264927e-02, "PGAMT": -5.951944e-03, "PPNCL": 0, "PPK2": 0, "PFL": 0, "PFK": 0, "SHCHCS": 0, "PERD": 0, "G6PP": 3.062709e-03, "PEPCK_re": 9.999988e+05, "PPDK": 0, "SGSAD": 0, "PPDIMAT": 0, "PEAMNO": 0, "PPDIMAS": 2.716325e-05, "PPCSCT": 0, "PPCOAC": 0, "PPCK": -999999, "PDX5POi": 0, "PDIMAT": 6.653870e-03, "PDIMAS": 6.658995e-03, "SGDS": 0, "PDHcr_copy1": 0, "PDHcr_copy2": 0, "PPCDC": 0, "PPBNGS": 0, "PPAtr": 0, "SERt2r": 0, "PPA": 5.589851e-02, "SERD_L": 0, "PNTK": 0, "PNCDC": 0, "PDHbr": 0, "PDHa": 0, "PMPK": 0, "SERD_D": 0, "PMDPHT": 0, "PDH": 6.546341e-01, "PDE4": 0, "PDE1": 0, "PC8XM": 0, "SERAT": 1.067927e-03, "PC6YM": 0, "SELCYSLY": 0, "PC6AR": 0, "EX_mal__L_e": 0, "PC20M": 0, "SDPTA": -1.625083e-03, "PC17M": 0, "SDPDS": 1.625083e-03, "PC11M": 0, "MPML": 0, "MOTS": 0, "MOTH": 0, "PC": 0, "PATS": 2.348392e-05, "PAPSR": 1.067927e-03, "PAPPT3": 1.850931e-05, "SALCS": 5.443914e-05, "PAPPT2": 3.727767e-04, "SADT2": 0, "PAPPT1": 3.727767e-04, "MOHMT": 0, "PAPA160": 0, "SADT": 1.210802e-03, "PANTS": 0, "PACt2r": 0, "MNDNS2": 0, "MNDNS1": 0, "MN6PP": 1.784571e-03, "P5CRx": 2.591191e-03, "SADH": 0, "P5CR": 0, "P5CD": 0, "MMSAD3": 0, "RZ5PP": 0, "OXGDC2": 0, "RRPPDIMAS": 2.222619e-05, "RPPDIMAS": 2.222619e-05, "MTHFD": 0, "RPI": -1.530392e-02, "MTHFC": 0, "MTAN": 0, "RPE": -1.574304e-02, "MSHS": 0, "MSHOXH": 0, "RNTR4": 6.857455e-05, "MSHAMID": 0, "MMSAD2": 0, "RNDR4": 0, "MMSAD1": 0, "UDPGALM": 4.116725e-04, "UDPG4E": 1.453037e-03, "UDPDPS2": 0, "RNDR3": 1.250786e-04, "UDPDPS": 0, "UDCPDPS": 8.841667e-05, "MMM2": 7.131402e-02, "UDCPDP": 7.961255e-04, "RNDR2": 1.250035e-04, "UAPGR": 8.348336e-04, "UAMRH": 1.834036e-05, "MME": 7.131402e-02, "MMCD": 0, "UAMAS": 7.640627e-04, "MI4PP": 0, "RNDR1": 6.555224e-05, "MI3PP": 0, "UAMAGS": 7.640627e-04, "UAGPT3": 1.850931e-05, "UAGPT2": 3.727767e-04, "RIBabc": 0, "MI1PS": 3.050657e-04, "RBK_L1": 0, "MI1PP": 3.050657e-04, "MHPGLUT": 0, "UAGPT1": 3.727767e-04, "UAGDP": 1.630959e-03, "RBK_Dr": -4.391174e-04, "UAGCVT": 8.348336e-04, "UAAGLS2": 3.727767e-04, "MGt5": 0, "RBK": 0, "METabc": 0, "UAAGLS1": 3.727767e-04, "UAAGDS": 1.850931e-05, "TYRt2r": 0, "TYRTA": -5.961274e-04, "METSOXR2": 0, "METSOXR1": 0, "TTDCAt2": 0, "METS": 1.833878e-02, "RBFSb": 0, "METOX2s": 0, "METOX1s": 0, "TSULabc": 0, "TRPt2r": 0, "TRPTA": 0, "METAT": 1.768384e-02, "RBFSa": 0, "MEPCT": 9.725834e-04, "MEOHt2": 0, "TRPS3": 3.777701e-04, "TRPS2": 3.777701e-04, "IPPMIa": -3.842765e-03, "TRPS1": 0, "TRIATS": 0, "TREabc": 0, "MECDPS": 9.725834e-04, "MECDPDH": 9.725834e-04, "ME1": 0, "MDH": 0, "TRESULT": 1.428746e-04, "TRE6PS": 7.080843e-04, "TRE6PP": 5.862345e-04, "MDFDH": 0, "IPMD": 3.842765e-03, "MCOATA": 6.788468e-02, "MCD": 0, "TRDR": 1.452136e-03, "TPI": 9.667605e-01, "TMPPP": 0, "TMPK": 0, "TMN": 0, "TMHAS6": 0, "MCBTS3": 2.812063e-05, "MCBTS2": 0, "MCBTS": 2.631851e-05, "MANAT3": 2.391568e-05, "MANAT2": 9.964240e-05, "TMHAS5": 0, "MANAT1": 3.155593e-05, "TMHAS4": 2.059301e-05, "IPDPS": 9.725834e-04, "TMHAS3": 2.072442e-05, "TMHAS2": 2.064933e-05, "MAN6PI": -2.986419e-03, "MAN1PT2": 1.201847e-03, "MAN1PT": 0, "MALt2r": 0, "TMHAS1": 2.076196e-05, "IPDDI": 8.841667e-05, "TMDS": 6.857455e-05, "TMDPP": 0, "TMDK1": 0, "BIOMASS_Mtb_9_60atp": 1.877212e-02, "YUMPS": 0, "TKT2": -8.911325e-03, "XYLabc": 0, "INSK": 0, "TKT1": -6.831712e-03, "INSH": 4.077867e-04, "MALTabc": 0, "XYLK": 0, "MALTHPabc": 0, "INDPYRD": 0, "MALT": 0, "XPPT": 0, "VALt2r": 0, "VALTA": -3.863809e-03, "URIK2": 0, "URIDK2r": -6.857455e-05, "UMPK_copy1": 999999, "UREA": 0, "MALS": 0, "L_LACt3": 0, "L_LACt2r": 0, "UPPRT": 0, "IMPD": 4.698849e-03, "UPPDC2": 0, "UPPDC1": 0, "UPP3S": 0, "UPP3MT": 0, "L_LACD3": 0, "L_LACD2": 1.798987e+00, "L_LACD": 0, "LYSt5r": 0, "LPLIPAL2E180": 0, "UMPK_copy2": -9.999990e+05, "UGMDDS2": 1.834036e-05, "LPLIPAL2E160": 0, "IMPC": -1.286600e-02, "LO": 0, "UGMDDS": 1.850931e-05, "LEUt2r": 0, "UGMAS": 1.834036e-05, "ILEt2r": 0, "UGMAGS": 1.834036e-05, "UGLDDS2": 3.727767e-04, "LEUTA": -3.842765e-03, "LDH_L": -1.798987e+00, "UGLDDS1": 3.727767e-04, "LCTSabc": 0, "ILETA": -1.646897e-03, "UGGPT3": 1.834036e-05, "LACZ": 0, "Kt3r": -999999, "Kabc": 0, "UGAGDS": 1.834036e-05, "UDPGD": 0, "KARA2": 1.646897e-03, "IGPS": 3.777701e-04, "KARA1": -7.706574e-03, "GLYCTO1": 0, "IGPDH": 7.624671e-04, "IGAMD": 0, "IG3PS": 7.624671e-04, "GLYCL": 0, "IPPS": 3.842765e-03, "ID3ACALDt": 0, "IPPMIb": -3.842765e-03, "GLYCK": 0, "ICL": 1.782574e-01, "GLYC3Pabc": 0, "GLYBabc": 0, "ICHORS": 0, "ICDHyr": 0, "GLXO1": 1.782574e-01, "IACGAMS": 0, "HXPRT": 0, "HSTPT": 7.624671e-04, "GLUt2r": 9.388528e-02, "EX_lys__L_e": 0, "HSST": 4.875757e-03, "EX_leu__L_e": 0, "GLUTRR": 0, "GLUSy": 0, "GLUR": -7.824031e-04, "HSK": 0, "GLUPRT": 1.210353e-02, "GLUDxi": 0, "HSERTA": 0, "GLUDC": 0, "GLUCYS": 0, "GLU5K": 2.591191e-03, "GLNSP3": 0, "EX_lcts_e": 0, "EX_lac__L_e": 0, "EX_k_e": 0, "EX_ile__L_e": 0, "GLNSP2": 0, "GLNSP1": 0, "HSDy": 9.999990e+05, "GLNS": 4.767245e-02, "GLGC": 0, "EX_id3acald_e": 0, "HSDxi": 999999, "EX_his__L_e": 0, "GLCabc": 0, "GLCS1": 0, "GLCP": 0, "HPPK2": 0, "EX_hdca_e": 0, "HPPK": 0, "EX_h_e": 4.053017e-01, "GK1": 1.250035e-04, "GHMT2r": 1.840736e-02, "EX_h2s_e": 0, "EX_h2o_e": 1.416086e+00, "GGLUCT2": 0, "HOPNTAL": 0, "GFUCS": 2.222619e-05, "GF6PTA": 5.951944e-03, "GCCc": 0, "EX_h2co3_e": 9.240682e-01, "EX_h2_e": 1.532879e-01, "GCCb": 0, "HMPK4": 0, "GCCa": 0, "GCC2": 0, "GARFT": 1.210353e-02, "GAPD": 9.262778e-01, "GALt2": 0, "EX_gthrd_e": 0, "EX_glyc_e": -1, "EX_glyc3p_e": 0, "EX_glyb_e": 0, "EX_gly_e": 0,