{"THDPS": 1.766392e-03, "NADTRHD_copy1": 999999, "TDPGDH": 6.323337e-05, "TDPDRR": 6.323337e-05, "TDPDRE": 6.323337e-05, "TDMS4": 2.252651e-05, "TDMS3": 4.482856e-05, "TDMS2": 4.495099e-05, "TDMS1": 6.753871e-05, "RBFK": 0, "TATSO": 2.319985e-05, "TATS": 2.399563e-05, "THZSN": 0, "R05224": 0, "TAS": 1.789878e-04, "R05219": 0, "TARTRt7": 0, "R05217": 0, "TARTD": 0, "QULNS": 0, "TALA": -6.690892e-03, "THZPSN": 0, "SULabc": 1.316087e-03, "QRr": -9.999973e+05, "SULR": 1.160788e-03, "PYRt2": 0, "CYANST_copy1": -999999, "SUCOAS": -9.999989e+05, "SUCD1": 0, "THRt2r": 0, "SUCCt2r": 0, "THRS": 0, "SUCBZS": 0, "THRD_L": -2.797735e-03, "PYRDC": 0, "PYK": 8.638593e-01, "PYDXO": 0, "PYDXNO": 0, "PYAM5PO": 0, "PUNP7": 0, "THMDP": 0, "THFGLUS": 0, "SUCBZL": 0, "PUNP6": 0, "PUNP5": -4.432457e-04, "PUNP4": 0, "PUNP3": 0, "PUNP2": 0, "PMANM": -1.306354e-03, "PUNP1": 4.432457e-04, "SSALy": 3.860571e-01, "PLIPA1E180": 0, "PTPATi": 0, "SSALx": 0, "PTAr": -9.999987e+05, "PLIPA1E160": 0, "PLCD": 0, "PSSA180": 0, "SPODM": 0, "PIt": -2.554976e-02, "PSSA160": 8.286245e-05, "SPMS": 0, "PSP_L": 2.241413e-02, "SOTA": 0, "PSERT": 2.241413e-02, "PIabc": 0, "SKMt2": 0, "PHYCBOXL": 0, "PHTO": 0, "PSD180": 0, "PSD160": 8.286245e-05, "PSCVT": 2.260445e-03, "PRPPS": 2.185582e-02, "PROt2r": 0, "PHTHS2": 2.952523e-05, "PHTHS": 9.442636e-03, "PHTHDLS2": 2.952523e-05, "SHSL4r": 4.587837e-03, "PHTHDLS": 9.442636e-03, "PHTHCLS": 0, "PROabc": 0, "PHTHCLR2": -999999, "PROD2": 0, "PHTHCLR1": 999999, "SHSL1": 7.118906e-04, "PRMICI": 8.287673e-04, "SHKK": 2.260445e-03, "PRFGS": 1.095138e-02, "PREPTTA": -9.442636e-03, "PHEt2r": 0, "PHETA1": -9.814946e-04, "SHK3Dr": 2.260445e-03, "PHDCAt": 0, "PREPTHS2": 2.952523e-05, "PREPTHS": 9.442636e-03, "PREPPACPH": 2.952523e-05, "PHDCATA": -1.316699e-04, "PREPHACPH": 0, "SHCHF3": 0, "PRDX": 0, "PGSA190": 1.185498e-04, "PRATPP": 8.287673e-04, "SHCHF2": 0, "PGSA160190": 3.641785e-04, "SHCHF": 0, "PGSA160": 1.323636e-04, "PRASCSi": 1.095138e-02, "PRAMPC": 8.287673e-04, "PGPPT3": 1.993514e-05, "PGPP190": 1.185498e-04, "PGPP160190": 3.641785e-04, "PGPP160": 1.323636e-04, "PRAIi": 4.106190e-04, "PRAIS": 1.095138e-02, "PRAGSr": 1.095138e-02, "PPTGS_TB2": 3.846238e-04, "PPTGS_TB1": 3.846238e-04, "PGMT": -2.412275e-03, "SHCHD3": 0, "PGM": -9.011276e-01, "PGLYCP": 0, "PGLS": 2.415886e-05, "PPTGS": 0, "PPPGO": 0, "PPNDH": 9.814946e-04, "PPND": 6.479635e-04, "PGL": 0, "PGK": -9.235417e-01, "PPNCL3": 0, "SHCHD2": 0, "PPNCL2": 0, "PGI": -6.842549e-03, "SHCHCS2": 0, "PGCD": 2.241413e-02, "PGAMT": -6.469494e-03, "PPNCL": 0, "PPK2": 0, "PFL": 8.330005e-01, "PFK": 0, "SHCHCS": 0, "PERD": 0, "G6PP": 3.329026e-03, "PEPCK_re": 9.999990e+05, "PPDK": 0, "SGSAD": 0, "PPDIMAT": 0, "PEAMNO": 0, "PPDIMAS": 2.952523e-05, "PPCSCT": 0, "PPCOAC": 0, "PPCK": -999999, "PDX5POi": 0, "PDIMAT": 9.437066e-03, "PDIMAS": 9.442636e-03, "SGDS": 0, "PDHcr_copy1": -999999, "PDHcr_copy2": 999999, "PPCDC": 0, "PPBNGS": 0, "PPAtr": 0, "SERt2r": 0, "PPA": 5.634993e-02, "SERD_L": 0, "PNTK": 0, "PNCDC": 0, "PDHbr": 0, "PDHa": 0, "PMPK": 0, "SERD_D": 0, "PMDPHT": 0, "PDH": 0, "PDE4": 0, "PDE1": 0, "PC8XM": 0, "SERAT": 1.160788e-03, "PC6YM": 0, "SELCYSLY": 0, "PC6AR": 0, "EX_mal__L_e": 0, "PC20M": 0, "SDPTA": -1.766392e-03, "PC17M": 0, "SDPDS": 1.766392e-03, "PC11M": 0, "MPML": 0, "MOTS": 0, "MOTH": 0, "PC": 0, "PATS": 2.552596e-05, "PAPSR": 1.160788e-03, "PAPPT3": 2.011878e-05, "SALCS": 5.917289e-05, "PAPPT2": 4.051914e-04, "SADT2": 0, "PAPPT1": 4.051914e-04, "MOHMT": 0, "PAPA160": 0, "SADT": 1.316087e-03, "PANTS": 0, "PACt2r": 0, "MNDNS2": 0, "MNDNS1": 0, "MN6PP": 1.939748e-03, "P5CRx": 2.816507e-03, "SADH": 0, "P5CR": 0, "P5CD": 0, "MMSAD3": 0, "RZ5PP": 0, "OXGDC2": 0, "RRPPDIMAS": 2.415886e-05, "RPPDIMAS": 2.415886e-05, "MTHFD": 0, "RPI": -1.516493e-02, "MTHFC": 0, "MTAN": 0, "RPE": -1.564223e-02, "MSHS": 0, "MSHOXH": 0, "RNTR4": 7.453743e-05, "MSHAMID": 0, "MMSAD2": 0, "RNDR4": 0, "MMSAD1": 0, "UDPGALM": 4.474695e-04, "UDPG4E": 1.579386e-03, "UDPDPS2": 0, "RNDR3": 1.359548e-04, "UDPDPS": 9.610493e-05, "UDCPDPS": 0, "MMM2": 9.956122e-02, "UDCPDP": 8.653525e-04, "RNDR2": 1.358732e-04, "UAPGR": 9.074264e-04, "UAMRH": 1.993514e-05, "MME": 9.956122e-02, "MMCD": 0, "UAMAS": 8.305017e-04, "MI4PP": 0, "RNDR1": 7.125232e-05, "MI3PP": 0, "UAMAGS": 8.305017e-04, "UAGPT3": 2.011878e-05, "UAGPT2": 4.051914e-04, "RIBabc": 0, "MI1PS": 3.315926e-04, "RBK_L1": 0, "MI1PP": 3.315926e-04, "MHPGLUT": 0, "UAGPT1": 4.051914e-04, "UAGDP": 1.772779e-03, "RBK_Dr": -4.773007e-04, "UAGCVT": 9.074264e-04, "UAAGLS2": 4.051914e-04, "MGt5": 0, "RBK": 0, "METabc": 0, "UAAGLS1": 4.051914e-04, "UAAGDS": 2.011878e-05, "TYRt2r": 0, "TYRTA": -6.479635e-04, "METSOXR2": 0, "METSOXR1": 0, "TTDCAt2": 0, "METS": 1.772882e-02, "RBFSb": 0, "METOX2s": 0, "METOX1s": 0, "TSULabc": 0, "TRPt2r": 0, "TRPTA": 0, "METAT": 1.701693e-02, "RBFSa": 0, "MEPCT": 1.057154e-03, "MEOHt2": 0, "TRPS3": 0, "TRPS2": 0, "IPPMIa": -4.176912e-03, "TRPS1": 4.106190e-04, "TRIATS": 0, "TREabc": 0, "MECDPS": 1.057154e-03, "MECDPDH": 1.057154e-03, "ME1": 0, "MDH": 3.041199e-01, "TRESULT": 1.552982e-04, "TRE6PS": 7.696556e-04, "TRE6PP": 6.372104e-04, "MDFDH": 0, "IPMD": 4.176912e-03, "MCOATA": 4.733226e-02, "MCD": 0, "TRDR": 1.578406e-03, "TPI": 9.653399e-01, "TMPPP": 0, "TMPK": 0, "TMN": 0, "TMHAS6": 0, "MCBTS3": 3.056586e-05, "MCBTS2": 0, "MCBTS": 2.860703e-05, "MANAT3": 2.599526e-05, "MANAT2": 1.083068e-04, "TMHAS5": 0, "MANAT1": 3.429987e-05, "TMHAS4": 2.238367e-05, "IPDPS": 1.057154e-03, "TMHAS3": 2.252651e-05, "TMHAS2": 2.244489e-05, "MAN6PI": -3.246102e-03, "MAN1PT2": 1.306354e-03, "MAN1PT": 0, "MALt2r": 0, "TMHAS1": 2.256731e-05, "IPDDI": 9.610493e-05, "TMDS": 7.453743e-05, "TMDPP": 0, "TMDK1": 0, "BIOMASS_Mtb_9_60atp": 2.040444e-02, "YUMPS": 0, "TKT2": -8.951338e-03, "XYLabc": 0, "INSK": 0, "TKT1": -6.690892e-03, "INSH": 4.432457e-04, "MALTabc": 0, "XYLK": 0, "MALTHPabc": 0, "INDPYRD": 0, "MALT": 0, "XPPT": 0, "VALt2r": 0, "VALTA": -4.199785e-03, "URIK2": 0, "URIDK2r": -7.453743e-05, "UMPK_copy1": 999999, "UREA": 0, "MALS": 0, "L_LACt3": 0, "L_LACt2r": 0, "UPPRT": 0, "IMPD": 5.107436e-03, "UPPDC2": 0, "UPPDC1": 0, "UPP3S": 0, "UPP3MT": 0, "L_LACD3": 0, "L_LACD2": 0, "L_LACD": 0, "LYSt5r": 0, "LPLIPAL2E180": 0, "UMPK_copy2": -9.999990e+05, "UGMDDS2": 1.993514e-05, "LPLIPAL2E160": 0, "IMPC": -1.178015e-02, "LO": 0, "UGMDDS": 2.011878e-05, "LEUt2r": 0, "UGMAS": 1.993514e-05, "ILEt2r": 0, "UGMAGS": 1.993514e-05, "UGLDDS2": 4.051914e-04, "LEUTA": -4.176912e-03, "LDH_L": 0, "UGLDDS1": 4.051914e-04, "LCTSabc": 0, "ILETA": -1.790102e-03, "UGGPT3": 1.993514e-05, "LACZ": 0, "Kt3r": 999999, "Kabc": 0, "UGAGDS": 1.993514e-05, "UDPGD": 0, "KARA2": 1.790102e-03, "IGPS": 4.106190e-04, "KARA1": -8.376698e-03, "GLYCTO1": 0, "IGPDH": 8.287673e-04, "IGAMD": 0, "IG3PS": 8.287673e-04, "GLYCL": 0, "IPPS": 4.176912e-03, "ID3ACALDt": 0, "IPPMIb": -4.176912e-03, "GLYCK": 0, "ICL": 0, "GLYC3Pabc": 0, "GLYBabc": 0, "ICHORS": 0, "ICDHyr": 2.997683e-01, "GLXO1": 0, "IACGAMS": 0, "HXPRT": 0, "HSTPT": 8.287673e-04, "GLUt2r": 9.543522e-02, "EX_lys__L_e": 0, "HSST": 5.299728e-03, "EX_leu__L_e": 0, "GLUTRR": 0, "GLUSy": 0, "GLUR": -8.504368e-04, "HSK": 0, "GLUPRT": 1.095138e-02, "GLUDxi": 0, "HSERTA": 0, "GLUDC": 3.860571e-01, "GLUCYS": 0, "GLU5K": 2.816507e-03, "GLNSP3": 0, "EX_lcts_e": 0, "EX_lac__L_e": 0, "EX_k_e": 0, "EX_ile__L_e": 0, "GLNSP2": 0, "GLNSP1": 0, "HSDy": 9.999990e+05, "GLNS": 4.740858e-02, "GLGC": 0, "EX_id3acald_e": 0, "HSDxi": 999999, "EX_his__L_e": 0, "GLCabc": 0, "GLCS1": 0, "GLCP": 0, "HPPK2": 0, "EX_hdca_e": 0, "HPPK": 0, "EX_h_e": -2.622171e-02, "GK1": 1.358732e-04, "GHMT2r": 1.780336e-02, "EX_h2s_e": 0, "EX_h2o_e": 999999, "GGLUCT2": 0, "HOPNTAL": 0, "GFUCS": 2.415886e-05, "GF6PTA": 6.469494e-03, "GCCc": 0, "EX_h2co3_e": -9.999971e+05, "EX_h2_e": 8.102690e-01, "GCCb": 0, "HMPK4": 0, "GCCa": 0, "GCC2": 0, "GARFT": 1.095138e-02, "GAPD": 9.235417e-01, "GALt2": 0, "EX_gthrd_e": 0, "EX_glyc_e": -1, "EX_glyc3p_e": 0, "EX_glyb_e": 0, "EX_gly_e": 0, "EX_glu__L_e": -9.543522e-02,