{"THDPS": 4.283837e-03, "NADTRHD_copy1": -999999, "TDPGDH": 1.533530e-04, "TDPDRR": 1.533530e-04, "TDPDRE": 1.533530e-04, "TDMS4": 5.463106e-05, "TDMS3": 1.087178e-04, "TDMS2": 1.090147e-04, "TDMS1": 1.637942e-04, "RBFK": 0, "TATSO": 5.626406e-05, "TATS": 5.819396e-05, "THZSN": 0, "R05224": 0, "TAS": 4.340794e-04, "R05219": 0, "TARTRt7": 0, "R05217": 0, "TARTD": 0, "QULNS": 0, "TALA": -1.682729e-02, "THZPSN": 0, "SULabc": 3.191761e-03, "QRr": 1.996911e+00, "SULR": 2.815133e-03, "PYRt2": 0, "CYANST_copy1": -999999, "SUCOAS": 2.958129e-02, "SUCD1": 0, "THRt2r": 0, "SUCCt2r": 0, "THRS": 0, "SUCBZS": 0, "THRD_L": -6.785040e-03, "PYRDC": 0, "PYK": 2.235136e+00, "PYDXO": 0, "PYDXNO": 0, "PYAM5PO": 0, "PUNP7": 0, "THMDP": 0, "THFGLUS": 0, "SUCBZL": 0, "PUNP6": 0, "PUNP5": -1.074955e-03, "PUNP4": 0, "PUNP3": 0, "PUNP2": 0, "PMANM": -3.168156e-03, "PUNP1": 1.074955e-03, "SSALy": 0, "PLIPA1E180": 0, "PTPATi": 0, "SSALx": 0, "PTAr": 4.307634e-01, "PLIPA1E160": 0, "PLCD": 0, "PSSA180": 0, "SPODM": 0, "PIt": -5.484281e-02, "PSSA160": 2.009572e-04, "SPMS": 0, "PSP_L": 4.723830e-02, "SOTA": 0, "PSERT": 4.723830e-02, "PIabc": 0, "SKMt2": 0, "PHYCBOXL": 0, "PHTO": 0, "PSD180": 0, "PSD160": 2.009572e-04, "PSCVT": 5.482009e-03, "PRPPS": 5.480634e-02, "PROt2r": -1.512599e-02, "PHTHS2": 7.160430e-05, "PHTHS": 1.350931e-05, "PHTHDLS2": 7.160430e-05, "SHSL4r": 1.112638e-02, "PHTHDLS": 1.350931e-05, "PHTHCLS": 0, "PROabc": 0, "PHTHCLR2": -999999, "PROD2": 0, "PHTHCLR1": 999999, "SHSL1": 1.726470e-03, "PRMICI": 2.009918e-03, "SHKK": 5.482009e-03, "PRFGS": 1.943896e-02, "PREPTTA": -1.350931e-05, "PHEt2r": 0, "PHETA1": -2.380311e-03, "SHK3Dr": 5.482009e-03, "PHDCAt": 0, "PREPTHS2": 7.160430e-05, "PREPTHS": 1.350931e-05, "PREPPACPH": 7.160430e-05, "PHDCATA": -3.193245e-04, "PREPHACPH": 0, "SHCHF3": 0, "PRDX": 0, "PGSA190": 2.875059e-04, "PRATPP": 2.009918e-03, "SHCHF2": 0, "PGSA160190": 8.832022e-04, "SHCHF": 0, "PGSA160": 3.210070e-04, "PRASCSi": 1.943896e-02, "PRAMPC": 2.009918e-03, "PGPPT3": 4.834651e-05, "PGPP190": 2.875059e-04, "PGPP160190": 8.832022e-04, "PGPP160": 3.210070e-04, "PRAIi": 9.958293e-04, "PRAIS": 1.943896e-02, "PRAGSr": 1.943896e-02, "PPTGS_TB2": 9.327858e-04, "PPTGS_TB1": 9.327858e-04, "PGMT": -5.850225e-03, "SHCHD3": 0, "PGM": -2.764333e+00, "PGLYCP": 0, "PGLS": 5.858984e-05, "PPTGS": 0, "PPPGO": 0, "PPNDH": 2.380311e-03, "PPND": 1.571435e-03, "PGL": 0, "PGK": -2.811571e+00, "PPNCL3": 0, "SHCHD2": 0, "PPNCL2": 0, "PGI": 9.834055e-01, "SHCHCS2": 0, "PGCD": 4.723830e-02, "PGAMT": -1.568975e-02, "PPNCL": 0, "PPK2": 999999, "PFL": 8.163888e-01, "PFK": 9.207068e-01, "SHCHCS": 0, "PERD": 0, "G6PP": -9.919265e-01, "PEPCK_re": -999999, "PPDK": 0, "SGSAD": 0, "PPDIMAT": 0, "PEAMNO": 0, "PPDIMAS": 7.160430e-05, "PPCSCT": 4.494918e-01, "PPCOAC": 0, "PPCK": 9.999985e+05, "PDX5POi": 0, "PDIMAT": 0, "PDIMAS": 1.350931e-05, "SGDS": 0, "PDHcr_copy1": 0, "PDHcr_copy2": 0, "PPCDC": 0, "PPBNGS": 0, "PPAtr": -4.494918e-01, "SERt2r": 0, "PPA": 1.013340e-01, "SERD_L": 0, "PNTK": 0, "PNCDC": 0, "PDHbr": 0, "PDHa": 0, "PMPK": 0, "SERD_D": 0, "PMDPHT": 0, "PDH": 0, "PDE4": 0, "PDE1": 0, "PC8XM": 0, "SERAT": 2.815133e-03, "PC6YM": 0, "SELCYSLY": 0, "PC6AR": 0, "EX_mal__L_e": 0, "PC20M": 0, "SDPTA": -4.283837e-03, "PC17M": 0, "SDPDS": 4.283837e-03, "PC11M": 0, "MPML": 0, "MOTS": 0, "MOTH": 0, "PC": 0, "PATS": 6.190531e-05, "PAPSR": 2.815133e-03, "PAPPT3": 4.879187e-05, "SALCS": 1.435055e-04, "PAPPT2": 9.826664e-04, "SADT2": 0, "PAPPT1": 9.826664e-04, "MOHMT": 0, "PAPA160": 0, "SADT": 3.191761e-03, "PANTS": 0, "PACt2r": 0, "MNDNS2": 0, "MNDNS1": 0, "MN6PP": 4.704259e-03, "P5CRx": 0, "SADH": 0, "P5CR": 2.195656e-02, "P5CD": 0, "MMSAD3": 0, "RZ5PP": 0, "OXGDC2": 0, "RRPPDIMAS": 5.858984e-05, "RPPDIMAS": 5.858984e-05, "MTHFD": -9.999990e+05, "RPI": -3.797905e-02, "MTHFC": 3.000690e-02, "MTAN": 0, "RPE": -3.913659e-02, "MSHS": 0, "MSHOXH": 0, "RNTR4": 1.807675e-04, "MSHAMID": 0, "MMSAD2": 0, "RNDR4": 0, "MMSAD1": 0, "UDPGALM": 1.085199e-03, "UDPG4E": 3.830311e-03, "UDPDPS2": 2.330727e-04, "RNDR3": 3.297163e-04, "UDPDPS": 0, "UDCPDPS": 0, "MMM2": 4.620799e-01, "UDCPDP": 2.098644e-03, "RNDR2": 3.295183e-04, "UAPGR": 2.200682e-03, "UAMRH": 4.834651e-05, "MME": 4.620799e-01, "MMCD": 4.494918e-01, "UAMAS": 2.014125e-03, "MI4PP": 0, "RNDR1": 1.728004e-04, "MI3PP": 0, "UAMAGS": 2.014125e-03, "UAGPT3": 4.879187e-05, "UAGPT2": 9.826664e-04, "RIBabc": 0, "MI1PS": 8.041752e-04, "RBK_L1": 0, "MI1PP": 8.041752e-04, "MHPGLUT": 0, "UAGPT1": 9.826664e-04, "UAGDP": 4.299326e-03, "RBK_Dr": -1.157545e-03, "UAGCVT": 2.200682e-03, "UAAGLS2": 9.826664e-04, "MGt5": 0, "RBK": 0, "METabc": 0, "UAAGLS1": 9.826664e-04, "UAAGDS": 4.879187e-05, "TYRt2r": 0, "TYRTA": -1.571435e-03, "METSOXR2": 0, "METSOXR1": 0, "TTDCAt2": 0, "METS": 5.868633e-03, "RBFSb": 0, "METOX2s": 0, "METOX1s": 0, "TSULabc": 0, "TRPt2r": 0, "TRPTA": 0, "METAT": 4.142163e-03, "RBFSa": 0, "MEPCT": 2.563800e-03, "MEOHt2": 0, "TRPS3": 0, "TRPS2": 0, "IPPMIa": -1.012981e-02, "TRPS1": 9.958293e-04, "TRIATS": 0, "TREabc": 0, "MECDPS": 2.563800e-03, "MECDPDH": 2.563800e-03, "ME1": 0, "MDH": 0, "TRESULT": 3.766277e-04, "TRE6PS": 1.866561e-03, "TRE6PP": 1.545356e-03, "MDFDH": 0, "IPMD": 1.012981e-02, "MCOATA": 2.934707e-02, "MCD": 0, "TRDR": 3.827935e-03, "TPI": 1.914742e+00, "TMPPP": 0, "TMPK": 0, "TMN": 0, "TMHAS6": 0, "MCBTS3": 7.412802e-05, "MCBTS2": 0, "MCBTS": 6.937749e-05, "MANAT3": 6.304346e-05, "MANAT2": 2.626646e-04, "TMHAS5": 0, "MANAT1": 8.318371e-05, "TMHAS4": 5.428467e-05, "IPDPS": 2.563800e-03, "TMHAS3": 5.463106e-05, "TMHAS2": 5.443312e-05, "MAN6PI": -7.872415e-03, "MAN1PT2": 3.168156e-03, "MAN1PT": 0, "MALt2r": 0, "TMHAS1": 5.473003e-05, "IPDDI": 2.330727e-04, "TMDS": 1.807675e-04, "TMDPP": 0, "TMDK1": 0, "BIOMASS_Mtb_9_60atp": 4.948466e-02, "YUMPS": 0, "TKT2": -2.230930e-02, "XYLabc": 0, "INSK": 0, "TKT1": -1.682729e-02, "INSH": 1.074955e-03, "MALTabc": 0, "XYLK": 0, "MALTHPabc": 0, "INDPYRD": 0, "MALT": 0, "XPPT": 0, "VALt2r": -6.719545e-01, "VALTA": -6.821398e-01, "URIK2": 0, "URIDK2r": -1.807675e-04, "UMPK_copy1": 999999, "UREA": 0, "MALS": 0, "L_LACt3": 0, "L_LACt2r": 0, "UPPRT": 0, "IMPD": 1.238650e-02, "UPPDC2": 0, "UPPDC1": 0, "UPP3S": 0, "UPP3MT": 0, "L_LACD3": 0, "L_LACD2": 0, "L_LACD": 0, "LYSt5r": 0, "LPLIPAL2E180": 0, "UMPK_copy2": -9.999990e+05, "UGMDDS2": 4.834651e-05, "LPLIPAL2E160": 0, "IMPC": -2.144888e-02, "LO": 0, "UGMDDS": 4.879187e-05, "LEUt2r": 0, "UGMAS": 4.834651e-05, "ILEt2r": 0, "UGMAGS": 4.834651e-05, "UGLDDS2": 9.826664e-04, "LEUTA": -1.012981e-02, "LDH_L": 0, "UGLDDS1": 9.826664e-04, "LCTSabc": 0, "ILETA": -4.341339e-03, "UGGPT3": 4.834651e-05, "LACZ": 0, "Kt3r": -999999, "Kabc": 0, "UGAGDS": 4.834651e-05, "UDPGD": 0, "KARA2": 4.341339e-03, "IGPS": 9.958293e-04, "KARA1": -6.922696e-01, "GLYCTO1": 0, "IGPDH": 2.009918e-03, "IGAMD": 0, "IG3PS": 2.009918e-03, "GLYCL": 0, "IPPS": 1.012981e-02, "ID3ACALDt": 0, "IPPMIb": -1.012981e-02, "GLYCK": 0, "ICL": 4.335785e-01, "GLYC3Pabc": 0, "GLYBabc": 0, "ICHORS": 0, "ICDHyr": 0, "GLXO1": 4.335785e-01, "IACGAMS": 0, "HXPRT": 0, "HSTPT": 2.009918e-03, "GLUt2r": 3.730779e-02, "EX_lys__L_e": 0, "HSST": 1.285285e-02, "EX_leu__L_e": 0, "GLUTRR": 0, "GLUSy": 0, "GLUR": -2.062471e-03, "HSK": 0, "GLUPRT": 1.943896e-02, "GLUDxi": -8.687827e-01, "HSERTA": 0, "GLUDC": 0, "GLUCYS": 0, "GLU5K": 0, "GLNSP3": 0, "EX_lcts_e": 0, "EX_lac__L_e": 0, "EX_k_e": 0, "EX_ile__L_e": 0, "GLNSP2": 0, "GLNSP1": 0, "HSDy": 9.999990e+05, "GLNS": 1.096564e-01, "GLGC": 0, "EX_id3acald_e": 0, "HSDxi": 999999, "EX_his__L_e": 0, "GLCabc": 1, "GLCS1": 0, "GLCP": 0, "HPPK2": 0, "EX_hdca_e": 0, "HPPK": 0, "EX_h_e": 1.431066e+00, "GK1": 3.295183e-04, "GHMT2r": 3.605630e-02, "EX_h2s_e": 0, "EX_h2o_e": 1.145932e+00, "GGLUCT2": 0, "HOPNTAL": 0, "GFUCS": 5.858984e-05, "GF6PTA": 1.568975e-02, "GCCc": 0, "EX_h2co3_e": 2.312014e+00, "EX_h2_e": 1.239086e+00, "GCCb": 0, "HMPK4": 0, "GCCa": 0, "GCC2": 0, "GARFT": 1.943896e-02, "GAPD": 2.811571e+00, "GALt2": 0, "EX_gthrd_e": 0, "EX_glyc_e": -1, "EX_glyc3p_e": 0,