{"THDPS": 2.178332e-04, "NADTRHD_copy1": 0, "TDPGDH": 7.798000e-06, "TDPDRR": 7.798000e-06, "TDPDRE": 7.798000e-06, "TDMS4": 2.777990e-06, "TDMS3": 5.528301e-06, "TDMS2": 5.543399e-06, "TDMS1": 8.328938e-06, "RBFK": 0, "TATSO": 2.861028e-06, "TATS": 2.959163e-06, "THZSN": 0, "R05224": 0, "TAS": 2.207294e-05, "R05219": 0, "TARTRt7": 0, "R05217": 0, "TARTD": 0, "QULNS": 0, "TALA": 0, "THZPSN": 0, "SULabc": 1.623011e-04, "QRr": 0, "SULR": 1.431495e-04, "PYRt2": 0, "CYANST_copy1": 0, "SUCOAS": 0, "SUCD1": 0, "THRt2r": 0, "SUCCt2r": 0, "THRS": 0, "SUCBZS": 0, "THRD_L": -3.450193e-04, "PYRDC": 0, "PYK": 7.886109e-01, "PYDXO": 0, "PYDXNO": 0, "PYAM5PO": 0, "PUNP7": 0, "THMDP": 0, "THFGLUS": 0, "SUCBZL": 0, "PUNP6": 0, "PUNP5": 0, "PUNP4": 0, "PUNP3": 0, "PUNP2": 0, "PMANM": -1.611008e-04, "PUNP1": 0, "SSALy": 0, "PLIPA1E180": 0, "PTPATi": 0, "SSALx": 0, "PTAr": -1.647358e-03, "PLIPA1E160": 0, "PLCD": 0, "PSSA180": 0, "SPODM": 4.927122e-01, "PIt": -6.151954e-02, "PSSA160": 1.021868e-05, "SPMS": 0, "PSP_L": 2.402068e-03, "SOTA": 0, "PSERT": 2.402068e-03, "PIabc": 0, "SKMt2": 0, "PHYCBOXL": 0, "PHTO": 4.927122e-01, "PSD180": 0, "PSD160": 1.021868e-05, "PSCVT": 4.088162e-02, "PRPPS": 4.082276e-02, "PROt2r": 0, "PHTHS2": 3.641079e-06, "PHTHS": 6.869487e-07, "PHTHDLS2": 3.641079e-06, "SHSL4r": 5.657764e-04, "PHTHDLS": 6.869487e-07, "PHTHCLS": 0, "PROabc": 0, "PHTHCLR2": 5.900748e-01, "PROD2": 0, "PHTHCLR1": -1.082787e+00, "SHSL1": 8.779103e-05, "PRMICI": 1.901482e-02, "SHKK": 4.088162e-02, "PRFGS": 9.884713e-04, "PREPTTA": 0, "PHEt2r": -4.060286e-02, "PHETA1": -4.072390e-02, "SHK3Dr": 4.088162e-02, "PHDCAt": 0, "PREPTHS2": 3.641079e-06, "PREPTHS": 6.869487e-07, "PREPPACPH": 3.641079e-06, "PHDCATA": -1.623765e-05, "PREPHACPH": 6.869487e-07, "SHCHF3": 0, "PRDX": 0, "PGSA190": 1.461968e-05, "PRATPP": 1.901482e-02, "SHCHF2": 0, "PGSA160190": 4.491084e-05, "SHCHF": 0, "PGSA160": 1.632321e-05, "PRASCSi": 9.884713e-04, "PRAMPC": 1.901482e-02, "PGPPT3": 2.458421e-06, "PGPP190": 1.461968e-05, "PGPP160190": 4.491084e-05, "PGPP160": 1.632321e-05, "PRAIi": 5.063793e-05, "PRAIS": 9.884713e-04, "PRAGSr": 9.884713e-04, "PPTGS_TB2": 4.743217e-05, "PPTGS_TB1": 4.743217e-05, "PGMT": -2.974840e-04, "SHCHD3": 0, "PGM": -8.704861e-01, "PGLYCP": 0, "PGLS": 2.979294e-06, "PPTGS": 0, "PPPGO": 0, "PPNDH": 4.072390e-02, "PPND": 7.990748e-05, "PGL": 0, "PGK": -8.728882e-01, "PPNCL3": 0, "SHCHD2": 0, "PPNCL2": 0, "PGI": -8.438296e-04, "SHCHCS2": 0, "PGCD": 2.402068e-03, "PGAMT": -7.978242e-04, "PPNCL": 0, "PPK2": 0, "PFL": 1.946591e-02, "PFK": 0, "SHCHCS": 0, "PERD": 0, "G6PP": 4.105386e-04, "PEPCK_re": 0, "PPDK": 0, "SGSAD": 0, "PPDIMAT": 0, "PEAMNO": 0, "PPDIMAS": 3.641079e-06, "PPCSCT": 1.993243e-02, "PPCOAC": 0, "PPCK": 0, "PDX5POi": 0, "PDIMAT": 0, "PDIMAS": 6.869487e-07, "SGDS": 0, "PDHcr_copy1": 0, "PDHcr_copy2": 0, "PPCDC": 0, "PPBNGS": 0, "PPAtr": -1.993243e-02, "SERt2r": 0, "PPA": 6.249289e-02, "SERD_L": 0, "PNTK": 0, "PNCDC": 0, "PDHbr": 0, "PDHa": 0, "PMPK": 0, "SERD_D": 0, "PMDPHT": 0, "PDH": 0, "PDE4": 0, "PDE1": 0, "PC8XM": 0, "SERAT": 1.431495e-04, "PC6YM": 0, "SELCYSLY": 0, "PC6AR": 0, "EX_mal__L_e": 0, "PC20M": 0, "SDPTA": -2.178332e-04, "PC17M": 0, "SDPDS": 2.178332e-04, "PC11M": 0, "MPML": 0, "MOTS": 0, "MOTH": 0, "PC": 4.243922e-02, "PATS": 3.147886e-06, "PAPSR": 1.431495e-04, "PAPPT3": 2.481067e-06, "SALCS": 7.297257e-06, "PAPPT2": 4.996859e-05, "SADT2": 0, "PAPPT1": 4.996859e-05, "MOHMT": 0, "PAPA160": 0, "SADT": 1.623011e-04, "PANTS": 0, "PACt2r": 0, "MNDNS2": 0, "MNDNS1": 0, "MN6PP": 2.392116e-04, "P5CRx": 3.473343e-04, "SADH": 0, "P5CR": 0, "P5CD": 0, "MMSAD3": 0, "RZ5PP": 0, "OXGDC2": 0, "RRPPDIMAS": 2.979294e-06, "RPPDIMAS": 2.979294e-06, "MTHFD": -9.999990e+05, "RPI": -4.082276e-02, "MTHFC": 1.525851e-03, "MTAN": 0, "RPE": -4.088162e-02, "MSHS": 0, "MSHOXH": 0, "RNTR4": 9.192027e-06, "MSHAMID": 0, "MMSAD2": 0, "RNDR4": 0, "MMSAD1": 0, "UDPGALM": 5.518236e-05, "UDPG4E": 1.947713e-04, "UDPDPS2": 0, "RNDR3": 1.959369e-02, "UDPDPS": 0, "UDCPDPS": 1.185175e-05, "MMM2": 2.057253e-02, "UDCPDP": 1.067161e-04, "RNDR2": 1.675601e-05, "UAPGR": 1.119047e-04, "UAMRH": 2.458421e-06, "MME": 2.057253e-02, "MMCD": 1.993243e-02, "UAMAS": 1.024183e-04, "MI4PP": 0, "RNDR1": 8.786904e-06, "MI3PP": 0, "UAMAGS": 1.024183e-04, "UAGPT3": 2.481067e-06, "UAGPT2": 4.996859e-05, "RIBabc": 0, "MI1PS": 4.089232e-05, "RBK_L1": 0, "MI1PP": 4.089232e-05, "MHPGLUT": 0, "UAGPT1": 4.996859e-05, "UAGDP": 2.186208e-04, "RBK_Dr": -5.886118e-05, "UAGCVT": 1.119047e-04, "UAAGLS2": 4.996859e-05, "MGt5": 0, "RBK": 0, "METabc": 0, "UAAGLS1": 4.996859e-05, "UAAGDS": 2.481067e-06, "TYRt2r": 0, "TYRTA": -7.990748e-05, "METSOXR2": 4.927122e-01, "METSOXR1": 0, "TTDCAt2": 0, "METS": 2.984201e-04, "RBFSb": 0, "METOX2s": 4.927122e-01, "METOX1s": 0, "TSULabc": 0, "TRPt2r": 0, "TRPTA": 0, "METAT": 2.106290e-04, "RBFSa": 0, "MEPCT": 1.303693e-04, "MEOHt2": 0, "TRPS3": 0, "TRPS2": 0, "IPPMIa": -5.151008e-04, "TRPS1": 5.063793e-05, "TRIATS": 0, "TREabc": 0, "MECDPS": 1.303693e-04, "MECDPDH": 1.303693e-04, "ME1": 0, "MDH": 0, "TRESULT": 1.915152e-05, "TRE6PS": 9.491466e-05, "TRE6PP": 7.858139e-05, "MDFDH": 0, "IPMD": 5.151008e-04, "MCOATA": 1.492299e-03, "MCD": 0, "TRDR": 5.124838e-01, "TPI": 9.567731e-01, "TMPPP": 0, "TMPK": 0, "TMN": 0, "TMHAS6": 0, "MCBTS3": 3.769411e-06, "MCBTS2": 0, "MCBTS": 3.527846e-06, "MANAT3": 3.205760e-06, "MANAT2": 1.335650e-05, "TMHAS5": 0, "MANAT1": 4.229893e-06, "TMHAS4": 2.760376e-06, "IPDPS": 1.185175e-04, "TMHAS3": 2.777990e-06, "TMHAS2": 2.767925e-06, "MAN6PI": -4.003124e-04, "MAN1PT2": 1.611008e-04, "MAN1PT": 0, "MALt2r": 0, "TMHAS1": 2.783023e-06, "IPDDI": 0, "TMDS": 9.192027e-06, "TMDPP": 0, "TMDK1": 0, "BIOMASS_Mtb_9_60atp": 2.516295e-03, "YUMPS": 0, "TKT2": -4.088162e-02, "XYLabc": 0, "INSK": 1.559675e-04, "TKT1": 0, "INSH": 5.466149e-05, "MALTabc": 0, "XYLK": 0, "MALTHPabc": 0, "INDPYRD": 0, "MALT": 0, "XPPT": 0, "VALt2r": 0, "VALTA": -5.179215e-04, "URIK2": 0, "URIDK2r": -9.192027e-06, "UMPK_copy1": 2.034810e-02, "UREA": 0, "MALS": 0, "L_LACt3": 0, "L_LACt2r": 0, "UPPRT": 0, "IMPD": 6.298539e-04, "UPPDC2": 0, "UPPDC1": 0, "UPP3S": 0, "UPP3MT": 0, "L_LACD3": 0, "L_LACD2": 0, "L_LACD": 0, "LYSt5r": 0, "LPLIPAL2E180": 0, "UMPK_copy2": 0, "UGMDDS2": 2.458421e-06, "LPLIPAL2E160": 0, "IMPC": -2.000329e-02, "LO": 0, "UGMDDS": 2.481067e-06, "LEUt2r": 0, "UGMAS": 2.458421e-06, "ILEt2r": 0, "UGMAGS": 2.458421e-06, "UGLDDS2": 4.996859e-05, "LEUTA": -5.151008e-04, "LDH_L": 0, "UGLDDS1": 4.996859e-05, "LCTSabc": 0, "ILETA": -2.207571e-04, "UGGPT3": 2.458421e-06, "LACZ": 0, "Kt3r": 0, "Kabc": 0, "UGAGDS": 2.458421e-06, "UDPGD": 0, "KARA2": 2.207571e-04, "IGPS": 5.063793e-05, "KARA1": -1.033022e-03, "GLYCTO1": 0, "IGPDH": 1.901482e-02, "IGAMD": 0, "IG3PS": 1.901482e-02, "GLYCL": 0, "IPPS": 5.151008e-04, "ID3ACALDt": 0, "IPPMIb": -5.151008e-04, "GLYCK": 0, "ICL": 0, "GLYC3Pabc": 0, "GLYBabc": 0, "ICHORS": 0, "ICDHyr": 0, "GLXO1": 0, "IACGAMS": 0, "HXPRT": 5.466149e-05, "HSTPT": 1.901482e-02, "GLUt2r": 1.127945e-03, "EX_lys__L_e": 0, "HSST": 6.535675e-04, "EX_leu__L_e": 0, "GLUTRR": 0, "GLUSy": 0, "GLUR": -1.048767e-04, "HSK": 0, "GLUPRT": 9.884713e-04, "GLUDxi": -8.306709e-01, "HSERTA": 0, "GLUDC": 0, "GLUCYS": 0, "GLU5K": 0, "GLNSP3": 0, "EX_lcts_e": 0, "EX_lac__L_e": 0, "EX_k_e": 0, "EX_ile__L_e": 0, "GLNSP2": 0, "GLNSP1": 0, "HSDy": 9.999990e+05, "GLNS": 4.361188e-02, "GLGC": 0, "EX_id3acald_e": 0, "HSDxi": 999999, "EX_his__L_e": 1.891261e-02, "GLCabc": 0, "GLCS1": 0, "GLCP": 0, "HPPK2": 0, "EX_hdca_e": 0, "HPPK": 0, "EX_h_e": 8.749026e-01, "GK1": 1.675601e-05, "GHMT2r": 1.833463e-03, "EX_h2s_e": 0, "EX_h2o_e": 2.268243e+00, "GGLUCT2": 0, "HOPNTAL": 0, "GFUCS": 2.979294e-06, "GF6PTA": 7.978242e-04, "GCCc": 0, "EX_h2co3_e": 1.982161e-02, "EX_h2_e": 0, "GCCb": 0, "HMPK4": 0, "GCCa": 0, "GCC2": 0, "GARFT": 9.884713e-04, "GAPD": 8.728882e-01, "GALt2": 0, "EX_gthrd_e": 0, "EX_glyc_e": -1, "EX_glyc3p_e": 0, "EX_glyb_e": 0, "EX_gly_e": 0, "EX_glu__L_e": -1.127945e-03, "GALUi": 2.896860e-04,