{"THDPS": 1.997712e-04, "NADTRHD_copy1": 0, "TDPGDH": 7.151416e-06, "TDPDRR": 7.151416e-06, "TDPDRE": 7.151416e-06, "TDMS4": 2.547649e-06, "TDMS3": 5.069913e-06, "TDMS2": 5.083759e-06, "TDMS1": 7.638331e-06, "RBFK": 0, "TATSO": 2.623801e-06, "TATS": 2.713800e-06, "THZSN": 0, "R05224": 0, "TAS": 2.024273e-05, "R05219": 0, "TARTRt7": 0, "R05217": 0, "TARTD": 0, "QULNS": 0, "TALA": 0, "THZPSN": 0, "SULabc": 1.488436e-04, "QRr": 0, "SULR": 1.312801e-04, "PYRt2": 0, "CYANST_copy1": 0, "SUCOAS": 0, "SUCD1": 0, "THRt2r": 0, "SUCCt2r": 0, "THRS": 0, "SUCBZS": 0, "THRD_L": -3.164115e-04, "PYRDC": 0, "PYK": 7.910309e-01, "PYDXO": 0, "PYDXNO": 0, "PYAM5PO": 0, "PUNP7": 0, "THMDP": 0, "THFGLUS": 0, "SUCBZL": 0, "PUNP6": 0, "PUNP5": 0, "PUNP4": 0, "PUNP3": 0, "PUNP2": 0, "PMANM": -1.477429e-04, "PUNP1": 0, "SSALy": 0, "PLIPA1E180": 0, "PTPATi": 0, "SSALx": 0, "PTAr": 0, "PLIPA1E160": 0, "PLCD": 0, "PSSA180": 0, "SPODM": 4.095514e-01, "PIt": -2.557523e-03, "PSSA160": 9.371378e-06, "SPMS": 0, "PSP_L": 2.202897e-03, "SOTA": 0, "PSERT": 2.202897e-03, "PIabc": 0, "SKMt2": 0, "PHYCBOXL": 0, "PHTO": 4.095514e-01, "PSD180": 0, "PSD160": 9.371378e-06, "PSCVT": 4.051338e-02, "PRPPS": 4.045940e-02, "PROt2r": -1.158923e-01, "PHTHS2": 3.339174e-06, "PHTHS": 6.299892e-07, "PHTHDLS2": 3.339174e-06, "SHSL4r": 5.188642e-04, "PHTHDLS": 6.299892e-07, "PHTHCLS": 0, "PROabc": 0, "PHTHCLR2": 9.999986e+05, "PROD2": 0, "PHTHCLR1": -999999, "SHSL1": 8.051170e-05, "PRMICI": 1.894894e-02, "SHKK": 4.051338e-02, "PRFGS": 9.065107e-04, "PREPTTA": 0, "PHEt2r": 0, "PHETA1": -1.110027e-04, "SHK3Dr": 4.051338e-02, "PHDCAt": 0, "PREPTHS2": 3.339174e-06, "PREPTHS": 6.299892e-07, "PREPPACPH": 3.339174e-06, "PHDCATA": -1.489128e-05, "PREPHACPH": 6.299892e-07, "SHCHF3": 0, "PRDX": 0, "PGSA190": 1.340746e-05, "PRATPP": 1.894894e-02, "SHCHF2": 0, "PGSA160190": 4.118699e-05, "SHCHF": 0, "PGSA160": 1.496974e-05, "PRASCSi": 9.065107e-04, "PRAMPC": 1.894894e-02, "PGPPT3": 2.254577e-06, "PGPP190": 1.340746e-05, "PGPP160190": 4.118699e-05, "PGPP160": 1.496974e-05, "PRAIi": 4.643921e-05, "PRAIS": 9.065107e-04, "PRAGSr": 9.065107e-04, "PPTGS_TB2": 4.349926e-05, "PPTGS_TB1": 4.349926e-05, "PGMT": -2.728176e-04, "SHCHD3": 0, "PGM": -8.721603e-01, "PGLYCP": 0, "PGLS": 2.732261e-06, "PPTGS": 0, "PPPGO": 0, "PPNDH": 1.110027e-04, "PPND": 4.033102e-02, "PGL": 0, "PGK": -8.743632e-01, "PPNCL3": 0, "SHCHD2": 0, "PPNCL2": 0, "PGI": -7.738622e-04, "SHCHCS2": 0, "PGCD": 2.202897e-03, "PGAMT": -7.316713e-04, "PPNCL": 0, "PPK2": 0, "PFL": 1.936263e-02, "PFK": 0, "SHCHCS": 0, "PERD": 0, "G6PP": 3.764982e-04, "PEPCK_re": 0, "PPDK": 0, "SGSAD": 0, "PPDIMAT": 0, "PEAMNO": 0, "PPDIMAS": 3.339174e-06, "PPCSCT": 2.130123e-02, "PPCOAC": 0, "PPCK": 0, "PDX5POi": 0, "PDIMAT": 0, "PDIMAS": 6.299892e-07, "SGDS": 0, "PDHcr_copy1": 0, "PDHcr_copy2": 0, "PPCDC": 0, "PPBNGS": 0, "PPAtr": -2.130123e-02, "SERt2r": 0, "PPA": 8.130793e-02, "SERD_L": 0, "PNTK": 0, "PNCDC": 0, "PDHbr": 0, "PDHa": 0, "PMPK": 0, "SERD_D": 0, "PMDPHT": 0, "PDH": 0, "PDE4": 0, "PDE1": 0, "PC8XM": 0, "SERAT": 1.312801e-04, "PC6YM": 0, "SELCYSLY": 0, "PC6AR": 0, "EX_mal__L_e": 0, "PC20M": 0, "SDPTA": -1.997712e-04, "PC17M": 0, "SDPDS": 1.997712e-04, "PC11M": 0, "MPML": 0, "MOTS": 0, "MOTH": 0, "PC": 4.345260e-02, "PATS": 2.886874e-06, "PAPSR": 1.312801e-04, "PAPPT3": 2.275346e-06, "SALCS": 6.692193e-06, "PAPPT2": 4.582537e-05, "SADT2": 0, "PAPPT1": 4.582537e-05, "MOHMT": 0, "PAPA160": 0, "SADT": 1.488436e-04, "PANTS": 0, "PACt2r": 0, "MNDNS2": 0, "MNDNS1": 0, "MN6PP": 2.193770e-04, "P5CRx": 0, "SADH": 0, "P5CR": 1.162109e-01, "P5CD": 0, "MMSAD3": 0, "RZ5PP": 0, "OXGDC2": 0, "RRPPDIMAS": 2.732261e-06, "RPPDIMAS": 2.732261e-06, "MTHFD": 1.126363e+00, "RPI": -4.045940e-02, "MTHFC": 1.399333e-03, "MTAN": 0, "RPE": -4.051338e-02, "MSHS": 0, "MSHOXH": 0, "RNTR4": 8.429856e-06, "MSHAMID": 0, "MMSAD2": 0, "RNDR4": 0, "MMSAD1": 0, "UDPGALM": 5.060683e-05, "UDPG4E": 1.786216e-04, "UDPDPS2": 0, "RNDR3": 1.537589e-05, "UDPDPS": 0, "UDCPDPS": 1.086904e-05, "MMM2": 2.188826e-02, "UDCPDP": 9.786756e-05, "RNDR2": 1.536666e-05, "UAPGR": 1.026259e-04, "UAMRH": 2.254577e-06, "MME": 2.188826e-02, "MMCD": 2.130123e-02, "UAMAS": 9.392609e-05, "MI4PP": 0, "RNDR1": 8.058324e-06, "MI3PP": 0, "UAMAGS": 9.392609e-05, "UAGPT3": 2.275346e-06, "UAGPT2": 4.582537e-05, "RIBabc": 0, "MI1PS": 3.750167e-05, "RBK_L1": 0, "MI1PP": 3.750167e-05, "MHPGLUT": 0, "UAGPT1": 4.582537e-05, "UAGDP": 2.004935e-04, "RBK_Dr": -5.398062e-05, "UAGCVT": 1.026259e-04, "UAAGLS2": 4.582537e-05, "MGt5": 0, "RBK": 0, "METabc": 0, "UAAGLS1": 4.582537e-05, "UAAGDS": 2.275346e-06, "TYRt2r": -4.025774e-02, "TYRTA": -4.033102e-02, "METSOXR2": 4.095514e-01, "METSOXR1": 0, "TTDCAt2": 0, "METS": 2.736761e-04, "RBFSb": 0, "METOX2s": 4.095514e-01, "METOX1s": 0, "TSULabc": 0, "TRPt2r": 0, "TRPTA": 0, "METAT": 1.931644e-04, "RBFSa": 0, "MEPCT": 1.195595e-04, "MEOHt2": 0, "TRPS3": 0, "TRPS2": 0, "IPPMIa": -4.723904e-04, "TRPS1": 4.643921e-05, "TRIATS": 0, "TREabc": 0, "MECDPS": 1.195595e-04, "MECDPDH": 1.195595e-04, "ME1": 0, "MDH": 0, "TRESULT": 1.756355e-05, "TRE6PS": 8.704467e-05, "TRE6PP": 7.206569e-05, "MDFDH": 0, "IPMD": 4.723904e-04, "MCOATA": 1.368563e-03, "MCD": 0, "TRDR": 4.097299e-01, "TPI": 9.573358e-01, "TMPPP": 0, "TMPK": 0, "TMN": 0, "TMHAS6": 0, "MCBTS3": 3.456864e-06, "MCBTS2": 0, "MCBTS": 3.235329e-06, "MANAT3": 2.939950e-06, "MANAT2": 1.224902e-05, "TMHAS5": 0, "MANAT1": 3.879164e-06, "TMHAS4": 2.531495e-06, "IPDPS": 1.086904e-04, "TMHAS3": 2.547649e-06, "TMHAS2": 2.538418e-06, "MAN6PI": -3.671199e-04, "MAN1PT2": 1.477429e-04, "MAN1PT": 0, "MALt2r": 0, "TMHAS1": 2.552264e-06, "IPDDI": 0, "TMDS": 8.429856e-06, "TMDPP": 0, "TMDK1": 0, "BIOMASS_Mtb_9_60atp": 2.307653e-03, "YUMPS": 0, "TKT2": -4.051338e-02, "XYLabc": 0, "INSK": 1.430352e-04, "TKT1": 0, "INSH": 5.012914e-05, "MALTabc": 0, "XYLK": 0, "MALTHPabc": 0, "INDPYRD": 0, "MALT": 0, "XPPT": 0, "VALt2r": 0, "VALTA": -4.749773e-04, "URIK2": 0, "URIDK2r": -8.429856e-06, "UMPK_copy1": 2.017167e-02, "UREA": 0, "MALS": 0, "L_LACt3": 0, "L_LACt2r": 0, "UPPRT": 0, "IMPD": 5.776286e-04, "UPPDC2": 0, "UPPDC1": 0, "UPP3S": 0, "UPP3MT": 0, "L_LACD3": 0, "L_LACD2": 0, "L_LACD": 0, "LYSt5r": 0, "LPLIPAL2E180": 0, "UMPK_copy2": 0, "UGMDDS2": 2.254577e-06, "LPLIPAL2E160": 0, "IMPC": -1.985545e-02, "LO": 0, "UGMDDS": 2.275346e-06, "LEUt2r": 0, "UGMAS": 2.254577e-06, "ILEt2r": 0, "UGMAGS": 2.254577e-06, "UGLDDS2": 4.582537e-05, "LEUTA": -4.723904e-04, "LDH_L": 0, "UGLDDS1": 4.582537e-05, "LCTSabc": 0, "ILETA": -2.024527e-04, "UGGPT3": 2.254577e-06, "LACZ": 0, "Kt3r": 0, "Kabc": 0, "UGAGDS": 2.254577e-06, "UDPGD": 0, "KARA2": 2.024527e-04, "IGPS": 4.643921e-05, "KARA1": -9.473676e-04, "GLYCTO1": 0, "IGPDH": 1.894894e-02, "IGAMD": 0, "IG3PS": 1.894894e-02, "GLYCL": 0, "IPPS": 4.723904e-04, "ID3ACALDt": 0, "IPPMIb": -4.723904e-04, "GLYCK": 0, "ICL": 1.510765e-03, "GLYC3Pabc": 0, "GLYBabc": 0, "ICHORS": 0, "ICDHyr": 0, "GLXO1": 1.510765e-03, "IACGAMS": 0, "HXPRT": 5.012914e-05, "HSTPT": 1.894894e-02, "GLUt2r": 1.169268e-01, "EX_lys__L_e": 0, "HSST": 5.993759e-04, "EX_leu__L_e": 0, "GLUTRR": 0, "GLUSy": 0, "GLUR": -9.618066e-05, "HSK": 0, "GLUPRT": 9.065107e-04, "GLUDxi": -8.311142e-01, "HSERTA": 0, "GLUDC": 0, "GLUCYS": 0, "GLU5K": 0, "GLNSP3": 0, "EX_lcts_e": 0, "EX_lac__L_e": 0, "EX_k_e": 0, "EX_ile__L_e": 0, "GLNSP2": 0, "GLNSP1": 0, "HSDy": -999999, "GLNS": 4.301727e-02, "GLGC": 0, "EX_id3acald_e": 0, "HSDxi": -9.999990e+05, "EX_his__L_e": 1.885521e-02, "GLCabc": 0, "GLCS1": 0, "GLCP": 0, "HPPK2": 0, "EX_hdca_e": 0, "HPPK": 0, "EX_h_e": 8.022687e-01, "GK1": 1.536666e-05, "GHMT2r": 1.681439e-03, "EX_h2s_e": 0, "EX_h2o_e": 999999, "GGLUCT2": 0, "HOPNTAL": 0, "GFUCS": 2.732261e-06, "GF6PTA": 7.316713e-04, "GCCc": 0, "EX_h2co3_e": -9.999968e+05, "EX_h2_e": 0, "GCCb": 0, "HMPK4": 0, "GCCa": 0, "GCC2": 0, "GARFT": 9.065107e-04, "GAPD": 8.743632e-01, "GALt2": 0, "EX_gthrd_e": 0, "EX_glyc_e": -1, "EX_glyc3p_e": 0, "EX_glyb_e": 0, "EX_gly_e": 0, "EX_glu__L_e": -1.169268e-01,