{"THDPS": 3.029661e-03, "NADTRHD_copy1": 9.999986e+05, "TDPGDH": 1.084559e-04, "TDPDRR": 1.084559e-04, "TDPDRE": 1.084559e-04, "TDMS4": 3.863676e-05, "TDMS3": 7.688855e-05, "TDMS2": 7.709854e-05, "TDMS1": 1.158403e-04, "RBFK": 0, "TATSO": 3.979166e-05, "TATS": 4.115655e-05, "THZSN": 0, "R05224": 0, "TAS": 3.069943e-04, "R05219": 0, "TARTRt7": 0, "R05217": 0, "TARTD": 0, "QULNS": 0, "TALA": -9.797464e-03, "THZPSN": 0, "SULabc": 2.257311e-03, "QRr": -999999, "SULR": 1.990948e-03, "PYRt2": -2.773912e+00, "CYANST_copy1": -999999, "SUCOAS": -9.999987e+05, "SUCD1": 0, "THRt2r": 0, "SUCCt2r": 0, "THRS": 0, "SUCBZS": 0, "THRD_L": -4.798588e-03, "PYRDC": 0, "PYK": 2.834535e+00, "PYDXO": 0, "PYDXNO": 0, "PYAM5PO": 0, "PUNP7": 0, "THMDP": 0, "THFGLUS": 0, "SUCBZL": 0, "PUNP6": 0, "PUNP5": -7.602413e-04, "PUNP4": 0, "PUNP3": 0, "PUNP2": 0, "PMANM": -2.240617e-03, "PUNP1": 7.602413e-04, "SSALy": 1.328930e-01, "PLIPA1E180": 0, "PTPATi": 0, "SSALx": 0, "PTAr": -999999, "PLIPA1E160": 0, "PLCD": 0, "PSSA180": 0, "SPODM": 0, "PIt": -3.878651e-02, "PSSA160": 1.421231e-04, "SPMS": 0, "PSP_L": 3.340837e-02, "SOTA": 0, "PSERT": 3.340837e-02, "PIabc": 0, "SKMt2": 0, "PHYCBOXL": 0, "PHTO": 0, "PSD180": 0, "PSD160": 1.421231e-04, "PSCVT": 3.877045e-03, "PRPPS": 3.245078e-02, "PROt2r": -7.635250e-01, "PHTHS2": 5.064075e-05, "PHTHS": 9.554199e-06, "PHTHDLS2": 5.064075e-05, "SHSL4r": 7.868915e-03, "PHTHDLS": 9.554199e-06, "PHTHCLS": 0, "PROabc": 0, "PHTHCLR2": -999999, "PROD2": 6.309936e-03, "PHTHCLR1": 999999, "SHSL1": 1.221013e-03, "PRMICI": 1.421476e-03, "SHKK": 3.877045e-03, "PRFGS": 1.374783e-02, "PREPTTA": -9.554199e-06, "PHEt2r": 0, "PHETA1": -1.683429e-03, "SHK3Dr": 3.877045e-03, "PHDCAt": 0, "PREPTHS2": 5.064075e-05, "PREPTHS": 9.554199e-06, "PREPPACPH": 5.064075e-05, "PHDCATA": -2.258361e-04, "PREPHACPH": 0, "SHCHF3": 0, "PRDX": 0, "PGSA190": 2.033330e-04, "PRATPP": 1.421476e-03, "SHCHF2": 0, "PGSA160190": 6.246276e-04, "SHCHF": 0, "PGSA160": 2.270260e-04, "PRASCSi": 1.374783e-02, "PRAMPC": 1.421476e-03, "PGPPT3": 3.419213e-05, "PGPP190": 2.033330e-04, "PGPP160190": 6.246276e-04, "PGPP160": 2.270260e-04, "PRAIi": 7.042810e-04, "PRAIS": 1.374783e-02, "PRAGSr": 1.374783e-02, "PPTGS_TB2": 6.596947e-04, "PPTGS_TB1": 6.596947e-04, "PGMT": -4.137458e-03, "SHCHD3": 0, "PGM": -2.843845e+00, "PGLYCP": 0, "PGLS": 4.143653e-05, "PPTGS": 0, "PPPGO": 0, "PPNDH": 1.683429e-03, "PPND": 1.111367e-03, "PGL": 0, "PGK": -2.877254e+00, "PPNCL3": 0, "SHCHD2": 0, "PPNCL2": 0, "PGI": 9.882639e-01, "SHCHCS2": 0, "PGCD": 3.340837e-02, "PGAMT": -1.109627e-02, "PPNCL": 0, "PPK2": 0, "PFL": 7.695330e-03, "PFK": 9.481280e-01, "SHCHCS": 0, "PERD": 0, "G6PP": -9.942902e-01, "PEPCK_re": 0, "PPDK": 0, "SGSAD": 0, "PPDIMAT": 0, "PEAMNO": 0, "PPDIMAS": 5.064075e-05, "PPCSCT": 1.441473e-01, "PPCOAC": 0, "PPCK": 0, "PDX5POi": 0, "PDIMAT": 0, "PDIMAS": 9.554199e-06, "SGDS": 0, "PDHcr_copy1": 0, "PDHcr_copy2": 0, "PPCDC": 0, "PPBNGS": 0, "PPAtr": -1.441473e-01, "SERt2r": 0, "PPA": 6.535657e-02, "SERD_L": 0, "PNTK": 0, "PNCDC": 0, "PDHbr": 0, "PDHa": 0, "PMPK": 0, "SERD_D": 0, "PMDPHT": 0, "PDH": 0, "PDE4": 0, "PDE1": 0, "PC8XM": 0, "SERAT": 1.990948e-03, "PC6YM": 0, "SELCYSLY": 0, "PC6AR": 0, "EX_mal__L_e": 0, "PC20M": 0, "SDPTA": -3.029661e-03, "PC17M": 0, "SDPDS": 3.029661e-03, "PC11M": 0, "MPML": 0, "MOTS": 0, "MOTH": 0, "PC": 0, "PATS": 4.378133e-05, "PAPSR": 1.990948e-03, "PAPPT3": 3.450711e-05, "SALCS": 1.014915e-04, "PAPPT2": 6.949717e-04, "SADT2": 0, "PAPPT1": 6.949717e-04, "MOHMT": 0, "PAPA160": 0, "SADT": 2.257311e-03, "PANTS": 0, "PACt2r": 0, "MNDNS2": 0, "MNDNS1": 0, "MN6PP": 3.326996e-03, "P5CRx": 7.746657e-01, "SADH": 0, "P5CR": 0, "P5CD": 0, "MMSAD3": 0, "RZ5PP": 0, "OXGDC2": 0, "RRPPDIMAS": 4.143653e-05, "RPPDIMAS": 4.143653e-05, "MTHFD": -9.999990e+05, "RPI": -2.265332e-02, "MTHFC": 2.122180e-02, "MTAN": 0, "RPE": -2.347197e-02, "MSHS": 0, "MSHOXH": 0, "RNTR4": 1.278443e-04, "MSHAMID": 0, "MMSAD2": 0, "RNDR4": 0, "MMSAD1": 0, "UDPGALM": 7.674857e-04, "UDPG4E": 2.708913e-03, "UDPDPS2": 0, "RNDR3": 2.331855e-04, "UDPDPS": 0, "UDCPDPS": 1.648362e-04, "MMM2": 1.530500e-01, "UDCPDP": 1.484226e-03, "RNDR2": 2.330455e-04, "UAPGR": 1.556390e-03, "UAMRH": 3.419213e-05, "MME": 1.530500e-01, "MMCD": 1.441473e-01, "UAMAS": 1.424451e-03, "MI4PP": 0, "RNDR1": 1.222098e-04, "MI3PP": 0, "UAMAGS": 1.424451e-03, "UAGPT3": 3.450711e-05, "UAGPT2": 6.949717e-04, "RIBabc": 0, "MI1PS": 5.687373e-04, "RBK_L1": 0, "MI1PP": 5.687373e-04, "MHPGLUT": 0, "UAGPT1": 6.949717e-04, "UAGDP": 3.040615e-03, "RBK_Dr": -8.186514e-04, "UAGCVT": 1.556390e-03, "UAAGLS2": 6.949717e-04, "MGt5": 0, "RBK": 0, "METabc": 0, "UAAGLS1": 6.949717e-04, "UAAGDS": 3.450711e-05, "TYRt2r": 0, "TYRTA": -1.111367e-03, "METSOXR2": 0, "METSOXR1": 0, "TTDCAt2": 0, "METS": 4.150477e-03, "RBFSb": 0, "METOX2s": 0, "METOX1s": 0, "TSULabc": 0, "TRPt2r": 0, "TRPTA": 0, "METAT": 2.929464e-03, "RBFSa": 0, "MEPCT": 1.813198e-03, "MEOHt2": 0, "TRPS3": 0, "TRPS2": 0, "IPPMIa": -7.164109e-03, "TRPS1": 7.042810e-04, "TRIATS": 0, "TREabc": 0, "MECDPS": 1.813198e-03, "MECDPDH": 1.813198e-03, "ME1": 0, "MDH": 0, "TRESULT": 2.663627e-04, "TRE6PS": 1.320089e-03, "TRE6PP": 1.092923e-03, "MDFDH": 0, "IPMD": 7.164109e-03, "MCOATA": 2.075515e-02, "MCD": 0, "TRDR": 2.707233e-03, "TPI": 1.943909e+00, "TMPPP": 0, "TMPK": 0, "TMN": 0, "TMHAS6": 0, "MCBTS3": 5.242561e-05, "MCBTS2": 0, "MCBTS": 4.906589e-05, "MANAT3": 4.458626e-05, "MANAT2": 0, "TMHAS5": 0, "MANAT1": 2.445945e-04, "TMHAS4": 3.839178e-05, "IPDPS": 0, "TMHAS3": 3.863676e-05, "TMHAS2": 3.849677e-05, "MAN6PI": -5.567613e-03, "MAN1PT2": 2.240617e-03, "MAN1PT": 0, "MALt2r": 0, "TMHAS1": 3.870676e-05, "IPDDI": -1.648362e-03, "TMDS": 1.278443e-04, "TMDPP": 0, "TMDK1": 0, "BIOMASS_Mtb_9_60atp": 3.499707e-02, "YUMPS": 0, "TKT2": -1.367451e-02, "XYLabc": 0, "INSK": 0, "TKT1": -9.797464e-03, "INSH": 7.602413e-04, "MALTabc": 0, "XYLK": 0, "MALTHPabc": 0, "INDPYRD": 0, "MALT": 0, "XPPT": 0, "VALt2r": 0, "VALTA": -7.203341e-03, "URIK2": 0, "URIDK2r": -1.278443e-04, "UMPK_copy1": 0, "UREA": 0, "MALS": 0, "L_LACt3": 0, "L_LACt2r": 0, "UPPRT": 0, "IMPD": 8.760116e-03, "UPPDC2": 0, "UPPDC1": 0, "UPP3S": 0, "UPP3MT": 0, "L_LACD3": 0, "L_LACD2": 0, "L_LACD": 0, "LYSt5r": 0, "LPLIPAL2E180": 0, "UMPK_copy2": 1.072555e-02, "UGMDDS2": 3.419213e-05, "LPLIPAL2E160": 0, "IMPC": -1.516930e-02, "LO": 0, "UGMDDS": 3.450711e-05, "LEUt2r": 0, "UGMAS": 3.419213e-05, "ILEt2r": 0, "UGMAGS": 3.419213e-05, "UGLDDS2": 6.949717e-04, "LEUTA": -7.164109e-03, "LDH_L": 0, "UGLDDS1": 6.949717e-04, "LCTSabc": 0, "ILETA": -3.070328e-03, "UGGPT3": 3.419213e-05, "LACZ": 0, "Kt3r": -999999, "Kabc": 0, "UGAGDS": 3.419213e-05, "UDPGD": 0, "KARA2": 3.070328e-03, "IGPS": 7.042810e-04, "KARA1": -1.436745e-02, "GLYCTO1": 0, "IGPDH": 1.421476e-03, "IGAMD": 0, "IG3PS": 1.421476e-03, "GLYCL": 0, "IPPS": 7.164109e-03, "ID3ACALDt": 0, "IPPMIb": -7.164109e-03, "GLYCK": 0, "ICL": 0, "GLYC3Pabc": 0, "GLYBabc": 0, "ICHORS": 0, "ICDHyr": 0, "GLXO1": 0, "IACGAMS": 0, "HXPRT": 0, "HSTPT": 1.421476e-03, "GLUt2r": 9.121056e-01, "EX_lys__L_e": 0, "HSST": 9.089928e-03, "EX_leu__L_e": 0, "GLUTRR": 0, "GLUSy": 0, "GLUR": -1.458643e-03, "HSK": 0, "GLUPRT": 1.374783e-02, "GLUDxi": 0, "HSERTA": 0, "GLUDC": 1.328930e-01, "GLUCYS": 0, "GLU5K": 7.683558e-01, "GLNSP3": 0, "EX_lcts_e": 0, "EX_lac__L_e": 0, "EX_k_e": 0, "EX_ile__L_e": 0, "GLNSP2": 0, "GLNSP1": 0, "HSDy": 9.999990e+05, "GLNS": 7.124244e-02, "GLGC": 0, "EX_id3acald_e": 0, "HSDxi": 999999, "EX_his__L_e": 0, "GLCabc": 1, "GLCS1": 0, "GLCP": 0, "HPPK2": 0, "EX_hdca_e": 0, "HPPK": 0, "EX_h_e": 1.732441e+00, "GK1": 2.330455e-04, "GHMT2r": 2.550012e-02, "EX_h2s_e": 0, "EX_h2o_e": 3.864250e+00, "GGLUCT2": 0, "HOPNTAL": 0, "GFUCS": 4.143653e-05, "GF6PTA": 1.109627e-02, "GCCc": 0, "EX_h2co3_e": 3.010394e-01, "EX_h2_e": 0, "GCCb": 0, "HMPK4": 0, "GCCa": 0, "GCC2": 0, "GARFT": 1.374783e-02, "GAPD": 2.877254e+00, "GALt2": 0, "EX_gthrd_e": 0, "EX_glyc_e": -1, "EX_glyc3p_e": 0, "EX_glyb_e": 0, "EX_gly_e": 0, "EX_glu__L_e": -9.121056e-01,