{"THDPS": 6.166948e-04, "NADTRHD_copy1": 0, "TDPGDH": 2.207646e-05, "TDPDRR": 2.207646e-05, "TDPDRE": 2.207646e-05, "TDMS4": 7.864606e-06, "TDMS3": 1.565085e-05, "TDMS2": 1.569359e-05, "TDMS1": 2.357957e-05, "RBFK": 0, "TATSO": 8.099689e-06, "TATS": 8.377515e-06, "THZSN": 0, "R05224": 0, "TAS": 6.248942e-05, "R05219": 0, "TARTRt7": 0, "R05217": 0, "TARTD": 0, "QULNS": 0, "TALA": 0, "THZPSN": 0, "SULabc": 4.594810e-04, "QRr": 0, "SULR": 4.052623e-04, "PYRt2": 0, "CYANST_copy1": 0, "SUCOAS": 0, "SUCD1": 0, "THRt2r": 0, "SUCCt2r": 0, "THRS": 0, "SUCBZS": 0, "THRD_L": -9.767641e-04, "PYRDC": 0, "PYK": 8.767847e-01, "PYDXO": 0, "PYDXNO": 0, "PYAM5PO": 0, "PUNP7": 0, "THMDP": 0, "THFGLUS": 0, "SUCBZL": 0, "PUNP6": 0, "PUNP5": 0, "PUNP4": 0, "PUNP3": 0, "PUNP2": 0, "PMANM": -4.560830e-04, "PUNP1": 0, "SSALy": 0, "PLIPA1E180": 0, "PTPATi": 0, "SSALx": 0, "PTAr": -4.969968e-02, "PLIPA1E160": 0, "PLCD": 0, "PSSA180": 0, "SPODM": 0, "PIt": -3.277159e-02, "PSSA160": 2.892950e-05, "SPMS": 0, "PSP_L": 6.800355e-03, "SOTA": 0, "PSERT": 6.800355e-03, "PIabc": 0, "SKMt2": 0, "PHYCBOXL": 0, "PHTO": 0, "PSD180": 0, "PSD160": 2.892950e-05, "PSCVT": 7.891818e-04, "PRPPS": 2.549905e-02, "PROt2r": 0, "PHTHS2": 1.030805e-05, "PHTHS": 1.944780e-06, "PHTHDLS2": 1.030805e-05, "SHSL4r": 1.601737e-03, "PHTHDLS": 1.944780e-06, "PHTHCLS": 0, "PROabc": 0, "PHTHCLR2": 5.582132e-01, "PROD2": 0, "PHTHCLR1": -5.582132e-01, "SHSL1": 2.485401e-04, "PRMICI": 8.795799e-03, "SHKK": 7.891818e-04, "PRFGS": 2.798403e-03, "PREPTTA": 0, "PHEt2r": 0, "PHETA1": -3.426660e-04, "SHK3Dr": 7.891818e-04, "PHDCAt": 0, "PREPTHS2": 1.030805e-05, "PREPTHS": 1.944780e-06, "PREPPACPH": 1.030805e-05, "PHDCATA": -4.596947e-05, "PREPHACPH": 1.944780e-06, "SHCHF3": 0, "PRDX": 0, "PGSA190": 4.138891e-05, "PRATPP": 8.795799e-03, "SHCHF2": 0, "PGSA160190": 1.271445e-04, "SHCHF": 0, "PGSA160": 4.621168e-05, "PRASCSi": 2.798403e-03, "PRAMPC": 8.795799e-03, "PGPPT3": 6.959891e-06, "PGPP190": 4.138891e-05, "PGPP160190": 1.271445e-04, "PGPP160": 4.621168e-05, "PRAIi": 1.433581e-04, "PRAIS": 2.798403e-03, "PRAGSr": 2.798403e-03, "PPTGS_TB2": 1.342824e-04, "PPTGS_TB1": 1.342824e-04, "PGMT": -8.421896e-04, "SHCHD3": 0, "PGM": -9.035563e-01, "PGLYCP": 0, "PGLS": 8.434505e-06, "PPTGS": 0, "PPPGO": 0, "PPNDH": 3.426660e-04, "PPND": 2.262214e-04, "PGL": 0, "PGK": -9.103567e-01, "PPNCL3": 0, "SHCHD2": 0, "PPNCL2": 0, "PGI": -2.388917e-03, "SHCHCS2": 0, "PGCD": 6.800355e-03, "PGAMT": -2.258673e-03, "PPNCL": 0, "PPK2": 0, "PFL": 1.007286e-02, "PFK": 0, "SHCHCS": 0, "PERD": 0, "G6PP": 1.162252e-03, "PEPCK_re": 0, "PPDK": 0, "SGSAD": 0, "PPDIMAT": 0, "PEAMNO": 0, "PPDIMAS": 1.030805e-05, "PPCSCT": 1.139360e-02, "PPCOAC": 0, "PPCK": 0, "PDX5POi": 0, "PDIMAT": 0, "PDIMAS": 1.944780e-06, "SGDS": 0, "PDHcr_copy1": 0, "PDHcr_copy2": 0, "PPCDC": 0, "PPBNGS": 0, "PPAtr": -1.139360e-02, "SERt2r": 0, "PPA": 5.219930e-02, "SERD_L": 0, "PNTK": 0, "PNCDC": 0, "PDHbr": 0, "PDHa": 0, "PMPK": 0, "SERD_D": 0, "PMDPHT": 0, "PDH": 0, "PDE4": 0, "PDE1": 0, "PC8XM": 0, "SERAT": 4.052623e-04, "PC6YM": 0, "SELCYSLY": 0, "PC6AR": 0, "EX_mal__L_e": 0, "PC20M": 0, "SDPTA": -6.166948e-04, "PC17M": 0, "SDPDS": 6.166948e-04, "PC11M": 0, "MPML": 0, "MOTS": 0, "MOTH": 0, "PC": 0, "PATS": 8.911795e-06, "PAPSR": 4.052623e-04, "PAPPT3": 7.024005e-06, "SALCS": 2.065884e-05, "PAPPT2": 1.414632e-04, "SADT2": 0, "PAPPT1": 1.414632e-04, "MOHMT": 0, "PAPA160": 0, "SADT": 4.594810e-04, "PANTS": 0, "PACt2r": 0, "MNDNS2": 0, "MNDNS1": 0, "MN6PP": 6.772181e-04, "P5CRx": 0, "SADH": 0, "P5CR": 9.833179e-04, "P5CD": 0, "MMSAD3": 0, "RZ5PP": 0, "OXGDC2": 0, "RRPPDIMAS": 8.434505e-06, "RPPDIMAS": 8.434505e-06, "MTHFD": -9.999990e+05, "RPI": -2.549905e-02, "MTHFC": 4.319749e-03, "MTAN": 0, "RPE": -2.566568e-02, "MSHS": 0, "MSHOXH": 0, "RNTR4": 2.602301e-05, "MSHAMID": 0, "MMSAD2": 0, "RNDR4": 0, "MMSAD1": 0, "UDPGALM": 1.562236e-04, "UDPG4E": 5.514057e-04, "UDPDPS2": 0, "RNDR3": 4.746546e-05, "UDPDPS": 0, "UDCPDPS": 3.355280e-05, "MMM2": 1.320576e-02, "UDCPDP": 3.021177e-04, "RNDR2": 4.743696e-05, "UAPGR": 3.168068e-04, "UAMRH": 6.959891e-06, "MME": 1.320576e-02, "MMCD": 1.139360e-02, "UAMAS": 2.899503e-04, "MI4PP": 0, "RNDR1": 2.487609e-05, "MI3PP": 0, "UAMAGS": 2.899503e-04, "UAGPT3": 7.024005e-06, "UAGPT2": 1.414632e-04, "RIBabc": 0, "MI1PS": 1.157678e-04, "RBK_L1": 0, "MI1PP": 1.157678e-04, "MHPGLUT": 0, "UAGPT1": 1.414632e-04, "UAGDP": 6.189245e-04, "RBK_Dr": -1.666385e-04, "UAGCVT": 3.168068e-04, "UAAGLS2": 1.414632e-04, "MGt5": 0, "RBK": 0, "METabc": 0, "UAAGLS1": 1.414632e-04, "UAAGDS": 7.024005e-06, "TYRt2r": 0, "TYRTA": -2.262214e-04, "METSOXR2": 4.519640e-01, "METSOXR1": 0, "TTDCAt2": 0, "METS": 8.448396e-04, "RBFSb": 0, "METOX2s": 4.519640e-01, "METOX1s": 0, "TSULabc": 0, "TRPt2r": 0, "TRPTA": 0, "METAT": 5.962995e-04, "RBFSa": 0, "MEPCT": 3.690808e-04, "MEOHt2": 0, "TRPS3": 0, "TRPS2": 0, "IPPMIa": -1.458272e-03, "TRPS1": 1.433581e-04, "TRIATS": 0, "TREabc": 0, "MECDPS": 3.690808e-04, "MECDPDH": 3.690808e-04, "ME1": 0, "MDH": 0, "TRESULT": 5.421876e-05, "TRE6PS": 2.687074e-04, "TRE6PP": 2.224672e-04, "MDFDH": 0, "IPMD": 1.458272e-03, "MCOATA": 4.224761e-03, "MCD": 0, "TRDR": 4.525150e-01, "TPI": 9.676947e-01, "TMPPP": 0, "TMPK": 0, "TMN": 0, "TMHAS6": 0, "MCBTS3": 1.067136e-05, "MCBTS2": 0, "MCBTS": 9.987479e-06, "MANAT3": 9.075641e-06, "MANAT2": 3.781280e-05, "TMHAS5": 0, "MANAT1": 1.197500e-05, "TMHAS4": 7.814739e-06, "IPDPS": 3.355280e-04, "TMHAS3": 7.864606e-06, "TMHAS2": 7.836111e-06, "MAN6PI": -1.133301e-03, "MAN1PT2": 4.560830e-04, "MAN1PT": 0, "MALt2r": 0, "TMHAS1": 7.878853e-06, "IPDDI": 0, "TMDS": 2.602301e-05, "TMDPP": 0, "TMDK1": 0, "BIOMASS_Mtb_9_60atp": 7.123737e-03, "YUMPS": 0, "TKT2": -2.566568e-02, "XYLabc": 0, "INSK": 4.415506e-04, "TKT1": 0, "INSH": 1.547489e-04, "MALTabc": 0, "XYLK": 0, "MALTHPabc": 0, "INDPYRD": 0, "MALT": 0, "XPPT": 0, "VALt2r": 0, "VALTA": -1.466257e-03, "URIK2": 0, "URIDK2r": -2.602301e-05, "UMPK_copy1": 1.257037e-02, "UREA": 0, "MALS": 0, "L_LACt3": 0, "L_LACt2r": 0, "UPPRT": 0, "IMPD": 1.783143e-03, "UPPDC2": 0, "UPPDC1": 0, "UPP3S": 0, "UPP3MT": 0, "L_LACD3": 0, "L_LACD2": 0, "L_LACD": 0, "LYSt5r": 0, "LPLIPAL2E180": 0, "UMPK_copy2": 0, "UGMDDS2": 6.959891e-06, "LPLIPAL2E160": 0, "IMPC": -1.159420e-02, "LO": 0, "UGMDDS": 7.024005e-06, "LEUt2r": 0, "UGMAS": 6.959891e-06, "ILEt2r": 0, "UGMAGS": 6.959891e-06, "UGLDDS2": 1.414632e-04, "LEUTA": -1.458272e-03, "LDH_L": 0, "UGLDDS1": 1.414632e-04, "LCTSabc": 0, "ILETA": -6.249726e-04, "UGGPT3": 6.959891e-06, "LACZ": 0, "Kt3r": 0, "Kabc": 0, "UGAGDS": 6.959891e-06, "UDPGD": 0, "KARA2": 6.249726e-04, "IGPS": 1.433581e-04, "KARA1": -2.924529e-03, "GLYCTO1": 0, "IGPDH": 8.795799e-03, "IGAMD": 0, "IG3PS": 8.795799e-03, "GLYCL": 0, "IPPS": 1.458272e-03, "ID3ACALDt": 0, "IPPMIb": -1.458272e-03, "GLYCK": 0, "ICL": 0, "GLYC3Pabc": 0, "GLYBabc": 0, "ICHORS": 0, "ICDHyr": 0, "GLXO1": 0, "IACGAMS": 0, "HXPRT": 1.547489e-04, "HSTPT": 8.795799e-03, "GLUt2r": 3.193258e-03, "EX_lys__L_e": 0, "HSST": 1.850277e-03, "EX_leu__L_e": 0, "GLUTRR": 0, "GLUSy": 0, "GLUR": -2.969102e-04, "HSK": 0, "GLUPRT": 2.798403e-03, "GLUDxi": -1.377910e+00, "HSERTA": 0, "GLUDC": 0, "GLUCYS": 0, "GLU5K": 0, "GLNSP3": 0, "EX_lcts_e": 0, "EX_lac__L_e": 0, "EX_k_e": 0, "EX_ile__L_e": 0, "GLNSP2": 0, "GLNSP1": 0, "HSDy": 9.999990e+05, "GLNS": 3.339518e-02, "GLGC": 0, "EX_id3acald_e": 0, "HSDxi": 999999, "EX_his__L_e": 8.506454e-03, "GLCabc": 0, "GLCS1": 0, "GLCP": 0, "HPPK2": 0, "EX_hdca_e": 0, "HPPK": 0, "EX_h_e": 8.865991e-01, "GK1": 4.743696e-05, "GHMT2r": 5.190611e-03, "EX_h2s_e": 0, "EX_h2o_e": 2.062950e+00, "GGLUCT2": 0, "HOPNTAL": 0, "GFUCS": 8.434505e-06, "GF6PTA": 2.258673e-03, "GCCc": 0, "EX_h2co3_e": 1.627869e-02, "EX_h2_e": 0, "GCCb": 0, "HMPK4": 0, "GCCa": 0, "GCC2": 0, "GARFT": 2.798403e-03, "GAPD": 9.103567e-01, "GALt2": 0, "EX_gthrd_e": 0, "EX_glyc_e": -1, "EX_glyc3p_e": 0, "EX_glyb_e": 0, "EX_gly_e": 0, "EX_glu__L_e": -3.193258e-03, "GALUi": 8.201131e-04, "GALT": -3.951822e-04, "GALKr": -3.951822e-04,