{"THDPS": 1.188907e-03, "NADTRHD_copy1": 999999, "TDPGDH": 4.256054e-05, "TDPDRR": 4.256054e-05, "TDPDRE": 4.256054e-05, "TDMS4": 1.516194e-05, "TDMS3": 3.017280e-05, "TDMS2": 3.025520e-05, "TDMS1": 4.545834e-05, "RBFK": 0, "TATSO": 1.561515e-05, "TATS": 1.615076e-05, "THZSN": 0, "R05224": 0, "TAS": 1.204715e-04, "R05219": 0, "TARTRt7": 0, "R05217": 0, "TARTD": 0, "QULNS": 0, "TALA": 0, "THZPSN": 0, "SULabc": 8.858197e-04, "QRr": -999999, "SULR": 7.812929e-04, "PYRt2": 0, "CYANST_copy1": -999999, "SUCOAS": 8.209790e-03, "SUCD1": 0, "THRt2r": 0, "SUCCt2r": 0, "THRS": 0, "SUCBZS": 0, "THRD_L": -1.883074e-03, "PYRDC": 0, "PYK": 9.565555e-01, "PYDXO": 0, "PYDXNO": 0, "PYAM5PO": 0, "PUNP7": 0, "THMDP": 0, "THFGLUS": 0, "SUCBZL": 0, "PUNP6": 0, "PUNP5": -2.983358e-04, "PUNP4": 0, "PUNP3": 0, "PUNP2": 0, "PMANM": -8.792687e-04, "PUNP1": 2.983358e-04, "SSALy": 0, "PLIPA1E180": 0, "PTPATi": 0, "SSALx": 0, "PTAr": 3.731891e-01, "PLIPA1E160": 0, "PLCD": 0, "PSSA180": 0, "SPODM": 0, "PIt": -1.522070e-02, "PSSA160": 5.577230e-05, "SPMS": 0, "PSP_L": 1.311020e-02, "SOTA": 0, "PSERT": 1.311020e-02, "PIabc": 0, "SKMt2": 0, "PHYCBOXL": 0, "PHTO": 0, "PSD180": 0, "PSD160": 5.577230e-05, "PSCVT": 1.521440e-03, "PRPPS": 1.273442e-02, "PROt2r": 0, "PHTHS2": 1.987257e-05, "PHTHS": 3.749283e-06, "PHTHDLS2": 1.987257e-05, "SHSL4r": 3.087940e-03, "PHTHDLS": 3.749283e-06, "PHTHCLS": 0, "PROabc": 0, "PHTHCLR2": -999999, "PROD2": 0, "PHTHCLR1": 999999, "SHSL1": 4.791529e-04, "PRMICI": 5.578192e-04, "SHKK": 1.521440e-03, "PRFGS": 5.394958e-03, "PREPTTA": -3.749283e-06, "PHEt2r": 0, "PHETA1": -6.606155e-04, "SHK3Dr": 1.521440e-03, "PHDCAt": 0, "PREPTHS2": 1.987257e-05, "PREPTHS": 3.749283e-06, "PREPPACPH": 1.987257e-05, "PHDCATA": -8.862317e-05, "PREPHACPH": 0, "SHCHF3": 0, "PRDX": 0, "PGSA190": 7.979244e-05, "PRATPP": 5.578192e-04, "SHCHF2": 0, "PGSA160190": 2.451180e-04, "SHCHF": 0, "PGSA160": 8.909011e-05, "PRASCSi": 5.394958e-03, "PRAMPC": 5.578192e-04, "PGPPT3": 1.341776e-05, "PGPP190": 7.979244e-05, "PGPP160190": 2.451180e-04, "PGPP160": 8.909011e-05, "PRAIi": 2.763757e-04, "PRAIS": 5.394958e-03, "PRAGSr": 5.394958e-03, "PPTGS_TB2": 2.588791e-04, "PPTGS_TB1": 2.588791e-04, "PGMT": -1.623632e-03, "SHCHD3": 0, "PGM": -9.717434e-01, "PGLYCP": 0, "PGLS": 1.626063e-05, "PPTGS": 0, "PPPGO": 0, "PPNDH": 6.606155e-04, "PPND": 4.361254e-04, "PGL": 0, "PGK": -9.848536e-01, "PPNCL3": 0, "SHCHD2": 0, "PPNCL2": 0, "PGI": 1.959496e-02, "SHCHCS2": 0, "PGCD": 1.311020e-02, "PGAMT": -4.354429e-03, "PPNCL": 0, "PPK2": 0, "PFL": 4.802130e-01, "PFK": 0, "SHCHCS": 0, "PERD": 0, "G6PP": -2.195981e-02, "PEPCK_re": 0, "PPDK": 0, "SGSAD": 0, "PPDIMAT": 0, "PEAMNO": 0, "PPDIMAS": 1.987257e-05, "PPCSCT": 0, "PPCOAC": 0, "PPCK": 0, "PDX5POi": 0, "PDIMAT": 0, "PDIMAS": 3.749283e-06, "SGDS": 0, "PDHcr_copy1": 0, "PDHcr_copy2": 0, "PPCDC": 0, "PPBNGS": 0, "PPAtr": 0, "SERt2r": 0, "PPA": 2.564739e-02, "SERD_L": 0, "PNTK": 0, "PNCDC": 0, "PDHbr": 0, "PDHa": 0, "PMPK": 0, "SERD_D": 0, "PMDPHT": 0, "PDH": 0, "PDE4": 0, "PDE1": 0, "PC8XM": 0, "SERAT": 7.812929e-04, "PC6YM": 0, "SELCYSLY": 0, "PC6AR": 0, "EX_mal__L_e": 0, "PC20M": 0, "SDPTA": -1.188907e-03, "PC17M": 0, "SDPDS": 1.188907e-03, "PC11M": 0, "MPML": 0, "MOTS": 0, "MOTH": 0, "PC": 2.331348e-01, "PATS": 1.718078e-05, "PAPSR": 7.812929e-04, "PAPPT3": 1.354137e-05, "SALCS": 3.982755e-05, "PAPPT2": 2.727226e-04, "SADT2": 0, "PAPPT1": 2.727226e-04, "MOHMT": 0, "PAPA160": 0, "SADT": 8.858197e-04, "PANTS": 0, "PACt2r": 0, "MNDNS2": 0, "MNDNS1": 0, "MN6PP": 1.305588e-03, "P5CRx": 1.895709e-03, "SADH": 0, "P5CR": 0, "P5CD": 0, "MMSAD3": 0, "RZ5PP": 0, "OXGDC2": 0, "RRPPDIMAS": 1.626063e-05, "RPPDIMAS": 1.626063e-05, "MTHFD": -9.999990e+05, "RPI": -1.273442e-02, "MTHFC": 8.327913e-03, "MTAN": 0, "RPE": -1.305568e-02, "MSHS": 0, "MSHOXH": 0, "RNTR4": 0, "MSHAMID": 0, "MMSAD2": 0, "RNDR4": 5.016898e-05, "MMSAD1": 0, "UDPGALM": 3.011787e-04, "UDPG4E": 1.063039e-03, "UDPDPS2": 0, "RNDR3": 9.150723e-05, "UDPDPS": 0, "UDCPDPS": 6.468544e-05, "MMM2": 3.493618e-03, "UDCPDP": 5.824436e-04, "RNDR2": 9.145230e-05, "UAPGR": 6.107624e-04, "UAMRH": 1.341776e-05, "MME": 3.493618e-03, "MMCD": 0, "UAMAS": 5.589865e-04, "MI4PP": 0, "RNDR1": 4.795786e-05, "MI3PP": 0, "UAMAGS": 5.589865e-04, "UAGPT3": 1.354137e-05, "UAGPT2": 2.727226e-04, "RIBabc": 0, "MI1PS": 2.231854e-04, "RBK_L1": 0, "MI1PP": 2.231854e-04, "MHPGLUT": 0, "UAGPT1": 2.727226e-04, "UAGDP": 1.193206e-03, "RBK_Dr": -3.212573e-04, "UAGCVT": 6.107624e-04, "UAAGLS2": 2.727226e-04, "MGt5": 0, "RBK": 0, "METabc": 0, "UAAGLS1": 2.727226e-04, "UAAGDS": 1.354137e-05, "TYRt2r": 0, "TYRTA": -4.361254e-04, "METSOXR2": 0, "METSOXR1": 0, "TTDCAt2": 0, "METS": 1.628741e-03, "RBFSb": 0, "METOX2s": 0, "METOX1s": 0, "TSULabc": 0, "TRPt2r": 0, "TRPTA": 0, "METAT": 1.149588e-03, "RBFSa": 0, "MEPCT": 7.115398e-04, "MEOHt2": 0, "TRPS3": 2.763757e-04, "TRPS2": 2.763757e-04, "IPPMIa": -2.811358e-03, "TRPS1": 0, "TRIATS": 0, "TREabc": 0, "MECDPS": 7.115398e-04, "MECDPDH": 7.115398e-04, "ME1": 0, "MDH": 1.612429e-01, "TRESULT": 1.045267e-04, "TRE6PS": 5.180328e-04, "TRE6PP": 4.288878e-04, "MDFDH": 0, "IPMD": 2.811358e-03, "MCOATA": 8.144789e-03, "MCD": 0, "TRDR": 1.062379e-03, "TPI": 9.983445e-01, "TMPPP": 0, "TMPK": 0, "TMN": 0, "TMHAS6": 0, "MCBTS3": 2.057299e-05, "MCBTS2": 0, "MCBTS": 1.925456e-05, "MANAT3": 1.749666e-05, "MANAT2": 7.289815e-05, "TMHAS5": 0, "MANAT1": 2.308625e-05, "TMHAS4": 1.506580e-05, "IPDPS": 7.115398e-04, "TMHAS3": 1.516194e-05, "TMHAS2": 1.510700e-05, "MAN6PI": -2.184857e-03, "MAN1PT2": 8.792687e-04, "MAN1PT": 0, "MALt2r": 0, "TMHAS1": 1.518940e-05, "IPDDI": 6.468544e-05, "TMDS": 5.016898e-05, "TMDPP": 0, "TMDK1": 0, "BIOMASS_Mtb_9_60atp": 1.373364e-02, "YUMPS": 0, "TKT2": -1.305568e-02, "XYLabc": 0, "INSK": 0, "TKT1": 0, "INSH": 2.983358e-04, "MALTabc": 0, "XYLK": 0, "MALTHPabc": 0, "INDPYRD": 0, "MALT": 0, "XPPT": 0, "VALt2r": 0, "VALTA": -2.826754e-03, "URIK2": 0, "URIDK2r": -5.016898e-05, "UMPK_copy1": 0, "UREA": 0, "MALS": 0, "L_LACt3": 0, "L_LACt2r": 0, "UPPRT": 0, "IMPD": 3.437667e-03, "UPPDC2": 0, "UPPDC1": 0, "UPP3S": 0, "UPP3MT": 0, "L_LACD3": 0, "L_LACD2": 0, "L_LACD": 0, "LYSt5r": 0, "LPLIPAL2E180": 0, "UMPK_copy2": 4.208948e-03, "UGMDDS2": 1.341776e-05, "LPLIPAL2E160": 0, "IMPC": -5.952777e-03, "LO": 0, "UGMDDS": 1.354137e-05, "LEUt2r": 0, "UGMAS": 1.341776e-05, "ILEt2r": 0, "UGMAGS": 1.341776e-05, "UGLDDS2": 2.727226e-04, "LEUTA": -2.811358e-03, "LDH_L": 0, "UGLDDS1": 2.727226e-04, "LCTSabc": 0, "ILETA": -1.204866e-03, "UGGPT3": 1.341776e-05, "LACZ": 0, "Kt3r": -999999, "Kabc": 0, "UGAGDS": 1.341776e-05, "UDPGD": 0, "KARA2": 1.204866e-03, "IGPS": 2.763757e-04, "KARA1": -5.638112e-03, "GLYCTO1": 0, "IGPDH": 5.578192e-04, "IGAMD": 0, "IG3PS": 5.578192e-04, "GLYCL": 0, "IPPS": 2.811358e-03, "ID3ACALDt": 0, "IPPMIb": -2.811358e-03, "GLYCK": 0, "ICL": 1.568265e-01, "GLYC3Pabc": 0, "GLYBabc": 0, "ICHORS": 0, "ICDHyr": 2.171439e-01, "GLXO1": 1.568265e-01, "IACGAMS": 0, "HXPRT": 0, "HSTPT": 5.578192e-04, "GLUt2r": -2.109878e-01, "EX_lys__L_e": 0, "HSST": 3.567093e-03, "EX_leu__L_e": 0, "GLUTRR": 0, "GLUSy": 0, "GLUR": -5.724043e-04, "HSK": 0, "GLUPRT": 5.394958e-03, "GLUDxi": -2.332108e+00, "HSERTA": 0, "GLUDC": 0, "GLUCYS": 0, "GLU5K": 1.895709e-03, "GLNSP3": 0, "EX_lcts_e": 0, "EX_lac__L_e": 0, "EX_k_e": 0, "EX_ile__L_e": 0, "GLNSP2": 0, "GLNSP1": 0, "HSDy": 9.999990e+05, "GLNS": 2.795714e-02, "GLGC": 0, "EX_id3acald_e": 0, "HSDxi": 999999, "EX_his__L_e": 0, "GLCabc": 2.420048e-02, "GLCS1": 0, "GLCP": 0, "HPPK2": 0, "EX_hdca_e": 0, "HPPK": 0, "EX_h_e": 7.509588e-01, "GK1": 9.145230e-05, "GHMT2r": 1.000682e-02, "EX_h2s_e": 0, "EX_h2o_e": 1.226340e+00, "GGLUCT2": 0, "HOPNTAL": 0, "GFUCS": 1.626063e-05, "GF6PTA": 4.354429e-03, "GCCc": 0, "EX_h2co3_e": 7.842730e-01, "EX_h2_e": 6.340196e-01, "GCCb": 0, "HMPK4": 0, "GCCa": 0, "GCC2": 0, "GARFT": 5.394958e-03, "GAPD": 9.848536e-01, "GALt2": 0, "EX_gthrd_e": 0, "EX_glyc_e": -1, "EX_glyc3p_e": 0, "EX_glyb_e": 0, "EX_gly_e": 0, "EX_glu__L_e": 2.109878e-01,