{"THDPS": 1.869100e-03, "NADTRHD_copy1": -999999, "TDPGDH": 6.691010e-05, "TDPDRR": 6.691010e-05, "TDPDRE": 6.691010e-05, "TDMS4": 2.383632e-05, "TDMS3": 4.743514e-05, "TDMS2": 4.756469e-05, "TDMS1": 7.146578e-05, "RBFK": 0, "TATSO": 2.454882e-05, "TATS": 2.539086e-05, "THZSN": 0, "R05224": 0, "TAS": 1.893951e-04, "R05219": 0, "TARTRt7": 0, "R05217": 0, "TARTD": 0, "QULNS": 0, "TALA": -6.044386e-03, "THZPSN": 0, "SULabc": 1.392611e-03, "QRr": -9.999970e+05, "SULR": 1.228283e-03, "PYRt2": -7.303230e-01, "CYANST_copy1": -999999, "SUCOAS": -9.999990e+05, "SUCD1": 0, "THRt2r": 0, "SUCCt2r": 0, "THRS": 0, "SUCBZS": 0, "THRD_L": -2.960410e-03, "PYRDC": 0, "PYK": 8.979190e-01, "PYDXO": 0, "PYDXNO": 0, "PYAM5PO": 0, "PUNP7": 0, "THMDP": 0, "THFGLUS": 0, "SUCBZL": 0, "PUNP6": 0, "PUNP5": -4.690185e-04, "PUNP4": 0, "PUNP3": 0, "PUNP2": 0, "PMANM": -1.382312e-03, "PUNP1": 4.690185e-04, "SSALy": 0, "PLIPA1E180": 0, "PTPATi": 0, "SSALx": 0, "PTAr": -999999, "PLIPA1E160": 0, "PLCD": 0, "PSSA180": 0, "SPODM": 0, "PIt": -2.392871e-02, "PSSA160": 8.768052e-05, "SPMS": 0, "PSP_L": 2.061075e-02, "SOTA": 0, "PSERT": 2.061075e-02, "PIabc": 0, "SKMt2": 0, "PHYCBOXL": 0, "PHTO": 0, "PSD180": 0, "PSD160": 8.768052e-05, "PSCVT": 2.391880e-03, "PRPPS": 2.001998e-02, "PROt2r": 0, "PHTHS2": 3.124199e-05, "PHTHS": 5.894307e-06, "PHTHDLS2": 3.124199e-05, "SHSL4r": 4.854599e-03, "PHTHDLS": 5.894307e-06, "PHTHCLS": 0, "PROabc": 0, "PHTHCLR2": -999999, "PROD2": 0, "PHTHCLR1": 999999, "SHSL1": 7.532839e-04, "PRMICI": 8.769564e-04, "SHKK": 2.391880e-03, "PRFGS": 8.481498e-03, "PREPTTA": -5.894307e-06, "PHEt2r": 0, "PHETA1": -1.038564e-03, "SHK3Dr": 2.391880e-03, "PHDCAt": 0, "PREPTHS2": 3.124199e-05, "PREPTHS": 5.894307e-06, "PREPPACPH": 3.124199e-05, "PHDCATA": -1.393259e-04, "PREPHACPH": 0, "SHCHF3": 0, "PRDX": 0, "PGSA190": 1.254430e-04, "PRATPP": 8.769564e-04, "SHCHF2": 0, "PGSA160190": 3.853538e-04, "SHCHF": 0, "PGSA160": 1.400600e-04, "PRASCSi": 8.481498e-03, "PRAMPC": 8.769564e-04, "PGPPT3": 2.109428e-05, "PGPP190": 1.254430e-04, "PGPP160190": 3.853538e-04, "PGPP160": 1.400600e-04, "PRAIi": 4.344947e-04, "PRAIS": 8.481498e-03, "PRAGSr": 8.481498e-03, "PPTGS_TB2": 4.069879e-04, "PPTGS_TB1": 4.069879e-04, "PGMT": -2.552537e-03, "SHCHD3": 0, "PGM": -9.036630e-01, "PGLYCP": 0, "PGLS": 2.556359e-05, "PPTGS": 0, "PPPGO": 0, "PPNDH": 1.038564e-03, "PPND": 6.856397e-04, "PGL": 0, "PGK": -9.242737e-01, "PPNCL3": 0, "SHCHD2": 0, "PPNCL2": 0, "PGI": -7.240412e-03, "SHCHCS2": 0, "PGCD": 2.061075e-02, "PGAMT": -6.845666e-03, "PPNCL": 0, "PPK2": 0, "PFL": 4.747508e-03, "PFK": 0, "SHCHCS": 0, "PERD": 0, "G6PP": 3.522594e-03, "PEPCK_re": 0, "PPDK": 0, "SGSAD": 0, "PPDIMAT": 0, "PEAMNO": 0, "PPDIMAS": 3.124199e-05, "PPCSCT": 6.943170e-03, "PPCOAC": 0, "PPCK": 0, "PDX5POi": 0, "PDIMAT": 0, "PDIMAS": 5.894307e-06, "SGDS": 0, "PDHcr_copy1": 0, "PDHcr_copy2": 0, "PPCDC": 0, "PPBNGS": 0, "PPAtr": -6.943170e-03, "SERt2r": 0, "PPA": 4.032067e-02, "SERD_L": 0, "PNTK": 0, "PNCDC": 0, "PDHbr": 0, "PDHa": 0, "PMPK": 0, "SERD_D": 0, "PMDPHT": 0, "PDH": 1.301955e-01, "PDE4": 0, "PDE1": 0, "PC8XM": 0, "SERAT": 1.228283e-03, "PC6YM": 0, "SELCYSLY": 0, "PC6AR": 0, "EX_mal__L_e": 0, "PC20M": 0, "SDPTA": -1.869100e-03, "PC17M": 0, "SDPDS": 1.869100e-03, "PC11M": 0, "MPML": 0, "MOTS": 0, "MOTH": 0, "PC": 0, "PATS": 2.701018e-05, "PAPSR": 1.228283e-03, "PAPPT3": 2.128860e-05, "SALCS": 6.261352e-05, "PAPPT2": 4.287515e-04, "SADT2": 0, "PAPPT1": 4.287515e-04, "MOHMT": 0, "PAPA160": 0, "SADT": 1.392611e-03, "PANTS": 0, "PACt2r": 0, "MNDNS2": 0, "MNDNS1": 0, "MN6PP": 2.052536e-03, "P5CRx": 2.980274e-03, "SADH": 0, "P5CR": 0, "P5CD": 0, "MMSAD3": 0, "RZ5PP": 0, "OXGDC2": 0, "RRPPDIMAS": 2.556359e-05, "RPPDIMAS": 2.556359e-05, "MTHFD": -9.999990e+05, "RPI": -1.397560e-02, "MTHFC": 1.309244e-02, "MTAN": 0, "RPE": -1.448065e-02, "MSHS": 0, "MSHOXH": 0, "RNTR4": 7.887145e-05, "MSHAMID": 0, "MMSAD2": 0, "RNDR4": 0, "MMSAD1": 0, "UDPGALM": 4.734878e-04, "UDPG4E": 1.671220e-03, "UDPDPS2": 1.016930e-04, "RNDR3": 1.438600e-04, "UDPDPS": 0, "UDCPDPS": 0, "MMM2": 1.243554e-02, "UDCPDP": 9.156688e-04, "RNDR2": 1.437736e-04, "UAPGR": 9.601892e-04, "UAMRH": 2.109428e-05, "MME": 1.243554e-02, "MMCD": 6.943170e-03, "UAMAS": 8.787916e-04, "MI4PP": 0, "RNDR1": 7.539532e-05, "MI3PP": 0, "UAMAGS": 8.787916e-04, "UAGPT3": 2.128860e-05, "UAGPT2": 4.287515e-04, "RIBabc": 0, "MI1PS": 3.508732e-04, "RBK_L1": 0, "MI1PP": 3.508732e-04, "MHPGLUT": 0, "UAGPT1": 4.287515e-04, "UAGDP": 1.875858e-03, "RBK_Dr": -5.050536e-04, "UAGCVT": 9.601892e-04, "UAAGLS2": 4.287515e-04, "MGt5": 0, "RBK": 0, "METabc": 0, "UAAGLS1": 4.287515e-04, "UAAGDS": 2.128860e-05, "TYRt2r": 0, "TYRTA": -6.856397e-04, "METSOXR2": 0, "METSOXR1": 0, "TTDCAt2": 0, "METS": 2.560569e-03, "RBFSb": 0, "METOX2s": 0, "METOX1s": 0, "TSULabc": 0, "TRPt2r": 0, "TRPTA": 0, "METAT": 1.807285e-03, "RBFSa": 0, "MEPCT": 1.118623e-03, "MEOHt2": 0, "TRPS3": 4.344947e-04, "TRPS2": 4.344947e-04, "IPPMIa": -4.419781e-03, "TRPS1": 0, "TRIATS": 0, "TREabc": 0, "MECDPS": 1.118623e-03, "MECDPDH": 1.118623e-03, "ME1": 0, "MDH": 0, "TRESULT": 1.643281e-04, "TRE6PS": 8.144076e-04, "TRE6PP": 6.742613e-04, "MDFDH": 0, "IPMD": 4.419781e-03, "MCOATA": 1.280455e-02, "MCD": 0, "TRDR": 1.670183e-03, "TPI": 9.653957e-01, "TMPPP": 0, "TMPK": 0, "TMN": 0, "TMHAS6": 0, "MCBTS3": 3.234312e-05, "MCBTS2": 0, "MCBTS": 3.027040e-05, "MANAT3": 2.750677e-05, "MANAT2": 1.146043e-04, "TMHAS5": 0, "MANAT1": 3.629425e-05, "TMHAS4": 2.368518e-05, "IPDPS": 1.118623e-03, "TMHAS3": 2.383632e-05, "TMHAS2": 2.374996e-05, "MAN6PI": -3.434848e-03, "MAN1PT2": 1.382312e-03, "MAN1PT": 0, "MALt2r": 0, "TMHAS1": 2.387950e-05, "IPDDI": 1.016930e-04, "TMDS": 7.887145e-05, "TMDPP": 0, "TMDK1": 0, "BIOMASS_Mtb_9_60atp": 2.159087e-02, "YUMPS": 0, "TKT2": -8.436265e-03, "XYLabc": 0, "INSK": 0, "TKT1": -6.044386e-03, "INSH": 4.690185e-04, "MALTabc": 0, "XYLK": 0, "MALTHPabc": 0, "INDPYRD": 0, "MALT": 0, "XPPT": 0, "VALt2r": 0, "VALTA": -4.443984e-03, "URIK2": 0, "URIDK2r": -7.887145e-05, "UMPK_copy1": 999999, "UREA": 0, "MALS": 0, "L_LACt3": 0, "L_LACt2r": 0, "UPPRT": 0, "IMPD": 5.404411e-03, "UPPDC2": 0, "UPPDC1": 0, "UPP3S": 0, "UPP3MT": 0, "L_LACD3": 3.892812e-03, "L_LACD2": 0, "L_LACD": 0, "LYSt5r": 0, "LPLIPAL2E180": 0, "UMPK_copy2": -9.999990e+05, "UGMDDS2": 2.109428e-05, "LPLIPAL2E160": 0, "IMPC": -9.358454e-03, "LO": 0, "UGMDDS": 2.128860e-05, "LEUt2r": 0, "UGMAS": 2.109428e-05, "ILEt2r": 0, "UGMAGS": 2.109428e-05, "UGLDDS2": 4.287515e-04, "LEUTA": -4.419781e-03, "LDH_L": -3.892812e-03, "UGLDDS1": 4.287515e-04, "LCTSabc": 0, "ILETA": -1.894189e-03, "UGGPT3": 2.109428e-05, "LACZ": 0, "Kt3r": -999999, "Kabc": 0, "UGAGDS": 2.109428e-05, "UDPGD": 0, "KARA2": 1.894189e-03, "IGPS": 4.344947e-04, "KARA1": -8.863764e-03, "GLYCTO1": 0, "IGPDH": 8.769564e-04, "IGAMD": 0, "IG3PS": 8.769564e-04, "GLYCL": 0, "IPPS": 4.419781e-03, "ID3ACALDt": 0, "IPPMIb": -4.419781e-03, "GLYCK": 0, "ICL": 0, "GLYC3Pabc": 0, "GLYBabc": 0, "ICHORS": 0, "ICDHyr": 0, "GLXO1": 0, "IACGAMS": 0, "HXPRT": 0, "HSTPT": 8.769564e-04, "GLUt2r": 3.352339e-01, "EX_lys__L_e": 0, "HSST": 5.607883e-03, "EX_leu__L_e": 0, "GLUTRR": 0, "GLUSy": 0, "GLUR": -8.998859e-04, "HSK": 0, "GLUPRT": 8.481498e-03, "GLUDxi": 2.435695e-01, "HSERTA": 0, "GLUDC": 0, "GLUCYS": 0, "GLU5K": 2.980274e-03, "GLNSP3": 0, "EX_lcts_e": 0, "EX_lac__L_e": 0, "EX_k_e": 0, "EX_ile__L_e": 0, "GLNSP2": 0, "GLNSP1": 0, "HSDy": 9.999990e+05, "GLNS": 4.395186e-02, "GLGC": 0, "EX_id3acald_e": 0, "HSDxi": 999999, "EX_his__L_e": 0, "GLCabc": 0, "GLCS1": 0, "GLCP": 0, "HPPK2": 0, "EX_hdca_e": 0, "HPPK": 0, "EX_h_e": 7.710307e-01, "GK1": 1.437736e-04, "GHMT2r": 1.573188e-02, "EX_h2s_e": 0, "EX_h2o_e": 1.950028e+00, "GGLUCT2": 0, "HOPNTAL": 0, "GFUCS": 2.556359e-05, "GF6PTA": 6.845666e-03, "GCCc": 0, "EX_h2co3_e": 1.519446e-01, "EX_h2_e": 0, "GCCb": 0, "HMPK4": 0, "GCCa": 0, "GCC2": 0, "GARFT": 8.481498e-03, "GAPD": 9.242737e-01, "GALt2": 0, "EX_gthrd_e": 0, "EX_glyc_e": -1, "EX_glyc3p_e": 0, "EX_glyb_e": 0, "EX_gly_e": 0,