{"THDPS": 3.737846e-03, "NADTRHD_copy1": 9.999962e+05, "TDPGDH": 1.338075e-04, "TDPDRR": 1.338075e-04, "TDPDRE": 1.338075e-04, "TDMS4": 4.766813e-05, "TDMS3": 9.486130e-05, "TDMS2": 9.512036e-05, "TDMS1": 1.429180e-04, "RBFK": 0, "TATSO": 4.909299e-05, "TATS": 5.077692e-05, "THZSN": 0, "R05224": 0, "TAS": 3.787543e-04, "R05219": 0, "TARTRt7": 0, "R05217": 0, "TARTD": 0, "QULNS": 0, "TALA": -1.208763e-02, "THZPSN": 0, "SULabc": 2.784958e-03, "QRr": 1.997304e+00, "SULR": 2.456333e-03, "PYRt2": 0, "CYANST_copy1": -999999, "SUCOAS": 1.459633e-02, "SUCD1": 0, "THRt2r": 0, "SUCCt2r": -6.100138e-03, "THRS": 1.121470e-02, "SUCBZS": 0, "THRD_L": 5.294443e-03, "PYRDC": 0, "PYK": 1.196949e+00, "PYDXO": 0, "PYDXNO": 0, "PYAM5PO": 0, "PUNP7": 0, "THMDP": 0, "THFGLUS": 0, "SUCBZL": 0, "PUNP6": 0, "PUNP5": -9.379481e-04, "PUNP4": 0, "PUNP3": 0, "PUNP2": 0, "PMANM": -2.764363e-03, "PUNP1": 9.379481e-04, "SSALy": 0, "PLIPA1E180": 0, "PTPATi": 0, "SSALx": 0, "PTAr": 7.951730e-01, "PLIPA1E160": 0, "PLCD": 0, "PSSA180": 0, "SPODM": 0, "PIt": -4.785288e-02, "PSSA160": 1.753444e-04, "SPMS": 0, "PSP_L": 4.121760e-02, "SOTA": 0, "PSERT": 4.121760e-02, "PIabc": 0, "SKMt2": 0, "PHYCBOXL": 0, "PHTO": 0, "PSD180": 0, "PSD160": 1.753444e-04, "PSCVT": 4.783306e-03, "PRPPS": 4.003617e-02, "PROt2r": -1.796246e-01, "PHTHS2": 6.247806e-05, "PHTHS": 1.178750e-05, "PHTHDLS2": 6.247806e-05, "SHSL4r": -999999, "PHTHDLS": 1.178750e-05, "PHTHCLS": 0, "PROabc": 0, "PHTHCLR2": -999999, "PROD2": 0, "PHTHCLR1": 999999, "SHSL1": 999999, "PRMICI": 1.753747e-03, "SHKK": 4.783306e-03, "PRFGS": 1.696139e-02, "PREPTTA": -1.178750e-05, "PHEt2r": 0, "PHETA1": -2.076931e-03, "SHK3Dr": 4.783306e-03, "PHDCAt": 0, "PREPTHS2": 6.247806e-05, "PREPTHS": 1.178750e-05, "PREPPACPH": 6.247806e-05, "PHDCATA": -2.786254e-04, "PREPHACPH": 0, "SHCHF3": 0, "PRDX": 0, "PGSA190": 2.508621e-04, "PRATPP": 1.753747e-03, "SHCHF2": 0, "PGSA160190": 7.706347e-04, "SHCHF": 0, "PGSA160": 2.800934e-04, "PRASCSi": 1.696139e-02, "PRAMPC": 1.753747e-03, "PGPPT3": 4.218456e-05, "PGPP190": 2.508621e-04, "PGPP160190": 7.706347e-04, "PGPP160": 2.800934e-04, "PRAIi": 8.689070e-04, "PRAIS": 1.696139e-02, "PRAGSr": 1.696139e-02, "PPTGS_TB2": 8.138987e-04, "PPTGS_TB1": 8.138987e-04, "PGMT": -5.104591e-03, "SHCHD3": 0, "PGM": -2.807344e+00, "PGLYCP": 0, "PGLS": 5.112234e-05, "PPTGS": 0, "PPPGO": 0, "PPNDH": 2.076931e-03, "PPND": 1.371149e-03, "PGL": 0, "PGK": -2.848562e+00, "PPNCL3": 0, "SHCHD2": 0, "PPNCL2": 0, "PGI": 9.855205e-01, "SHCHCS2": 0, "PGCD": 4.121760e-02, "PGAMT": -1.369004e-02, "PPNCL": 0, "PPK2": 0, "PFL": 1.131649e+00, "PFK": 9.360029e-01, "SHCHCS": 0, "PERD": 0, "G6PP": -9.929555e-01, "PEPCK_re": -999999, "PPDK": 0, "SGSAD": 0, "PPDIMAT": 0, "PEAMNO": 0, "PPDIMAS": 6.247806e-05, "PPCSCT": 0, "PPCOAC": 0, "PPCK": 9.999974e+05, "PDX5POi": 0, "PDIMAT": 0, "PDIMAS": 1.178750e-05, "SGDS": 0, "PDHcr_copy1": 0, "PDHcr_copy2": 0, "PPCDC": 0, "PPBNGS": 0, "PPAtr": 0, "SERt2r": 0, "PPA": 8.063370e-02, "SERD_L": 0, "PNTK": 0, "PNCDC": 0, "PDHbr": 0, "PDHa": 0, "PMPK": 0, "SERD_D": 0, "PMDPHT": 0, "PDH": 0, "PDE4": 0, "PDE1": 0, "PC8XM": 0, "SERAT": 2.456333e-03, "PC6YM": 0, "SELCYSLY": 0, "PC6AR": 0, "EX_mal__L_e": 0, "PC20M": 0, "SDPTA": -3.737846e-03, "PC17M": 0, "SDPDS": 3.737846e-03, "PC11M": 0, "MPML": 0, "MOTS": 0, "MOTH": 0, "PC": 0, "PATS": 5.401524e-05, "PAPSR": 2.456333e-03, "PAPPT3": 4.257316e-05, "SALCS": 1.252152e-04, "PAPPT2": 8.574218e-04, "SADT2": 0, "PAPPT1": 8.574218e-04, "MOHMT": 0, "PAPA160": 0, "SADT": 2.784958e-03, "PANTS": 0, "PACt2r": 0, "MNDNS2": 0, "MNDNS1": 0, "MN6PP": 4.104683e-03, "P5CRx": 1.855846e-01, "SADH": 0, "P5CR": 0, "P5CD": 0, "MMSAD3": 0, "RZ5PP": 0, "OXGDC2": 0, "RRPPDIMAS": 5.112234e-05, "RPPDIMAS": 5.112234e-05, "MTHFD": -9.999990e+05, "RPI": -2.794855e-02, "MTHFC": 2.618241e-02, "MTAN": 0, "RPE": -2.895856e-02, "MSHS": 0, "MSHOXH": 0, "RNTR4": 0, "MSHAMID": 0, "MMSAD2": 0, "RNDR4": 1.577280e-04, "MMSAD1": 0, "UDPGALM": 9.468859e-04, "UDPG4E": 3.342123e-03, "UDPDPS2": 0, "RNDR3": 2.876927e-04, "UDPDPS": 2.033667e-04, "UDCPDPS": 0, "MMM2": 1.098370e-02, "UDCPDP": 1.831164e-03, "RNDR2": 2.875200e-04, "UAPGR": 1.920196e-03, "UAMRH": 4.218456e-05, "MME": 1.098370e-02, "MMCD": 0, "UAMAS": 1.757417e-03, "MI4PP": 0, "RNDR1": 1.507764e-04, "MI3PP": 0, "UAMAGS": 1.757417e-03, "UAGPT3": 4.257316e-05, "UAGPT2": 8.574218e-04, "RIBabc": 0, "MI1PS": 7.016800e-04, "RBK_L1": 0, "MI1PP": 7.016800e-04, "MHPGLUT": 0, "UAGPT1": 8.574218e-04, "UAGDP": 3.751361e-03, "RBK_Dr": -1.010012e-03, "UAGCVT": 1.920196e-03, "UAAGLS2": 8.574218e-04, "MGt5": 0, "RBK": 0, "METabc": 0, "UAAGLS1": 8.574218e-04, "UAAGDS": 4.257316e-05, "TYRt2r": 0, "TYRTA": -1.371149e-03, "METSOXR2": 0, "METSOXR1": 0, "TTDCAt2": 0, "METS": 5.120653e-03, "RBFSb": 0, "METOX2s": 0, "METOX1s": 0, "TSULabc": 0, "TRPt2r": 0, "TRPTA": 0, "METAT": 3.614228e-03, "RBFSa": 0, "MEPCT": 2.237034e-03, "MEOHt2": 0, "TRPS3": 8.689070e-04, "TRPS2": 8.689070e-04, "IPPMIa": -8.838724e-03, "TRPS1": 0, "TRIATS": 0, "TREabc": 0, "MECDPS": 2.237034e-03, "MECDPDH": 2.237034e-03, "ME1": 0, "MDH": 0, "TRESULT": 3.286251e-04, "TRE6PS": 1.628661e-03, "TRE6PP": 1.348395e-03, "MDFDH": 0, "IPMD": 8.838724e-03, "MCOATA": 2.560668e-02, "MCD": 0, "TRDR": 3.340050e-03, "TPI": 1.930798e+00, "TMPPP": 0, "TMPK": 0, "TMN": 0, "TMHAS6": 0, "MCBTS3": 6.468012e-05, "MCBTS2": 0, "MCBTS": 6.053506e-05, "MANAT3": 5.500833e-05, "MANAT2": 0, "TMHAS5": 0, "MANAT1": 3.017686e-04, "TMHAS4": 4.736588e-05, "IPDPS": 0, "TMHAS3": 4.766813e-05, "TMHAS2": 4.749541e-05, "MAN6PI": -6.869046e-03, "MAN1PT2": 2.764363e-03, "MAN1PT": 0, "MALt2r": 0, "TMHAS1": 4.775448e-05, "IPDDI": -2.033667e-03, "TMDS": 1.577280e-04, "TMDPP": 0, "TMDK1": 0, "BIOMASS_Mtb_9_60atp": 4.317765e-02, "YUMPS": 0, "TKT2": -1.687093e-02, "XYLabc": 0, "INSK": 0, "TKT1": -1.208763e-02, "INSH": 9.379481e-04, "MALTabc": 0, "XYLK": 0, "MALTHPabc": 0, "INDPYRD": 0, "MALT": 0, "XPPT": 0, "VALt2r": 0, "VALTA": -8.887126e-03, "URIK2": 0, "URIDK2r": -1.577280e-04, "UMPK_copy1": 999999, "UREA": 0, "MALS": 0, "L_LACt3": 3.754927e-01, "L_LACt2r": 3.754927e-01, "UPPRT": 0, "IMPD": 1.080780e-02, "UPPDC2": 0, "UPPDC1": 0, "UPP3S": 0, "UPP3MT": 0, "L_LACD3": 0, "L_LACD2": 0, "L_LACD": 0, "LYSt5r": 0, "LPLIPAL2E180": 0, "UMPK_copy2": -9.999990e+05, "UGMDDS2": 4.218456e-05, "LPLIPAL2E160": 0, "IMPC": -1.871514e-02, "LO": 0, "UGMDDS": 4.257316e-05, "LEUt2r": 0, "UGMAS": 4.218456e-05, "ILEt2r": 0, "UGMAGS": 4.218456e-05, "UGLDDS2": 8.574218e-04, "LEUTA": -8.838724e-03, "LDH_L": 0, "UGLDDS1": 8.574218e-04, "LCTSabc": 0, "ILETA": -3.788018e-03, "UGGPT3": 4.218456e-05, "LACZ": 0, "Kt3r": 999999, "Kabc": 0, "UGAGDS": 4.218456e-05, "UDPGD": 0, "KARA2": 3.788018e-03, "IGPS": 8.689070e-04, "KARA1": -1.772585e-02, "GLYCTO1": 0, "IGPDH": 1.753747e-03, "IGAMD": 0, "IG3PS": 1.753747e-03, "GLYCL": 0, "IPPS": 8.838724e-03, "ID3ACALDt": 0, "IPPMIb": -8.838724e-03, "GLYCK": 0, "ICL": 0, "GLYC3Pabc": 0, "GLYBabc": 0, "ICHORS": 0, "ICDHyr": 0, "GLXO1": 0, "IACGAMS": 0, "HXPRT": 0, "HSTPT": 1.753747e-03, "GLUt2r": 1.989792e-01, "EX_lys__L_e": 0, "HSST": 0, "EX_leu__L_e": 0, "GLUTRR": 0, "GLUSy": 0, "GLUR": -1.799601e-03, "HSK": 1.121470e-02, "GLUPRT": 1.696139e-02, "GLUDxi": -9.010766e-01, "HSERTA": 0, "GLUDC": 0, "GLUCYS": 0, "GLU5K": 1.855846e-01, "GLNSP3": 0, "EX_lcts_e": 0, "EX_lac__L_e": 0, "EX_k_e": 0, "EX_ile__L_e": 0, "GLNSP2": 0, "GLNSP1": 0, "HSDy": 9.999990e+05, "GLNS": 8.789540e-02, "GLGC": 0, "EX_id3acald_e": 0, "HSDxi": 999999, "EX_his__L_e": 0, "GLCabc": 1, "GLCS1": 0, "GLCP": 0, "HPPK2": 0, "EX_hdca_e": 0, "HPPK": 0, "EX_h_e": 3.975274e+00, "GK1": 2.875200e-04, "GHMT2r": 3.146079e-02, "EX_h2s_e": 0, "EX_h2o_e": 3.536701e+00, "GGLUCT2": 0, "HOPNTAL": 0, "GFUCS": 5.112234e-05, "GF6PTA": 1.369004e-02, "GCCc": 0, "EX_h2co3_e": -4.471445e-01, "EX_h2_e": 1.122155e+00, "GCCb": 0, "HMPK4": 0, "GCCa": 0, "GCC2": 0, "GARFT": 1.696139e-02, "GAPD": 2.848562e+00, "GALt2": 0, "EX_gthrd_e": 0, "EX_glyc_e": -1, "EX_glyc3p_e": 0, "EX_glyb_e": 0, "EX_gly_e": 0,