{"THDPS": 2.345472e-03, "NADTRHD_copy1": 999999, "TDPGDH": 8.396327e-05, "TDPDRR": 8.396327e-05, "TDPDRE": 8.396327e-05, "TDMS4": 2.991141e-05, "TDMS3": 5.952479e-05, "TDMS2": 5.968735e-05, "TDMS1": 8.968004e-05, "RBFK": 0, "TATSO": 3.080550e-05, "TATS": 3.186215e-05, "THZSN": 0, "R05224": 0, "TAS": 2.376656e-04, "R05219": 0, "TARTRt7": 0, "R05217": 0, "TARTD": 0, "QULNS": 0, "TALA": -7.584899e-03, "THZPSN": 0, "SULabc": 1.747541e-03, "QRr": -999999, "SULR": 1.541332e-03, "PYRt2": 0, "CYANST_copy1": -999999, "SUCOAS": -9.999990e+05, "SUCD1": 0, "THRt2r": 0, "SUCCt2r": -3.974226e-01, "THRS": 0, "SUCBZS": 0, "THRD_L": -3.714921e-03, "PYRDC": 0, "PYK": 5.812641e-01, "PYDXO": 0, "PYDXNO": 0, "PYAM5PO": 0, "PUNP7": 0, "THMDP": 0, "THFGLUS": 0, "SUCBZL": 0, "PUNP6": 0, "PUNP5": -5.885557e-04, "PUNP4": 0, "PUNP3": 0, "PUNP2": 0, "PMANM": -1.734618e-03, "PUNP1": 5.885557e-04, "SSALy": 5.801598e-02, "PLIPA1E180": 0, "PTPATi": 0, "SSALx": 0, "PTAr": -9.999987e+05, "PLIPA1E160": 0, "PLCD": 0, "PSSA180": 0, "SPODM": 0, "PIt": -3.002734e-02, "PSSA160": 1.100274e-04, "SPMS": 0, "PSP_L": 2.586375e-02, "SOTA": 0, "PSERT": 2.586375e-02, "PIabc": 0, "SKMt2": 0, "PHYCBOXL": 0, "PHTO": 0, "PSD180": 0, "PSD160": 1.100274e-04, "PSCVT": 3.001491e-03, "PRPPS": 2.512241e-02, "PROt2r": 0, "PHTHS2": 3.920454e-05, "PHTHS": 7.396571e-06, "PHTHDLS2": 3.920454e-05, "SHSL4r": 6.091875e-03, "PHTHDLS": 7.396571e-06, "PHTHCLS": 0, "PROabc": 0, "PHTHCLR2": -999999, "PROD2": 4.884961e-03, "PHTHCLR1": 999999, "SHSL1": 9.452709e-04, "PRMICI": 1.100463e-03, "SHKK": 3.001491e-03, "PRFGS": 1.064315e-02, "PREPTTA": -7.396571e-06, "PHEt2r": 0, "PHETA1": -1.303260e-03, "SHK3Dr": 3.001491e-03, "PHDCAt": 0, "PREPTHS2": 3.920454e-05, "PREPTHS": 7.396571e-06, "PREPPACPH": 3.920454e-05, "PHDCATA": -1.748354e-04, "PREPHACPH": 0, "SHCHF3": 0, "PRDX": 0, "PGSA190": 1.574142e-04, "PRATPP": 1.100463e-03, "SHCHF2": 0, "PGSA160190": 4.835678e-04, "SHCHF": 0, "PGSA160": 1.757566e-04, "PRASCSi": 1.064315e-02, "PRAMPC": 1.100463e-03, "PGPPT3": 2.647051e-05, "PGPP190": 1.574142e-04, "PGPP160190": 4.835678e-04, "PGPP160": 1.757566e-04, "PRAIi": 5.452329e-04, "PRAIS": 1.064315e-02, "PRAGSr": 1.064315e-02, "PPTGS_TB2": 5.107156e-04, "PPTGS_TB1": 5.107156e-04, "PGMT": -3.203095e-03, "SHCHD3": 0, "PGM": -9.594253e-01, "PGLYCP": 0, "PGLS": 3.207890e-05, "PPTGS": 0, "PPPGO": 0, "PPNDH": 1.303260e-03, "PPND": 8.603865e-04, "PGL": 0, "PGK": -9.852891e-01, "PPNCL3": 0, "SHCHD2": 0, "PPNCL2": 0, "PGI": 3.107197e-02, "SHCHCS2": 0, "PGCD": 2.586375e-02, "PGAMT": -8.590399e-03, "PPNCL": 0, "PPK2": 0, "PFL": 5.402888e-01, "PFK": 0, "SHCHCS": 0, "PERD": 0, "G6PP": -3.573733e-02, "PEPCK_re": 9.999986e+05, "PPDK": 0, "SGSAD": 0, "PPDIMAT": 0, "PEAMNO": 0, "PPDIMAS": 3.920454e-05, "PPCSCT": 0, "PPCOAC": 0, "PPCK": -999999, "PDX5POi": 0, "PDIMAT": 0, "PDIMAS": 7.396571e-06, "SGDS": 0, "PDHcr_copy1": -999999, "PDHcr_copy2": 999999, "PPCDC": 0, "PPBNGS": 0, "PPAtr": 0, "SERt2r": 0, "PPA": 5.059707e-02, "SERD_L": 0, "PNTK": 0, "PNCDC": 0, "PDHbr": 0, "PDHa": 0, "PMPK": 0, "SERD_D": 0, "PMDPHT": 0, "PDH": 0, "PDE4": 0, "PDE1": 0, "PC8XM": 0, "SERAT": 1.541332e-03, "PC6YM": 0, "SELCYSLY": 0, "PC6AR": 0, "EX_mal__L_e": 0, "PC20M": 0, "SDPTA": -2.345472e-03, "PC17M": 0, "SDPDS": 2.345472e-03, "PC11M": 0, "MPML": 0, "MOTS": 0, "MOTH": 0, "PC": 0, "PATS": 3.389418e-05, "PAPSR": 1.541332e-03, "PAPPT3": 2.671436e-05, "SALCS": 7.857163e-05, "PAPPT2": 5.380260e-04, "SADT2": 0, "PAPPT1": 5.380260e-04, "MOHMT": 0, "PAPA160": 0, "SADT": 1.747541e-03, "PANTS": 0, "PACt2r": 0, "MNDNS2": 0, "MNDNS1": 0, "MN6PP": 2.575659e-03, "P5CRx": 8.624808e-03, "SADH": 0, "P5CR": 0, "P5CD": 0, "MMSAD3": 0, "RZ5PP": 0, "OXGDC2": 0, "RRPPDIMAS": 3.207890e-05, "RPPDIMAS": 3.207890e-05, "MTHFD": -9.999990e+05, "RPI": -1.753751e-02, "MTHFC": 1.642927e-02, "MTAN": 0, "RPE": -1.817129e-02, "MSHS": 0, "MSHOXH": 0, "RNTR4": 0, "MSHAMID": 0, "MMSAD2": 0, "RNDR4": 9.897316e-05, "MMSAD1": 0, "UDPGALM": 5.941641e-04, "UDPG4E": 2.097158e-03, "UDPDPS2": 0, "RNDR3": 1.805251e-04, "UDPDPS": 1.276112e-04, "UDCPDPS": 0, "MMM2": 6.892195e-03, "UDCPDP": 1.149042e-03, "RNDR2": 1.804167e-04, "UAPGR": 1.204910e-03, "UAMRH": 2.647051e-05, "MME": 6.892195e-03, "MMCD": 0, "UAMAS": 1.102766e-03, "MI4PP": 0, "RNDR1": 9.461108e-05, "MI3PP": 0, "UAMAGS": 1.102766e-03, "UAGPT3": 2.671436e-05, "UAGPT2": 5.380260e-04, "RIBabc": 0, "MI1PS": 4.402992e-04, "RBK_L1": 0, "MI1PP": 4.402992e-04, "MHPGLUT": 0, "UAGPT1": 5.380260e-04, "UAGDP": 2.353952e-03, "RBK_Dr": -6.337750e-04, "UAGCVT": 1.204910e-03, "UAAGLS2": 5.380260e-04, "MGt5": 0, "RBK": 0, "METabc": 0, "UAAGLS1": 5.380260e-04, "UAAGDS": 2.671436e-05, "TYRt2r": 0, "TYRTA": -8.603865e-04, "METSOXR2": 0, "METSOXR1": 0, "TTDCAt2": 0, "METS": 3.213173e-03, "RBFSb": 0, "METOX2s": 0, "METOX1s": 0, "TSULabc": 0, "TRPt2r": 0, "TRPTA": 0, "METAT": 2.267902e-03, "RBFSa": 0, "MEPCT": 1.403723e-03, "MEOHt2": 0, "TRPS3": 0, "TRPS2": 0, "IPPMIa": -5.546236e-03, "TRPS1": 5.452329e-04, "TRIATS": 0, "TREabc": 0, "MECDPS": 1.403723e-03, "MECDPDH": 1.403723e-03, "ME1": 0, "MDH": 0, "TRESULT": 2.062099e-04, "TRE6PS": 1.021973e-03, "TRE6PP": 8.461081e-04, "MDFDH": 0, "IPMD": 5.546236e-03, "MCOATA": 1.606801e-02, "MCD": 0, "TRDR": 2.095858e-03, "TPI": 9.967339e-01, "TMPPP": 0, "TMPK": 0, "TMN": 0, "TMHAS6": 0, "MCBTS3": 4.058631e-05, "MCBTS2": 0, "MCBTS": 3.798532e-05, "MANAT3": 3.451733e-05, "MANAT2": 1.438132e-04, "TMHAS5": 0, "MANAT1": 4.554445e-05, "TMHAS4": 2.972175e-05, "IPDPS": 1.403723e-03, "TMHAS3": 2.991141e-05, "TMHAS2": 2.980303e-05, "MAN6PI": -4.310277e-03, "MAN1PT2": 1.734618e-03, "MAN1PT": 0, "MALt2r": 0, "TMHAS1": 2.996560e-05, "IPDDI": 1.276112e-04, "TMDS": 9.897316e-05, "TMDPP": 0, "TMDK1": 0, "BIOMASS_Mtb_9_60atp": 2.709367e-02, "YUMPS": 0, "TKT2": -1.058639e-02, "XYLabc": 0, "INSK": 0, "TKT1": -7.584899e-03, "INSH": 5.885557e-04, "MALTabc": 0, "XYLK": 0, "MALTHPabc": 0, "INDPYRD": 0, "MALT": 0, "XPPT": 0, "VALt2r": 0, "VALTA": -5.576608e-03, "URIK2": 0, "URIDK2r": -9.897316e-05, "UMPK_copy1": 999999, "UREA": 0, "MALS": 0, "L_LACt3": 0, "L_LACt2r": 0, "UPPRT": 0, "IMPD": 6.781816e-03, "UPPDC2": 0, "UPPDC1": 0, "UPP3S": 0, "UPP3MT": 0, "L_LACD3": 0, "L_LACD2": 0, "L_LACD": 0, "LYSt5r": 0, "LPLIPAL2E180": 0, "UMPK_copy2": -9.999990e+05, "UGMDDS2": 2.647051e-05, "LPLIPAL2E160": 0, "IMPC": -1.174361e-02, "LO": 0, "UGMDDS": 2.671436e-05, "LEUt2r": 0, "UGMAS": 2.647051e-05, "ILEt2r": 0, "UGMAGS": 2.647051e-05, "UGLDDS2": 5.380260e-04, "LEUTA": -5.546236e-03, "LDH_L": 0, "UGLDDS1": 5.380260e-04, "LCTSabc": 0, "ILETA": -2.376954e-03, "UGGPT3": 2.647051e-05, "LACZ": 0, "Kt3r": -999999, "Kabc": 0, "UGAGDS": 2.647051e-05, "UDPGD": 0, "KARA2": 2.376954e-03, "IGPS": 5.452329e-04, "KARA1": -1.112284e-02, "GLYCTO1": 0, "IGPDH": 1.100463e-03, "IGAMD": 0, "IG3PS": 1.100463e-03, "GLYCL": 0, "IPPS": 5.546236e-03, "ID3ACALDt": 0, "IPPMIb": -5.546236e-03, "GLYCK": 0, "ICL": 3.306938e-01, "GLYC3Pabc": 0, "GLYBabc": 0, "ICHORS": 0, "ICDHyr": 0, "GLXO1": 3.306938e-01, "IACGAMS": 0, "HXPRT": 0, "HSTPT": 1.100463e-03, "GLUt2r": 1.150266e-01, "EX_lys__L_e": 0, "HSST": 7.037146e-03, "EX_leu__L_e": 0, "GLUTRR": 0, "GLUSy": 0, "GLUR": -1.129237e-03, "HSK": 0, "GLUPRT": 1.064315e-02, "GLUDxi": 0, "HSERTA": 0, "GLUDC": 5.801598e-02, "GLUCYS": 0, "GLU5K": 3.739847e-03, "GLNSP3": 0, "EX_lcts_e": 0, "EX_lac__L_e": 0, "EX_k_e": 0, "EX_ile__L_e": 0, "GLNSP2": 0, "GLNSP1": 0, "HSDy": 9.999990e+05, "GLNS": 5.515374e-02, "GLGC": 0, "EX_id3acald_e": 0, "HSDxi": 999999, "EX_his__L_e": 0, "GLCabc": 4.015772e-02, "GLCS1": 0, "GLCP": 0, "HPPK2": 0, "EX_hdca_e": 0, "HPPK": 0, "EX_h_e": 8.419617e-01, "GK1": 1.804167e-04, "GHMT2r": 1.974142e-02, "EX_h2s_e": 0, "EX_h2o_e": 7.725852e-01, "GGLUCT2": 0, "HOPNTAL": 0, "GFUCS": 3.207890e-05, "GF6PTA": 8.590399e-03, "GCCc": 0, "EX_h2co3_e": 9.013611e-01, "EX_h2_e": 8.650252e-01, "GCCb": 0, "HMPK4": 0, "GCCa": 0, "GCC2": 0, "GARFT": 1.064315e-02, "GAPD": 9.852891e-01, "GALt2": 0, "EX_gthrd_e": 0, "EX_glyc_e": -1, "EX_glyc3p_e": 0, "EX_glyb_e": 0,