{"THDPS": 1.395178e-03, "NADTRHD_copy1": 999999, "TDPGDH": 4.994462e-05, "TDPDRR": 4.994462e-05, "TDPDRE": 4.994462e-05, "TDMS4": 1.779247e-05, "TDMS3": 3.540765e-05, "TDMS2": 3.550435e-05, "TDMS1": 5.334517e-05, "RBFK": 0, "TATSO": 1.832431e-05, "TATS": 1.895285e-05, "THZSN": 0, "R05224": 0, "TAS": 1.413728e-04, "R05219": 0, "TARTRt7": 0, "R05217": 0, "TARTD": 0, "QULNS": 0, "TALA": -5.678246e-03, "THZPSN": 0, "SULabc": 1.039506e-03, "QRr": -999999, "SULR": 9.168439e-04, "PYRt2": 0, "CYANST_copy1": -999999, "SUCOAS": -9.999987e+05, "SUCD1": 0, "THRt2r": 0, "SUCCt2r": 0, "THRS": 0, "SUCBZS": 0, "THRD_L": -2.209779e-03, "PYRDC": 0, "PYK": 9.144707e-01, "PYDXO": 0, "PYDXNO": 0, "PYAM5PO": 0, "PUNP7": 0, "THMDP": 0, "THFGLUS": 0, "SUCBZL": 0, "PUNP6": 0, "PUNP5": -3.500958e-04, "PUNP4": 0, "PUNP3": 0, "PUNP2": 0, "PMANM": -1.031818e-03, "PUNP1": 3.500958e-04, "SSALy": 6.903288e-01, "PLIPA1E180": 0, "PTPATi": 0, "SSALx": 0, "PTAr": -999999, "PLIPA1E160": 0, "PLCD": 0, "PSSA180": 0, "SPODM": 0, "PIt": -2.136079e-02, "PSSA160": 6.544856e-05, "SPMS": 0, "PSP_L": 1.888412e-02, "SOTA": 0, "PSERT": 1.888412e-02, "PIabc": 0, "SKMt2": 0, "PHYCBOXL": 0, "PHTO": 0, "PSD180": 0, "PSD160": 6.544856e-05, "PSCVT": 1.785403e-03, "PRPPS": 1.844315e-02, "PROt2r": 0, "PHTHS2": 2.332038e-05, "PHTHS": 6.277809e-03, "PHTHDLS2": 2.332038e-05, "SHSL4r": 3.623684e-03, "PHTHDLS": 6.277809e-03, "PHTHCLS": 0, "PROabc": 0, "PHTHCLR2": -999999, "PROD2": 0, "PHTHCLR1": 999999, "SHSL1": 5.622839e-04, "PRMICI": 6.545984e-04, "SHKK": 1.785403e-03, "PRFGS": 9.830321e-03, "PREPTTA": -6.277809e-03, "PHEt2r": 0, "PHETA1": -7.752294e-04, "SHK3Dr": 1.785403e-03, "PHDCAt": 0, "PREPTHS2": 2.332038e-05, "PREPTHS": 6.277809e-03, "PREPPACPH": 2.332038e-05, "PHDCATA": -1.039989e-04, "PREPHACPH": 0, "SHCHF3": 0, "PRDX": 0, "PGSA190": 9.363608e-05, "PRATPP": 6.545984e-04, "SHCHF2": 0, "PGSA160190": 2.876449e-04, "SHCHF": 0, "PGSA160": 1.045469e-04, "PRASCSi": 9.830321e-03, "PRAMPC": 6.545984e-04, "PGPPT3": 1.574569e-05, "PGPP190": 9.363608e-05, "PGPP160190": 2.876449e-04, "PGPP160": 1.045469e-04, "PRAIi": 3.243257e-04, "PRAIS": 9.830321e-03, "PRAGSr": 9.830321e-03, "PPTGS_TB2": 3.037935e-04, "PPTGS_TB1": 3.037935e-04, "PGMT": -1.905325e-03, "SHCHD3": 0, "PGM": -9.187582e-01, "PGLYCP": 0, "PGLS": 1.908178e-05, "PPTGS": 0, "PPPGO": 0, "PPNDH": 7.752294e-04, "PPND": 5.117913e-04, "PGL": 0, "PGK": -9.376424e-01, "PPNCL3": 0, "SHCHD2": 0, "PPNCL2": 0, "PGI": -5.404559e-03, "SHCHCS2": 0, "PGCD": 1.888412e-02, "PGAMT": -5.109903e-03, "PPNCL": 0, "PPK2": 0, "PFL": 2.031524e-02, "PFK": 0, "SHCHCS": 0, "PERD": 0, "G6PP": 2.629417e-03, "PEPCK_re": 0, "PPDK": 0, "SGSAD": 0, "PPDIMAT": 0, "PEAMNO": 0, "PPDIMAS": 2.332038e-05, "PPCSCT": 2.722925e-01, "PPCOAC": 0, "PPCK": 0, "PDX5POi": 0, "PDIMAT": 6.273409e-03, "PDIMAS": 6.277809e-03, "SGDS": 0, "PDHcr_copy1": 0, "PDHcr_copy2": 0, "PPCDC": 0, "PPBNGS": 0, "PPAtr": -2.722925e-01, "SERt2r": 0, "PPA": 4.686860e-02, "SERD_L": 0, "PNTK": 0, "PNCDC": 0, "PDHbr": 0, "PDHa": 0, "PMPK": 0, "SERD_D": 0, "PMDPHT": 0, "PDH": 0, "PDE4": 0, "PDE1": 0, "PC8XM": 0, "SERAT": 9.168439e-04, "PC6YM": 0, "SELCYSLY": 0, "PC6AR": 0, "EX_mal__L_e": 0, "PC20M": 0, "SDPTA": -1.395178e-03, "PC17M": 0, "SDPDS": 1.395178e-03, "PC11M": 0, "MPML": 0, "MOTS": 0, "MOTH": 0, "PC": 0, "PATS": 2.016157e-05, "PAPSR": 9.168439e-04, "PAPPT3": 1.589074e-05, "SALCS": 4.673746e-05, "PAPPT2": 3.200388e-04, "SADT2": 0, "PAPPT1": 3.200388e-04, "MOHMT": 0, "PAPA160": 0, "SADT": 1.039506e-03, "PANTS": 0, "PACt2r": 0, "MNDNS2": 0, "MNDNS1": 0, "MN6PP": 1.532102e-03, "P5CRx": 2.224606e-03, "SADH": 0, "P5CR": 0, "P5CD": 0, "MMSAD3": 1.808232e-01, "RZ5PP": 0, "OXGDC2": 0, "RRPPDIMAS": 1.908178e-05, "RPPDIMAS": 1.908178e-05, "MTHFD": 0, "RPI": -1.276490e-02, "MTHFC": 0, "MTAN": 0, "RPE": -1.314190e-02, "MSHS": 0, "MSHOXH": 0, "RNTR4": 5.887308e-05, "MSHAMID": 0, "MMSAD2": 0, "RNDR4": 0, "MMSAD1": 0, "UDPGALM": 3.534319e-04, "UDPG4E": 1.247471e-03, "UDPDPS2": 0, "RNDR3": 1.073833e-04, "UDPDPS": 7.590808e-05, "UDCPDPS": 0, "MMM2": 3.391264e-01, "UDCPDP": 6.834951e-04, "RNDR2": 1.073189e-04, "UAPGR": 7.167270e-04, "UAMRH": 1.574569e-05, "MME": 3.391264e-01, "MMCD": 2.722925e-01, "UAMAS": 6.559683e-04, "MI4PP": 0, "RNDR1": 5.627835e-05, "MI3PP": 0, "UAMAGS": 6.559683e-04, "UAGPT3": 1.589074e-05, "UAGPT2": 3.200388e-04, "RIBabc": 0, "MI1PS": 2.619071e-04, "RBK_L1": 0, "MI1PP": 2.619071e-04, "MHPGLUT": 0, "UAGPT1": 3.200388e-04, "UAGDP": 1.400222e-03, "RBK_Dr": -3.769940e-04, "UAGCVT": 7.167270e-04, "UAAGLS2": 3.200388e-04, "MGt5": 0, "RBK": 0, "METabc": 0, "UAAGLS1": 3.200388e-04, "UAAGDS": 1.589074e-05, "TYRt2r": 0, "TYRTA": -5.117913e-04, "METSOXR2": 0, "METSOXR1": 0, "TTDCAt2": 0, "METS": 1.518345e-02, "RBFSb": 0, "METOX2s": 0, "METOX1s": 0, "TSULabc": 0, "TRPt2r": 0, "TRPTA": 0, "METAT": 1.462117e-02, "RBFSa": 0, "MEPCT": 8.349889e-04, "MEOHt2": 0, "TRPS3": 3.243257e-04, "TRPS2": 3.243257e-04, "IPPMIa": -3.299117e-03, "TRPS1": 0, "TRIATS": 0, "TREabc": 0, "MECDPS": 8.349889e-04, "MECDPDH": 8.349889e-04, "ME1": 3.674836e-01, "MDH": 0, "TRESULT": 1.226617e-04, "TRE6PS": 6.079093e-04, "TRE6PP": 5.032980e-04, "MDFDH": 0, "IPMD": 3.299117e-03, "MCOATA": 5.155021e-02, "MCD": 0, "TRDR": 1.246698e-03, "TPI": 9.718369e-01, "TMPPP": 0, "TMPK": 0, "TMN": 0, "TMHAS6": 0, "MCBTS3": 2.414232e-05, "MCBTS2": 0, "MCBTS": 2.259514e-05, "MANAT3": 2.053225e-05, "MANAT2": 8.554567e-05, "TMHAS5": 0, "MANAT1": 2.709161e-05, "TMHAS4": 1.767965e-05, "IPDPS": 8.349889e-04, "TMHAS3": 1.779247e-05, "TMHAS2": 1.772800e-05, "MAN6PI": -2.563920e-03, "MAN1PT2": 1.031818e-03, "MAN1PT": 0, "MALt2r": 0, "TMHAS1": 1.782470e-05, "IPDDI": 7.590808e-05, "TMDS": 5.887308e-05, "TMDPP": 0, "TMDK1": 0, "BIOMASS_Mtb_9_60atp": 1.611637e-02, "YUMPS": 0, "TKT2": -7.463650e-03, "XYLabc": 0, "INSK": 0, "TKT1": -5.678246e-03, "INSH": 3.500958e-04, "MALTabc": 0, "XYLK": 0, "MALTHPabc": 0, "INDPYRD": 0, "MALT": 0, "XPPT": 0, "VALt2r": -6.186327e-01, "VALTA": -6.219498e-01, "URIK2": 0, "URIDK2r": -5.887308e-05, "UMPK_copy1": 0, "UREA": 0, "MALS": 0, "L_LACt3": 0, "L_LACt2r": 0, "UPPRT": 0, "IMPD": 4.034087e-03, "UPPDC2": 0, "UPPDC1": 0, "UPP3S": 0, "UPP3MT": 0, "L_LACD3": 0, "L_LACD2": 0, "L_LACD": 0, "LYSt5r": 0, "LPLIPAL2E180": 0, "UMPK_copy2": 4.939183e-03, "UGMDDS2": 1.574569e-05, "LPLIPAL2E160": 0, "IMPC": -1.048492e-02, "LO": 0, "UGMDDS": 1.589074e-05, "LEUt2r": 0, "UGMAS": 1.574569e-05, "ILEt2r": 0, "UGMAGS": 1.574569e-05, "UGLDDS2": 3.200388e-04, "LEUTA": -3.299117e-03, "LDH_L": 0, "UGLDDS1": 3.200388e-04, "LCTSabc": 0, "ILETA": -1.413905e-03, "UGGPT3": 1.574569e-05, "LACZ": 0, "Kt3r": -999999, "Kabc": 0, "UGAGDS": 1.574569e-05, "UDPGD": 0, "KARA2": 1.413905e-03, "IGPS": 3.243257e-04, "KARA1": -6.252490e-01, "GLYCTO1": 0, "IGPDH": 6.545984e-04, "IGAMD": 0, "IG3PS": 6.545984e-04, "GLYCL": 0, "IPPS": 3.299117e-03, "ID3ACALDt": 0, "IPPMIb": -3.299117e-03, "GLYCK": 0, "ICL": 0, "GLYC3Pabc": 0, "GLYBabc": 0, "ICHORS": 0, "ICDHyr": 0, "GLXO1": 0, "IACGAMS": 0, "HXPRT": 0, "HSTPT": 6.545984e-04, "GLUt2r": 6.975530e-01, "EX_lys__L_e": 0, "HSST": 4.185968e-03, "EX_leu__L_e": 0, "GLUTRR": 0, "GLUSy": 0, "GLUR": -6.717140e-04, "HSK": 0, "GLUPRT": 9.830321e-03, "GLUDxi": 0, "HSERTA": 0, "GLUDC": 0, "GLUCYS": 0, "GLU5K": 2.224606e-03, "GLNSP3": 0, "EX_lcts_e": 0, "EX_lac__L_e": 0, "EX_k_e": 0, "EX_ile__L_e": 0, "GLNSP2": 0, "GLNSP1": 0, "HSDy": 9.999990e+05, "GLNS": 3.980631e-02, "GLGC": 0, "EX_id3acald_e": 0, "HSDxi": 999999, "EX_his__L_e": 0, "GLCabc": 0, "GLCS1": 0, "GLCP": 0, "HPPK2": 0, "EX_hdca_e": 0, "HPPK": 0, "EX_h_e": -1, "GK1": 1.073189e-04, "GHMT2r": 1.524233e-02, "EX_h2s_e": 0, "EX_h2o_e": 7.809384e-02, "GGLUCT2": 0, "HOPNTAL": 0, "GFUCS": 1.908178e-05, "GF6PTA": 5.109903e-03, "GCCc": 0, "EX_h2co3_e": 2.374397e+00, "EX_h2_e": 0, "GCCb": 0, "HMPK4": 0, "GCCa": 0, "GCC2": 0, "GARFT": 9.830321e-03, "GAPD": 9.376424e-01, "GALt2": 0, "EX_gthrd_e": 0, "EX_glyc_e": -1, "EX_glyc3p_e": 0, "EX_glyb_e": 0, "EX_gly_e": 0, "EX_glu__L_e": -6.975530e-01,