{"THDPS": 4.455084e-03, "NADTRHD_copy1": -999999, "TDPGDH": 1.594832e-04, "TDPDRR": 1.594832e-04, "TDPDRE": 1.594832e-04, "TDMS4": 5.681494e-05, "TDMS3": 1.130638e-04, "TDMS2": 1.133726e-04, "TDMS1": 1.703419e-04, "RBFK": 0, "TATSO": 5.851321e-05, "TATS": 6.052026e-05, "THZSN": 0, "R05224": 0, "TAS": 4.514318e-04, "R05219": 0, "TARTRt7": 0, "R05217": 0, "TARTD": 0, "QULNS": 0, "TALA": -1.749996e-02, "THZPSN": 0, "SULabc": 3.319351e-03, "QRr": 1.996787e+00, "SULR": 2.927668e-03, "PYRt2": 0, "CYANST_copy1": -999999, "SUCOAS": -9.999990e+05, "SUCD1": 0, "THRt2r": 0, "SUCCt2r": 0, "THRS": 0, "SUCBZS": 0, "THRD_L": -7.056272e-03, "PYRDC": 0, "PYK": 2.010184e+00, "PYDXO": 0, "PYDXNO": 0, "PYAM5PO": 0, "PUNP7": 0, "THMDP": 0, "THFGLUS": 0, "SUCBZL": 0, "PUNP6": 0, "PUNP5": -1.117927e-03, "PUNP4": 0, "PUNP3": 0, "PUNP2": 0, "PMANM": -3.294803e-03, "PUNP1": 1.117927e-03, "SSALy": 0, "PLIPA1E180": 0, "PTPATi": 0, "SSALx": 0, "PTAr": -9.999984e+05, "PLIPA1E160": 0, "PLCD": 0, "PSSA180": 0, "SPODM": 0, "PIt": -7.559254e-02, "PSSA160": 2.089905e-04, "SPMS": 0, "PSP_L": 4.912666e-02, "SOTA": 0, "PSERT": 4.912666e-02, "PIabc": 0, "SKMt2": 0, "PHYCBOXL": 0, "PHTO": 0, "PSD180": 0, "PSD160": 2.089905e-04, "PSCVT": 5.701153e-03, "PRPPS": 5.699722e-02, "PROt2r": 0, "PHTHS2": 7.446669e-05, "PHTHS": 1.404935e-05, "PHTHDLS2": 7.446669e-05, "SHSL4r": 1.157116e-02, "PHTHDLS": 1.404935e-05, "PHTHCLS": 0, "PROabc": 0, "PHTHCLR2": -999999, "PROD2": 0, "PHTHCLR1": 999999, "SHSL1": 1.795486e-03, "PRMICI": 2.090265e-03, "SHKK": 5.701153e-03, "PRFGS": 2.021603e-02, "PREPTTA": -1.404935e-05, "PHEt2r": 0, "PHETA1": -2.475464e-03, "SHK3Dr": 5.701153e-03, "PHDCAt": 0, "PREPTHS2": 7.446669e-05, "PREPTHS": 1.404935e-05, "PREPPACPH": 7.446669e-05, "PHDCATA": -3.320895e-04, "PREPHACPH": 0, "SHCHF3": 0, "PRDX": 0, "PGSA190": 2.989989e-04, "PRATPP": 2.090265e-03, "SHCHF2": 0, "PGSA160190": 9.185082e-04, "SHCHF": 0, "PGSA160": 3.338392e-04, "PRASCSi": 2.021603e-02, "PRAMPC": 2.090265e-03, "PGPPT3": 5.027917e-05, "PGPP190": 2.989989e-04, "PGPP160190": 9.185082e-04, "PGPP160": 3.338392e-04, "PRAIi": 1.035638e-03, "PRAIS": 2.021603e-02, "PRAGSr": 2.021603e-02, "PPTGS_TB2": 9.700740e-04, "PPTGS_TB1": 9.700740e-04, "PGMT": -6.084088e-03, "SHCHD3": 0, "PGM": -2.754912e+00, "PGLYCP": 0, "PGLS": 6.093197e-05, "PPTGS": 0, "PPPGO": 0, "PPNDH": 2.475464e-03, "PPND": 1.634253e-03, "PGL": 0, "PGK": -2.804039e+00, "PPNCL3": 0, "SHCHD2": 0, "PPNCL2": 0, "PGI": 9.827422e-01, "SHCHCS2": 0, "PGCD": 4.912666e-02, "PGAMT": -1.631695e-02, "PPNCL": 0, "PPK2": 0, "PFL": 1.043401e+00, "PFK": 9.175370e-01, "SHCHCS": 0, "PERD": 0, "G6PP": -9.916037e-01, "PEPCK_re": 9.999983e+05, "PPDK": 0, "SGSAD": 0, "PPDIMAT": 0, "PEAMNO": 0, "PPDIMAS": 7.446669e-05, "PPCSCT": 1.654936e-02, "PPCOAC": 0, "PPCK": -999999, "PDX5POi": 0, "PDIMAT": 0, "PDIMAS": 1.404935e-05, "SGDS": 0, "PDHcr_copy1": 0, "PDHcr_copy2": 0, "PPCDC": 0, "PPBNGS": 0, "PPAtr": -1.654936e-02, "SERt2r": 0, "PPA": 1.053848e-01, "SERD_L": 0, "PNTK": 0, "PNCDC": 0, "PDHbr": 0, "PDHa": 0, "PMPK": 0, "SERD_D": 0, "PMDPHT": 0, "PDH": 0, "PDE4": 0, "PDE1": 0, "PC8XM": 0, "SERAT": 2.927668e-03, "PC6YM": 0, "SELCYSLY": 0, "PC6AR": 0, "EX_mal__L_e": 0, "PC20M": 0, "SDPTA": -4.455084e-03, "PC17M": 0, "SDPDS": 4.455084e-03, "PC11M": 0, "MPML": 0, "MOTS": 0, "MOTH": 0, "PC": 0, "PATS": 6.437997e-05, "PAPSR": 2.927668e-03, "PAPPT3": 5.074233e-05, "SALCS": 1.492421e-04, "PAPPT2": 1.021948e-03, "SADT2": 0, "PAPPT1": 1.021948e-03, "MOHMT": 0, "PAPA160": 0, "SADT": 3.319351e-03, "PANTS": 0, "PACt2r": 0, "MNDNS2": 0, "MNDNS1": 0, "MN6PP": 4.892312e-03, "P5CRx": 0, "SADH": 0, "P5CR": 7.103617e-03, "P5CD": 0, "MMSAD3": 0, "RZ5PP": 0, "OXGDC2": 0, "RRPPDIMAS": 6.093197e-05, "RPPDIMAS": 6.093197e-05, "MTHFD": -9.999990e+05, "RPI": -3.949726e-02, "MTHFC": 3.120643e-02, "MTAN": 0, "RPE": -4.070108e-02, "MSHS": 0, "MSHOXH": 0, "RNTR4": 0, "MSHAMID": 0, "MMSAD2": 0, "RNDR4": 9.466687e-03, "MMSAD1": 0, "UDPGALM": 1.128579e-03, "UDPG4E": 3.983427e-03, "UDPDPS2": 0, "RNDR3": 3.428967e-04, "UDPDPS": 2.423898e-04, "UDCPDPS": 0, "MMM2": 2.964067e-02, "UDCPDP": 2.182538e-03, "RNDR2": 3.426908e-04, "UAPGR": 2.288654e-03, "UAMRH": 5.027917e-05, "MME": 2.964067e-02, "MMCD": 1.654936e-02, "UAMAS": 2.094639e-03, "MI4PP": 0, "RNDR1": 1.797081e-04, "MI3PP": 0, "UAMAGS": 2.094639e-03, "UAGPT3": 5.074233e-05, "UAGPT2": 1.021948e-03, "RIBabc": 0, "MI1PS": 8.363221e-04, "RBK_L1": 0, "MI1PP": 8.363221e-04, "MHPGLUT": 0, "UAGPT1": 1.021948e-03, "UAGDP": 4.471192e-03, "RBK_Dr": -1.203818e-03, "UAGCVT": 2.288654e-03, "UAAGLS2": 1.021948e-03, "MGt5": 0, "RBK": 0, "METabc": 0, "UAAGLS1": 1.021948e-03, "UAAGDS": 5.074233e-05, "TYRt2r": 0, "TYRTA": -1.634253e-03, "METSOXR2": 0, "METSOXR1": 0, "TTDCAt2": 0, "METS": 6.103232e-03, "RBFSb": 0, "METOX2s": 0, "METOX1s": 0, "TSULabc": 0, "TRPt2r": 0, "TRPTA": 0, "METAT": 4.307746e-03, "RBFSa": 0, "MEPCT": 2.666288e-03, "MEOHt2": 0, "TRPS3": 1.035638e-03, "TRPS2": 1.035638e-03, "IPPMIa": -1.053475e-02, "TRPS1": 0, "TRIATS": 0, "TREabc": 0, "MECDPS": 2.666288e-03, "MECDPDH": 2.666288e-03, "ME1": 0, "MDH": 0, "TRESULT": 3.916834e-04, "TRE6PS": 1.941177e-03, "TRE6PP": 1.607132e-03, "MDFDH": 0, "IPMD": 1.053475e-02, "MCOATA": 3.052023e-02, "MCD": 0, "TRDR": 1.325965e-02, "TPI": 1.911333e+00, "TMPPP": 0, "TMPK": 0, "TMN": 0, "TMHAS6": 0, "MCBTS3": 7.709129e-05, "MCBTS2": 0, "MCBTS": 7.215086e-05, "MANAT3": 6.556362e-05, "MANAT2": 2.731646e-04, "TMHAS5": 0, "MANAT1": 8.650898e-05, "TMHAS4": 5.645470e-05, "IPDPS": 0, "TMHAS3": 5.681494e-05, "TMHAS2": 5.660909e-05, "MAN6PI": -8.187115e-03, "MAN1PT2": 3.294803e-03, "MAN1PT": 0, "MALt2r": 0, "TMHAS1": 5.691787e-05, "IPDDI": -2.423898e-03, "TMDS": 1.879936e-04, "TMDPP": 0, "TMDK1": 0, "BIOMASS_Mtb_9_60atp": 5.146281e-02, "YUMPS": 0, "TKT2": -2.320112e-02, "XYLabc": 0, "INSK": 0, "TKT1": -1.749996e-02, "INSH": 1.117927e-03, "MALTabc": 0, "XYLK": 0, "MALTHPabc": 0, "INDPYRD": 0, "MALT": 0, "XPPT": 0, "VALt2r": -2.283212e-02, "VALTA": -3.342456e-02, "URIK2": 0, "URIDK2r": -1.879936e-04, "UMPK_copy1": 0, "UREA": 0, "MALS": 0, "L_LACt3": 0, "L_LACt2r": -8.432893e-01, "UPPRT": 0, "IMPD": 1.288166e-02, "UPPDC2": 0, "UPPDC1": 0, "UPP3S": 0, "UPP3MT": 0, "L_LACD3": 0, "L_LACD2": 0, "L_LACD": 0, "LYSt5r": 0, "LPLIPAL2E180": 0, "UMPK_copy2": 2.505050e-02, "UGMDDS2": 5.027917e-05, "LPLIPAL2E160": 0, "IMPC": -2.230630e-02, "LO": 0, "UGMDDS": 5.074233e-05, "LEUt2r": 0, "UGMAS": 5.027917e-05, "ILEt2r": 0, "UGMAGS": 5.027917e-05, "UGLDDS2": 1.021948e-03, "LEUTA": -1.053475e-02, "LDH_L": -8.432893e-01, "UGLDDS1": 1.021948e-03, "LCTSabc": 0, "ILETA": -4.514884e-03, "UGGPT3": 5.027917e-05, "LACZ": 0, "Kt3r": 999999, "Kabc": 0, "UGAGDS": 5.027917e-05, "UDPGD": 0, "KARA2": 4.514884e-03, "IGPS": 1.035638e-03, "KARA1": -4.395930e-02, "GLYCTO1": 0, "IGPDH": 2.090265e-03, "IGAMD": 0, "IG3PS": 2.090265e-03, "GLYCL": 0, "IPPS": 1.053475e-02, "ID3ACALDt": 0, "IPPMIb": -1.053475e-02, "GLYCK": 0, "ICL": 0, "GLYC3Pabc": 0, "GLYBabc": 0, "ICHORS": 0, "ICDHyr": 6.452875e-01, "GLXO1": 0, "IACGAMS": 0, "HXPRT": 0, "HSTPT": 2.090265e-03, "GLUt2r": -6.222189e-01, "EX_lys__L_e": 0, "HSST": 1.336664e-02, "EX_leu__L_e": 0, "GLUTRR": 0, "GLUSy": 0, "GLUR": -2.144918e-03, "HSK": 0, "GLUPRT": 2.021603e-02, "GLUDxi": -8.728159e-01, "HSERTA": 0, "GLUDC": 0, "GLUCYS": 0, "GLU5K": 7.103617e-03, "GLNSP3": 0, "EX_lcts_e": 0, "EX_lac__L_e": 8.432893e-01, "EX_k_e": 0, "EX_ile__L_e": 0, "GLNSP2": 0, "GLNSP1": 0, "HSDy": 9.999990e+05, "GLNS": 1.140399e-01, "GLGC": 0, "EX_id3acald_e": 0, "HSDxi": 999999, "EX_his__L_e": 0, "GLCabc": 1, "GLCS1": 0, "GLCP": 0, "HPPK2": 0, "EX_hdca_e": 0, "HPPK": 0, "EX_h_e": 2.492415e+00, "GK1": 3.426908e-04, "GHMT2r": 3.749766e-02, "EX_h2s_e": 0, "EX_h2o_e": 2.032170e+00, "GGLUCT2": 0, "HOPNTAL": 0, "GFUCS": 6.093197e-05, "GF6PTA": 1.631695e-02, "GCCc": 0, "EX_h2co3_e": 1.021008e+00, "EX_h2_e": 1.032085e+00, "GCCb": 0, "HMPK4": 0, "GCCa": 0, "GCC2": 0, "GARFT": 2.021603e-02, "GAPD": 2.804039e+00, "GALt2": 0, "EX_gthrd_e": 0, "EX_glyc_e": -1,