{"THDPS": 2.187002e-03, "NADTRHD_copy1": 9.999973e+05, "TDPGDH": 7.829036e-05, "TDPDRR": 7.829036e-05, "TDPDRE": 7.829036e-05, "TDMS4": 2.789047e-05, "TDMS3": 5.550304e-05, "TDMS2": 5.565462e-05, "TDMS1": 8.362087e-05, "RBFK": 0, "TATSO": 2.872415e-05, "TATS": 2.970941e-05, "THZSN": 0, "R05224": 0, "TAS": 2.216079e-04, "R05219": 0, "TARTRt7": 0, "R05217": 0, "TARTD": 0, "QULNS": 0, "TALA": 0, "THZPSN": 0, "SULabc": 1.629470e-03, "QRr": -9.999973e+05, "SULR": 1.437193e-03, "PYRt2": 0, "CYANST_copy1": -999999, "SUCOAS": 1.510196e-02, "SUCD1": 0, "THRt2r": 0, "SUCCt2r": 0, "THRS": 0, "SUCBZS": 0, "THRD_L": -3.463925e-03, "PYRDC": 0, "PYK": 9.597408e-01, "PYDXO": 0, "PYDXNO": 0, "PYAM5PO": 0, "PUNP7": 0, "THMDP": 0, "THFGLUS": 0, "SUCBZL": 0, "PUNP6": 0, "PUNP5": -5.487904e-04, "PUNP4": 0, "PUNP3": 0, "PUNP2": 0, "PMANM": -1.617420e-03, "PUNP1": 5.487904e-04, "SSALy": 2.951803e-01, "PLIPA1E180": 0, "PTPATi": 0, "SSALx": 0, "PTAr": -1.437193e-03, "PLIPA1E160": 0, "PLCD": 0, "PSSA180": 0, "SPODM": 0, "PIt": -2.799857e-02, "PSSA160": 1.025935e-04, "SPMS": 0, "PSP_L": 2.689377e-02, "SOTA": 0, "PSERT": 2.689377e-02, "PIabc": 0, "SKMt2": 0, "PHYCBOXL": 0, "PHTO": 0, "PSD180": 0, "PSD160": 1.025935e-04, "PSCVT": 2.798697e-03, "PRPPS": 2.342504e-02, "PROt2r": 0, "PHTHS2": 3.655571e-05, "PHTHS": 6.896827e-06, "PHTHDLS2": 3.655571e-05, "SHSL4r": 5.680283e-03, "PHTHDLS": 6.896827e-06, "PHTHCLS": 0, "PROabc": 0, "PHTHCLR2": -999999, "PROD2": 0, "PHTHCLR1": 999999, "SHSL1": 8.814044e-04, "PRMICI": 1.026111e-03, "SHKK": 2.798697e-03, "PRFGS": 9.924055e-03, "PREPTTA": -6.896827e-06, "PHEt2r": 0, "PHETA1": -1.215206e-03, "SHK3Dr": 2.798697e-03, "PHDCAt": 0, "PREPTHS2": 3.655571e-05, "PREPTHS": 6.896827e-06, "PREPPACPH": 3.655571e-05, "PHDCATA": -1.630228e-04, "PREPHACPH": 0, "SHCHF3": 0, "PRDX": 0, "PGSA190": 1.467786e-04, "PRATPP": 1.026111e-03, "SHCHF2": 0, "PGSA160190": 4.508959e-04, "SHCHF": 0, "PGSA160": 1.638818e-04, "PRASCSi": 9.924055e-03, "PRAMPC": 1.026111e-03, "PGPPT3": 2.468205e-05, "PGPP190": 1.467786e-04, "PGPP160190": 4.508959e-04, "PGPP160": 1.638818e-04, "PRAIi": 5.083947e-04, "PRAIS": 9.924055e-03, "PRAGSr": 9.924055e-03, "PPTGS_TB2": 4.762095e-04, "PPTGS_TB1": 4.762095e-04, "PGMT": -2.986680e-03, "SHCHD3": 0, "PGM": -9.664617e-01, "PGLYCP": 0, "PGLS": 2.991151e-05, "PPTGS": 0, "PPPGO": 0, "PPNDH": 1.215206e-03, "PPND": 8.022551e-04, "PGL": 2.121729e-02, "PGK": -9.933554e-01, "PPNCL3": 0, "SHCHD2": 0, "PPNCL2": 0, "PGI": 1.482775e-02, "SHCHCS2": 0, "PGCD": 2.689377e-02, "PGAMT": -8.009995e-03, "PPNCL": 0, "PPK2": 0, "PFL": 0, "PFK": 0, "SHCHCS": 0, "PERD": 0, "G6PP": -4.039520e-02, "PEPCK_re": 0, "PPDK": 0, "SGSAD": 0, "PPDIMAT": 0, "PEAMNO": 0, "PPDIMAS": 3.655571e-05, "PPCSCT": 0, "PPCOAC": 0, "PPCK": 0, "PDX5POi": 0, "PDIMAT": 0, "PDIMAS": 6.896827e-06, "SGDS": 0, "PDHcr_copy1": -9.999988e+05, "PDHcr_copy2": 999999, "PPCDC": 0, "PPBNGS": 0, "PPAtr": 0, "SERt2r": 0, "PPA": 4.717852e-02, "SERD_L": 0, "PNTK": 0, "PNCDC": 0, "PDHbr": 1.954338e-01, "PDHa": 1.954338e-01, "PMPK": 0, "SERD_D": 0, "PMDPHT": 0, "PDH": 0, "PDE4": 0, "PDE1": 0, "PC8XM": 0, "SERAT": 1.437193e-03, "PC6YM": 0, "SELCYSLY": 0, "PC6AR": 0, "EX_mal__L_e": 0, "PC20M": 0, "SDPTA": -2.187002e-03, "PC17M": 0, "SDPDS": 2.187002e-03, "PC11M": 0, "MPML": 0, "MOTS": 0, "MOTH": 0, "PC": 0, "PATS": 3.160414e-05, "PAPSR": 1.437193e-03, "PAPPT3": 2.490942e-05, "SALCS": 7.326300e-05, "PAPPT2": 5.016747e-04, "SADT2": 0, "PAPPT1": 5.016747e-04, "MOHMT": 0, "PAPA160": 0, "SADT": 1.629470e-03, "PANTS": 0, "PACt2r": 0, "MNDNS2": 0, "MNDNS1": 0, "MN6PP": 2.401637e-03, "P5CRx": 3.487167e-03, "SADH": 0, "P5CR": 0, "P5CD": 0, "MMSAD3": 0, "RZ5PP": 0, "OXGDC2": 0, "RRPPDIMAS": 2.991151e-05, "RPPDIMAS": 2.991151e-05, "MTHFD": -9.999990e+05, "RPI": -2.342504e-02, "MTHFC": 2.087422e-02, "MTAN": 0, "RPE": -2.798697e-03, "MSHS": 0, "MSHOXH": 0, "RNTR4": 9.228612e-05, "MSHAMID": 0, "MMSAD2": 0, "RNDR4": 0, "MMSAD1": 0, "UDPGALM": 5.540199e-04, "UDPG4E": 1.955465e-03, "UDPDPS2": 0, "RNDR3": 1.683281e-04, "UDPDPS": 1.189892e-04, "UDCPDPS": 0, "MMM2": 6.426529e-03, "UDCPDP": 1.071408e-03, "RNDR2": 1.682270e-04, "UAPGR": 1.123501e-03, "UAMRH": 2.468205e-05, "MME": 6.426529e-03, "MMCD": 0, "UAMAS": 1.028259e-03, "MI4PP": 0, "RNDR1": 8.821876e-05, "MI3PP": 0, "UAMAGS": 1.028259e-03, "UAGPT3": 2.490942e-05, "UAGPT2": 5.016747e-04, "RIBabc": 0, "MI1PS": 4.105507e-04, "RBK_L1": 0, "MI1PP": 4.105507e-04, "MHPGLUT": 0, "UAGPT1": 5.016747e-04, "UAGDP": 2.194909e-03, "RBK_Dr": -5.909545e-04, "UAGCVT": 1.123501e-03, "UAAGLS2": 5.016747e-04, "MGt5": 0, "RBK": 0, "METabc": 0, "UAAGLS1": 5.016747e-04, "UAAGDS": 2.490942e-05, "TYRt2r": 0, "TYRTA": -8.022551e-04, "METSOXR2": 0, "METSOXR1": 0, "TTDCAt2": 0, "METS": 2.996078e-03, "RBFSb": 0, "METOX2s": 0, "METOX1s": 0, "TSULabc": 0, "TRPt2r": 0, "TRPTA": 0, "METAT": 2.114673e-03, "RBFSa": 0, "MEPCT": 1.308881e-03, "MEOHt2": 0, "TRPS3": 5.083947e-04, "TRPS2": 5.083947e-04, "IPPMIa": -5.171509e-03, "TRPS1": 0, "TRIATS": 0, "TREabc": 0, "MECDPS": 1.308881e-03, "MECDPDH": 1.308881e-03, "ME1": 0, "MDH": 3.033044e-01, "TRESULT": 1.922775e-04, "TRE6PS": 9.529243e-04, "TRE6PP": 7.889415e-04, "MDFDH": 0, "IPMD": 5.171509e-03, "MCOATA": 1.498238e-02, "MCD": 0, "TRDR": 1.954253e-03, "TPI": 9.969546e-01, "TMPPP": 0, "TMPK": 0, "TMN": 0, "TMHAS6": 0, "MCBTS3": 3.784413e-05, "MCBTS2": 0, "MCBTS": 3.541887e-05, "MANAT3": 3.218519e-05, "MANAT2": 0, "TMHAS5": 0, "MANAT1": 1.765638e-04, "TMHAS4": 2.771362e-05, "IPDPS": 0, "TMHAS3": 2.789047e-05, "TMHAS2": 2.778941e-05, "MAN6PI": -4.019057e-03, "MAN1PT2": 1.617420e-03, "MAN1PT": 0, "MALt2r": 0, "TMHAS1": 2.794099e-05, "IPDDI": -1.189892e-03, "TMDS": 9.228612e-05, "TMDPP": 0, "TMDK1": 0, "BIOMASS_Mtb_9_60atp": 2.526310e-02, "YUMPS": 0, "TKT2": -2.798697e-03, "XYLabc": 0, "INSK": 0, "TKT1": 0, "INSH": 5.487904e-04, "MALTabc": 0, "XYLK": 0, "MALTHPabc": 0, "INDPYRD": 0, "MALT": 0, "XPPT": 0, "VALt2r": 0, "VALTA": -5.199829e-03, "URIK2": 0, "URIDK2r": -9.228612e-05, "UMPK_copy1": 999999, "UREA": 0, "MALS": 0, "L_LACt3": 0, "L_LACt2r": -7.261001e-01, "UPPRT": 0, "IMPD": 6.323608e-03, "UPPDC2": 0, "UPPDC1": 0, "UPP3S": 0, "UPP3MT": 0, "L_LACD3": 0, "L_LACD2": 0, "L_LACD": 0, "LYSt5r": 0, "LPLIPAL2E180": 0, "UMPK_copy2": -9.999990e+05, "UGMDDS2": 2.468205e-05, "LPLIPAL2E160": 0, "IMPC": -1.095017e-02, "LO": 0, "UGMDDS": 2.490942e-05, "LEUt2r": 0, "UGMAS": 2.468205e-05, "ILEt2r": 0, "UGMAGS": 2.468205e-05, "UGLDDS2": 5.016747e-04, "LEUTA": -5.171509e-03, "LDH_L": -7.261001e-01, "UGLDDS1": 5.016747e-04, "LCTSabc": 0, "ILETA": -2.216357e-03, "UGGPT3": 2.468205e-05, "LACZ": 0, "Kt3r": 999999, "Kabc": 0, "UGAGDS": 2.468205e-05, "UDPGD": 0, "KARA2": 2.216357e-03, "IGPS": 5.083947e-04, "KARA1": -1.037134e-02, "GLYCTO1": 0, "IGPDH": 1.026111e-03, "IGAMD": 0, "IG3PS": 1.026111e-03, "GLYCL": 0, "IPPS": 5.171509e-03, "ID3ACALDt": 0, "IPPMIb": -5.171509e-03, "GLYCK": 0, "ICL": 0, "GLYC3Pabc": 0, "GLYBabc": 0, "ICHORS": 0, "ICDHyr": 0, "GLXO1": 0, "IACGAMS": 0, "HXPRT": 0, "HSTPT": 1.026111e-03, "GLUt2r": 3.065046e-01, "EX_lys__L_e": 0, "HSST": 6.561687e-03, "EX_leu__L_e": 0, "GLUTRR": 0, "GLUSy": 0, "GLUR": -1.052941e-03, "HSK": 0, "GLUPRT": 9.924055e-03, "GLUDxi": -6.929277e-02, "HSERTA": 0, "GLUDC": 0, "GLUCYS": 0, "GLU5K": 3.487167e-03, "GLNSP3": 0, "EX_lcts_e": 0, "EX_lac__L_e": 7.261001e-01, "EX_k_e": 0, "EX_ile__L_e": 0, "GLNSP2": 0, "GLNSP1": 0, "HSDy": 9.999990e+05, "GLNS": 5.142732e-02, "GLGC": 0, "EX_id3acald_e": 0, "HSDxi": 999999, "EX_his__L_e": 0, "GLCabc": 4.451692e-02, "GLCS1": 0, "GLCP": 0, "HPPK2": 0, "EX_hdca_e": 0, "HPPK": 0, "EX_h_e": 5.536300e-01, "GK1": 1.682270e-04, "GHMT2r": 2.118510e-02, "EX_h2s_e": 0, "EX_h2o_e": 1.007556e+00, "GGLUCT2": 0, "HOPNTAL": 0, "GFUCS": 2.991151e-05, "GF6PTA": 8.009995e-03, "GCCc": 2.777489e-03, "EX_h2co3_e": 7.976980e-01, "EX_h2_e": 0, "GCCb": 2.777489e-03, "HMPK4": 0, "GCCa": 2.777489e-03, "GCC2": 0, "GARFT": 9.924055e-03, "GAPD": 9.933554e-01, "GALt2": 0, "EX_gthrd_e": 0, "EX_glyc_e": -1, "EX_glyc3p_e": 0,