{"THDPS": 2.615472e-03, "NADTRHD_copy1": 999999, "TDPGDH": 9.362876e-05, "TDPDRR": 9.362876e-05, "TDPDRE": 9.362876e-05, "TDMS4": 3.335468e-05, "TDMS3": 6.637702e-05, "TDMS2": 6.655830e-05, "TDMS1": 1.000036e-04, "RBFK": 0, "TATSO": 3.435170e-05, "TATS": 3.552999e-05, "THZSN": 0, "R05224": 0, "TAS": 2.650247e-04, "R05219": 0, "TARTRt7": 0, "R05217": 0, "TARTD": 0, "QULNS": 0, "TALA": -8.458040e-03, "THZPSN": 0, "SULabc": 1.948711e-03, "QRr": -1.359005e+00, "SULR": 1.718763e-03, "PYRt2": 0, "CYANST_copy1": -999999, "SUCOAS": 2.012661e-01, "SUCD1": 0, "THRt2r": 0, "SUCCt2r": 0, "THRS": 0, "SUCBZS": 0, "THRD_L": -4.142567e-03, "PYRDC": 0, "PYK": 2.857156e+00, "PYDXO": 0, "PYDXNO": 0, "PYAM5PO": 0, "PUNP7": 0, "THMDP": 0, "THFGLUS": 0, "SUCBZL": 0, "PUNP6": 0, "PUNP5": -6.563077e-04, "PUNP4": 0, "PUNP3": 0, "PUNP2": 0, "PMANM": -1.934300e-03, "PUNP1": 6.563077e-04, "SSALy": 9.864570e-01, "PLIPA1E180": 0, "PTPATi": 0, "SSALx": 0, "PTAr": -4.216738e-01, "PLIPA1E160": 0, "PLCD": 0, "PSSA180": 0, "SPODM": 0, "PIt": -3.348396e-02, "PSSA160": 1.226933e-04, "SPMS": 0, "PSP_L": 2.884107e-02, "SOTA": 0, "PSERT": 2.884107e-02, "PIabc": 0, "SKMt2": 0, "PHYCBOXL": 0, "PHTO": 0, "PSD180": 0, "PSD160": 1.226933e-04, "PSCVT": 3.347009e-03, "PRPPS": 2.801440e-02, "PROt2r": 0, "PHTHS2": 4.371759e-05, "PHTHS": 1.832879e-02, "PHTHDLS2": 4.371759e-05, "SHSL4r": 6.793146e-03, "PHTHDLS": 1.832879e-02, "PHTHCLS": 0, "PROabc": 0, "PHTHCLR2": -999999, "PROD2": 5.447297e-03, "PHTHCLR1": 999999, "SHSL1": 1.054086e-03, "PRMICI": 1.227144e-03, "SHKK": 3.347009e-03, "PRFGS": 1.186834e-02, "PREPTTA": -1.832879e-02, "PHEt2r": 0, "PHETA1": -1.453285e-03, "SHK3Dr": 3.347009e-03, "PHDCAt": 0, "PREPTHS2": 4.371759e-05, "PREPTHS": 1.832879e-02, "PREPPACPH": 4.371759e-05, "PHDCATA": -1.949617e-04, "PREPHACPH": 0, "SHCHF3": 0, "PRDX": 0, "PGSA190": 1.755350e-04, "PRATPP": 1.227144e-03, "SHCHF2": 0, "PGSA160190": 5.392340e-04, "SHCHF": 0, "PGSA160": 1.959890e-04, "PRASCSi": 1.186834e-02, "PRAMPC": 1.227144e-03, "PGPPT3": 2.951768e-05, "PGPP190": 1.755350e-04, "PGPP160190": 5.392340e-04, "PGPP160": 1.959890e-04, "PRAIi": 6.079978e-04, "PRAIS": 1.186834e-02, "PRAGSr": 1.186834e-02, "PPTGS_TB2": 5.695070e-04, "PPTGS_TB1": 5.695070e-04, "PGMT": -3.571821e-03, "SHCHD3": 0, "PGM": -2.865194e+00, "PGLYCP": 0, "PGLS": 3.577169e-05, "PPTGS": 0, "PPPGO": 0, "PPNDH": 1.453285e-03, "PPND": 9.594305e-04, "PGL": 0, "PGK": -2.894035e+00, "PPNCL3": 0, "SHCHD2": 0, "PPNCL2": 0, "PGI": 9.898683e-01, "SHCHCS2": 0, "PGCD": 2.884107e-02, "PGAMT": -9.579289e-03, "PPNCL": 0, "PPK2": 0, "PFL": 2.496383e-02, "PFK": 9.552195e-01, "SHCHCS": 0, "PERD": 0, "G6PP": -9.950708e-01, "PEPCK_re": 0, "PPDK": 0, "SGSAD": 0, "PPDIMAT": 0, "PEAMNO": 0, "PPDIMAS": 4.371759e-05, "PPCSCT": 8.129673e-01, "PPCOAC": 0, "PPCK": 0, "PDX5POi": 0, "PDIMAT": 1.832054e-02, "PDIMAS": 1.832879e-02, "SGDS": 0, "PDHcr_copy1": 0, "PDHcr_copy2": 0, "PPCDC": 0, "PPBNGS": 0, "PPAtr": -8.129673e-01, "SERt2r": 0, "PPA": 7.474213e-02, "SERD_L": 0, "PNTK": 0, "PNCDC": 0, "PDHbr": 0, "PDHa": 0, "PMPK": 0, "SERD_D": 0, "PMDPHT": 0, "PDH": 0, "PDE4": 0, "PDE1": 0, "PC8XM": 0, "SERAT": 1.718763e-03, "PC6YM": 0, "SELCYSLY": 0, "PC6AR": 0, "EX_mal__L_e": 0, "PC20M": 0, "SDPTA": -2.615472e-03, "PC17M": 0, "SDPDS": 2.615472e-03, "PC11M": 0, "MPML": 0, "MOTS": 0, "MOTH": 0, "PC": 0, "PATS": 3.779593e-05, "PAPSR": 1.718763e-03, "PAPPT3": 2.978960e-05, "SALCS": 8.761646e-05, "PAPPT2": 5.999613e-04, "SADT2": 0, "PAPPT1": 5.999613e-04, "MOHMT": 0, "PAPA160": 0, "SADT": 1.948711e-03, "PANTS": 0, "PACt2r": 0, "MNDNS2": 0, "MNDNS1": 0, "MN6PP": 2.872158e-03, "P5CRx": 0, "SADH": 0, "P5CR": 9.617659e-03, "P5CD": 0, "MMSAD3": 3.750611e-01, "RZ5PP": 0, "OXGDC2": 0, "RRPPDIMAS": 3.577169e-05, "RPPDIMAS": 3.577169e-05, "MTHFD": 0, "RPI": -1.955636e-02, "MTHFC": 0, "MTAN": 0, "RPE": -2.026309e-02, "MSHS": 0, "MSHOXH": 0, "RNTR4": 1.103665e-04, "MSHAMID": 0, "MMSAD2": 0, "RNDR4": 0, "MMSAD1": 0, "UDPGALM": 6.625617e-04, "UDPG4E": 2.338574e-03, "UDPDPS2": 0, "RNDR3": 2.013064e-04, "UDPDPS": 0, "UDCPDPS": 1.423012e-04, "MMM2": 1.003858e+00, "UDCPDP": 1.281315e-03, "RNDR2": 2.011855e-04, "UAPGR": 1.343614e-03, "UAMRH": 2.951768e-05, "MME": 1.003858e+00, "MMCD": 8.129673e-01, "UAMAS": 1.229712e-03, "MI4PP": 0, "RNDR1": 1.055023e-04, "MI3PP": 0, "UAMAGS": 1.229712e-03, "UAGPT3": 2.978960e-05, "UAGPT2": 5.999613e-04, "RIBabc": 0, "MI1PS": 4.909845e-04, "RBK_L1": 0, "MI1PP": 4.909845e-04, "MHPGLUT": 0, "UAGPT1": 5.999613e-04, "UAGDP": 2.624929e-03, "RBK_Dr": -7.067325e-04, "UAGCVT": 1.343614e-03, "UAAGLS2": 5.999613e-04, "MGt5": 0, "RBK": 0, "METabc": 0, "UAAGLS1": 5.999613e-04, "UAAGDS": 2.978960e-05, "TYRt2r": 0, "TYRTA": -9.594305e-04, "METSOXR2": 0, "METSOXR1": 0, "TTDCAt2": 0, "METS": 2.190360e-02, "RBFSb": 0, "METOX2s": 0, "METOX1s": 0, "TSULabc": 0, "TRPt2r": 0, "TRPTA": 0, "METAT": 2.084952e-02, "RBFSa": 0, "MEPCT": 1.565313e-03, "MEOHt2": 0, "TRPS3": 0, "TRPS2": 0, "IPPMIa": -6.184695e-03, "TRPS1": 6.079978e-04, "TRIATS": 0, "TREabc": 0, "MECDPS": 1.565313e-03, "MECDPDH": 1.565313e-03, "ME1": 0, "MDH": 0, "TRESULT": 2.299479e-04, "TRE6PS": 1.139618e-03, "TRE6PP": 9.435084e-04, "MDFDH": 0, "IPMD": 6.184695e-03, "MCOATA": 1.791769e-02, "MCD": 0, "TRDR": 2.337124e-03, "TPI": 1.951577e+00, "TMPPP": 0, "TMPK": 0, "TMN": 0, "TMHAS6": 0, "MCBTS3": 4.525843e-05, "MCBTS2": 0, "MCBTS": 4.235803e-05, "MANAT3": 3.849082e-05, "MANAT2": 0, "TMHAS5": 0, "MANAT1": 2.111557e-04, "TMHAS4": 3.314319e-05, "IPDPS": 0, "TMHAS3": 3.335468e-05, "TMHAS2": 3.323383e-05, "MAN6PI": -4.806458e-03, "MAN1PT2": 1.934300e-03, "MAN1PT": 0, "MALt2r": 0, "TMHAS1": 3.341511e-05, "IPDDI": -1.423012e-03, "TMDS": 1.103665e-04, "TMDPP": 0, "TMDK1": 0, "BIOMASS_Mtb_9_60atp": 3.021257e-02, "YUMPS": 0, "TKT2": -1.180505e-02, "XYLabc": 0, "INSK": 0, "TKT1": -8.458040e-03, "INSH": 6.563077e-04, "MALTabc": 0, "XYLK": 0, "MALTHPabc": 0, "INDPYRD": 0, "MALT": 0, "XPPT": 0, "VALt2r": -3.871151e-01, "VALTA": -3.933337e-01, "URIK2": 0, "URIDK2r": -1.103665e-04, "UMPK_copy1": 999999, "UREA": 0, "MALS": 0, "L_LACt3": 0, "L_LACt2r": 0, "UPPRT": 0, "IMPD": 7.562509e-03, "UPPDC2": 0, "UPPDC1": 0, "UPP3S": 0, "UPP3MT": 0, "L_LACD3": 0, "L_LACD2": 0, "L_LACD": 0, "LYSt5r": 0, "LPLIPAL2E180": 0, "UMPK_copy2": -9.999990e+05, "UGMDDS2": 2.951768e-05, "LPLIPAL2E160": 0, "IMPC": -1.309549e-02, "LO": 0, "UGMDDS": 2.978960e-05, "LEUt2r": 0, "UGMAS": 2.951768e-05, "ILEt2r": 0, "UGMAGS": 2.951768e-05, "UGLDDS2": 5.999613e-04, "LEUTA": -6.184695e-03, "LDH_L": 0, "UGLDDS1": 5.999613e-04, "LCTSabc": 0, "ILETA": -2.650579e-03, "UGGPT3": 2.951768e-05, "LACZ": 0, "Kt3r": 999999, "Kabc": 0, "UGAGDS": 2.951768e-05, "UDPGD": 0, "KARA2": 2.650579e-03, "IGPS": 6.079978e-04, "KARA1": -3.995184e-01, "GLYCTO1": 0, "IGPDH": 1.227144e-03, "IGAMD": 0, "IG3PS": 1.227144e-03, "GLYCL": 0, "IPPS": 6.184695e-03, "ID3ACALDt": 0, "IPPMIb": -6.184695e-03, "GLYCK": 0, "ICL": 0, "GLYC3Pabc": 0, "GLYBabc": 0, "ICHORS": 0, "ICDHyr": 0, "GLXO1": 0, "IACGAMS": 0, "HXPRT": 0, "HSTPT": 1.227144e-03, "GLUt2r": 1, "EX_lys__L_e": 0, "HSST": 7.847232e-03, "EX_leu__L_e": 0, "GLUTRR": 0, "GLUSy": 0, "GLUR": -1.259230e-03, "HSK": 0, "GLUPRT": 1.186834e-02, "GLUDxi": -9.307806e-01, "HSERTA": 0, "GLUDC": 9.864570e-01, "GLUCYS": 0, "GLU5K": 0, "GLNSP3": 0, "EX_lcts_e": 0, "EX_lac__L_e": 0, "EX_k_e": 0, "EX_ile__L_e": 0, "GLNSP2": 0, "GLNSP1": 0, "HSDy": 9.999990e+05, "GLNS": 6.150280e-02, "GLGC": 0, "EX_id3acald_e": 0, "HSDxi": 999999, "EX_his__L_e": 0, "GLCabc": 1, "GLCS1": 0, "GLCP": 0, "HPPK2": 0, "EX_hdca_e": 0, "HPPK": 0, "EX_h_e": 1.615023e-01, "GK1": 2.011855e-04, "GHMT2r": 2.201397e-02, "EX_h2s_e": 0, "EX_h2o_e": 999999, "GGLUCT2": 0, "HOPNTAL": 0, "GFUCS": 3.577169e-05, "GF6PTA": 9.579289e-03, "GCCc": 0, "EX_h2co3_e": -9.999949e+05, "EX_h2_e": 0, "GCCb": 0, "HMPK4": 0, "GCCa": 0, "GCC2": 0, "GARFT": 1.186834e-02, "GAPD": 2.894035e+00, "GALt2": 0, "EX_gthrd_e": 0, "EX_glyc_e": -1, "EX_glyc3p_e": 0, "EX_glyb_e": 0, "EX_gly_e": 0, "EX_glu__L_e": -1, "GALUi": 3.478192e-03,