{"THDPS": 2.726403e-03, "NADTRHD_copy1": 999999, "TDPGDH": 9.759988e-05, "TDPDRR": 9.759988e-05, "TDPDRE": 9.759988e-05, "TDMS4": 3.476937e-05, "TDMS3": 6.919230e-05, "TDMS2": 6.938127e-05, "TDMS1": 1.042451e-04, "RBFK": 0, "TATSO": 3.580867e-05, "TATS": 3.703694e-05, "THZSN": 0, "R05224": 0, "TAS": 2.762653e-04, "R05219": 0, "TARTRt7": 0, "R05217": 0, "TARTD": 0, "QULNS": 0, "TALA": -1.795416e-02, "THZPSN": 0, "SULabc": 2.031363e-03, "QRr": 1.998034e+00, "SULR": 1.791662e-03, "PYRt2": 0, "CYANST_copy1": 0, "SUCOAS": 2.876360e-01, "SUCD1": 0, "THRt2r": 0, "SUCCt2r": 0, "THRS": 0, "SUCBZS": 0, "THRD_L": -4.318267e-03, "PYRDC": 0, "PYK": 2.407623e+00, "PYDXO": 0, "PYDXNO": 0, "PYAM5PO": 0, "PUNP7": 0, "THMDP": 0, "THFGLUS": 0, "SUCBZL": 0, "PUNP6": 0, "PUNP5": 0, "PUNP4": 0, "PUNP3": 0, "PUNP2": 0, "PMANM": -2.016340e-03, "PUNP1": 0, "SSALy": 0, "PLIPA1E180": 0, "PTPATi": 0, "SSALx": 1.090327e+00, "PTAr": 1.026523e-01, "PLIPA1E160": 0, "PLCD": 0, "PSSA180": 0, "SPODM": 0, "PIt": -8.972843e-02, "PSSA160": 1.278971e-04, "SPMS": 0, "PSP_L": 3.006432e-02, "SOTA": 0, "PSERT": 3.006432e-02, "PIabc": 0, "SKMt2": 0, "PHYCBOXL": 0, "PHTO": 0, "PSD180": 0, "PSD160": 1.278971e-04, "PSCVT": 3.488967e-03, "PRPPS": 5.661473e-02, "PROt2r": 0, "PHTHS2": 4.557181e-05, "PHTHS": 1.910618e-02, "PHTHDLS2": 4.557181e-05, "SHSL4r": -9.999989e+05, "PHTHDLS": 1.910618e-02, "PHTHCLS": 0, "PROabc": 0, "PHTHCLR2": 999999, "PROD2": 0, "PHTHCLR1": -999999, "SHSL1": 999999, "PRMICI": 1.279191e-03, "SHKK": 3.488967e-03, "PRFGS": 1.237172e-02, "PREPTTA": -1.910618e-02, "PHEt2r": 0, "PHETA1": -1.514924e-03, "SHK3Dr": 3.488967e-03, "PHDCAt": 0, "PREPTHS2": 4.557181e-05, "PREPTHS": 1.910618e-02, "PREPPACPH": 4.557181e-05, "PHDCATA": -2.032307e-04, "PREPHACPH": 0, "SHCHF3": 0, "PRDX": 0, "PGSA190": 1.829801e-04, "PRATPP": 1.279191e-03, "SHCHF2": 0, "PGSA160190": 5.621048e-04, "SHCHF": 0, "PGSA160": 2.043015e-04, "PRASCSi": 1.237172e-02, "PRAMPC": 1.279191e-03, "PGPPT3": 3.076963e-05, "PGPP190": 1.829801e-04, "PGPP160190": 5.621048e-04, "PGPP160": 2.043015e-04, "PRAIi": 6.337851e-04, "PRAIS": 1.237172e-02, "PRAGSr": 1.237172e-02, "PPTGS_TB2": 5.936618e-04, "PPTGS_TB1": 5.936618e-04, "PGMT": -3.113546e-02, "SHCHD3": 0, "PGM": -2.694223e+00, "PGLYCP": 0, "PGLS": 3.728889e-05, "PPTGS": 0, "PPPGO": 0, "PPNDH": 1.514924e-03, "PPND": 1.000123e-03, "PGL": 0, "PGK": -2.724287e+00, "PPNCL3": 0, "SHCHD2": 0, "PPNCL2": 0, "PGI": 9.620265e-01, "SHCHCS2": 0, "PGCD": 3.006432e-02, "PGAMT": -9.985580e-03, "PPNCL": 0, "PPK2": 0, "PFL": 9.592020e-01, "PFK": 9.076333e-01, "SHCHCS": 0, "PERD": 0, "G6PP": -9.948617e-01, "PEPCK_re": 9.999987e+05, "PPDK": 0, "SGSAD": 0, "PPDIMAT": 0, "PEAMNO": 0, "PPDIMAS": 4.557181e-05, "PPCSCT": 9.312124e-01, "PPCOAC": 0, "PPCK": -999999, "PDX5POi": 0, "PDIMAT": 1.909758e-02, "PDIMAS": 1.910618e-02, "SGDS": 0, "PDHcr_copy1": 0, "PDHcr_copy2": 0, "PPCDC": 0, "PPBNGS": 0, "PPAtr": -9.312124e-01, "SERt2r": 0, "PPA": 1.376290e-01, "SERD_L": 0, "PNTK": 0, "PNCDC": 0, "PDHbr": 0, "PDHa": 0, "PMPK": 0, "SERD_D": 0, "PMDPHT": 0, "PDH": 0, "PDE4": 0, "PDE1": 0, "PC8XM": 0, "SERAT": 1.791662e-03, "PC6YM": 0, "SELCYSLY": 0, "PC6AR": 0, "EX_mal__L_e": 0, "PC20M": 0, "SDPTA": -2.726403e-03, "PC17M": 0, "SDPDS": 2.726403e-03, "PC11M": 0, "MPML": 0, "MOTS": 0, "MOTH": 0, "PC": 0, "PATS": 3.939898e-05, "PAPSR": 1.791662e-03, "PAPPT3": 3.105308e-05, "SALCS": 9.133258e-05, "PAPPT2": 6.254077e-04, "SADT2": 0, "PAPPT1": 6.254077e-04, "MOHMT": 0, "PAPA160": 0, "SADT": 2.031363e-03, "PANTS": 0, "PACt2r": 0, "MNDNS2": 0, "MNDNS1": 0, "MN6PP": 2.993976e-03, "P5CRx": 4.347242e-03, "SADH": 0, "P5CR": 0, "P5CD": 0, "MMSAD3": 0, "RZ5PP": 0, "OXGDC2": 0, "RRPPDIMAS": 3.728889e-05, "RPPDIMAS": 3.728889e-05, "MTHFD": 0, "RPI": -3.866058e-02, "MTHFC": 0, "MTAN": 0, "RPE": -3.939728e-02, "MSHS": 0, "MSHOXH": 0, "RNTR4": 1.150476e-04, "MSHAMID": 0, "MMSAD2": 0, "RNDR4": 0, "MMSAD1": 0, "UDPGALM": 6.906633e-04, "UDPG4E": 2.437761e-03, "UDPDPS2": 0, "RNDR3": 2.098445e-04, "UDPDPS": 1.483367e-04, "UDCPDPS": 0, "MMM2": 1.130200e+00, "UDCPDP": 1.335660e-03, "RNDR2": 2.097185e-04, "UAPGR": 1.400601e-03, "UAMRH": 3.076963e-05, "MME": 1.130200e+00, "MMCD": 9.312124e-01, "UAMAS": 1.281868e-03, "MI4PP": 0, "RNDR1": 1.099770e-04, "MI3PP": 0, "UAMAGS": 1.281868e-03, "UAGPT3": 3.105308e-05, "UAGPT2": 6.254077e-04, "RIBabc": 0, "MI1PS": 5.118089e-04, "RBK_L1": 0, "MI1PP": 5.118089e-04, "MHPGLUT": 0, "UAGPT1": 6.254077e-04, "UAGDP": 2.736261e-03, "RBK_Dr": -7.367075e-04, "UAGCVT": 1.400601e-03, "UAAGLS2": 6.254077e-04, "MGt5": 0, "RBK": 0, "METabc": 0, "UAAGLS1": 6.254077e-04, "UAAGDS": 3.105308e-05, "TYRt2r": 0, "TYRTA": -1.000123e-03, "METSOXR2": 0, "METSOXR1": 0, "TTDCAt2": 0, "METS": 2.283261e-02, "RBFSb": 0, "METOX2s": 0, "METOX1s": 0, "TSULabc": 0, "TRPt2r": 0, "TRPTA": 0, "METAT": 2.173382e-02, "RBFSa": 0, "MEPCT": 1.631704e-03, "MEOHt2": 0, "TRPS3": 0, "TRPS2": 0, "IPPMIa": -6.447009e-03, "TRPS1": 6.337851e-04, "TRIATS": 0, "TREabc": 0, "MECDPS": 1.631704e-03, "MECDPDH": 1.631704e-03, "ME1": 0, "MDH": 0, "TRESULT": 2.397008e-04, "TRE6PS": 1.187953e-03, "TRE6PP": 9.835259e-04, "MDFDH": 0, "IPMD": 6.447009e-03, "MCOATA": 1.867764e-02, "MCD": 0, "TRDR": 2.436249e-03, "TPI": 1.839095e+00, "TMPPP": 0, "TMPK": 0, "TMN": 0, "TMHAS6": 0, "MCBTS3": 4.717800e-05, "MCBTS2": 0, "MCBTS": 4.415458e-05, "MANAT3": 4.012335e-05, "MANAT2": 1.671701e-04, "TMHAS5": 0, "MANAT1": 5.294140e-05, "TMHAS4": 3.454891e-05, "IPDPS": 0, "TMHAS3": 3.476937e-05, "TMHAS2": 3.464339e-05, "MAN6PI": -5.010316e-03, "MAN1PT2": 2.016340e-03, "MAN1PT": 0, "MALt2r": 0, "TMHAS1": 3.483236e-05, "IPDDI": -1.483367e-03, "TMDS": 1.150476e-04, "TMDPP": 0, "TMDK1": 0, "BIOMASS_Mtb_9_60atp": 3.149399e-02, "YUMPS": 0, "TKT2": -2.144313e-02, "XYLabc": 0, "INSK": 2.104967e-02, "TKT1": -1.795416e-02, "INSH": 6.841440e-04, "MALTabc": 0, "XYLK": 0, "MALTHPabc": 0, "INDPYRD": 0, "MALT": 0, "XPPT": 0, "VALt2r": -6.614787e-01, "VALTA": -6.679610e-01, "URIK2": 0, "URIDK2r": -1.150476e-04, "UMPK_copy1": 3.706411e-02, "UREA": 0, "MALS": 0, "L_LACt3": 0, "L_LACt2r": 0, "UPPRT": 0, "IMPD": 7.883261e-03, "UPPDC2": 0, "UPPDC1": 0, "UPP3S": 0, "UPP3MT": 0, "L_LACD3": 0, "L_LACD2": 0, "L_LACD": 0, "LYSt5r": 0, "LPLIPAL2E180": 0, "UMPK_copy2": 0, "UGMDDS2": 3.076963e-05, "LPLIPAL2E160": 0, "IMPC": -1.365091e-02, "LO": 0, "UGMDDS": 3.105308e-05, "LEUt2r": 0, "UGMAS": 3.076963e-05, "ILEt2r": -7.783356e-02, "UGMAGS": 3.076963e-05, "UGLDDS2": 6.254077e-04, "LEUTA": -6.447009e-03, "LDH_L": 0, "UGLDDS1": 6.254077e-04, "LCTSabc": 0, "ILETA": -8.059656e-02, "UGGPT3": 3.076963e-05, "LACZ": 0, "Kt3r": 999999, "Kabc": 0, "UGAGDS": 3.076963e-05, "UDPGD": 2.741215e-02, "KARA2": 8.059656e-02, "IGPS": 6.337851e-04, "KARA1": -6.744080e-01, "GLYCTO1": 0, "IGPDH": 1.279191e-03, "IGAMD": 0, "IG3PS": 1.279191e-03, "GLYCL": 0, "IPPS": 6.447009e-03, "ID3ACALDt": 0, "IPPMIb": -6.447009e-03, "GLYCK": 0, "ICL": 0, "GLYC3Pabc": 0, "GLYBabc": 0, "ICHORS": 0, "ICDHyr": 1.044439e-01, "GLXO1": 0, "IACGAMS": 0, "HXPRT": 6.841440e-04, "HSTPT": 1.279191e-03, "GLUt2r": 1, "EX_lys__L_e": 0, "HSST": 8.601362e-02, "EX_leu__L_e": 0, "GLUTRR": 0, "GLUSy": 0, "GLUR": -1.312638e-03, "HSK": 0, "GLUPRT": 1.237172e-02, "GLUDxi": 0, "HSERTA": 0, "GLUDC": 1.090327e+00, "GLUCYS": 0, "GLU5K": 4.347242e-03, "GLNSP3": 0, "EX_lcts_e": 0, "EX_lac__L_e": 0, "EX_k_e": 0, "EX_ile__L_e": 7.783356e-02, "GLNSP2": 0, "GLNSP1": 0, "HSDy": 9.999989e+05, "GLNS": 9.152349e-02, "GLGC": 0, "EX_id3acald_e": 0, "HSDxi": 999999, "EX_his__L_e": 0, "GLCabc": 1, "GLCS1": 0, "GLCP": 0, "HPPK2": 0, "EX_hdca_e": 0, "HPPK": 0, "EX_h_e": -8.418280e-02, "GK1": 2.097185e-04, "GHMT2r": 2.294766e-02, "EX_h2s_e": 0, "EX_h2o_e": 9.999985e+05, "GGLUCT2": 0, "HOPNTAL": 0, "GFUCS": 3.728889e-05, "GF6PTA": 9.985580e-03, "GCCc": 0, "EX_h2co3_e": -9.999953e+05, "EX_h2_e": 9.331794e-01, "GCCb": 0, "HMPK4": 0, "GCCa": 0, "GCC2": 0, "GARFT": 1.237172e-02, "GAPD": 2.724287e+00, "GALt2": 0, "EX_gthrd_e": 0, "EX_glyc_e": -9.352585e-01, "EX_glyc3p_e": 0, "EX_glyb_e": 0,