{"THDPS": 3.389815e-03, "NADTRHD_copy1": 999999, "TDPGDH": 4.761047e-02, "TDPDRR": 4.761047e-02, "TDPDRE": 4.761047e-02, "TDMS4": 4.322974e-05, "TDMS3": 8.602875e-05, "TDMS2": 8.626369e-05, "TDMS1": 1.296109e-04, "RBFK": 0, "TATSO": 4.452193e-05, "TATS": 4.604907e-05, "THZSN": 0, "R05224": 0, "TAS": 3.434885e-04, "R05219": 0, "TARTRt7": 0, "R05217": 0, "TARTD": 0, "QULNS": 0, "TALA": -3.047292e-03, "THZPSN": 0, "SULabc": 2.525651e-03, "QRr": -9.999973e+05, "SULR": 2.227624e-03, "PYRt2": 0, "CYANST_copy1": -999999, "SUCOAS": 2.608534e-01, "SUCD1": 0, "THRt2r": 0, "SUCCt2r": 0, "THRS": 0, "SUCBZS": 0, "THRD_L": -5.369024e-03, "PYRDC": 0, "PYK": 0, "PYDXO": 0, "PYDXNO": 0, "PYAM5PO": 0, "PUNP7": 0, "THMDP": 0, "THFGLUS": 0, "SUCBZL": 0, "PUNP6": 0, "PUNP5": -8.506156e-04, "PUNP4": 0, "PUNP3": 0, "PUNP2": 0, "PMANM": -2.625153e-02, "PUNP1": 8.506156e-04, "SSALy": 0, "PLIPA1E180": 0, "PTPATi": 0, "SSALx": 0, "PTAr": 8.722912e-01, "PLIPA1E160": 0, "PLCD": 0, "PSSA180": 0, "SPODM": 0, "PIt": -4.339729e-02, "PSSA160": 1.590181e-04, "SPMS": 0, "PSP_L": 3.737982e-02, "SOTA": 0, "PSERT": 3.737982e-02, "PIabc": 0, "SKMt2": 0, "PHYCBOXL": 0, "PHTO": 0, "PSD180": 0, "PSD160": 1.590181e-04, "PSCVT": 2.808249e-02, "PRPPS": 3.630840e-02, "PROt2r": 0, "PHTHS2": 2.380122e-02, "PHTHS": 1.068996e-05, "PHTHDLS2": 2.380122e-02, "SHSL4r": 8.804339e-03, "PHTHDLS": 1.068996e-05, "PHTHCLS": 0, "PROabc": 0, "PHTHCLR2": -999999, "PROD2": 0, "PHTHCLR1": 999999, "SHSL1": 1.366162e-03, "PRMICI": 1.590455e-03, "SHKK": 2.808249e-02, "PRFGS": 1.538211e-02, "PREPTTA": -1.068996e-05, "PHEt2r": 0, "PHETA1": -1.883548e-03, "SHK3Dr": 2.808249e-02, "PHDCAt": 0, "PREPTHS2": 2.380122e-02, "PREPTHS": 1.068996e-05, "PREPPACPH": 2.380122e-02, "PHDCATA": -2.526825e-04, "PREPHACPH": 0, "SHCHF3": 0, "PRDX": 0, "PGSA190": 2.275043e-04, "PRATPP": 1.590455e-03, "SHCHF2": 0, "PGSA160190": 6.988808e-04, "SHCHF": 0, "PGSA160": 2.540139e-04, "PRASCSi": 1.538211e-02, "PRAMPC": 1.590455e-03, "PGPPT3": 3.825675e-05, "PGPP190": 2.275043e-04, "PGPP160190": 6.988808e-04, "PGPP160": 2.540139e-04, "PRAIi": 7.880030e-04, "PRAIS": 1.538211e-02, "PRAGSr": 1.538211e-02, "PPTGS_TB2": 7.381165e-04, "PPTGS_TB1": 7.381165e-04, "PGMT": -5.211842e-02, "SHCHD3": 0, "PGM": -2.651156e+00, "PGLYCP": 0, "PGLS": 4.636233e-05, "PPTGS": 0, "PPPGO": 0, "PPNDH": 1.883548e-03, "PPND": 1.243482e-03, "PGL": 0, "PGK": -2.688535e+00, "PPNCL3": 0, "SHCHD2": 0, "PPNCL2": 0, "PGI": 9.393796e-01, "SHCHCS2": 0, "PGCD": 3.737982e-02, "PGAMT": -1.241535e-02, "PPNCL": 0, "PPK2": 0, "PFL": 2.379333e+00, "PFK": 8.628132e-01, "SHCHCS": 0, "PERD": 0, "G6PP": -9.936114e-01, "PEPCK_re": 9.999964e+05, "PPDK": 0, "SGSAD": 0, "PPDIMAT": 0, "PEAMNO": 0, "PPDIMAS": 2.380122e-02, "PPCSCT": 0, "PPCOAC": 0, "PPCK": -999999, "PDX5POi": 0, "PDIMAT": 0, "PDIMAS": 1.068996e-05, "SGDS": 0, "PDHcr_copy1": -999999, "PDHcr_copy2": 999999, "PPCDC": 0, "PPBNGS": 0, "PPAtr": 0, "SERt2r": 0, "PPA": 1.681041e-01, "SERD_L": 0, "PNTK": 0, "PNCDC": 0, "PDHbr": 0, "PDHa": 0, "PMPK": 0, "SERD_D": 0, "PMDPHT": 0, "PDH": 0, "PDE4": 0, "PDE1": 0, "PC8XM": 0, "SERAT": 2.227624e-03, "PC6YM": 0, "SELCYSLY": 0, "PC6AR": 0, "EX_mal__L_e": 0, "PC20M": 0, "SDPTA": -3.389815e-03, "PC17M": 0, "SDPDS": 3.389815e-03, "PC11M": 0, "MPML": 0, "MOTS": 0, "MOTH": 0, "PC": 0, "PATS": 4.898587e-05, "PAPSR": 2.227624e-03, "PAPPT3": 3.860917e-05, "SALCS": 1.135564e-04, "PAPPT2": 7.775871e-04, "SADT2": 0, "PAPPT1": 7.775871e-04, "MOHMT": 0, "PAPA160": 0, "SADT": 2.525651e-03, "PANTS": 0, "PACt2r": 0, "MNDNS2": 0, "MNDNS1": 0, "MN6PP": 3.722496e-03, "P5CRx": 5.405049e-03, "SADH": 0, "P5CR": 0, "P5CD": 0, "MMSAD3": 0, "RZ5PP": 0, "OXGDC2": 0, "RRPPDIMAS": 2.379092e-02, "RPPDIMAS": 2.379092e-02, "MTHFD": 0, "RPI": -3.326111e-02, "MTHFC": 0, "MTAN": 0, "RPE": -3.417708e-02, "MSHS": 0, "MSHOXH": 0, "RNTR4": 0, "MSHAMID": 0, "MMSAD2": 0, "RNDR4": 1.430419e-04, "MMSAD1": 0, "UDPGALM": 8.587212e-04, "UDPG4E": 3.030937e-03, "UDPDPS2": 0, "RNDR3": 2.609056e-04, "UDPDPS": 1.844312e-04, "UDCPDPS": 0, "MMM2": 2.474066e-01, "UDCPDP": 1.660664e-03, "RNDR2": 2.607489e-04, "UAPGR": 1.741407e-03, "UAMRH": 3.825675e-05, "MME": 2.474066e-01, "MMCD": 0, "UAMAS": 1.593783e-03, "MI4PP": 0, "RNDR1": 1.367375e-04, "MI3PP": 0, "UAMAGS": 1.593783e-03, "UAGPT3": 3.860917e-05, "UAGPT2": 7.775871e-04, "RIBabc": 0, "MI1PS": 6.363465e-04, "RBK_L1": 0, "MI1PP": 6.363465e-04, "MHPGLUT": 0, "UAGPT1": 7.775871e-04, "UAGDP": 3.402071e-03, "RBK_Dr": -9.159693e-04, "UAGCVT": 1.741407e-03, "UAAGLS2": 7.775871e-04, "MGt5": 0, "RBK": 0, "METabc": 0, "UAAGLS1": 7.775871e-04, "UAAGDS": 3.860917e-05, "TYRt2r": 0, "TYRTA": -1.243482e-03, "METSOXR2": 0, "METSOXR1": 0, "TTDCAt2": 0, "METS": 2.838843e-02, "RBFSb": 0, "METOX2s": 0, "METOX1s": 0, "TSULabc": 0, "TRPt2r": 0, "TRPTA": 0, "METAT": 2.702227e-02, "RBFSa": 0, "MEPCT": 2.028743e-03, "MEOHt2": 0, "TRPS3": 0, "TRPS2": 0, "IPPMIa": -8.015749e-03, "TRPS1": 7.880030e-04, "TRIATS": 0, "TREabc": 0, "MECDPS": 2.028743e-03, "MECDPDH": 2.028743e-03, "ME1": 2.414808e+00, "MDH": -1.660545e+00, "TRESULT": 2.980268e-04, "TRE6PS": 1.477016e-03, "TRE6PP": 1.222846e-03, "MDFDH": 0, "IPMD": 8.015749e-03, "MCOATA": 2.131789e-01, "MCD": 0, "TRDR": 3.029058e-03, "TPI": 1.858093e+00, "TMPPP": 0, "TMPK": 0, "TMN": 0, "TMHAS6": 0, "MCBTS3": 5.865774e-05, "MCBTS2": 0, "MCBTS": 5.489864e-05, "MANAT3": 4.988649e-05, "MANAT2": 2.078473e-04, "TMHAS5": 0, "MANAT1": 6.582354e-05, "TMHAS4": 4.295564e-05, "IPDPS": 0, "TMHAS3": 4.322974e-05, "TMHAS2": 4.307311e-05, "MAN6PI": -2.997403e-02, "MAN1PT2": 2.625153e-02, "MAN1PT": 0, "MALt2r": 0, "TMHAS1": 4.330805e-05, "IPDDI": -1.844312e-03, "TMDS": 1.430419e-04, "TMDPP": 0, "TMDK1": 0, "BIOMASS_Mtb_9_60atp": 3.915737e-02, "YUMPS": 0, "TKT2": -3.112978e-02, "XYLabc": 0, "INSK": 0, "TKT1": -3.047292e-03, "INSH": 8.506156e-04, "MALTabc": 0, "XYLK": 0, "MALTHPabc": 0, "INDPYRD": 0, "MALT": 0, "XPPT": 0, "VALt2r": 0, "VALTA": -8.059644e-03, "URIK2": 0, "URIDK2r": -1.430419e-04, "UMPK_copy1": 999999, "UREA": 0, "MALS": 4.895584e-01, "L_LACt3": 0, "L_LACt2r": 0, "UPPRT": 0, "IMPD": 9.801482e-03, "UPPDC2": 0, "UPPDC1": 0, "UPP3S": 0, "UPP3MT": 0, "L_LACD3": 0, "L_LACD2": 0, "L_LACD": 0, "LYSt5r": 0, "LPLIPAL2E180": 0, "UMPK_copy2": -9.999990e+05, "UGMDDS2": 3.825675e-05, "LPLIPAL2E160": 0, "IMPC": -1.697257e-02, "LO": 0, "UGMDDS": 3.860917e-05, "LEUt2r": 0, "UGMAS": 3.825675e-05, "ILEt2r": 0, "UGMAGS": 3.825675e-05, "UGLDDS2": 7.775871e-04, "LEUTA": -8.015749e-03, "LDH_L": 0, "UGLDDS1": 7.775871e-04, "LCTSabc": 0, "ILETA": -3.435315e-03, "UGGPT3": 3.825675e-05, "LACZ": 0, "Kt3r": 999999, "Kabc": 0, "UGAGDS": 3.825675e-05, "UDPGD": 0, "KARA2": 3.435315e-03, "IGPS": 7.880030e-04, "KARA1": -1.607539e-02, "GLYCTO1": 0, "IGPDH": 1.590455e-03, "IGAMD": 0, "IG3PS": 1.590455e-03, "GLYCL": 0, "IPPS": 8.015749e-03, "ID3ACALDt": 0, "IPPMIb": -8.015749e-03, "GLYCK": 0, "ICL": 4.895584e-01, "GLYC3Pabc": 0, "GLYBabc": 0, "ICHORS": 0, "ICDHyr": 3.849604e-01, "GLXO1": 0, "IACGAMS": 0, "HXPRT": 0, "HSTPT": 1.590455e-03, "GLUt2r": -3.674079e-01, "EX_lys__L_e": 0, "HSST": 1.017050e-02, "EX_leu__L_e": 0, "GLUTRR": 0, "GLUSy": 0, "GLUR": -1.632040e-03, "HSK": 0, "GLUPRT": 1.538211e-02, "GLUDxi": -5.336512e-01, "HSERTA": 0, "GLUDC": 0, "GLUCYS": 0, "GLU5K": 0, "GLNSP3": 0, "EX_lcts_e": 0, "EX_lac__L_e": 0, "EX_k_e": 0, "EX_ile__L_e": 0, "GLNSP2": 0, "GLNSP1": 0, "HSDy": 9.999990e+05, "GLNS": 7.971145e-02, "GLGC": 0, "EX_id3acald_e": 0, "HSDxi": 999999, "EX_his__L_e": 0, "GLCabc": 1, "GLCS1": 0, "GLCP": 0, "HPPK2": 0, "EX_hdca_e": 0, "HPPK": 0, "EX_h_e": 1.005713e+00, "GK1": 2.607489e-04, "GHMT2r": 2.853147e-02, "EX_h2s_e": 0, "EX_h2o_e": 1.277289e-01, "GGLUCT2": 0, "HOPNTAL": 0, "GFUCS": 2.379092e-02, "GF6PTA": 1.241535e-02, "GCCc": 0, "EX_h2co3_e": 2.794051e+00, "EX_h2_e": 2.346978e+00, "GCCb": 0, "HMPK4": 0, "GCCa": 0, "GCC2": 0, "GARFT": 1.538211e-02, "GAPD": 2.688535e+00, "GALt2": 0, "EX_gthrd_e": 0, "EX_glyc_e": -1, "EX_glyc3p_e": 0, "EX_glyb_e": 0, "EX_gly_e": 0, "EX_glu__L_e": 3.674079e-01,