{"THDPS": 1.046050e-03, "NADTRHD_copy1": 9.999980e+05, "TDPGDH": 3.744653e-05, "TDPDRR": 3.744653e-05, "TDPDRE": 3.744653e-05, "TDMS4": 1.334010e-05, "TDMS3": 2.654728e-05, "TDMS2": 2.661978e-05, "TDMS1": 3.999613e-05, "RBFK": 0, "TATSO": 1.373885e-05, "TATS": 1.421011e-05, "THZSN": 0, "R05224": 0, "TAS": 1.059958e-04, "R05219": 0, "TARTRt7": 0, "R05217": 0, "TARTD": 0, "QULNS": 0, "TALA": -3.382766e-03, "THZPSN": 0, "SULabc": 7.793808e-04, "QRr": 0, "SULR": 6.874139e-04, "PYRt2": -7.945840e-01, "CYANST_copy1": -999999, "SUCOAS": 7.223313e-03, "SUCD1": 0, "THRt2r": 0, "SUCCt2r": -1.041690e-01, "THRS": 0, "SUCBZS": 0, "THRD_L": -1.656807e-03, "PYRDC": 0, "PYK": 9.063350e-01, "PYDXO": 0, "PYDXNO": 0, "PYAM5PO": 0, "PUNP7": 0, "THMDP": 0, "THFGLUS": 0, "SUCBZL": 0, "PUNP6": 0, "PUNP5": -2.624882e-04, "PUNP4": 0, "PUNP3": 0, "PUNP2": 0, "PMANM": -7.736170e-04, "PUNP1": 2.624882e-04, "SSALy": 1.024619e-01, "PLIPA1E180": 0, "PTPATi": 0, "SSALx": 0, "PTAr": -6.874139e-04, "PLIPA1E160": 0, "PLCD": 0, "PSSA180": 0, "SPODM": 9.996228e-01, "PIt": -1.339180e-02, "PSSA160": 4.907078e-05, "SPMS": 0, "PSP_L": 6.811286e-02, "SOTA": 0, "PSERT": 6.811286e-02, "PIabc": 0, "SKMt2": 0, "PHYCBOXL": 0, "PHTO": 9.996228e-01, "PSD180": 0, "PSD160": 4.907078e-05, "PSCVT": 1.338626e-03, "PRPPS": 1.120427e-02, "PROt2r": -7.988572e-02, "PHTHS2": 1.748471e-05, "PHTHS": 3.298775e-06, "PHTHDLS2": 1.748471e-05, "SHSL4r": -9.999990e+05, "PHTHDLS": 3.298775e-06, "PHTHCLS": 0, "PROabc": 0, "PHTHCLR2": -999999, "PROD2": 0, "PHTHCLR1": 9.999980e+05, "SHSL1": 999999, "PRMICI": 4.907924e-04, "SHKK": 1.338626e-03, "PRFGS": 4.746707e-03, "PREPTTA": -3.298775e-06, "PHEt2r": 0, "PHETA1": -5.812368e-04, "SHK3Dr": 1.338626e-03, "PHDCAt": 0, "PREPTHS2": 1.748471e-05, "PREPTHS": 3.298775e-06, "PREPPACPH": 1.748471e-05, "PHDCATA": -7.797433e-05, "PREPHACPH": 0, "SHCHF3": 0, "PRDX": 0, "PGSA190": 7.020469e-05, "PRATPP": 4.907924e-04, "SHCHF2": 0, "PGSA160190": 2.156649e-04, "SHCHF": 0, "PGSA160": 7.838517e-05, "PRASCSi": 4.746707e-03, "PRAMPC": 4.907924e-04, "PGPPT3": 1.180550e-05, "PGPP190": 7.020469e-05, "PGPP160190": 2.156649e-04, "PGPP160": 7.838517e-05, "PRAIi": 2.431668e-04, "PRAIS": 4.746707e-03, "PRAGSr": 4.746707e-03, "PPTGS_TB2": 2.277725e-04, "PPTGS_TB1": 2.277725e-04, "PGMT": -1.428539e-03, "SHCHD3": 0, "PGM": -9.253263e-01, "PGLYCP": 0, "PGLS": 1.430677e-05, "PPTGS": 0, "PPPGO": 0, "PPNDH": 5.812368e-04, "PPND": 3.837212e-04, "PGL": 0, "PGK": -9.934391e-01, "PPNCL3": 0, "SHCHD2": 0, "PPNCL2": 0, "PGI": 1.385769e-02, "SHCHCS2": 0, "PGCD": 6.811286e-02, "PGAMT": -3.831206e-03, "PPNCL": 0, "PPK2": 0, "PFL": 9.347663e-02, "PFK": 0, "SHCHCS": 0, "PERD": 0, "G6PP": -1.593839e-02, "PEPCK_re": 9.999990e+05, "PPDK": 0, "SGSAD": 0, "PPDIMAT": 0, "PEAMNO": 0, "PPDIMAS": 1.748471e-05, "PPCSCT": 0, "PPCOAC": 0, "PPCK": -999999, "PDX5POi": 0, "PDIMAT": 0, "PDIMAS": 3.298775e-06, "SGDS": 0, "PDHcr_copy1": -999999, "PDHcr_copy2": 999999, "PPCDC": 0, "PPBNGS": 0, "PPAtr": 0, "SERt2r": 0, "PPA": 2.256564e-02, "SERD_L": 0, "PNTK": 0, "PNCDC": 0, "PDHbr": 0, "PDHa": 0, "PMPK": 0, "SERD_D": 0, "PMDPHT": 0, "PDH": 0, "PDE4": 0, "PDE1": 0, "PC8XM": 0, "SERAT": 6.874139e-04, "PC6YM": 0, "SELCYSLY": 0, "PC6AR": 0, "EX_mal__L_e": 0, "PC20M": 0, "SDPTA": -1.046050e-03, "PC17M": 0, "SDPDS": 1.046050e-03, "PC11M": 0, "MPML": 0, "MOTS": 0, "MOTH": 0, "PC": 0, "PATS": 1.511636e-05, "PAPSR": 6.874139e-04, "PAPPT3": 1.191426e-05, "SALCS": 3.504193e-05, "PAPPT2": 2.399526e-04, "SADT2": 0, "PAPPT1": 2.399526e-04, "MOHMT": 0, "PAPA160": 0, "SADT": 7.793808e-04, "PANTS": 0, "PACt2r": 0, "MNDNS2": 0, "MNDNS1": 0, "MN6PP": 1.148711e-03, "P5CRx": 8.155365e-02, "SADH": 0, "P5CR": 0, "P5CD": 0, "MMSAD3": 0, "RZ5PP": 0, "OXGDC2": 0, "RRPPDIMAS": 1.430677e-05, "RPPDIMAS": 1.430677e-05, "MTHFD": -9.999989e+05, "RPI": -7.821503e-03, "MTHFC": 1.204832e-01, "MTAN": 0, "RPE": -8.104159e-03, "MSHS": 0, "MSHOXH": 0, "RNTR4": 0, "MSHAMID": 0, "MMSAD2": 0, "RNDR4": 4.414075e-05, "MMSAD1": 0, "UDPGALM": 2.649895e-04, "UDPG4E": 9.353053e-04, "UDPDPS2": 0, "RNDR3": 8.051185e-05, "UDPDPS": 5.691292e-05, "UDCPDPS": 0, "MMM2": 3.073830e-03, "UDCPDP": 5.124580e-04, "RNDR2": 8.046352e-05, "UAPGR": 5.373740e-04, "UAMRH": 1.180550e-05, "MME": 3.073830e-03, "MMCD": 0, "UAMAS": 4.918195e-04, "MI4PP": 0, "RNDR1": 4.219531e-05, "MI3PP": 0, "UAMAGS": 4.918195e-04, "UAGPT3": 1.191426e-05, "UAGPT2": 2.399526e-04, "RIBabc": 0, "MI1PS": 1.963677e-04, "RBK_L1": 0, "MI1PP": 1.963677e-04, "MHPGLUT": 0, "UAGPT1": 2.399526e-04, "UAGDP": 1.049832e-03, "RBK_Dr": -2.826554e-04, "UAGCVT": 5.373740e-04, "UAAGLS2": 2.399526e-04, "MGt5": 0, "RBK": 0, "METabc": 0, "UAAGLS1": 2.399526e-04, "UAAGDS": 1.191426e-05, "TYRt2r": 0, "TYRTA": -3.837212e-04, "METSOXR2": 9.996228e-01, "METSOXR1": 0, "TTDCAt2": 0, "METS": 1.433034e-03, "RBFSb": 0, "METOX2s": 9.996228e-01, "METOX1s": 0, "TSULabc": 0, "TRPt2r": 0, "TRPTA": 0, "METAT": 1.011455e-03, "RBFSa": 0, "MEPCT": 6.260422e-04, "MEOHt2": 0, "TRPS3": 2.431668e-04, "TRPS2": 2.431668e-04, "IPPMIa": -2.473549e-03, "TRPS1": 0, "TRIATS": 0, "TREabc": 0, "MECDPS": 6.260422e-04, "MECDPDH": 6.260422e-04, "ME1": 0, "MDH": 2.178629e-03, "TRESULT": 9.196694e-05, "TRE6PS": 4.557867e-04, "TRE6PP": 3.773532e-04, "MDFDH": 0, "IPMD": 2.473549e-03, "MCOATA": 7.166123e-03, "MCD": 0, "TRDR": 1.000558e+00, "TPI": 9.985434e-01, "TMPPP": 0, "TMPK": 0, "TMN": 0, "TMHAS6": 0, "MCBTS3": 1.810097e-05, "MCBTS2": 0, "MCBTS": 1.694096e-05, "MANAT3": 1.539428e-05, "MANAT2": 6.413881e-05, "TMHAS5": 0, "MANAT1": 2.031223e-05, "TMHAS4": 1.325552e-05, "IPDPS": 0, "TMHAS3": 1.334010e-05, "TMHAS2": 1.329177e-05, "MAN6PI": -1.922328e-03, "MAN1PT2": 7.736170e-04, "MAN1PT": 0, "MALt2r": 0, "TMHAS1": 1.336427e-05, "IPDDI": -5.691292e-04, "TMDS": 4.414075e-05, "TMDPP": 0, "TMDK1": 0, "BIOMASS_Mtb_9_60atp": 1.208342e-02, "YUMPS": 0, "TKT2": -4.721392e-03, "XYLabc": 0, "INSK": 0, "TKT1": -3.382766e-03, "INSH": 2.624882e-04, "MALTabc": 0, "XYLK": 0, "MALTHPabc": 0, "INDPYRD": 0, "MALT": 0, "XPPT": 0, "VALt2r": 0, "VALTA": -2.487095e-03, "URIK2": 0, "URIDK2r": -4.414075e-05, "UMPK_copy1": 999999, "UREA": 0, "MALS": 0, "L_LACt3": 0, "L_LACt2r": 0, "UPPRT": 0, "IMPD": 3.024602e-03, "UPPDC2": 0, "UPPDC1": 0, "UPP3S": 0, "UPP3MT": 0, "L_LACD3": 0, "L_LACD2": 0, "L_LACD": 0, "LYSt5r": 0, "LPLIPAL2E180": 0, "UMPK_copy2": -9.999990e+05, "UGMDDS2": 1.180550e-05, "LPLIPAL2E160": 0, "IMPC": -5.237499e-03, "LO": 0, "UGMDDS": 1.191426e-05, "LEUt2r": 0, "UGMAS": 1.180550e-05, "ILEt2r": 0, "UGMAGS": 1.180550e-05, "UGLDDS2": 2.399526e-04, "LEUTA": -2.473549e-03, "LDH_L": 0, "UGLDDS1": 2.399526e-04, "LCTSabc": 0, "ILETA": -1.060091e-03, "UGGPT3": 1.180550e-05, "LACZ": 0, "Kt3r": 999999, "Kabc": 0, "UGAGDS": 1.180550e-05, "UDPGD": 0, "KARA2": 1.060091e-03, "IGPS": 2.431668e-04, "KARA1": -4.960644e-03, "GLYCTO1": 0, "IGPDH": 4.907924e-04, "IGAMD": 0, "IG3PS": 4.907924e-04, "GLYCL": 0, "IPPS": 2.473549e-03, "ID3ACALDt": 0, "IPPMIb": -2.473549e-03, "GLYCK": 0, "ICL": 0, "GLYC3Pabc": 0, "GLYBabc": 0, "ICHORS": 0, "ICDHyr": 0, "GLXO1": 0, "IACGAMS": 0, "HXPRT": 0, "HSTPT": 4.907924e-04, "GLUt2r": 1.877641e-01, "EX_lys__L_e": 0, "HSST": 3.138476e-03, "EX_leu__L_e": 0, "GLUTRR": 0, "GLUSy": 0, "GLUR": -5.036250e-04, "HSK": 0, "GLUPRT": 4.746707e-03, "GLUDxi": 0, "HSERTA": 0, "GLUDC": 1.024619e-01, "GLUCYS": 0, "GLU5K": 8.155365e-02, "GLNSP3": 0, "EX_lcts_e": 0, "EX_lac__L_e": 0, "EX_k_e": 0, "EX_ile__L_e": 0, "GLNSP2": 0, "GLNSP1": 0, "HSDy": 9.999990e+05, "GLNS": 2.459785e-02, "GLGC": 0, "EX_id3acald_e": 0, "HSDxi": 999999, "EX_his__L_e": 0, "GLCabc": 1.790982e-02, "GLCS1": 0, "GLCP": 0, "HPPK2": 0, "EX_hdca_e": 0, "HPPK": 0, "EX_h_e": 7.908747e-01, "GK1": 8.046352e-05, "GHMT2r": 6.538238e-02, "EX_h2s_e": 0, "EX_h2o_e": 1.648723e+00, "GGLUCT2": 0, "HOPNTAL": 0, "GFUCS": 1.430677e-05, "GF6PTA": 3.831206e-03, "GCCc": 5.657796e-02, "EX_h2co3_e": 3.555250e-01, "EX_h2_e": 2.039756e-01, "GCCb": 5.657796e-02, "HMPK4": 0, "GCCa": 5.657796e-02, "GCC2": 0, "GARFT": 4.746707e-03, "GAPD": 9.934391e-01,