{"THDPS": 3.530317e-03, "NADTRHD_copy1": 999999, "TDPGDH": 1.263784e-04, "TDPDRR": 1.263784e-04, "TDPDRE": 1.263784e-04, "TDMS4": 4.502155e-05, "TDMS3": 8.959451e-05, "TDMS2": 8.983919e-05, "TDMS1": 1.349831e-04, "RBFK": 0, "TATSO": 4.636730e-05, "TATS": 4.795773e-05, "THZSN": 0, "R05224": 0, "TAS": 3.577256e-04, "R05219": 0, "TARTRt7": 0, "R05217": 0, "TARTD": 0, "QULNS": 0, "TALA": 0, "THZPSN": 0, "SULabc": 2.630335e-03, "QRr": -999999, "SULR": 2.319955e-03, "PYRt2": 0, "CYANST_copy1": -999999, "SUCOAS": 1.207829e-01, "SUCD1": 0, "THRt2r": 0, "SUCCt2r": -1.971683e-02, "THRS": 0, "SUCBZS": 1.508824e-02, "THRD_L": -5.591562e-03, "PYRDC": 0, "PYK": 1.764081e+00, "PYDXO": 0, "PYDXNO": 0, "PYAM5PO": 0, "PUNP7": 0, "THMDP": 0, "THFGLUS": 0, "SUCBZL": 1.508824e-02, "PUNP6": 0, "PUNP5": -8.858723e-04, "PUNP4": 0, "PUNP3": 0, "PUNP2": 0, "PMANM": -2.610883e-03, "PUNP1": 8.858723e-04, "SSALy": 0, "PLIPA1E180": 0, "PTPATi": 0, "SSALx": 0, "PTAr": 8.674911e-01, "PLIPA1E160": 0, "PLCD": 0, "PSSA180": 0, "SPODM": 0, "PIt": -4.519605e-02, "PSSA160": 1.656092e-04, "SPMS": 0, "PSP_L": 3.892916e-02, "SOTA": 0, "PSERT": 3.892916e-02, "PIabc": 0, "SKMt2": -1.916129e-02, "PHYCBOXL": 0, "PHTO": 0, "PSD180": 0, "PSD160": 1.656092e-04, "PSCVT": 1.960598e-02, "PRPPS": 3.781333e-02, "PROt2r": 0, "PHTHS2": 5.900922e-05, "PHTHS": 9.651627e-03, "PHTHDLS2": 5.900922e-05, "SHSL4r": -9.999990e+05, "PHTHDLS": 9.651627e-03, "PHTHCLS": 0, "PROabc": 0, "PHTHCLR2": -999999, "PROD2": 0, "PHTHCLR1": 999999, "SHSL1": 999999, "PRMICI": 1.656377e-03, "SHKK": 1.960598e-02, "PRFGS": 1.601968e-02, "PREPTTA": -9.651627e-03, "PHEt2r": 0, "PHETA1": -1.961618e-03, "SHK3Dr": 3.876726e-02, "PHDCAt": 0, "PREPTHS2": 5.900922e-05, "PREPTHS": 9.651627e-03, "PREPPACPH": 5.900922e-05, "PHDCATA": -2.631558e-04, "PREPHACPH": 0, "SHCHF3": 0, "PRDX": 0, "PGSA190": 2.369340e-04, "PRATPP": 1.656377e-03, "SHCHF2": 0, "PGSA160190": 7.278483e-04, "SHCHF": 0, "PGSA160": 2.645424e-04, "PRASCSi": 1.601968e-02, "PRAMPC": 1.656377e-03, "PGPPT3": 3.984244e-05, "PGPP190": 2.369340e-04, "PGPP160190": 7.278483e-04, "PGPP160": 2.645424e-04, "PRAIi": 8.206645e-04, "PRAIS": 1.601968e-02, "PRAGSr": 1.601968e-02, "PPTGS_TB2": 7.687103e-04, "PPTGS_TB1": 7.687103e-04, "PGMT": -4.821180e-03, "SHCHD3": 0, "PGM": -2.651669e+00, "PGLYCP": 0, "PGLS": 4.828398e-05, "PPTGS": 0, "PPPGO": 0, "PPNDH": 1.961618e-03, "PPND": 1.295022e-03, "PGL": 0, "PGK": -2.690598e+00, "PPNCL3": 0, "SHCHD2": 0, "PPNCL2": 0, "PGI": 9.863245e-01, "SHCHCS2": 0, "PGCD": 3.892916e-02, "PGAMT": -1.292995e-02, "PPNCL": 0, "PPK2": 0, "PFL": 1.596789e+00, "PFK": 9.281396e-01, "SHCHCS": 1.508824e-02, "PERD": 0, "G6PP": -9.933466e-01, "PEPCK_re": 9.999982e+05, "PPDK": 0, "SGSAD": 0, "PPDIMAT": 0, "PEAMNO": 0, "PPDIMAS": 5.900922e-05, "PPCSCT": 0, "PPCOAC": 0, "PPCK": -999999, "PDX5POi": 0, "PDIMAT": 9.640494e-03, "PDIMAS": 9.651627e-03, "SGDS": 0, "PDHcr_copy1": 0, "PDHcr_copy2": 0, "PPCDC": 0, "PPBNGS": 0, "PPAtr": 0, "SERt2r": 0, "PPA": 3.573857e-01, "SERD_L": 0, "PNTK": 0, "PNCDC": 0, "PDHbr": 0, "PDHa": 0, "PMPK": 0, "SERD_D": 0, "PMDPHT": 0, "PDH": 0, "PDE4": 0, "PDE1": 0, "PC8XM": 0, "SERAT": 2.319955e-03, "PC6YM": 0, "SELCYSLY": 0, "PC6AR": 0, "EX_mal__L_e": 0, "PC20M": 0, "SDPTA": -3.530317e-03, "PC17M": 0, "SDPDS": 3.530317e-03, "PC11M": 0, "MPML": 0, "MOTS": 0, "MOTH": 0, "PC": 0, "PATS": 5.101626e-05, "PAPSR": 2.319955e-03, "PAPPT3": 4.020946e-05, "SALCS": 1.182631e-04, "PAPPT2": 8.098169e-04, "SADT2": 0, "PAPPT1": 8.098169e-04, "MOHMT": 0, "PAPA160": 0, "SADT": 2.630335e-03, "PANTS": 0, "PACt2r": 0, "MNDNS2": 0, "MNDNS1": 0, "MN6PP": 3.876787e-03, "P5CRx": 5.629080e-03, "SADH": 0, "P5CR": 0, "P5CD": 0, "MMSAD3": 0, "RZ5PP": 0, "OXGDC2": 0, "RRPPDIMAS": 4.828398e-05, "RPPDIMAS": 4.828398e-05, "MTHFD": 0, "RPI": -3.781333e-02, "MTHFC": 0, "MTAN": 0, "RPE": -3.876726e-02, "MSHS": 0, "MSHOXH": 0, "RNTR4": 0, "MSHAMID": 0, "MMSAD2": 0, "RNDR4": 1.489708e-04, "MMSAD1": 0, "UDPGALM": 8.943139e-04, "UDPG4E": 3.156565e-03, "UDPDPS2": 0, "RNDR3": 2.717197e-04, "UDPDPS": 1.920756e-04, "UDCPDPS": 0, "MMM2": 1.067788e-01, "UDCPDP": 1.729496e-03, "RNDR2": 2.715566e-04, "UAPGR": 1.813585e-03, "UAMRH": 3.984244e-05, "MME": 1.067788e-01, "MMCD": 0, "UAMAS": 1.659843e-03, "MI4PP": 0, "RNDR1": 1.424051e-04, "MI3PP": 0, "UAMAGS": 1.659843e-03, "UAGPT3": 4.020946e-05, "UAGPT2": 8.098169e-04, "RIBabc": 0, "MI1PS": 6.627221e-04, "RBK_L1": 0, "MI1PP": 6.627221e-04, "MHPGLUT": 0, "UAGPT1": 8.098169e-04, "UAGDP": 3.543082e-03, "RBK_Dr": -9.539348e-04, "UAGCVT": 1.813585e-03, "UAAGLS2": 8.098169e-04, "MGt5": 0, "RBK": 0, "METabc": 0, "UAAGLS1": 8.098169e-04, "UAAGDS": 4.020946e-05, "TYRt2r": 0, "TYRTA": -1.295022e-03, "METSOXR2": 0, "METSOXR1": 0, "TTDCAt2": 0, "METS": 2.956509e-02, "RBFSb": 0, "METOX2s": 0, "METOX1s": 0, "TSULabc": 0, "TRPt2r": 0, "TRPTA": 0, "METAT": 2.814230e-02, "RBFSa": 0, "MEPCT": 1.228188e-01, "MEOHt2": 0, "TRPS3": 0, "TRPS2": 0, "IPPMIa": -8.347990e-03, "TRPS1": 8.206645e-04, "TRIATS": 0, "TREabc": 0, "MECDPS": 1.228188e-01, "MECDPDH": 1.228188e-01, "ME1": 0, "MDH": 1.030077e-01, "TRESULT": 3.103795e-04, "TRE6PS": 1.538236e-03, "TRE6PP": 1.273531e-03, "MDFDH": 0, "IPMD": 8.347990e-03, "MCOATA": 2.418497e-02, "MCD": 0, "TRDR": 3.154608e-03, "TPI": 1.923224e+00, "TMPPP": 0, "TMPK": 0, "TMN": 0, "TMHAS6": 0, "MCBTS3": 6.108902e-05, "MCBTS2": 0, "MCBTS": 5.717410e-05, "MANAT3": 5.195421e-05, "MANAT2": 2.164623e-04, "TMHAS5": 0, "MANAT1": 6.855183e-05, "TMHAS4": 4.473608e-05, "IPDPS": 0, "TMHAS3": 4.502155e-05, "TMHAS2": 4.485843e-05, "MAN6PI": -6.487670e-03, "MAN1PT2": 2.610883e-03, "MAN1PT": 0, "MALt2r": 0, "TMHAS1": 4.510311e-05, "IPDDI": -1.075385e-01, "TMDS": 1.489708e-04, "TMDPP": 0, "TMDK1": 0, "BIOMASS_Mtb_9_60atp": 4.078039e-02, "YUMPS": 0, "TKT2": -3.876726e-02, "XYLabc": 0, "INSK": 0, "TKT1": 0, "INSH": 8.858723e-04, "MALTabc": 0, "XYLK": 0, "MALTHPabc": 0, "INDPYRD": 0, "MALT": 0, "XPPT": 0, "VALt2r": 0, "VALTA": -8.393705e-03, "URIK2": 0, "URIDK2r": -1.489708e-04, "UMPK_copy1": 999999, "UREA": 0, "MALS": 1.030077e-01, "L_LACt3": 0, "L_LACt2r": 0, "UPPRT": 0, "IMPD": 1.020774e-02, "UPPDC2": 0, "UPPDC1": 0, "UPP3S": 0, "UPP3MT": 0, "L_LACD3": 0, "L_LACD2": 0, "L_LACD": 0, "LYSt5r": 0, "LPLIPAL2E180": 0, "UMPK_copy2": -9.999990e+05, "UGMDDS2": 3.984244e-05, "LPLIPAL2E160": 0, "IMPC": -1.767605e-02, "LO": 0, "UGMDDS": 4.020946e-05, "LEUt2r": 0, "UGMAS": 3.984244e-05, "ILEt2r": 0, "UGMAGS": 3.984244e-05, "UGLDDS2": 8.098169e-04, "LEUTA": -8.347990e-03, "LDH_L": 0, "UGLDDS1": 8.098169e-04, "LCTSabc": 0, "ILETA": -3.577704e-03, "UGGPT3": 3.984244e-05, "LACZ": 0, "Kt3r": 999999, "Kabc": 0, "UGAGDS": 3.984244e-05, "UDPGD": 0, "KARA2": 3.577704e-03, "IGPS": 8.206645e-04, "KARA1": -1.674169e-02, "GLYCTO1": 0, "IGPDH": 1.656377e-03, "IGAMD": 0, "IG3PS": 1.656377e-03, "GLYCL": 0, "IPPS": 8.347990e-03, "ID3ACALDt": 0, "IPPMIb": -8.347990e-03, "GLYCK": 0, "ICL": 1.030077e-01, "GLYC3Pabc": 0, "GLYBabc": 0, "ICHORS": 1.508824e-02, "ICDHyr": 7.668034e-01, "GLXO1": 0, "IACGAMS": 0, "HXPRT": 0, "HSTPT": 1.656377e-03, "GLUt2r": -7.334351e-01, "EX_lys__L_e": 0, "HSST": 1.059205e-02, "EX_leu__L_e": 0, "GLUTRR": 0, "GLUSy": 0, "GLUR": -1.699686e-03, "HSK": 0, "GLUPRT": 1.601968e-02, "GLUDxi": -9.065689e-01, "HSERTA": 0, "GLUDC": 0, "GLUCYS": 0, "GLU5K": 5.629080e-03, "GLNSP3": 0, "EX_lcts_e": 0, "EX_lac__L_e": 0, "EX_k_e": 0, "EX_ile__L_e": 0, "GLNSP2": 0, "GLNSP1": 0, "HSDy": 9.999990e+05, "GLNS": 8.301537e-02, "GLGC": 0, "EX_id3acald_e": 0, "HSDxi": 999999, "EX_his__L_e": 0, "GLCabc": 1, "GLCS1": 0, "GLCP": 0, "HPPK2": 0, "EX_hdca_e": 0, "HPPK": 0, "EX_h_e": 1.566179e+00, "GK1": 2.715566e-04, "GHMT2r": 2.971406e-02, "EX_h2s_e": 0, "EX_h2o_e": 999999, "GGLUCT2": 0, "HOPNTAL": 0, "GFUCS": 4.828398e-05, "GF6PTA": 1.292995e-02, "GCCc": 0, "EX_h2co3_e": -9.999953e+05, "EX_h2_e": 1.563093e+00, "GCCb": 0, "HMPK4": 0, "GCCa": 0, "GCC2": 0, "GARFT": 1.601968e-02, "GAPD": 2.690598e+00, "GALt2": 0, "EX_gthrd_e": 0, "EX_glyc_e": -1, "EX_glyc3p_e": 0, "EX_glyb_e": 0, "EX_gly_e": 0,