{"THDPS": 1.880474e-03, "NADTRHD_copy1": 999999, "TDPGDH": 6.731725e-05, "TDPDRR": 6.731725e-05, "TDPDRE": 6.731725e-05, "TDMS4": 2.398136e-05, "TDMS3": 4.772378e-05, "TDMS2": 4.785412e-05, "TDMS1": 7.190065e-05, "RBFK": 0, "TATSO": 2.469820e-05, "TATS": 2.554537e-05, "THZSN": 0, "R05224": 0, "TAS": 1.905476e-04, "R05219": 0, "TARTRt7": 0, "R05217": 0, "TARTD": 0, "QULNS": 0, "TALA": -7.138919e-03, "THZPSN": 0, "SULabc": 1.401085e-03, "QRr": -999999, "SULR": 1.235757e-03, "PYRt2": 0, "CYANST_copy1": -999999, "SUCOAS": 1.129738e-01, "SUCD1": 0, "THRt2r": 0, "SUCCt2r": 0, "THRS": 0, "SUCBZS": 0, "THRD_L": -2.978425e-03, "PYRDC": 0, "PYK": 9.574595e-01, "PYDXO": 0, "PYDXNO": 0, "PYAM5PO": 0, "PUNP7": 0, "THMDP": 0, "THFGLUS": 0, "SUCBZL": 0, "PUNP6": 0, "PUNP5": -4.718724e-04, "PUNP4": 0, "PUNP3": 0, "PUNP2": 0, "PMANM": -1.390724e-03, "PUNP1": 4.718724e-04, "SSALy": 1.252810e-01, "PLIPA1E180": 0, "PTPATi": -2.041184e-10, "SSALx": 0, "PTAr": 3.560351e-01, "PLIPA1E160": 0, "PLCD": 0, "PSSA180": 0, "SPODM": 0, "PIt": -2.724757e-02, "PSSA160": 8.821406e-05, "SPMS": 0, "PSP_L": 2.390943e-02, "SOTA": 0, "PSERT": 2.390943e-02, "PIabc": 0, "SKMt2": 0, "PHYCBOXL": 0, "PHTO": 0, "PSD180": 0, "PSD160": 8.821406e-05, "PSCVT": 2.406434e-03, "PRPPS": 2.331506e-02, "PROt2r": 0, "PHTHS2": 3.143210e-05, "PHTHS": 1.000478e-02, "PHTHDLS2": 3.143210e-05, "SHSL4r": 4.884139e-03, "PHTHDLS": 1.000478e-02, "PHTHCLS": 0, "PROabc": 0, "PHTHCLR2": -999999, "PROD2": 0, "PHTHCLR1": 999999, "SHSL1": 7.578676e-04, "PRMICI": 8.822927e-04, "SHKK": 2.406434e-03, "PRFGS": 1.170637e-02, "PREPTTA": 0, "PHEt2r": 0, "PHETA1": -1.044884e-03, "SHK3Dr": 2.406434e-03, "PHDCAt": 0, "PREPTHS2": 3.143210e-05, "PREPTHS": 1.000478e-02, "PREPPACPH": 3.143210e-05, "PHDCATA": -1.401737e-04, "PREPHACPH": 1.000478e-02, "SHCHF3": 0, "PRDX": 0, "PGSA190": 1.262063e-04, "PRATPP": 8.822927e-04, "SHCHF2": 0, "PGSA160190": 3.876987e-04, "SHCHF": 0, "PGSA160": 1.409122e-04, "PRASCSi": 1.170637e-02, "PRAMPC": 8.822927e-04, "PGPPT3": 2.122264e-05, "PGPP190": 1.262063e-04, "PGPP160190": 3.876987e-04, "PGPP160": 1.409122e-04, "PRAIi": 4.371386e-04, "PRAIS": 1.170637e-02, "PRAGSr": 1.170637e-02, "PPTGS_TB2": 4.094644e-04, "PPTGS_TB1": 4.094644e-04, "PGMT": -2.568070e-03, "SHCHD3": 0, "PGM": -9.632384e-01, "PGLYCP": 0, "PGLS": 2.571914e-05, "PPTGS": 0, "PPPGO": 0, "PPNDH": 1.044884e-03, "PPND": 6.898118e-04, "PGL": 0, "PGK": -9.871478e-01, "PPNCL3": 0, "SHCHD2": 0, "PPNCL2": 0, "PGI": 2.702734e-02, "SHCHCS2": 0, "PGCD": 2.390943e-02, "PGAMT": -6.887322e-03, "PPNCL": 0, "PPK2": 0, "PFL": 9.246077e-01, "PFK": 0, "SHCHCS": 0, "PERD": 0, "G6PP": -3.076778e-02, "PEPCK_re": 0, "PPDK": 0, "SGSAD": 0, "PPDIMAT": 0, "PEAMNO": 0, "PPDIMAS": 3.143210e-05, "PPCSCT": 0, "PPCOAC": 0, "PPCK": 0, "PDX5POi": 0, "PDIMAT": 9.998853e-03, "PDIMAS": 1.000478e-02, "SGDS": 0, "PDHcr_copy1": -999999, "PDHcr_copy2": 999999, "PPCDC": -2.041184e-10, "PPBNGS": 0, "PPAtr": 0, "SERt2r": 0, "PPA": 7.008943e-02, "SERD_L": 0, "PNTK": 0, "PNCDC": 0, "PDHbr": 0, "PDHa": 0, "PMPK": 0, "SERD_D": 0, "PMDPHT": 0, "PDH": 0, "PDE4": 0, "PDE1": 0, "PC8XM": 0, "SERAT": 1.235757e-03, "PC6YM": 0, "SELCYSLY": 0, "PC6AR": 0, "EX_mal__L_e": 0, "PC20M": 0, "SDPTA": -1.880474e-03, "PC17M": 0, "SDPDS": 1.880474e-03, "PC11M": 0, "MPML": 0, "MOTS": 0, "MOTH": 0, "PC": 0, "PATS": 2.717454e-05, "PAPSR": 1.235757e-03, "PAPPT3": 2.141814e-05, "SALCS": 6.299453e-05, "PAPPT2": 4.313605e-04, "SADT2": 0, "PAPPT1": 4.313605e-04, "MOHMT": 0, "PAPA160": 0, "SADT": 1.401085e-03, "PANTS": 0, "PACt2r": 0, "MNDNS2": 0, "MNDNS1": 0, "MN6PP": 2.065026e-03, "P5CRx": 2.998409e-03, "SADH": 0, "P5CR": 0, "P5CD": 0, "MMSAD3": 0, "RZ5PP": 0, "OXGDC2": 0, "RRPPDIMAS": 2.571914e-05, "RPPDIMAS": 2.571914e-05, "MTHFD": 0, "RPI": -1.617615e-02, "MTHFC": 0, "MTAN": 0, "RPE": -1.668427e-02, "MSHS": 0, "MSHOXH": 0, "RNTR4": 7.935138e-05, "MSHAMID": 0, "MMSAD2": 0, "RNDR4": 0, "MMSAD1": 0, "UDPGALM": 4.763690e-04, "UDPG4E": 1.681389e-03, "UDPDPS2": 0, "RNDR3": 1.447354e-04, "UDPDPS": 1.023118e-04, "UDCPDPS": 0, "MMM2": 1.055143e-01, "UDCPDP": 9.212406e-04, "RNDR2": 1.446485e-04, "UAPGR": 9.660319e-04, "UAMRH": 2.122264e-05, "MME": 1.055143e-01, "MMCD": 0, "UAMAS": 8.841390e-04, "MI4PP": 0, "RNDR1": 7.585410e-05, "MI3PP": 0, "UAMAGS": 8.841390e-04, "UAGPT3": 2.141814e-05, "UAGPT2": 4.313605e-04, "RIBabc": 0, "MI1PS": 3.530083e-04, "RBK_L1": 0, "MI1PP": 3.530083e-04, "MHPGLUT": 0, "UAGPT1": 4.313605e-04, "UAGDP": 1.887273e-03, "RBK_Dr": -5.081269e-04, "UAGCVT": 9.660319e-04, "UAAGLS2": 4.313605e-04, "MGt5": 0, "RBK": 0, "METabc": 0, "UAAGLS1": 4.313605e-04, "UAAGDS": 2.141814e-05, "TYRt2r": 0, "TYRTA": -6.898118e-04, "METSOXR2": 0, "METSOXR1": 0, "TTDCAt2": 0, "METS": 1.892152e-02, "RBFSb": 0, "METOX2s": 0, "METOX1s": 0, "TSULabc": 0, "TRPt2r": 0, "TRPTA": 0, "METAT": 1.816365e-02, "RBFSa": 0, "MEPCT": 1.125430e-03, "MEOHt2": 0, "TRPS3": 0, "TRPS2": 0, "IPPMIa": -4.446675e-03, "TRPS1": 4.371386e-04, "TRIATS": 0, "TREabc": 0, "MECDPS": 1.125430e-03, "MECDPDH": 1.125430e-03, "ME1": 0, "MDH": 3.958953e-01, "TRESULT": 1.653280e-04, "TRE6PS": 8.193633e-04, "TRE6PP": 6.783642e-04, "MDFDH": 0, "IPMD": 4.446675e-03, "MCOATA": 5.096158e-02, "MCD": 0, "TRDR": 1.680346e-03, "TPI": 9.973814e-01, "TMPPP": 0, "TMPK": 0, "TMN": 0, "TMHAS6": 0, "MCBTS3": 3.253993e-05, "MCBTS2": 0, "MCBTS": 3.045460e-05, "MANAT3": 2.767415e-05, "MANAT2": 1.153017e-04, "TMHAS5": 0, "MANAT1": 3.651510e-05, "TMHAS4": 2.382931e-05, "IPDPS": 1.125430e-03, "TMHAS3": 2.398136e-05, "TMHAS2": 2.389448e-05, "MAN6PI": -3.455749e-03, "MAN1PT2": 1.390724e-03, "MAN1PT": 0, "MALt2r": 0, "TMHAS1": 2.402481e-05, "IPDDI": 1.023118e-04, "TMDS": 7.935138e-05, "TMDPP": 0, "TMDK1": 0, "BIOMASS_Mtb_9_60atp": 2.172225e-02, "YUMPS": 0, "TKT2": -9.545353e-03, "XYLabc": 0, "INSK": 0, "TKT1": -7.138919e-03, "INSH": 4.718724e-04, "MALTabc": 0, "XYLK": 0, "MALTHPabc": 0, "INDPYRD": 0, "MALT": 0, "XPPT": 0, "VALt2r": 0, "VALTA": -4.471026e-03, "URIK2": 0, "URIDK2r": -7.935138e-05, "UMPK_copy1": 0, "UREA": 0, "MALS": 0, "L_LACt3": 0, "L_LACt2r": 0, "UPPRT": 0, "IMPD": 5.437297e-03, "UPPDC2": 0, "UPPDC1": 0, "UPP3S": 0, "UPP3MT": 0, "L_LACD3": 0, "L_LACD2": 0, "L_LACD": 0, "LYSt5r": 0, "LPLIPAL2E180": 0, "UMPK_copy2": 6.657218e-03, "UGMDDS2": 2.122264e-05, "LPLIPAL2E160": 0, "IMPC": -1.258866e-02, "LO": 0, "UGMDDS": 2.141814e-05, "LEUt2r": 0, "UGMAS": 2.122264e-05, "ILEt2r": 0, "UGMAGS": 2.122264e-05, "UGLDDS2": 4.313605e-04, "LEUTA": -4.446675e-03, "LDH_L": 0, "UGLDDS1": 4.313605e-04, "LCTSabc": 0, "ILETA": -1.905715e-03, "UGGPT3": 2.122264e-05, "LACZ": 0, "Kt3r": -999999, "Kabc": 0, "UGAGDS": 2.122264e-05, "UDPGD": 0, "KARA2": 1.905715e-03, "IGPS": 4.371386e-04, "KARA1": -8.917701e-03, "GLYCTO1": 0, "IGPDH": 8.822927e-04, "IGAMD": 0, "IG3PS": 8.822927e-04, "GLYCL": 0, "IPPS": 4.446675e-03, "ID3ACALDt": 0, "IPPMIb": -4.446675e-03, "GLYCK": 0, "ICL": 3.572709e-01, "GLYC3Pabc": 0, "GLYBabc": 0, "ICHORS": 0, "ICDHyr": 0, "GLXO1": 3.572709e-01, "IACGAMS": 0, "HXPRT": 0, "HSTPT": 8.822927e-04, "GLUt2r": 1.350181e-01, "EX_lys__L_e": 0, "HSST": 5.642007e-03, "EX_leu__L_e": 0, "GLUTRR": 0, "GLUSy": 0, "GLUR": -9.053617e-04, "HSK": 0, "GLUPRT": 1.170637e-02, "GLUDxi": 3.327619e-02, "HSERTA": 0, "GLUDC": 0, "GLUCYS": 0, "GLU5K": 2.998409e-03, "GLNSP3": 0, "EX_lcts_e": 0, "EX_lac__L_e": 0, "EX_k_e": 0, "EX_ile__L_e": 0, "GLNSP2": 0, "GLNSP1": 0, "HSDy": 9.999990e+05, "GLNS": 5.056583e-02, "GLGC": 0, "EX_id3acald_e": 0, "HSDxi": 999999, "EX_his__L_e": 0, "GLCabc": 3.431181e-02, "GLCS1": 0, "GLCP": 0, "HPPK2": 0, "EX_hdca_e": 0, "HPPK": 0, "EX_h_e": -9.437220e-02, "GK1": 1.446485e-04, "GHMT2r": 1.900087e-02, "EX_h2s_e": 0, "EX_h2o_e": -1.712964e-01, "GGLUCT2": 0, "HOPNTAL": 0, "GFUCS": 2.571914e-05, "GF6PTA": 6.887322e-03, "GCCc": 0, "EX_h2co3_e": 1.841848e+00, "EX_h2_e": 1.257584e+00, "GCCb": 0, "HMPK4": 0, "GCCa": 0, "GCC2": 0, "GARFT": 1.170637e-02, "GAPD": 9.871478e-01, "GALt2": 0, "EX_gthrd_e": 0, "EX_glyc_e": -1, "EX_glyc3p_e": 0, "EX_glyb_e": 0, "EX_gly_e": 0,