{"THDPS": 1.702824e-03, "NADTRHD_copy1": -999999, "TDPGDH": 6.095777e-05, "TDPDRR": 6.095777e-05, "TDPDRE": 6.095777e-05, "TDMS4": 2.171584e-05, "TDMS3": 4.321530e-05, "TDMS2": 4.333332e-05, "TDMS1": 6.510816e-05, "RBFK": 0, "TATSO": 2.236495e-05, "TATS": 2.313209e-05, "THZSN": 0, "R05224": 0, "TAS": 1.725465e-04, "R05219": 0, "TARTRt7": 0, "R05217": 0, "TARTD": 0, "QULNS": 0, "TALA": 0, "THZPSN": 0, "SULabc": 1.268724e-03, "QRr": 1.998772e+00, "SULR": 1.119015e-03, "PYRt2": 0, "CYANST_copy1": -999999, "SUCOAS": -9.999989e+05, "SUCD1": 0, "THRt2r": 0, "SUCCt2r": 0, "THRS": 0, "SUCBZS": 0, "THRD_L": -2.697052e-03, "PYRDC": 0, "PYK": 9.380412e-01, "PYDXO": 0, "PYDXNO": 0, "PYAM5PO": 0, "PUNP7": 0, "THMDP": 0, "THFGLUS": 0, "SUCBZL": 0, "PUNP6": 0, "PUNP5": -4.272945e-04, "PUNP4": 0, "PUNP3": 0, "PUNP2": 0, "PMANM": -1.259341e-03, "PUNP1": 4.272945e-04, "SSALy": 5.534741e-01, "PLIPA1E180": 0, "PTPATi": 0, "SSALx": 0, "PTAr": -9.999988e+05, "PLIPA1E160": 0, "PLCD": 0, "PSSA180": 0, "SPODM": 0, "PIt": -2.889302e-02, "PSSA160": 7.988044e-05, "SPMS": 0, "PSP_L": 1.877721e-02, "SOTA": 0, "PSERT": 1.877721e-02, "PIabc": 0, "SKMt2": 0, "PHYCBOXL": 0, "PHTO": 0, "PSD180": 0, "PSD160": 7.988044e-05, "PSCVT": 2.179098e-03, "PRPPS": 2.178551e-02, "PROt2r": 0, "PHTHS2": 2.846269e-05, "PHTHS": 1.193311e-02, "PHTHDLS2": 2.846269e-05, "SHSL4r": 4.422733e-03, "PHTHDLS": 1.193311e-02, "PHTHCLS": 0, "PROabc": 0, "PHTHCLR2": -999999, "PROD2": 0, "PHTHCLR1": 999999, "SHSL1": 6.862715e-04, "PRMICI": 7.989421e-04, "SHKK": 2.179098e-03, "PRFGS": 7.726982e-03, "PREPTTA": -1.193311e-02, "PHEt2r": 0, "PHETA1": -9.461731e-04, "SHK3Dr": 2.179098e-03, "PHDCAt": 0, "PREPTHS2": 2.846269e-05, "PREPTHS": 1.193311e-02, "PREPPACPH": 2.846269e-05, "PHDCATA": -1.269314e-04, "PREPHACPH": 0, "SHCHF3": 0, "PRDX": 0, "PGSA190": 1.142835e-04, "PRATPP": 7.989421e-04, "SHCHF2": 0, "PGSA160190": 3.510727e-04, "SHCHF": 0, "PGSA160": 1.276002e-04, "PRASCSi": 7.726982e-03, "PRAMPC": 7.989421e-04, "PGPPT3": 1.921773e-05, "PGPP190": 1.142835e-04, "PGPP160190": 3.510727e-04, "PGPP160": 1.276002e-04, "PRAIi": 3.958419e-04, "PRAIS": 7.726982e-03, "PRAGSr": 7.726982e-03, "PPTGS_TB2": 3.707821e-04, "PPTGS_TB1": 3.707821e-04, "PGMT": -5.871970e-03, "SHCHD3": 0, "PGM": -9.760492e-01, "PGLYCP": 0, "PGLS": 2.328945e-05, "PPTGS": 0, "PPPGO": 0, "PPNDH": 9.461731e-04, "PPND": 6.246450e-04, "PGL": 2.006653e-02, "PGK": -9.948265e-01, "PPNCL3": 0, "SHCHD2": 0, "PPNCL2": 0, "PGI": 1.154505e-02, "SHCHCS2": 0, "PGCD": 1.877721e-02, "PGAMT": -6.236674e-03, "PPNCL": 0, "PPK2": 999999, "PFL": 9.082929e-01, "PFK": 0, "SHCHCS": 0, "PERD": 0, "G6PP": -3.854517e-02, "PEPCK_re": -1.674924e-02, "PPDK": 0, "SGSAD": 0, "PPDIMAT": 0, "PEAMNO": 0, "PPDIMAS": 2.846269e-05, "PPCSCT": 6.277414e-01, "PPCOAC": 0, "PPCK": -1.602585e-02, "PDX5POi": 0, "PDIMAT": 1.192774e-02, "PDIMAS": 1.193311e-02, "SGDS": 0, "PDHcr_copy1": 0, "PDHcr_copy2": 0, "PPCDC": 0, "PPBNGS": 0, "PPAtr": -6.277414e-01, "SERt2r": 0, "PPA": 5.881018e-02, "SERD_L": 0, "PNTK": 0, "PNCDC": 0, "PDHbr": 0, "PDHa": 0, "PMPK": 0, "SERD_D": 0, "PMDPHT": 0, "PDH": 0, "PDE4": 0, "PDE1": 0, "PC8XM": 0, "SERAT": 1.119015e-03, "PC6YM": 0, "SELCYSLY": 0, "PC6AR": 0, "EX_mal__L_e": 0, "PC20M": 0, "SDPTA": -1.702824e-03, "PC17M": 0, "SDPDS": 1.702824e-03, "PC11M": 0, "MPML": 0, "MOTS": 0, "MOTH": 0, "PC": 0, "PATS": 2.460735e-05, "PAPSR": 1.119015e-03, "PAPPT3": 1.939476e-05, "SALCS": 5.704341e-05, "PAPPT2": 3.906096e-04, "SADT2": 0, "PAPPT1": 3.906096e-04, "MOHMT": 0, "PAPA160": 0, "SADT": 1.268724e-03, "PANTS": 0, "PACt2r": 0, "MNDNS2": 0, "MNDNS1": 0, "MN6PP": 1.869942e-03, "P5CRx": 0, "SADH": 0, "P5CR": 2.715148e-03, "P5CD": 0, "MMSAD3": 0, "RZ5PP": 0, "OXGDC2": 0, "RRPPDIMAS": 2.328945e-05, "RPPDIMAS": 2.328945e-05, "MTHFD": 0, "RPI": -2.178551e-02, "MTHFC": 0, "MTAN": 0, "RPE": -2.179098e-03, "MSHS": 0, "MSHOXH": 0, "RNTR4": 7.185502e-05, "MSHAMID": 0, "MMSAD2": 0, "RNDR4": 0, "MMSAD1": 0, "UDPGALM": 4.313662e-04, "UDPG4E": 1.522548e-03, "UDPDPS2": 0, "RNDR3": 1.310621e-04, "UDPDPS": 0, "UDCPDPS": 9.264636e-05, "MMM2": 7.520225e-01, "UDCPDP": 8.342107e-04, "RNDR2": 1.309835e-04, "UAPGR": 8.747705e-04, "UAMRH": 1.921773e-05, "MME": 7.520225e-01, "MMCD": 6.277414e-01, "UAMAS": 8.006141e-04, "MI4PP": 0, "RNDR1": 6.868813e-05, "MI3PP": 0, "UAMAGS": 8.006141e-04, "UAGPT3": 1.939476e-05, "UAGPT2": 3.906096e-04, "RIBabc": 0, "MI1PS": 3.196595e-04, "RBK_L1": 0, "MI1PP": 3.196595e-04, "MHPGLUT": 0, "UAGPT1": 3.906096e-04, "UAGDP": 1.708981e-03, "RBK_Dr": -4.601239e-04, "UAGCVT": 8.747705e-04, "UAAGLS2": 3.906096e-04, "MGt5": 0, "RBK": 0, "METabc": 0, "UAAGLS1": 3.906096e-04, "UAAGDS": 1.939476e-05, "TYRt2r": 0, "TYRTA": -6.246450e-04, "METSOXR2": 0, "METSOXR1": 0, "TTDCAt2": 0, "METS": 1.426052e-02, "RBFSb": 0, "METOX2s": 0, "METOX1s": 0, "TSULabc": 0, "TRPt2r": 0, "TRPTA": 0, "METAT": 1.357425e-02, "RBFSa": 0, "MEPCT": 1.019110e-03, "MEOHt2": 0, "TRPS3": 3.958419e-04, "TRPS2": 3.958419e-04, "IPPMIa": -4.026596e-03, "TRPS1": 0, "TRIATS": 0, "TREabc": 0, "MECDPS": 1.019110e-03, "MECDPDH": 1.019110e-03, "ME1": 0, "MDH": 1.872192e-01, "TRESULT": 1.497094e-04, "TRE6PS": 7.419577e-04, "TRE6PP": 6.142788e-04, "MDFDH": 0, "IPMD": 4.026596e-03, "MCOATA": 1.166546e-02, "MCD": 0, "TRDR": 1.521603e-03, "TPI": 9.976288e-01, "TMPPP": 0, "TMPK": 0, "TMN": 0, "TMHAS6": 0, "MCBTS3": 2.946587e-05, "MCBTS2": 0, "MCBTS": 2.757754e-05, "MANAT3": 2.505976e-05, "MANAT2": 0, "TMHAS5": 0, "MANAT1": 1.374746e-04, "TMHAS4": 2.157814e-05, "IPDPS": 0, "TMHAS3": 2.171584e-05, "TMHAS2": 2.163715e-05, "MAN6PI": -3.129283e-03, "MAN1PT2": 1.259341e-03, "MAN1PT": 0, "MALt2r": 0, "TMHAS1": 2.175518e-05, "IPDDI": -9.264636e-04, "TMDS": 7.185502e-05, "TMDPP": 0, "TMDK1": 0, "BIOMASS_Mtb_9_60atp": 1.967014e-02, "YUMPS": 0, "TKT2": -2.179098e-03, "XYLabc": 0, "INSK": 0, "TKT1": 0, "INSH": 4.272945e-04, "MALTabc": 0, "XYLK": 0, "MALTHPabc": 0, "INDPYRD": 0, "MALT": 0, "XPPT": 0, "VALt2r": 0, "VALTA": -4.048646e-03, "URIK2": 0, "URIDK2r": -7.185502e-05, "UMPK_copy1": 9.574815e-03, "UREA": 0, "MALS": 1.872192e-01, "L_LACt3": 0, "L_LACt2r": 0, "UPPRT": 0, "IMPD": 4.923633e-03, "UPPDC2": 0, "UPPDC1": 0, "UPP3S": 0, "UPP3MT": 0, "L_LACD3": 0, "L_LACD2": 0, "L_LACD": 0, "LYSt5r": 0, "LPLIPAL2E180": 0, "UMPK_copy2": 0, "UGMDDS2": 1.921773e-05, "LPLIPAL2E160": 0, "IMPC": -8.525924e-03, "LO": 0, "UGMDDS": 1.939476e-05, "LEUt2r": 0, "UGMAS": 1.921773e-05, "ILEt2r": 0, "UGMAGS": 1.921773e-05, "UGLDDS2": 3.906096e-04, "LEUTA": -4.026596e-03, "LDH_L": 0, "UGLDDS1": 3.906096e-04, "LCTSabc": 0, "ILETA": -1.725681e-03, "UGGPT3": 1.921773e-05, "LACZ": 0, "Kt3r": 999999, "Kabc": 0, "UGAGDS": 1.921773e-05, "UDPGD": 3.546507e-03, "KARA2": 1.725681e-03, "IGPS": 3.958419e-04, "KARA1": -8.075242e-03, "GLYCTO1": 0, "IGPDH": 7.989421e-04, "IGAMD": 0, "IG3PS": 7.989421e-04, "GLYCL": 0, "IPPS": 4.026596e-03, "ID3ACALDt": 0, "IPPMIb": -4.026596e-03, "GLYCK": 0, "ICL": 1.872192e-01, "GLYC3Pabc": 0, "GLYBabc": 0, "ICHORS": 0, "ICDHyr": 0, "GLXO1": 0, "IACGAMS": 0, "HXPRT": 0, "HSTPT": 7.989421e-04, "GLUt2r": 5.622914e-01, "EX_lys__L_e": 0, "HSST": 5.109004e-03, "EX_leu__L_e": 0, "GLUTRR": 0, "GLUSy": 0, "GLUR": -8.198318e-04, "HSK": 0, "GLUPRT": 7.726982e-03, "GLUDxi": 4.752350e-01, "HSERTA": 0, "GLUDC": 5.534741e-01, "GLUCYS": 0, "GLU5K": 2.715148e-03, "GLNSP3": 0, "EX_lcts_e": 0, "EX_lac__L_e": 0, "EX_k_e": 0, "EX_ile__L_e": 0, "GLNSP2": 0, "GLNSP1": 0, "HSDy": 9.999990e+05, "GLNS": 4.358840e-02, "GLGC": 0, "EX_id3acald_e": 0, "HSDxi": 999999, "EX_his__L_e": 0, "GLCabc": 4.175440e-02, "GLCS1": 0, "GLCP": 0, "HPPK2": 0, "EX_hdca_e": 0, "HPPK": 0, "EX_h_e": -3.572137e-01, "GK1": 1.309835e-04, "GHMT2r": 1.433237e-02, "EX_h2s_e": 0, "EX_h2o_e": -6.929781e-01, "GGLUCT2": 0, "HOPNTAL": 0, "GFUCS": 2.328945e-05, "GF6PTA": 6.236674e-03, "GCCc": 0, "EX_h2co3_e": 2.181385e+00, "EX_h2_e": 8.920400e-01, "GCCb": 0, "HMPK4": 0, "GCCa": 0, "GCC2": 0, "GARFT": 7.726982e-03, "GAPD": 9.948265e-01, "GALt2": 0, "EX_gthrd_e": 0, "EX_glyc_e": -1, "EX_glyc3p_e": 0,