{"THDPS": 1.462061e-03, "NADTRHD_copy1": 999999, "TDPGDH": 5.233891e-05, "TDPDRR": 5.233891e-05, "TDPDRE": 5.233891e-05, "TDMS4": 1.864542e-05, "TDMS3": 3.710506e-05, "TDMS2": 3.720640e-05, "TDMS1": 5.590249e-05, "RBFK": 0, "TATSO": 1.920276e-05, "TATS": 1.986143e-05, "THZSN": 0, "R05224": 0, "TAS": 1.481500e-04, "R05219": 0, "TARTRt7": 0, "R05217": 0, "TARTD": 0, "QULNS": 0, "TALA": -4.728084e-03, "THZPSN": 0, "SULabc": 1.089338e-03, "QRr": -999999, "SULR": 9.607965e-04, "PYRt2": 0, "CYANST_copy1": -999999, "SUCOAS": -9.999990e+05, "SUCD1": 0, "THRt2r": 0, "SUCCt2r": -3.705512e-01, "THRS": 0, "SUCBZS": 0, "THRD_L": -2.315714e-03, "PYRDC": 0, "PYK": 5.799984e-01, "PYDXO": 0, "PYDXNO": 0, "PYAM5PO": 0, "PUNP7": 0, "THMDP": 0, "THFGLUS": 0, "SUCBZL": 0, "PUNP6": 0, "PUNP5": -3.668791e-04, "PUNP4": 0, "PUNP3": 0, "PUNP2": 0, "PMANM": -1.081282e-03, "PUNP1": 3.668791e-04, "SSALy": 0, "PLIPA1E180": 0, "PTPATi": 0, "SSALx": 0, "PTAr": -9.999986e+05, "PLIPA1E160": 0, "PLCD": 0, "PSSA180": 0, "SPODM": 0, "PIt": -1.871769e-02, "PSSA160": 6.858610e-05, "SPMS": 0, "PSP_L": 1.612229e-02, "SOTA": 0, "PSERT": 1.612229e-02, "PIabc": 0, "SKMt2": 0, "PHYCBOXL": 0, "PHTO": 0, "PSD180": 0, "PSD160": 6.858610e-05, "PSCVT": 1.870994e-03, "PRPPS": 1.566018e-02, "PROt2r": 0, "PHTHS2": 2.443834e-05, "PHTHS": 4.610688e-06, "PHTHDLS2": 2.443834e-05, "SHSL4r": -9.999990e+05, "PHTHDLS": 4.610688e-06, "PHTHCLS": 0, "PROabc": 0, "PHTHCLR2": -999999, "PROD2": 0, "PHTHCLR1": 999999, "SHSL1": 999999, "PRMICI": 6.859792e-04, "SHKK": 1.870994e-03, "PRFGS": 6.634460e-03, "PREPTTA": -4.610688e-06, "PHEt2r": 0, "PHETA1": -8.123932e-04, "SHK3Dr": 1.870994e-03, "PHDCAt": 0, "PREPTHS2": 2.443834e-05, "PREPTHS": 4.610688e-06, "PREPPACPH": 2.443834e-05, "PHDCATA": -1.089845e-04, "PREPHACPH": 0, "SHCHF3": 0, "PRDX": 0, "PGSA190": 9.812491e-05, "PRATPP": 6.859792e-04, "SHCHF2": 0, "PGSA160190": 3.014343e-04, "SHCHF": 0, "PGSA160": 1.095587e-04, "PRASCSi": 6.634460e-03, "PRAMPC": 6.859792e-04, "PGPPT3": 1.650052e-05, "PGPP190": 9.812491e-05, "PGPP160190": 3.014343e-04, "PGPP160": 1.095587e-04, "PRAIi": 3.398736e-04, "PRAIS": 6.634460e-03, "PRAGSr": 6.634460e-03, "PPTGS_TB2": 3.183571e-04, "PPTGS_TB1": 3.183571e-04, "PGMT": -1.996665e-03, "SHCHD3": 0, "PGM": -9.747076e-01, "PGLYCP": 0, "PGLS": 1.999654e-05, "PPTGS": 0, "PPPGO": 0, "PPNDH": 8.123932e-04, "PPND": 5.363261e-04, "PGL": 0, "PGK": -9.908299e-01, "PPNCL3": 0, "SHCHD2": 0, "PPNCL2": 0, "PGI": 1.936886e-02, "SHCHCS2": 0, "PGCD": 1.612229e-02, "PGAMT": -5.354867e-03, "PPNCL": 0, "PPK2": 0, "PFL": 5.544563e-01, "PFK": 0, "SHCHCS": 0, "PERD": 0, "G6PP": -2.227704e-02, "PEPCK_re": 9.999986e+05, "PPDK": 0, "SGSAD": 0, "PPDIMAT": 0, "PEAMNO": 0, "PPDIMAS": 2.443834e-05, "PPCSCT": 0, "PPCOAC": 0, "PPCK": -999999, "PDX5POi": 0, "PDIMAT": 0, "PDIMAS": 4.610688e-06, "SGDS": 0, "PDHcr_copy1": -999999, "PDHcr_copy2": 999999, "PPCDC": 0, "PPBNGS": 0, "PPAtr": 0, "SERt2r": 0, "PPA": 3.153993e-02, "SERD_L": 0, "PNTK": 0, "PNCDC": 0, "PDHbr": 0, "PDHa": 0, "PMPK": 0, "SERD_D": 0, "PMDPHT": 0, "PDH": 0, "PDE4": 0, "PDE1": 0, "PC8XM": 0, "SERAT": 9.607965e-04, "PC6YM": 0, "SELCYSLY": 0, "PC6AR": 0, "EX_mal__L_e": 5.868415e-02, "PC20M": 0, "SDPTA": -1.462061e-03, "PC17M": 0, "SDPDS": 1.462061e-03, "PC11M": 0, "MPML": 0, "MOTS": 0, "MOTH": 0, "PC": 0, "PATS": 2.112810e-05, "PAPSR": 9.607965e-04, "PAPPT3": 1.665252e-05, "SALCS": 4.897801e-05, "PAPPT2": 3.353811e-04, "SADT2": 0, "PAPPT1": 3.353811e-04, "MOHMT": 0, "PAPA160": 0, "SADT": 1.089338e-03, "PANTS": 0, "PACt2r": 0, "MNDNS2": 0, "MNDNS1": 0, "MN6PP": 1.605550e-03, "P5CRx": 0, "SADH": 0, "P5CR": 2.331252e-03, "P5CD": 0, "MMSAD3": 0, "RZ5PP": 0, "OXGDC2": 0, "RRPPDIMAS": 1.999654e-05, "RPPDIMAS": 1.999654e-05, "MTHFD": -9.999990e+05, "RPI": -1.093209e-02, "MTHFC": 1.024127e-02, "MTAN": 0, "RPE": -1.132716e-02, "MSHS": 0, "MSHOXH": 0, "RNTR4": 6.169540e-05, "MSHAMID": 0, "MMSAD2": 0, "RNDR4": 0, "MMSAD1": 0, "UDPGALM": 3.703751e-04, "UDPG4E": 1.307274e-03, "UDPDPS2": 0, "RNDR3": 1.125312e-04, "UDPDPS": 7.954704e-05, "UDCPDPS": 0, "MMM2": 4.296283e-03, "UDCPDP": 7.162611e-04, "RNDR2": 1.124636e-04, "UAPGR": 7.510862e-04, "UAMRH": 1.650052e-05, "MME": 4.296283e-03, "MMCD": 0, "UAMAS": 6.874148e-04, "MI4PP": 0, "RNDR1": 5.897628e-05, "MI3PP": 0, "UAMAGS": 6.874148e-04, "UAGPT3": 1.665252e-05, "UAGPT2": 3.353811e-04, "RIBabc": 0, "MI1PS": 2.744626e-04, "RBK_L1": 0, "MI1PP": 2.744626e-04, "MHPGLUT": 0, "UAGPT1": 3.353811e-04, "UAGDP": 1.467347e-03, "RBK_Dr": -3.950667e-04, "UAGCVT": 7.510862e-04, "UAAGLS2": 3.353811e-04, "MGt5": 0, "RBK": 0, "METabc": 0, "UAAGLS1": 3.353811e-04, "UAAGDS": 1.665252e-05, "TYRt2r": 0, "TYRTA": -5.363261e-04, "METSOXR2": 0, "METSOXR1": 0, "TTDCAt2": 0, "METS": 2.002947e-03, "RBFSb": 0, "METOX2s": 0, "METOX1s": 0, "TSULabc": 0, "TRPt2r": 0, "TRPTA": 0, "METAT": 1.413708e-03, "RBFSa": 0, "MEPCT": 8.750175e-04, "MEOHt2": 0, "TRPS3": 0, "TRPS2": 0, "IPPMIa": -3.457273e-03, "TRPS1": 3.398736e-04, "TRIATS": 0, "TREabc": 0, "MECDPS": 8.750175e-04, "MECDPDH": 8.750175e-04, "ME1": 0, "MDH": 0, "TRESULT": 1.285419e-04, "TRE6PS": 6.370519e-04, "TRE6PP": 5.274256e-04, "MDFDH": 0, "IPMD": 3.457273e-03, "MCOATA": 1.001607e-02, "MCD": 0, "TRDR": 1.306463e-03, "TPI": 9.979641e-01, "TMPPP": 0, "TMPK": 0, "TMN": 0, "TMHAS6": 0, "MCBTS3": 2.529967e-05, "MCBTS2": 0, "MCBTS": 2.367833e-05, "MANAT3": 2.151655e-05, "MANAT2": 8.964664e-05, "TMHAS5": 0, "MANAT1": 2.839036e-05, "TMHAS4": 1.852720e-05, "IPDPS": 8.750175e-04, "TMHAS3": 1.864542e-05, "TMHAS2": 1.857787e-05, "MAN6PI": -2.686832e-03, "MAN1PT2": 1.081282e-03, "MAN1PT": 0, "MALt2r": -5.868415e-02, "TMHAS1": 1.867920e-05, "IPDDI": 7.954704e-05, "TMDS": 6.169540e-05, "TMDPP": 0, "TMDK1": 0, "BIOMASS_Mtb_9_60atp": 1.688897e-02, "YUMPS": 0, "TKT2": -6.599077e-03, "XYLabc": 0, "INSK": 0, "TKT1": -4.728084e-03, "INSH": 3.668791e-04, "MALTabc": 0, "XYLK": 0, "MALTHPabc": 0, "INDPYRD": 0, "MALT": 0, "XPPT": 0, "VALt2r": 0, "VALTA": -3.476206e-03, "URIK2": 0, "URIDK2r": -6.169540e-05, "UMPK_copy1": 999999, "UREA": 0, "MALS": 5.868415e-02, "L_LACt3": 1.423257e+00, "L_LACt2r": 1.423257e+00, "UPPRT": 0, "IMPD": 4.227478e-03, "UPPDC2": 0, "UPPDC1": 0, "UPP3S": 0, "UPP3MT": 0, "L_LACD3": 0, "L_LACD2": 0, "L_LACD": 0, "LYSt5r": 0, "LPLIPAL2E180": 0, "UMPK_copy2": -9.999990e+05, "UGMDDS2": 1.650052e-05, "LPLIPAL2E160": 0, "IMPC": -7.320439e-03, "LO": 0, "UGMDDS": 1.665252e-05, "LEUt2r": 0, "UGMAS": 1.650052e-05, "ILEt2r": 0, "UGMAGS": 1.650052e-05, "UGLDDS2": 3.353811e-04, "LEUTA": -3.457273e-03, "LDH_L": 0, "UGLDDS1": 3.353811e-04, "LCTSabc": 0, "ILETA": -1.481686e-03, "UGGPT3": 1.650052e-05, "LACZ": 0, "Kt3r": -999999, "Kabc": 0, "UGAGDS": 1.650052e-05, "UDPGD": 0, "KARA2": 1.481686e-03, "IGPS": 3.398736e-04, "KARA1": -6.933479e-03, "GLYCTO1": 0, "IGPDH": 6.859792e-04, "IGAMD": 0, "IG3PS": 6.859792e-04, "GLYCL": 0, "IPPS": 3.457273e-03, "ID3ACALDt": 0, "IPPMIb": -3.457273e-03, "GLYCK": 0, "ICL": 3.651201e-01, "GLYC3Pabc": 0, "GLYBabc": 0, "ICHORS": 0, "ICDHyr": 0, "GLXO1": 3.064360e-01, "IACGAMS": 0, "HXPRT": 0, "HSTPT": 6.859792e-04, "GLUt2r": 7.570581e-03, "EX_lys__L_e": 0, "HSST": 4.386639e-03, "EX_leu__L_e": 0, "GLUTRR": 0, "GLUSy": 0, "GLUR": -7.039153e-04, "HSK": 0, "GLUPRT": 6.634460e-03, "GLUDxi": -6.413180e-02, "HSERTA": 0, "GLUDC": 0, "GLUCYS": 0, "GLU5K": 2.331252e-03, "GLNSP3": 0, "EX_lcts_e": 0, "EX_lac__L_e": 0, "EX_k_e": 0, "EX_ile__L_e": 0, "GLNSP2": 0, "GLNSP1": 0, "HSDy": 9.999990e+05, "GLNS": 3.438035e-02, "GLGC": 0, "EX_id3acald_e": 0, "HSDxi": 999999, "EX_his__L_e": 0, "GLCabc": 2.503251e-02, "GLCS1": 0, "GLCP": 0, "HPPK2": 0, "EX_hdca_e": 0, "HPPK": 0, "EX_h_e": 1.573042e+00, "GK1": 1.124636e-04, "GHMT2r": 1.230591e-02, "EX_h2s_e": 0, "EX_h2o_e": 1.406980e+00, "GGLUCT2": 0, "HOPNTAL": 0, "GFUCS": 1.999654e-05, "GF6PTA": 5.354867e-03, "GCCc": 0, "EX_h2co3_e": 1.721082e-01, "EX_h2_e": 5.507427e-01, "GCCb": 0, "HMPK4": 0, "GCCa": 0, "GCC2": 0, "GARFT": 6.634460e-03, "GAPD": 9.908299e-01, "GALt2": 0, "EX_gthrd_e": 0, "EX_glyc_e": -1,