{"THDPS": 1.337801e-03, "NADTRHD_copy1": 2.802433e-01, "TDPGDH": 4.789066e-05, "TDPDRR": 4.789066e-05, "TDPDRE": 4.789066e-05, "TDMS4": 1.706076e-05, "TDMS3": 3.395153e-05, "TDMS2": 3.404425e-05, "TDMS1": 5.115137e-05, "RBFK": 0, "TATSO": 1.757073e-05, "TATS": 1.817342e-05, "THZSN": 0, "R05224": 0, "TAS": 1.355588e-04, "R05219": 0, "TARTRt7": 0, "R05217": 0, "TARTD": 0, "QULNS": 0, "TALA": -4.326246e-03, "THZPSN": 0, "SULabc": 9.967562e-04, "QRr": 0, "SULR": 8.791390e-04, "PYRt2": 0, "CYANST_copy1": -999999, "SUCOAS": 0, "SUCD1": 0, "THRt2r": 0, "SUCCt2r": 0, "THRS": 0, "SUCBZS": 0, "THRD_L": -2.118903e-03, "PYRDC": 0, "PYK": 7.337637e-01, "PYDXO": 0, "PYDXNO": 0, "PYAM5PO": 0, "PUNP7": 0, "THMDP": 0, "THFGLUS": 0, "SUCBZL": 0, "PUNP6": 0, "PUNP5": -3.356982e-04, "PUNP4": 0, "PUNP3": 0, "PUNP2": 0, "PMANM": -9.893849e-04, "PUNP1": 3.356982e-04, "SSALy": 2.849985e-02, "PLIPA1E180": 0, "PTPATi": 0, "SSALx": 0, "PTAr": 0, "PLIPA1E160": 0, "PLCD": 0, "PSSA180": 0, "SPODM": 0, "PIt": -1.712688e-02, "PSSA160": 6.275701e-05, "SPMS": 0, "PSP_L": 2.537343e-01, "SOTA": 0, "PSERT": 2.537343e-01, "PIabc": 0, "SKMt2": 0, "PHYCBOXL": 0, "PHTO": 0, "PSD180": 0, "PSD160": 6.275701e-05, "PSCVT": 1.711979e-03, "PRPPS": 1.432923e-02, "PROt2r": 0, "PHTHS2": 2.236134e-05, "PHTHS": 4.218829e-06, "PHTHDLS2": 2.236134e-05, "SHSL4r": 3.474661e-03, "PHTHDLS": 4.218829e-06, "PHTHCLS": 0, "PROabc": 0, "PHTHCLR2": -999999, "PROD2": 0, "PHTHCLR1": 999999, "SHSL1": 5.391601e-04, "PRMICI": 6.276783e-04, "SHKK": 1.711979e-03, "PRFGS": 6.070601e-03, "PREPTTA": -4.218829e-06, "PHEt2r": 0, "PHETA1": -7.433483e-04, "SHK3Dr": 1.711979e-03, "PHDCAt": 0, "PREPTHS2": 2.236134e-05, "PREPTHS": 4.218829e-06, "PREPPACPH": 2.236134e-05, "PHDCATA": -9.972198e-05, "PREPHACPH": 0, "SHCHF3": 0, "PRDX": 0, "PGSA190": 8.978533e-05, "PRATPP": 6.276783e-04, "SHCHF2": 0, "PGSA160190": 2.758156e-04, "SHCHF": 0, "PGSA160": 1.002474e-04, "PRASCSi": 6.070601e-03, "PRAMPC": 6.276783e-04, "PGPPT3": 1.509815e-05, "PGPP190": 8.978533e-05, "PGPP160190": 2.758156e-04, "PGPP160": 1.002474e-04, "PRAIi": 3.109879e-04, "PRAIS": 6.070601e-03, "PRAGSr": 6.070601e-03, "PPTGS_TB2": 2.913001e-04, "PPTGS_TB1": 2.913001e-04, "PGMT": -1.826969e-03, "SHCHD3": 0, "PGM": -7.378749e-01, "PGLYCP": 0, "PGLS": 1.829704e-05, "PPTGS": 0, "PPPGO": 0, "PPNDH": 7.433483e-04, "PPND": 4.907440e-04, "PGL": 0, "PGK": -9.916092e-01, "PPNCL3": 0, "SHCHD2": 0, "PPNCL2": 0, "PGI": 1.772271e-02, "SHCHCS2": 0, "PGCD": 2.537343e-01, "PGAMT": -4.899760e-03, "PPNCL": 0, "PPK2": 0, "PFL": 1.191587e-01, "PFK": 0, "SHCHCS": 0, "PERD": 0, "G6PP": -2.038373e-02, "PEPCK_re": 0, "PPDK": 0, "SGSAD": 0, "PPDIMAT": 0, "PEAMNO": 0, "PPDIMAS": 2.236134e-05, "PPCSCT": 0, "PPCOAC": 0, "PPCK": 0, "PDX5POi": 0, "PDIMAT": 0, "PDIMAS": 4.218829e-06, "SGDS": 0, "PDHcr_copy1": 0, "PDHcr_copy2": 0, "PPCDC": 0, "PPBNGS": 0, "PPAtr": 0, "SERt2r": 0, "PPA": 2.885937e-02, "SERD_L": 0, "PNTK": 0, "PNCDC": 0, "PDHbr": 0, "PDHa": 0, "PMPK": 0, "SERD_D": 0, "PMDPHT": 0, "PDH": 0, "PDE4": 0, "PDE1": 0, "PC8XM": 0, "SERAT": 8.791390e-04, "PC6YM": 0, "SELCYSLY": 0, "PC6AR": 0, "EX_mal__L_e": 0, "PC20M": 0, "SDPTA": -1.337801e-03, "PC17M": 0, "SDPDS": 1.337801e-03, "PC11M": 0, "MPML": 0, "MOTS": 0, "MOTH": 0, "PC": 0, "PATS": 1.933243e-05, "PAPSR": 8.791390e-04, "PAPPT3": 1.523723e-05, "SALCS": 4.481540e-05, "PAPPT2": 3.068773e-04, "SADT2": 0, "PAPPT1": 3.068773e-04, "MOHMT": 0, "PAPA160": 0, "SADT": 9.967562e-04, "PANTS": 0, "PACt2r": 0, "MNDNS2": 0, "MNDNS1": 0, "MN6PP": 1.469095e-03, "P5CRx": 2.133120e-03, "SADH": 0, "P5CR": 0, "P5CD": 0, "MMSAD3": 1.050634e-02, "RZ5PP": 0, "OXGDC2": 0, "RRPPDIMAS": 1.829704e-05, "RPPDIMAS": 1.829704e-05, "MTHFD": -9.999985e+05, "RPI": -1.000298e-02, "MTHFC": 4.873354e-01, "MTAN": 0, "RPE": -1.036447e-02, "MSHS": 0, "MSHOXH": 0, "RNTR4": 5.645194e-05, "MSHAMID": 0, "MMSAD2": 0, "RNDR4": 0, "MMSAD1": 0, "UDPGALM": 3.388971e-04, "UDPG4E": 1.196169e-03, "UDPDPS2": 0, "RNDR3": 1.029672e-04, "UDPDPS": 7.278638e-05, "UDCPDPS": 0, "MMM2": 3.931145e-03, "UDCPDP": 6.553865e-04, "RNDR2": 1.029054e-04, "UAPGR": 6.872518e-04, "UAMRH": 1.509815e-05, "MME": 3.931145e-03, "MMCD": 0, "UAMAS": 6.289918e-04, "MI4PP": 0, "RNDR1": 5.396392e-05, "MI3PP": 0, "UAMAGS": 6.289918e-04, "UAGPT3": 1.523723e-05, "UAGPT2": 3.068773e-04, "RIBabc": 0, "MI1PS": 2.511362e-04, "RBK_L1": 0, "MI1PP": 2.511362e-04, "MHPGLUT": 0, "UAGPT1": 3.068773e-04, "UAGDP": 1.342638e-03, "RBK_Dr": -3.614903e-04, "UAGCVT": 6.872518e-04, "UAAGLS2": 3.068773e-04, "MGt5": 0, "RBK": 0, "METabc": 0, "UAAGLS1": 3.068773e-04, "UAAGDS": 1.523723e-05, "TYRt2r": 0, "TYRTA": -4.907440e-04, "METSOXR2": 0, "METSOXR1": 0, "TTDCAt2": 0, "METS": 1.832718e-03, "RBFSb": 0, "METOX2s": 0, "METOX1s": 0, "TSULabc": 0, "TRPt2r": 0, "TRPTA": 0, "METAT": 1.293558e-03, "RBFSa": 0, "MEPCT": 8.006502e-04, "MEOHt2": 0, "TRPS3": 3.109879e-04, "TRPS2": 3.109879e-04, "IPPMIa": -3.163442e-03, "TRPS1": 0, "TRIATS": 0, "TREabc": 0, "MECDPS": 8.006502e-04, "MECDPDH": 8.006502e-04, "ME1": 0, "MDH": 4.358649e-02, "TRESULT": 1.176172e-04, "TRE6PS": 5.829092e-04, "TRE6PP": 4.826000e-04, "MDFDH": 0, "IPMD": 3.163442e-03, "MCOATA": 9.164810e-03, "MCD": 0, "TRDR": 1.195427e-03, "TPI": 9.981371e-01, "TMPPP": 0, "TMPK": 0, "TMN": 0, "TMHAS6": 0, "MCBTS3": 2.314947e-05, "MCBTS2": 0, "MCBTS": 2.166593e-05, "MANAT3": 1.968787e-05, "MANAT2": 8.202763e-05, "TMHAS5": 0, "MANAT1": 2.597748e-05, "TMHAS4": 1.695258e-05, "IPDPS": 0, "TMHAS3": 1.706076e-05, "TMHAS2": 1.699894e-05, "MAN6PI": -2.458480e-03, "MAN1PT2": 9.893849e-04, "MAN1PT": 0, "MALt2r": 0, "TMHAS1": 1.709166e-05, "IPDDI": -7.278638e-04, "TMDS": 5.645194e-05, "TMDPP": 0, "TMDK1": 0, "BIOMASS_Mtb_9_60atp": 1.545358e-02, "YUMPS": 0, "TKT2": -6.038226e-03, "XYLabc": 0, "INSK": 0, "TKT1": -4.326246e-03, "INSH": 3.356982e-04, "MALTabc": 0, "XYLK": 0, "MALTHPabc": 0, "INDPYRD": 0, "MALT": 0, "XPPT": 0, "VALt2r": 0, "VALTA": -3.180765e-03, "URIK2": 0, "URIDK2r": -5.645194e-05, "UMPK_copy1": 999999, "UREA": 0, "MALS": 0, "L_LACt3": 0, "L_LACt2r": 0, "UPPRT": 0, "IMPD": 3.868187e-03, "UPPDC2": 0, "UPPDC1": 0, "UPP3S": 0, "UPP3MT": 0, "L_LACD3": 0, "L_LACD2": 0, "L_LACD": 0, "LYSt5r": 0, "LPLIPAL2E180": 0, "UMPK_copy2": -9.999990e+05, "UGMDDS2": 1.509815e-05, "LPLIPAL2E160": 0, "IMPC": -6.698279e-03, "LO": 0, "UGMDDS": 1.523723e-05, "LEUt2r": 0, "UGMAS": 1.509815e-05, "ILEt2r": 0, "UGMAGS": 1.509815e-05, "UGLDDS2": 3.068773e-04, "LEUTA": -3.163442e-03, "LDH_L": 0, "UGLDDS1": 3.068773e-04, "LCTSabc": 0, "ILETA": -1.355758e-03, "UGGPT3": 1.509815e-05, "LACZ": 0, "Kt3r": -999999, "Kabc": 0, "UGAGDS": 1.509815e-05, "UDPGD": 0, "KARA2": 1.355758e-03, "IGPS": 3.109879e-04, "KARA1": -6.344206e-03, "GLYCTO1": 0, "IGPDH": 6.276783e-04, "IGAMD": 0, "IG3PS": 6.276783e-04, "GLYCL": 0, "IPPS": 3.163442e-03, "ID3ACALDt": 0, "IPPMIb": -3.163442e-03, "GLYCK": 0, "ICL": 1.011709e-02, "GLYC3Pabc": 0, "GLYBabc": 0, "ICHORS": 0, "ICDHyr": 0, "GLXO1": 0, "IACGAMS": 0, "HXPRT": 0, "HSTPT": 6.276783e-04, "GLUt2r": 3.542701e-02, "EX_lys__L_e": 0, "HSST": 4.013821e-03, "EX_leu__L_e": 0, "GLUTRR": 0, "GLUSy": 0, "GLUR": -6.440900e-04, "HSK": 0, "GLUPRT": 6.070601e-03, "GLUDxi": -2.818632e+00, "HSERTA": 0, "GLUDC": 2.849985e-02, "GLUCYS": 0, "GLU5K": 2.133120e-03, "GLNSP3": 0, "EX_lcts_e": 0, "EX_lac__L_e": 0, "EX_k_e": 0, "EX_ile__L_e": 0, "GLNSP2": 0, "GLNSP1": 0, "HSDy": 9.999990e+05, "GLNS": 3.145838e-02, "GLGC": 0, "EX_id3acald_e": 0, "HSDxi": 999999, "EX_his__L_e": 0, "GLCabc": 2.290501e-02, "GLCS1": 0, "GLCP": 0, "HPPK2": 0, "EX_hdca_e": 0, "HPPK": 0, "EX_h_e": 6.374071e-01, "GK1": 1.029054e-04, "GHMT2r": 2.502423e-01, "EX_h2s_e": 0, "EX_h2o_e": 1.153805e+00, "GGLUCT2": 0, "HOPNTAL": 0, "GFUCS": 1.829704e-05, "GF6PTA": 4.899760e-03, "GCCc": 2.389823e-01, "EX_h2co3_e": 8.928173e-01, "EX_h2_e": 5.937252e-01, "GCCb": 2.389823e-01, "HMPK4": 0, "GCCa": 2.389823e-01, "GCC2": 0, "GARFT": 6.070601e-03, "GAPD": 9.916092e-01, "GALt2": 0, "EX_gthrd_e": 0, "EX_glyc_e": -1, "EX_glyc3p_e": 0, "EX_glyb_e": 0, "EX_gly_e": 0,