{"THDPS": 2.353033e-03, "NADTRHD_copy1": 999999, "TDPGDH": 8.423394e-05, "TDPDRR": 8.423394e-05, "TDPDRE": 8.423394e-05, "TDMS4": 3.000783e-05, "TDMS3": 5.971667e-05, "TDMS2": 5.987976e-05, "TDMS1": 8.996913e-05, "RBFK": 0, "TATSO": 3.090480e-05, "TATS": 3.196486e-05, "THZSN": 0, "R05224": 0, "TAS": 2.384318e-04, "R05219": 0, "TARTRt7": 0, "R05217": 0, "TARTD": 0, "QULNS": 0, "TALA": -7.609350e-03, "THZPSN": 0, "SULabc": 1.753175e-03, "QRr": -9.999978e+05, "SULR": 1.546300e-03, "PYRt2": 0, "CYANST_copy1": -999999, "SUCOAS": 1.740110e-01, "SUCD1": 0, "THRt2r": 0, "SUCCt2r": 0, "THRS": 7.059832e-03, "SUCBZS": 0, "THRD_L": 3.332935e-03, "PYRDC": 0, "PYK": 2.871489e+00, "PYDXO": 0, "PYDXNO": 0, "PYAM5PO": 0, "PUNP7": 0, "THMDP": 0, "THFGLUS": 0, "SUCBZL": 0, "PUNP6": 0, "PUNP5": -5.904530e-04, "PUNP4": 0, "PUNP3": 0, "PUNP2": 0, "PMANM": -1.740210e-03, "PUNP1": 5.904530e-04, "SSALy": 0, "PLIPA1E180": 0, "PTPATi": 0, "SSALx": 9.878160e-01, "PTAr": -7.167895e-01, "PLIPA1E160": 0, "PLCD": 0, "PSSA180": 0, "SPODM": 0, "PIt": -3.012414e-02, "PSSA160": 1.103821e-04, "SPMS": 0, "PSP_L": 2.594712e-02, "SOTA": 0, "PSERT": 2.594712e-02, "PIabc": 0, "SKMt2": 0, "PHYCBOXL": 0, "PHTO": 0, "PSD180": 0, "PSD160": 1.103821e-04, "PSCVT": 3.011166e-03, "PRPPS": 2.520340e-02, "PROt2r": 0, "PHTHS2": 3.933092e-05, "PHTHS": 1.648966e-02, "PHTHDLS2": 3.933092e-05, "SHSL4r": -999999, "PHTHDLS": 1.648966e-02, "PHTHCLS": 0, "PROabc": 0, "PHTHCLR2": -999999, "PROD2": 0, "PHTHCLR1": 999999, "SHSL1": 999999, "PRMICI": 1.104011e-03, "SHKK": 3.011166e-03, "PRFGS": 1.067746e-02, "PREPTTA": -1.648966e-02, "PHEt2r": 0, "PHETA1": -1.307461e-03, "SHK3Dr": 3.011166e-03, "PHDCAt": 0, "PREPTHS2": 3.933092e-05, "PREPTHS": 1.648966e-02, "PREPPACPH": 3.933092e-05, "PHDCATA": -1.753990e-04, "PREPHACPH": 0, "SHCHF3": 0, "PRDX": 0, "PGSA190": 1.579216e-04, "PRATPP": 1.104011e-03, "SHCHF2": 0, "PGSA160190": 4.851266e-04, "SHCHF": 0, "PGSA160": 1.763232e-04, "PRASCSi": 1.067746e-02, "PRAMPC": 1.104011e-03, "PGPPT3": 2.655584e-05, "PGPP190": 1.579216e-04, "PGPP160190": 4.851266e-04, "PGPP160": 1.763232e-04, "PRAIi": 5.469906e-04, "PRAIS": 1.067746e-02, "PRAGSr": 1.067746e-02, "PPTGS_TB2": 5.123620e-04, "PPTGS_TB1": 5.123620e-04, "PGMT": -3.213420e-03, "SHCHD3": 0, "PGM": -2.878720e+00, "PGLYCP": 0, "PGLS": 3.218231e-05, "PPTGS": 0, "PPPGO": 0, "PPNDH": 1.307461e-03, "PPND": 8.631601e-04, "PGL": 0, "PGK": -2.904667e+00, "PPNCL3": 0, "SHCHD2": 0, "PPNCL2": 0, "PGI": 9.908850e-01, "SHCHCS2": 0, "PGCD": 2.594712e-02, "PGAMT": -8.618092e-03, "PPNCL": 0, "PPK2": 0, "PFL": 2.245893e-02, "PFK": 9.597128e-01, "SHCHCS": 0, "PERD": 0, "G6PP": -9.955654e-01, "PEPCK_re": 999999, "PPDK": 0, "SGSAD": 0, "PPDIMAT": 0, "PEAMNO": 0, "PPDIMAS": 3.933092e-05, "PPCSCT": 0, "PPCOAC": 0, "PPCK": -999999, "PDX5POi": 0, "PDIMAT": 1.648224e-02, "PDIMAS": 1.648966e-02, "SGDS": 0, "PDHcr_copy1": -999999, "PDHcr_copy2": 999999, "PPCDC": 0, "PPBNGS": 0, "PPAtr": 0, "SERt2r": 0, "PPA": 6.724241e-02, "SERD_L": 0, "PNTK": 0, "PNCDC": 0, "PDHbr": 0, "PDHa": 0, "PMPK": 0, "SERD_D": 0, "PMDPHT": 0, "PDH": 0, "PDE4": 0, "PDE1": 0, "PC8XM": 0, "SERAT": 1.546300e-03, "PC6YM": 0, "SELCYSLY": 0, "PC6AR": 0, "EX_mal__L_e": 0, "PC20M": 0, "SDPTA": -2.353033e-03, "PC17M": 0, "SDPDS": 2.353033e-03, "PC11M": 0, "MPML": 0, "MOTS": 0, "MOTH": 0, "PC": 0, "PATS": 3.400344e-05, "PAPSR": 1.546300e-03, "PAPPT3": 2.680047e-05, "SALCS": 7.882492e-05, "PAPPT2": 5.397604e-04, "SADT2": 0, "PAPPT1": 5.397604e-04, "MOHMT": 0, "PAPA160": 0, "SADT": 1.753175e-03, "PANTS": 0, "PACt2r": 0, "MNDNS2": 0, "MNDNS1": 0, "MN6PP": 2.583962e-03, "P5CRx": 0, "SADH": 0, "P5CR": 3.751903e-03, "P5CD": 0, "MMSAD3": 0, "RZ5PP": 0, "OXGDC2": 0, "RRPPDIMAS": 3.218231e-05, "RPPDIMAS": 3.218231e-05, "MTHFD": 0, "RPI": -1.759405e-02, "MTHFC": 0, "MTAN": 0, "RPE": -1.822987e-02, "MSHS": 0, "MSHOXH": 0, "RNTR4": 9.929222e-05, "MSHAMID": 0, "MMSAD2": 0, "RNDR4": 0, "MMSAD1": 0, "UDPGALM": 5.960795e-04, "UDPG4E": 2.103919e-03, "UDPDPS2": 0, "RNDR3": 1.811070e-04, "UDPDPS": 1.280225e-04, "UDCPDPS": 0, "MMM2": 1.717368e-01, "UDCPDP": 1.152746e-03, "RNDR2": 1.809983e-04, "UAPGR": 1.208794e-03, "UAMRH": 2.655584e-05, "MME": 1.717368e-01, "MMCD": 0, "UAMAS": 1.106321e-03, "MI4PP": 0, "RNDR1": 9.491608e-05, "MI3PP": 0, "UAMAGS": 1.106321e-03, "UAGPT3": 2.680047e-05, "UAGPT2": 5.397604e-04, "RIBabc": 0, "MI1PS": 4.417185e-04, "RBK_L1": 0, "MI1PP": 4.417185e-04, "MHPGLUT": 0, "UAGPT1": 5.397604e-04, "UAGDP": 2.361540e-03, "RBK_Dr": -6.358181e-04, "UAGCVT": 1.208794e-03, "UAAGLS2": 5.397604e-04, "MGt5": 0, "RBK": 0, "METabc": 0, "UAAGLS1": 5.397604e-04, "UAAGDS": 2.680047e-05, "TYRt2r": 0, "TYRTA": -8.631601e-04, "METSOXR2": 0, "METSOXR1": 0, "TTDCAt2": 0, "METS": 1.970577e-02, "RBFSb": 0, "METOX2s": 0, "METOX1s": 0, "TSULabc": 0, "TRPt2r": 0, "TRPTA": 0, "METAT": 1.875745e-02, "RBFSa": 0, "MEPCT": 1.408248e-03, "MEOHt2": 0, "TRPS3": 0, "TRPS2": 0, "IPPMIa": -5.564115e-03, "TRPS1": 5.469906e-04, "TRIATS": 0, "TREabc": 0, "MECDPS": 1.408248e-03, "MECDPDH": 1.408248e-03, "ME1": 8.367348e-01, "MDH": -5.766741e-02, "TRESULT": 2.068746e-04, "TRE6PS": 1.025268e-03, "TRE6PP": 8.488357e-04, "MDFDH": 0, "IPMD": 5.564115e-03, "MCOATA": 1.611980e-02, "MCD": 0, "TRDR": 2.102614e-03, "TPI": 1.956436e+00, "TMPPP": 0, "TMPK": 0, "TMN": 0, "TMHAS6": 0, "MCBTS3": 4.071715e-05, "MCBTS2": 0, "MCBTS": 3.810777e-05, "MANAT3": 3.462860e-05, "MANAT2": 1.442768e-04, "TMHAS5": 0, "MANAT1": 4.569127e-05, "TMHAS4": 2.981756e-05, "IPDPS": 0, "TMHAS3": 3.000783e-05, "TMHAS2": 2.989911e-05, "MAN6PI": -4.324172e-03, "MAN1PT2": 1.740210e-03, "MAN1PT": 0, "MALt2r": 0, "TMHAS1": 3.006219e-05, "IPDDI": -1.280225e-03, "TMDS": 9.929222e-05, "TMDPP": 0, "TMDK1": 0, "BIOMASS_Mtb_9_60atp": 2.718101e-02, "YUMPS": 0, "TKT2": -1.062052e-02, "XYLabc": 0, "INSK": 0, "TKT1": -7.609350e-03, "INSH": 5.904530e-04, "MALTabc": 0, "XYLK": 0, "MALTHPabc": 0, "INDPYRD": 0, "MALT": 0, "XPPT": 0, "VALt2r": -1.822329e+00, "VALTA": -1.827923e+00, "URIK2": 0, "URIDK2r": -9.929222e-05, "UMPK_copy1": 999999, "UREA": 0, "MALS": 0, "L_LACt3": 0, "L_LACt2r": 0, "UPPRT": 0, "IMPD": 6.803678e-03, "UPPDC2": 0, "UPPDC1": 0, "UPP3S": 0, "UPP3MT": 0, "L_LACD3": 0, "L_LACD2": 0, "L_LACD": 0, "LYSt5r": 0, "LPLIPAL2E180": 0, "UMPK_copy2": -9.999990e+05, "UGMDDS2": 2.655584e-05, "LPLIPAL2E160": 0, "IMPC": -1.178147e-02, "LO": 0, "UGMDDS": 2.680047e-05, "LEUt2r": 0, "UGMAS": 2.655584e-05, "ILEt2r": 0, "UGMAGS": 2.655584e-05, "UGLDDS2": 5.397604e-04, "LEUTA": -5.564115e-03, "LDH_L": 0, "UGLDDS1": 5.397604e-04, "LCTSabc": 0, "ILETA": -2.384617e-03, "UGGPT3": 2.655584e-05, "LACZ": 0, "Kt3r": -999999, "Kabc": 0, "UGAGDS": 2.655584e-05, "UDPGD": 0, "KARA2": 2.384617e-03, "IGPS": 5.469906e-04, "KARA1": -1.833487e+00, "GLYCTO1": 0, "IGPDH": 1.104011e-03, "IGAMD": 0, "IG3PS": 1.104011e-03, "GLYCL": 0, "IPPS": 5.564115e-03, "ID3ACALDt": 0, "IPPMIb": -5.564115e-03, "GLYCK": 0, "ICL": 0, "GLYC3Pabc": 0, "GLYBabc": 0, "ICHORS": 0, "ICDHyr": 0, "GLXO1": 0, "IACGAMS": 0, "HXPRT": 0, "HSTPT": 1.104011e-03, "GLUt2r": 1, "EX_lys__L_e": 0, "HSST": 0, "EX_leu__L_e": 0, "GLUTRR": 0, "GLUSy": 0, "GLUR": -1.132877e-03, "HSK": 7.059832e-03, "GLUPRT": 1.067746e-02, "GLUDxi": -9.377262e-01, "HSERTA": 0, "GLUDC": 0, "GLUCYS": 0, "GLU5K": 3.751903e-03, "GLNSP3": 0, "EX_lcts_e": 0, "EX_lac__L_e": 0, "EX_k_e": 0, "EX_ile__L_e": 0, "GLNSP2": 0, "GLNSP1": 0, "HSDy": 9.999990e+05, "GLNS": 5.533153e-02, "GLGC": 0, "EX_id3acald_e": 0, "HSDxi": 999999, "EX_his__L_e": 0, "GLCabc": 1, "GLCS1": 0, "GLCP": 0, "HPPK2": 0, "EX_hdca_e": 0, "HPPK": 0, "EX_h_e": -7.956512e-01, "GK1": 1.809983e-04, "GHMT2r": 1.980506e-02, "EX_h2s_e": 0, "EX_h2o_e": 999999, "GGLUCT2": 0, "HOPNTAL": 0, "GFUCS": 3.218231e-05, "GF6PTA": 8.618092e-03, "GCCc": 0, "EX_h2co3_e": -9.999941e+05, "EX_h2_e": 0, "GCCb": 0, "HMPK4": 0, "GCCa": 0, "GCC2": 0, "GARFT": 1.067746e-02, "GAPD": 2.904667e+00, "GALt2": 0, "EX_gthrd_e": 0, "EX_glyc_e": -1, "EX_glyc3p_e": 0, "EX_glyb_e": 0, "EX_gly_e": 0, "EX_glu__L_e": -1, "GALUi": 3.129186e-03,