{"THDPS": 1.556439e-03, "NADTRHD_copy1": 999999, "TDPGDH": 5.571745e-05, "TDPDRR": 5.571745e-05, "TDPDRE": 5.571745e-05, "TDMS4": 1.984901e-05, "TDMS3": 3.950024e-05, "TDMS2": 3.960812e-05, "TDMS1": 5.951106e-05, "RBFK": 0, "TATSO": 2.044232e-05, "TATS": 2.114351e-05, "THZSN": 0, "R05224": 0, "TAS": 1.577133e-04, "R05219": 0, "TARTRt7": 0, "R05217": 0, "TARTD": 0, "QULNS": 0, "TALA": -8.667405e-03, "THZPSN": 0, "SULabc": 1.159657e-03, "QRr": -9.999975e+05, "SULR": 1.022817e-03, "PYRt2": 0, "CYANST_copy1": -999999, "SUCOAS": 1.074772e-02, "SUCD1": 0, "THRt2r": 0, "SUCCt2r": 0, "THRS": 0, "SUCBZS": 0, "THRD_L": -2.465196e-03, "PYRDC": 0, "PYK": 8.859221e-01, "PYDXO": 0, "PYDXNO": 0, "PYAM5PO": 0, "PUNP7": 0, "THMDP": 0, "THFGLUS": 0, "SUCBZL": 0, "PUNP6": 0, "PUNP5": -3.905615e-04, "PUNP4": 0, "PUNP3": 0, "PUNP2": 0, "PMANM": -1.151081e-03, "PUNP1": 3.905615e-04, "SSALy": 1.580400e-01, "PLIPA1E180": 0, "PTPATi": 0, "SSALx": 0, "PTAr": 1.982601e-01, "PLIPA1E160": 0, "PLCD": 0, "PSSA180": 0, "SPODM": 0, "PIt": -3.082829e-02, "PSSA160": 7.301342e-05, "SPMS": 0, "PSP_L": 2.806536e-02, "SOTA": 0, "PSERT": 2.806536e-02, "PIabc": 0, "SKMt2": 0, "PHYCBOXL": 0, "PHTO": 0, "PSD180": 0, "PSD160": 7.301342e-05, "PSCVT": 1.991769e-03, "PRPPS": 2.757341e-02, "PROt2r": 0, "PHTHS2": 2.601586e-05, "PHTHS": 4.908314e-06, "PHTHDLS2": 2.601586e-05, "SHSL4r": 4.042527e-03, "PHTHDLS": 4.908314e-06, "PHTHCLS": 0, "PROabc": 0, "PHTHCLR2": -999999, "PROD2": 0, "PHTHCLR1": 999999, "SHSL1": 6.272753e-04, "PRMICI": 7.302600e-04, "SHKK": 1.991769e-03, "PRFGS": 1.796508e-02, "PREPTTA": -4.908314e-06, "PHEt2r": 0, "PHETA1": -8.648341e-04, "SHK3Dr": 1.991769e-03, "PHDCAt": 0, "PREPTHS2": 2.601586e-05, "PREPTHS": 4.908314e-06, "PREPPACPH": 2.601586e-05, "PHDCATA": -1.160196e-04, "PREPHACPH": 0, "SHCHF3": 0, "PRDX": 0, "PGSA190": 1.044590e-04, "PRATPP": 7.302600e-04, "SHCHF2": 0, "PGSA160190": 3.208923e-04, "SHCHF": 0, "PGSA160": 1.166309e-04, "PRASCSi": 1.796508e-02, "PRAMPC": 7.302600e-04, "PGPPT3": 1.756565e-05, "PGPP190": 1.044590e-04, "PGPP160190": 3.208923e-04, "PGPP160": 1.166309e-04, "PRAIi": 3.618129e-04, "PRAIS": 1.796508e-02, "PRAGSr": 1.796508e-02, "PPTGS_TB2": 3.389074e-04, "PPTGS_TB1": 3.389074e-04, "PGMT": -2.125552e-03, "SHCHD3": 0, "PGM": -8.907052e-01, "PGLYCP": 0, "PGLS": 2.128734e-05, "PPTGS": 0, "PPPGO": 0, "PPNDH": 8.648341e-04, "PPND": 5.709466e-04, "PGL": 0, "PGK": -9.187706e-01, "PPNCL3": 0, "SHCHD2": 0, "PPNCL2": 0, "PGI": -6.029243e-03, "SHCHCS2": 0, "PGCD": 2.806536e-02, "PGAMT": -5.700530e-03, "PPNCL": 0, "PPK2": 0, "PFL": 8.587312e-01, "PFK": 0, "SHCHCS": 0, "PERD": 0, "G6PP": 2.933338e-03, "PEPCK_re": 0, "PPDK": 0, "SGSAD": 0, "PPDIMAT": 0, "PEAMNO": 0, "PPDIMAS": 2.601586e-05, "PPCSCT": 0, "PPCOAC": 0, "PPCK": 0, "PDX5POi": 0, "PDIMAT": 0, "PDIMAS": 4.908314e-06, "SGDS": 0, "PDHcr_copy1": -999999, "PDHcr_copy2": 999999, "PPCDC": 0, "PPBNGS": 0, "PPAtr": 0, "SERt2r": 0, "PPA": 6.628293e-02, "SERD_L": 0, "PNTK": 0, "PNCDC": 0, "PDHbr": 0, "PDHa": 0, "PMPK": 0, "SERD_D": 0, "PMDPHT": 0, "PDH": 0, "PDE4": 0, "PDE1": 0, "PC8XM": 0, "SERAT": 1.022817e-03, "PC6YM": 0, "SELCYSLY": 0, "PC6AR": 0, "EX_mal__L_e": 0, "PC20M": 0, "SDPTA": -1.556439e-03, "PC17M": 0, "SDPDS": 1.556439e-03, "PC11M": 0, "MPML": 0, "MOTS": 0, "MOTH": 0, "PC": 0, "PATS": 2.249194e-05, "PAPSR": 1.022817e-03, "PAPPT3": 1.772746e-05, "SALCS": 5.213960e-05, "PAPPT2": 3.570304e-04, "SADT2": 0, "PAPPT1": 3.570304e-04, "MOHMT": 0, "PAPA160": 0, "SADT": 1.159657e-03, "PANTS": 0, "PACt2r": 0, "MNDNS2": 0, "MNDNS1": 0, "MN6PP": 1.709190e-03, "P5CRx": 0, "SADH": 0, "P5CR": 2.481737e-03, "P5CD": 0, "MMSAD3": 0, "RZ5PP": 0, "OXGDC2": 0, "RRPPDIMAS": 2.128734e-05, "RPPDIMAS": 2.128734e-05, "MTHFD": 0, "RPI": -1.890601e-02, "MTHFC": 0, "MTAN": 0, "RPE": -1.932658e-02, "MSHS": 0, "MSHOXH": 0, "RNTR4": 6.567791e-05, "MSHAMID": 0, "MMSAD2": 0, "RNDR4": 0, "MMSAD1": 0, "UDPGALM": 3.942832e-04, "UDPG4E": 1.391660e-03, "UDPDPS2": 0, "RNDR3": 1.197952e-04, "UDPDPS": 8.468190e-05, "UDCPDPS": 0, "MMM2": 4.573614e-03, "UDCPDP": 7.624967e-04, "RNDR2": 1.197233e-04, "UAPGR": 7.995697e-04, "UAMRH": 1.756565e-05, "MME": 4.573614e-03, "MMCD": 0, "UAMAS": 7.317882e-04, "MI4PP": 0, "RNDR1": 6.278327e-05, "MI3PP": 0, "UAMAGS": 7.317882e-04, "UAGPT3": 1.772746e-05, "UAGPT2": 3.570304e-04, "RIBabc": 0, "MI1PS": 2.921795e-04, "RBK_L1": 0, "MI1PP": 2.921795e-04, "MHPGLUT": 0, "UAGPT1": 3.570304e-04, "UAGDP": 1.562066e-03, "RBK_Dr": -4.205688e-04, "UAGCVT": 7.995697e-04, "UAAGLS2": 3.570304e-04, "MGt5": 0, "RBK": 0, "METabc": 0, "UAAGLS1": 3.570304e-04, "UAAGDS": 1.772746e-05, "TYRt2r": 0, "TYRTA": -5.709466e-04, "METSOXR2": 0, "METSOXR1": 0, "TTDCAt2": 0, "METS": 2.393695e-02, "RBFSb": 0, "METOX2s": 0, "METOX1s": 0, "TSULabc": 0, "TRPt2r": 0, "TRPTA": 0, "METAT": 2.330967e-02, "RBFSa": 0, "MEPCT": 9.315009e-04, "MEOHt2": 0, "TRPS3": 3.618129e-04, "TRPS2": 3.618129e-04, "IPPMIa": -3.680444e-03, "TRPS1": 0, "TRIATS": 0, "TREabc": 0, "MECDPS": 9.315009e-04, "MECDPDH": 9.315009e-04, "ME1": 0, "MDH": 2.478036e-01, "TRESULT": 1.368395e-04, "TRE6PS": 6.781744e-04, "TRE6PP": 5.614716e-04, "MDFDH": 0, "IPMD": 3.680444e-03, "MCOATA": 1.414909e-01, "MCD": 0, "TRDR": 1.390797e-03, "TPI": 9.639160e-01, "TMPPP": 0, "TMPK": 0, "TMN": 0, "TMHAS6": 0, "MCBTS3": 2.693280e-05, "MCBTS2": 0, "MCBTS": 2.520680e-05, "MANAT3": 2.290546e-05, "MANAT2": 9.543344e-05, "TMHAS5": 0, "MANAT1": 3.022299e-05, "TMHAS4": 1.972315e-05, "IPDPS": 9.315009e-04, "TMHAS3": 1.984901e-05, "TMHAS2": 1.977709e-05, "MAN6PI": -2.860270e-03, "MAN1PT2": 1.151081e-03, "MAN1PT": 0, "MALt2r": 0, "TMHAS1": 1.988496e-05, "IPDDI": 8.468190e-05, "TMDS": 6.567791e-05, "TMDPP": 0, "TMDK1": 0, "BIOMASS_Mtb_9_60atp": 1.797917e-02, "YUMPS": 0, "TKT2": -1.065917e-02, "XYLabc": 0, "INSK": 0, "TKT1": -8.667405e-03, "INSH": 3.905615e-04, "MALTabc": 0, "XYLK": 0, "MALTHPabc": 0, "INDPYRD": 0, "MALT": 0, "XPPT": 0, "VALt2r": 0, "VALTA": -3.700599e-03, "URIK2": 0, "URIDK2r": -6.567791e-05, "UMPK_copy1": 0, "UREA": 0, "MALS": 2.478036e-01, "L_LACt3": 0, "L_LACt2r": 0, "UPPRT": 0, "IMPD": 4.500366e-03, "UPPDC2": 0, "UPPDC1": 0, "UPP3S": 0, "UPP3MT": 0, "L_LACD3": 0, "L_LACD2": 0, "L_LACD": 0, "LYSt5r": 0, "LPLIPAL2E180": 0, "UMPK_copy2": 5.510077e-03, "UGMDDS2": 1.756565e-05, "LPLIPAL2E160": 0, "IMPC": -1.869534e-02, "LO": 0, "UGMDDS": 1.772746e-05, "LEUt2r": 0, "UGMAS": 1.756565e-05, "ILEt2r": 0, "UGMAGS": 1.756565e-05, "UGLDDS2": 3.570304e-04, "LEUTA": -3.680444e-03, "LDH_L": 0, "UGLDDS1": 3.570304e-04, "LCTSabc": 0, "ILETA": -1.577331e-03, "UGGPT3": 1.756565e-05, "LACZ": 0, "Kt3r": 999999, "Kabc": 0, "UGAGDS": 1.756565e-05, "UDPGD": 0, "KARA2": 1.577331e-03, "IGPS": 3.618129e-04, "KARA1": -7.381043e-03, "GLYCTO1": 0, "IGPDH": 7.302600e-04, "IGAMD": 0, "IG3PS": 7.302600e-04, "GLYCL": 0, "IPPS": 3.680444e-03, "ID3ACALDt": 0, "IPPMIb": -3.680444e-03, "GLYCK": 0, "ICL": 2.478036e-01, "GLYC3Pabc": 0, "GLYBabc": 0, "ICHORS": 0, "ICDHyr": 0, "GLXO1": 0, "IACGAMS": 0, "HXPRT": 0, "HSTPT": 7.302600e-04, "GLUt2r": 1.660993e-01, "EX_lys__L_e": 0, "HSST": 4.669802e-03, "EX_leu__L_e": 0, "GLUTRR": 0, "GLUSy": 0, "GLUR": -7.493539e-04, "HSK": 0, "GLUPRT": 1.796508e-02, "GLUDxi": 0, "HSERTA": 0, "GLUDC": 1.580400e-01, "GLUCYS": 0, "GLU5K": 2.481737e-03, "GLNSP3": 0, "EX_lcts_e": 0, "EX_lac__L_e": 0, "EX_k_e": 0, "EX_ile__L_e": 0, "GLNSP2": 0, "GLNSP1": 0, "HSDy": 9.999990e+05, "GLNS": 5.840435e-02, "GLGC": 0, "EX_id3acald_e": 0, "HSDxi": 999999, "EX_his__L_e": 0, "GLCabc": 0, "GLCS1": 0, "GLCP": 0, "HPPK2": 0, "EX_hdca_e": 0, "HPPK": 0, "EX_h_e": 6.007012e-01, "GK1": 1.197233e-04, "GHMT2r": 2.400263e-02, "EX_h2s_e": 0, "EX_h2o_e": 1.009784e+00, "GGLUCT2": 0, "HOPNTAL": 0, "GFUCS": 2.128734e-05, "GF6PTA": 5.700530e-03, "GCCc": 0, "EX_h2co3_e": 9.815376e-01, "EX_h2_e": 8.220708e-01, "GCCb": 0, "HMPK4": 0, "GCCa": 0, "GCC2": 0, "GARFT": 1.796508e-02, "GAPD": 9.187706e-01, "GALt2": 0, "EX_gthrd_e": 0, "EX_glyc_e": -1, "EX_glyc3p_e": 0, "EX_glyb_e": 0, "EX_gly_e": 0, "EX_glu__L_e": -1.660993e-01,