{"THDPS": 1.271787e-03, "NADTRHD_copy1": 999999, "TDPGDH": 4.552747e-05, "TDPDRR": 4.552747e-05, "TDPDRE": 4.552747e-05, "TDMS4": 1.621889e-05, "TDMS3": 3.227617e-05, "TDMS2": 3.236432e-05, "TDMS1": 4.862728e-05, "RBFK": 0, "TATSO": 1.670369e-05, "TATS": 1.727664e-05, "THZSN": 0, "R05224": 0, "TAS": 1.288696e-04, "R05219": 0, "TARTRt7": 0, "R05217": 0, "TARTD": 0, "QULNS": 0, "TALA": 1.140401e-01, "THZPSN": 0, "SULabc": 9.475708e-04, "QRr": -9.999970e+05, "SULR": 8.357574e-04, "PYRt2": 0, "CYANST_copy1": -999999, "SUCOAS": 9.786668e-02, "SUCD1": 0, "THRt2r": 0, "SUCCt2r": 0, "THRS": 0, "SUCBZS": 0, "THRD_L": -2.014344e-03, "PYRDC": 0, "PYK": 1.334453e+00, "PYDXO": 0, "PYDXNO": 0, "PYAM5PO": 0, "PUNP7": 0, "THMDP": 0, "THFGLUS": 0, "SUCBZL": 0, "PUNP6": 0, "PUNP5": -3.191330e-04, "PUNP4": 0, "PUNP3": 0, "PUNP2": 0, "PMANM": -9.405632e-04, "PUNP1": 3.191330e-04, "SSALy": 7.394922e-01, "PLIPA1E180": 0, "PTPATi": 0, "SSALx": 0, "PTAr": -3.874165e-01, "PLIPA1E160": 0, "PLCD": 0, "PSSA180": 0, "SPODM": 0, "PIt": -1.628175e-02, "PSSA160": 5.966023e-05, "SPMS": 0, "PSP_L": 1.402412e-02, "SOTA": 0, "PSERT": 1.402412e-02, "PIabc": 0, "SKMt2": 0, "PHYCBOXL": 0, "PHTO": 0, "PSD180": 0, "PSD160": 5.966023e-05, "PSCVT": 1.627501e-03, "PRPPS": 1.362215e-02, "PROt2r": 0, "PHTHS2": 2.125791e-05, "PHTHS": 8.912469e-03, "PHTHDLS2": 2.125791e-05, "SHSL4r": 3.303202e-03, "PHTHDLS": 8.912469e-03, "PHTHCLS": 0, "PROabc": 0, "PHTHCLR2": -999999, "PROD2": 0, "PHTHCLR1": 999999, "SHSL1": 5.125550e-04, "PRMICI": 5.967051e-04, "SHKK": 1.627501e-03, "PRFGS": 5.771044e-03, "PREPTTA": -8.912469e-03, "PHEt2r": 0, "PHETA1": -7.066674e-04, "SHK3Dr": 1.627501e-03, "PHDCAt": 0, "PREPTHS2": 2.125791e-05, "PREPTHS": 8.912469e-03, "PREPPACPH": 2.125791e-05, "PHDCATA": -9.480115e-05, "PREPHACPH": 0, "SHCHF3": 0, "PRDX": 0, "PGSA190": 8.535482e-05, "PRATPP": 5.967051e-04, "SHCHF2": 0, "PGSA160190": 2.622053e-04, "SHCHF": 0, "PGSA160": 9.530065e-05, "PRASCSi": 5.771044e-03, "PRAMPC": 5.967051e-04, "PGPPT3": 1.435313e-05, "PGPP190": 8.535482e-05, "PGPP160190": 2.622053e-04, "PGPP160": 9.530065e-05, "PRAIi": 2.956421e-04, "PRAIS": 5.771044e-03, "PRAGSr": 5.771044e-03, "PPTGS_TB2": 2.769257e-04, "PPTGS_TB1": 2.769257e-04, "PGMT": -1.736816e-03, "SHCHD3": 0, "PGM": -1.096152e+00, "PGLYCP": 0, "PGLS": 1.739417e-05, "PPTGS": 0, "PPPGO": 0, "PPNDH": 7.066674e-04, "PPND": 4.665280e-04, "PGL": 3.544587e-01, "PGK": -1.110176e+00, "PPNCL3": 0, "SHCHD2": 0, "PPNCL2": 0, "PGI": -2.194576e-01, "SHCHCS2": 0, "PGCD": 1.402412e-02, "PGAMT": -4.657979e-03, "PPNCL": 0, "PPK2": 0, "PFL": 1.213879e-02, "PFK": 0, "SHCHCS": 0, "PERD": 0, "G6PP": -1.375308e-01, "PEPCK_re": 999999, "PPDK": 0, "SGSAD": 0, "PPDIMAT": 0, "PEAMNO": 0, "PPDIMAS": 2.125791e-05, "PPCSCT": 6.551319e-01, "PPCOAC": 0, "PPCK": -9.999988e+05, "PDX5POi": 0, "PDIMAT": 8.908458e-03, "PDIMAS": 8.912469e-03, "SGDS": 0, "PDHcr_copy1": 0, "PDHcr_copy2": 0, "PPCDC": 0, "PPBNGS": 0, "PPAtr": -6.551319e-01, "SERt2r": 0, "PPA": 3.634375e-02, "SERD_L": 0, "PNTK": 0, "PNCDC": 0, "PDHbr": 0, "PDHa": 0, "PMPK": 0, "SERD_D": 0, "PMDPHT": 0, "PDH": 0, "PDE4": 0, "PDE1": 0, "PC8XM": 0, "SERAT": 8.357574e-04, "PC6YM": 0, "SELCYSLY": 0, "PC6AR": 0, "EX_mal__L_e": 0, "PC20M": 0, "SDPTA": -1.271787e-03, "PC17M": 0, "SDPDS": 1.271787e-03, "PC11M": 0, "MPML": 0, "MOTS": 0, "MOTH": 0, "PC": 0, "PATS": 1.837847e-05, "PAPSR": 8.357574e-04, "PAPPT3": 1.448535e-05, "SALCS": 4.260396e-05, "PAPPT2": 2.917343e-04, "SADT2": 0, "PAPPT1": 2.917343e-04, "MOHMT": 0, "PAPA160": 0, "SADT": 9.475708e-04, "PANTS": 0, "PACt2r": 0, "MNDNS2": 0, "MNDNS1": 0, "MN6PP": 1.396602e-03, "P5CRx": 2.027860e-03, "SADH": 0, "P5CR": 0, "P5CD": 0, "MMSAD3": 0, "RZ5PP": 0, "OXGDC2": 0, "RRPPDIMAS": 1.739417e-05, "RPPDIMAS": 1.739417e-05, "MTHFD": 0, "RPI": -1.276623e-01, "MTHFC": 0, "MTAN": 0, "RPE": 2.264528e-01, "MSHS": 0, "MSHOXH": 0, "RNTR4": 0, "MSHAMID": 0, "MMSAD2": 0, "RNDR4": 5.366630e-05, "MMSAD1": 0, "UDPGALM": 3.221741e-04, "UDPG4E": 1.137144e-03, "UDPDPS2": 0, "RNDR3": 9.788626e-05, "UDPDPS": 0, "UDCPDPS": 6.919470e-05, "MMM2": 7.479537e-01, "UDCPDP": 6.230461e-04, "RNDR2": 9.782750e-05, "UAPGR": 6.533390e-04, "UAMRH": 1.435313e-05, "MME": 7.479537e-01, "MMCD": 6.551319e-01, "UAMAS": 5.979539e-04, "MI4PP": 0, "RNDR1": 5.130104e-05, "MI3PP": 0, "UAMAGS": 5.979539e-04, "UAGPT3": 1.448535e-05, "UAGPT2": 2.917343e-04, "RIBabc": 0, "MI1PS": 2.387438e-04, "RBK_L1": 0, "MI1PP": 2.387438e-04, "MHPGLUT": 0, "UAGPT1": 2.917343e-04, "UAGDP": 1.276385e-03, "RBK_Dr": -3.436523e-04, "UAGCVT": 6.533390e-04, "UAAGLS2": 2.917343e-04, "MGt5": 0, "RBK": 0, "METabc": 0, "UAAGLS1": 2.917343e-04, "UAAGDS": 1.448535e-05, "TYRt2r": 0, "TYRTA": -4.665280e-04, "METSOXR2": 0, "METSOXR1": 0, "TTDCAt2": 0, "METS": 1.065074e-02, "RBFSb": 0, "METOX2s": 0, "METOX1s": 0, "TSULabc": 0, "TRPt2r": 0, "TRPTA": 0, "METAT": 1.013818e-02, "RBFSa": 0, "MEPCT": 7.611417e-04, "MEOHt2": 0, "TRPS3": 0, "TRPS2": 0, "IPPMIa": -3.007340e-03, "TRPS1": 2.956421e-04, "TRIATS": 0, "TREabc": 0, "MECDPS": 7.611417e-04, "MECDPDH": 7.611417e-04, "ME1": 0, "MDH": 0, "TRESULT": 1.118134e-04, "TRE6PS": 5.541453e-04, "TRE6PP": 4.587859e-04, "MDFDH": 0, "IPMD": 3.007340e-03, "MCOATA": 8.712568e-03, "MCD": 0, "TRDR": 1.136439e-03, "TPI": 9.982290e-01, "TMPPP": 0, "TMPK": 0, "TMN": 0, "TMHAS6": 0, "MCBTS3": 2.200715e-05, "MCBTS2": 0, "MCBTS": 2.059681e-05, "MANAT3": 1.871636e-05, "MANAT2": 7.797993e-05, "TMHAS5": 0, "MANAT1": 2.469560e-05, "TMHAS4": 1.611605e-05, "IPDPS": 7.611417e-04, "TMHAS3": 1.621889e-05, "TMHAS2": 1.616012e-05, "MAN6PI": -2.337165e-03, "MAN1PT2": 9.405632e-04, "MAN1PT": 0, "MALt2r": 0, "TMHAS1": 1.624827e-05, "IPDDI": 6.919470e-05, "TMDS": 5.366630e-05, "TMDPP": 0, "TMDK1": 0, "BIOMASS_Mtb_9_60atp": 1.469102e-02, "YUMPS": 0, "TKT2": 1.124126e-01, "XYLabc": 0, "INSK": 0, "TKT1": 1.140401e-01, "INSH": 3.191330e-04, "MALTabc": 0, "XYLK": 0, "MALTHPabc": 0, "INDPYRD": 0, "MALT": 0, "XPPT": 0, "VALt2r": -6.500483e-01, "VALTA": -6.530721e-01, "URIK2": 0, "URIDK2r": -5.366630e-05, "UMPK_copy1": 999999, "UREA": 0, "MALS": 0, "L_LACt3": 0, "L_LACt2r": 0, "UPPRT": 0, "IMPD": 3.677309e-03, "UPPDC2": 0, "UPPDC1": 0, "UPP3S": 0, "UPP3MT": 0, "L_LACD3": 0, "L_LACD2": 0, "L_LACD": 0, "LYSt5r": 0, "LPLIPAL2E180": 0, "UMPK_copy2": -9.999990e+05, "UGMDDS2": 1.435313e-05, "LPLIPAL2E160": 0, "IMPC": -6.367749e-03, "LO": 0, "UGMDDS": 1.448535e-05, "LEUt2r": 0, "UGMAS": 1.435313e-05, "ILEt2r": 0, "UGMAGS": 1.435313e-05, "UGLDDS2": 2.917343e-04, "LEUTA": -3.007340e-03, "LDH_L": 0, "UGLDDS1": 2.917343e-04, "LCTSabc": 0, "ILETA": -1.288858e-03, "UGGPT3": 1.435313e-05, "LACZ": 0, "Kt3r": -999999, "Kabc": 0, "UGAGDS": 1.435313e-05, "UDPGD": 0, "KARA2": 1.288858e-03, "IGPS": 2.956421e-04, "KARA1": -6.560794e-01, "GLYCTO1": 0, "IGPDH": 5.967051e-04, "IGAMD": 0, "IG3PS": 5.967051e-04, "GLYCL": 0, "IPPS": 3.007340e-03, "ID3ACALDt": 0, "IPPMIb": -3.007340e-03, "GLYCK": 0, "ICL": 0, "GLYC3Pabc": 0, "GLYBabc": 0, "ICHORS": 0, "ICDHyr": 0, "GLXO1": 0, "IACGAMS": 0, "HXPRT": 0, "HSTPT": 5.967051e-04, "GLUt2r": 7.460775e-01, "EX_lys__L_e": 0, "HSST": 3.815757e-03, "EX_leu__L_e": 0, "GLUTRR": 0, "GLUSy": 0, "GLUR": -6.123070e-04, "HSK": 0, "GLUPRT": 5.771044e-03, "GLUDxi": 3.365829e-02, "HSERTA": 0, "GLUDC": 7.394922e-01, "GLUCYS": 0, "GLU5K": 2.027860e-03, "GLNSP3": 0, "EX_lcts_e": 0, "EX_lac__L_e": 0, "EX_k_e": 0, "EX_ile__L_e": 0, "GLNSP2": 0, "GLNSP1": 0, "HSDy": 9.999990e+05, "GLNS": 2.990605e-02, "GLGC": 0, "EX_id3acald_e": 0, "HSDxi": 999999, "EX_his__L_e": 0, "GLCabc": 1.399276e-01, "GLCS1": 0, "GLCP": 0, "HPPK2": 0, "EX_hdca_e": 0, "HPPK": 0, "EX_h_e": -1, "GK1": 9.782750e-05, "GHMT2r": 1.070441e-02, "EX_h2s_e": 0, "EX_h2o_e": 9.999988e+05, "GGLUCT2": 0, "HOPNTAL": 0, "GFUCS": 1.739417e-05, "GF6PTA": 4.657979e-03, "GCCc": 0, "EX_h2co3_e": -9.999963e+05, "EX_h2_e": 0, "GCCb": 0, "HMPK4": 0, "GCCa": 0, "GCC2": 0, "GARFT": 5.771044e-03, "GAPD": 1.110176e+00, "GALt2": 0, "EX_gthrd_e": 0, "EX_glyc_e": -1, "EX_glyc3p_e": 0, "EX_glyb_e": 0, "EX_gly_e": 0,