{"THDPS": 5.436629e-04, "NADTRHD_copy1": 0, "TDPGDH": 1.946206e-05, "TDPDRR": 1.946206e-05, "TDPDRE": 1.946206e-05, "TDMS4": 6.933242e-06, "TDMS3": 1.379740e-05, "TDMS2": 1.383508e-05, "TDMS1": 2.078716e-05, "RBFK": 0, "TATSO": 7.140485e-06, "TATS": 7.385410e-06, "THZSN": 0, "R05224": 0, "TAS": 5.508913e-05, "R05219": 0, "TARTRt7": 0, "R05217": 0, "TARTD": 0, "QULNS": 0, "TALA": 0, "THZPSN": 0, "SULabc": 4.050671e-04, "QRr": 0, "SULR": 3.572692e-04, "PYRt2": 0, "CYANST_copy1": 0, "SUCOAS": 0, "SUCD1": 0, "THRt2r": 0, "SUCCt2r": 0, "THRS": 0, "SUCBZS": 0, "THRD_L": -8.610910e-04, "PYRDC": 0, "PYK": 8.562876e-01, "PYDXO": 0, "PYDXNO": 0, "PYAM5PO": 0, "PUNP7": 0, "THMDP": 0, "THFGLUS": 0, "SUCBZL": 0, "PUNP6": 0, "PUNP5": 0, "PUNP4": 0, "PUNP3": 0, "PUNP2": 0, "PMANM": -4.020715e-04, "PUNP1": 0, "SSALy": 0, "PLIPA1E180": 0, "PTPATi": 0, "SSALx": 0, "PTAr": -3.942790e-02, "PLIPA1E160": 0, "PLCD": 0, "PSSA180": 0, "SPODM": 0, "PIt": -6.960114e-03, "PSSA160": 2.550353e-05, "SPMS": 0, "PSP_L": 5.995025e-03, "SOTA": 0, "PSERT": 5.995025e-03, "PIabc": 0, "SKMt2": -3.070271e-02, "PHYCBOXL": 0, "PHTO": 0, "PSD180": 0, "PSD160": 2.550353e-05, "PSCVT": 6.957232e-04, "PRPPS": 3.125153e-02, "PROt2r": 0, "PHTHS2": 9.087319e-06, "PHTHS": 1.714470e-06, "PHTHDLS2": 9.087319e-06, "SHSL4r": 1.412051e-03, "PHTHDLS": 1.714470e-06, "PHTHCLS": 0, "PROabc": 0, "PHTHCLR2": 5.767690e-01, "PROD2": 0, "PHTHCLR1": -5.767690e-01, "SHSL1": 2.191068e-04, "PRMICI": 1.214026e-02, "SHKK": 6.957232e-04, "PRFGS": 2.467003e-03, "PREPTTA": 0, "PHEt2r": 0, "PHETA1": -3.020859e-04, "SHK3Dr": 3.139844e-02, "PHDCAt": 0, "PREPTHS2": 9.087319e-06, "PREPTHS": 1.714470e-06, "PREPPACPH": 9.087319e-06, "PHDCATA": -4.052555e-05, "PREPHACPH": 1.714470e-06, "SHCHF3": 0, "PRDX": 0, "PGSA190": 3.648744e-05, "PRATPP": 1.214026e-02, "SHCHF2": 0, "PGSA160190": 1.120874e-04, "SHCHF": 0, "PGSA160": 4.073907e-05, "PRASCSi": 2.467003e-03, "PRAMPC": 1.214026e-02, "PGPPT3": 6.135668e-06, "PGPP190": 3.648744e-05, "PGPP160190": 1.120874e-04, "PGPP160": 4.073907e-05, "PRAIi": 1.263809e-04, "PRAIS": 2.467003e-03, "PRAGSr": 2.467003e-03, "PPTGS_TB2": 1.183801e-04, "PPTGS_TB1": 1.183801e-04, "PGMT": -7.424535e-04, "SHCHD3": 0, "PGM": -8.886610e-01, "PGLYCP": 0, "PGLS": 7.435650e-06, "PPTGS": 0, "PPPGO": 0, "PPNDH": 3.020859e-04, "PPND": 1.994312e-04, "PGL": 0, "PGK": -8.946561e-01, "PPNCL3": 0, "SHCHD2": 0, "PPNCL2": 0, "PGI": -2.106010e-03, "SHCHCS2": 0, "PGCD": 5.995025e-03, "PGAMT": -1.991191e-03, "PPNCL": 0, "PPK2": 0, "PFL": 1.326608e-02, "PFK": 0, "SHCHCS": 0, "PERD": 0, "G6PP": 1.024613e-03, "PEPCK_re": 0, "PPDK": 0, "SGSAD": 0, "PPDIMAT": 0, "PEAMNO": 0, "PPDIMAS": 9.087319e-06, "PPCSCT": 1.443042e-02, "PPCOAC": 0, "PPCK": 0, "PDX5POi": 0, "PDIMAT": 0, "PDIMAS": 1.714470e-06, "SGDS": 0, "PDHcr_copy1": 0, "PDHcr_copy2": 0, "PPCDC": 0, "PPBNGS": 0, "PPAtr": -1.443042e-02, "SERt2r": 0, "PPA": 6.356202e-02, "SERD_L": 0, "PNTK": 0, "PNCDC": 0, "PDHbr": 0, "PDHa": 0, "PMPK": 0, "SERD_D": 0, "PMDPHT": 0, "PDH": 0, "PDE4": 0, "PDE1": 0, "PC8XM": 0, "SERAT": 3.572692e-04, "PC6YM": 0, "SELCYSLY": 0, "PC6AR": 0, "EX_mal__L_e": 0, "PC20M": 0, "SDPTA": -5.436629e-04, "PC17M": 0, "SDPDS": 5.436629e-04, "PC11M": 0, "MPML": 0, "MOTS": 0, "MOTH": 0, "PC": 0, "PATS": 7.856418e-06, "PAPSR": 3.572692e-04, "PAPPT3": 6.192189e-06, "SALCS": 1.821232e-05, "PAPPT2": 1.247104e-04, "SADT2": 0, "PAPPT1": 1.247104e-04, "MOHMT": 0, "PAPA160": 0, "SADT": 4.050671e-04, "PANTS": 0, "PACt2r": 0, "MNDNS2": 0, "MNDNS1": 0, "MN6PP": 5.970187e-04, "P5CRx": 8.668687e-04, "SADH": 0, "P5CR": 0, "P5CD": 0, "MMSAD3": 0, "RZ5PP": 0, "OXGDC2": 0, "RRPPDIMAS": 7.435650e-06, "RPPDIMAS": 7.435650e-06, "MTHFD": -9.999990e+05, "RPI": -3.125153e-02, "MTHFC": 3.808183e-03, "MTAN": 0, "RPE": -3.139844e-02, "MSHS": 0, "MSHOXH": 0, "RNTR4": 2.294124e-05, "MSHAMID": 0, "MMSAD2": 0, "RNDR4": 0, "MMSAD1": 0, "UDPGALM": 1.377228e-04, "UDPG4E": 4.861057e-04, "UDPDPS2": 0, "RNDR3": 4.184437e-05, "UDPDPS": 0, "UDCPDPS": 2.957932e-05, "MMM2": 1.602798e-02, "UDCPDP": 2.663395e-04, "RNDR2": 4.181925e-05, "UAPGR": 2.792891e-04, "UAMRH": 6.135668e-06, "MME": 1.602798e-02, "MMCD": 1.443042e-02, "UAMAS": 2.556130e-04, "MI4PP": 0, "RNDR1": 2.193014e-05, "MI3PP": 0, "UAMAGS": 2.556130e-04, "UAGPT3": 6.192189e-06, "UAGPT2": 1.247104e-04, "RIBabc": 0, "MI1PS": 1.020581e-04, "RBK_L1": 0, "MI1PP": 1.020581e-04, "MHPGLUT": 0, "UAGPT1": 1.247104e-04, "UAGDP": 5.456285e-04, "RBK_Dr": -1.469043e-04, "UAGCVT": 2.792891e-04, "UAAGLS2": 1.247104e-04, "MGt5": 0, "RBK": 0, "METabc": 0, "UAAGLS1": 1.247104e-04, "UAAGDS": 6.192189e-06, "TYRt2r": 0, "TYRTA": -1.994312e-04, "METSOXR2": 4.532665e-01, "METSOXR1": 0, "TTDCAt2": 0, "METS": 7.447897e-04, "RBFSb": 0, "METOX2s": 4.532665e-01, "METOX1s": 0, "TSULabc": 0, "TRPt2r": 0, "TRPTA": 0, "METAT": 5.256829e-04, "RBFSa": 0, "MEPCT": 3.253725e-04, "MEOHt2": 0, "TRPS3": 0, "TRPS2": 0, "IPPMIa": -1.285576e-03, "TRPS1": 1.263809e-04, "TRIATS": 0, "TREabc": 0, "MECDPS": 3.253725e-04, "MECDPDH": 3.253725e-04, "ME1": 0, "MDH": 0, "TRESULT": 4.779792e-05, "TRE6PS": 2.368858e-04, "TRE6PP": 1.961216e-04, "MDFDH": 0, "IPMD": 1.285576e-03, "MCOATA": 3.724444e-03, "MCD": 0, "TRDR": 4.537523e-01, "TPI": 9.627482e-01, "TMPPP": 0, "TMPK": 0, "TMN": 0, "TMHAS6": 0, "MCBTS3": 9.407605e-06, "MCBTS2": 0, "MCBTS": 8.804715e-06, "MANAT3": 8.000860e-06, "MANAT2": 3.333483e-05, "TMHAS5": 0, "MANAT1": 1.055687e-05, "TMHAS4": 6.889281e-06, "IPDPS": 2.957932e-04, "TMHAS3": 6.933242e-06, "TMHAS2": 6.908121e-06, "MAN6PI": -9.990902e-04, "MAN1PT2": 4.020715e-04, "MAN1PT": 0, "MALt2r": 0, "TMHAS1": 6.945802e-06, "IPDDI": 0, "TMDS": 2.294124e-05, "TMDPP": 0, "TMDK1": 0, "BIOMASS_Mtb_9_60atp": 6.280110e-03, "YUMPS": 0, "TKT2": -3.139844e-02, "XYLabc": 0, "INSK": 3.892601e-04, "TKT1": 0, "INSH": 1.364228e-04, "MALTabc": 0, "XYLK": 0, "MALTHPabc": 0, "INDPYRD": 0, "MALT": 0, "XPPT": 0, "VALt2r": 0, "VALTA": -1.292616e-03, "URIK2": 0, "URIDK2r": -2.294124e-05, "UMPK_copy1": 1.546783e-02, "UREA": 0, "MALS": 0, "L_LACt3": 0, "L_LACt2r": 0, "UPPRT": 0, "IMPD": 1.571974e-03, "UPPDC2": 0, "UPPDC1": 0, "UPP3S": 0, "UPP3MT": 0, "L_LACD3": 0, "L_LACD2": 0, "L_LACD": 0, "LYSt5r": 0, "LPLIPAL2E180": 0, "UMPK_copy2": 0, "UGMDDS2": 6.135668e-06, "LPLIPAL2E160": 0, "IMPC": -1.460726e-02, "LO": 0, "UGMDDS": 6.192189e-06, "LEUt2r": 0, "UGMAS": 6.135668e-06, "ILEt2r": 0, "UGMAGS": 6.135668e-06, "UGLDDS2": 1.247104e-04, "LEUTA": -1.285576e-03, "LDH_L": 0, "UGLDDS1": 1.247104e-04, "LCTSabc": 0, "ILETA": -5.509603e-04, "UGGPT3": 6.135668e-06, "LACZ": 0, "Kt3r": 0, "Kabc": 0, "UGAGDS": 6.135668e-06, "UDPGD": 0, "KARA2": 5.509603e-04, "IGPS": 1.263809e-04, "KARA1": -2.578192e-03, "GLYCTO1": 0, "IGPDH": 1.214026e-02, "IGAMD": 0, "IG3PS": 1.214026e-02, "GLYCL": 0, "IPPS": 1.285576e-03, "ID3ACALDt": 0, "IPPMIb": -1.285576e-03, "GLYCK": 0, "ICL": 0, "GLYC3Pabc": 0, "GLYBabc": 0, "ICHORS": 0, "ICDHyr": 0, "GLXO1": 0, "IACGAMS": 0, "HXPRT": 1.364228e-04, "HSTPT": 1.214026e-02, "GLUt2r": 2.815097e-03, "EX_lys__L_e": 0, "HSST": 1.631158e-03, "EX_leu__L_e": 0, "GLUTRR": 0, "GLUSy": 0, "GLUR": -2.617487e-04, "HSK": 0, "GLUPRT": 2.467003e-03, "GLUDxi": -1.348507e+00, "HSERTA": 0, "GLUDC": 0, "GLUCYS": 0, "GLU5K": 0, "GLNSP3": 0, "EX_lcts_e": 0, "EX_lac__L_e": 0, "EX_k_e": 0, "EX_ile__L_e": 0, "GLNSP2": 0, "GLNSP1": 0, "HSDy": 9.999990e+05, "GLNS": 3.821257e-02, "GLGC": 0, "EX_id3acald_e": 0, "HSDxi": 999999, "EX_his__L_e": 1.188518e-02, "GLCabc": 0, "GLCS1": 0, "GLCP": 0, "HPPK2": 0, "EX_hdca_e": 0, "HPPK": 0, "EX_h_e": 8.868703e-01, "GK1": 4.181925e-05, "GHMT2r": 4.575914e-03, "EX_h2s_e": 0, "EX_h2o_e": 2.073040e+00, "GGLUCT2": 0, "HOPNTAL": 0, "GFUCS": 7.435650e-06, "GF6PTA": 1.991191e-03, "GCCc": 0, "EX_h2co3_e": 1.873700e-02, "EX_h2_e": 0, "GCCb": 0, "HMPK4": 0, "GCCa": 0, "GCC2": 0, "GARFT": 2.467003e-03, "GAPD": 8.946561e-01, "GALt2": 0, "EX_gthrd_e": 0, "EX_glyc_e": -1, "EX_glyc3p_e": 0, "EX_glyb_e": 0, "EX_gly_e": 0, "EX_glu__L_e": -2.815097e-03, "GALUi": 7.229914e-04, "GALT": -3.483828e-04,