{"THDPS": 1.424161e-04, "NADTRHD_copy1": 0, "TDPGDH": 5.098217e-06, "TDPDRR": 5.098217e-06, "TDPDRE": 5.098217e-06, "TDMS4": 1.816209e-06, "TDMS3": 3.614322e-06, "TDMS2": 3.624192e-06, "TDMS1": 5.445337e-06, "RBFK": 0, "TATSO": 1.870498e-06, "TATS": 1.934657e-06, "THZSN": 0, "R05224": 0, "TAS": 1.443096e-05, "R05219": 0, "TARTRt7": 0, "R05217": 0, "TARTD": 0, "QULNS": 0, "TALA": 0, "THZPSN": 0, "SULabc": 1.061100e-04, "QRr": 0, "SULR": 9.358905e-05, "PYRt2": 0, "CYANST_copy1": 0, "SUCOAS": 0, "SUCD1": 0, "THRt2r": 0, "SUCCt2r": 0, "THRS": 0, "SUCBZS": 0, "THRD_L": -2.255686e-04, "PYRDC": 0, "PYK": 9.854448e-01, "PYDXO": 0, "PYDXNO": 0, "PYAM5PO": 0, "PUNP7": 0, "THMDP": 0, "THFGLUS": 0, "SUCBZL": 0, "PUNP6": 0, "PUNP5": 0, "PUNP4": 0, "PUNP3": 0, "PUNP2": 0, "PMANM": -1.053253e-04, "PUNP1": 0, "SSALy": 0, "PLIPA1E180": 0, "PTPATi": 0, "SSALx": 0, "PTAr": 0, "PLIPA1E160": 0, "PLCD": 0, "PSSA180": 0, "SPODM": 0, "PIt": -1.823248e-03, "PSSA160": 6.680819e-06, "SPMS": 0, "PSP_L": 1.570437e-03, "SOTA": 0, "PSERT": 1.570437e-03, "PIabc": 0, "SKMt2": 0, "PHYCBOXL": 0, "PHTO": 0, "PSD180": 0, "PSD160": 6.680819e-06, "PSCVT": 1.998225e-03, "PRPPS": 1.959742e-03, "PROt2r": -4.277982e-01, "PHTHS2": 2.380484e-06, "PHTHS": 4.491169e-07, "PHTHDLS2": 2.380484e-06, "SHSL4r": 1.378326e-01, "PHTHDLS": 4.491169e-07, "PHTHCLS": 0, "PROabc": 0, "PHTHCLR2": 999999, "PROD2": 0, "PHTHCLR1": -999999, "SHSL1": 5.739648e-05, "PRMICI": 6.681971e-05, "SHKK": 1.998225e-03, "PRFGS": 6.462480e-04, "PREPTTA": 0, "PHEt2r": -1.815975e-03, "PHETA1": -1.895109e-03, "SHK3Dr": 1.998225e-03, "PHDCAt": 0, "PREPTHS2": 2.380484e-06, "PREPTHS": 4.491169e-07, "PREPPACPH": 2.380484e-06, "PHDCATA": -1.061594e-05, "PREPHACPH": 4.491169e-07, "SHCHF3": 0, "PRDX": 0, "PGSA190": 9.558129e-06, "PRATPP": 6.681971e-05, "SHCHF2": 0, "PGSA160190": 2.936205e-05, "SHCHF": 0, "PGSA160": 1.067187e-05, "PRASCSi": 6.462480e-04, "PRAMPC": 6.681971e-05, "PGPPT3": 1.607279e-06, "PGPP190": 9.558129e-06, "PGPP160190": 2.936205e-05, "PGPP160": 1.067187e-05, "PRAIi": 3.310633e-05, "PRAIS": 6.462480e-04, "PRAGSr": 6.462480e-04, "PPTGS_TB2": 3.101045e-05, "PPTGS_TB1": 3.101045e-05, "PGMT": -1.944906e-04, "SHCHD3": 0, "PGM": -9.895144e-01, "PGLYCP": 0, "PGLS": 1.947818e-06, "PPTGS": 0, "PPPGO": 0, "PPNDH": 1.895109e-03, "PPND": 5.224233e-05, "PGL": 0, "PGK": -9.910849e-01, "PPNCL3": 0, "SHCHD2": 0, "PPNCL2": 0, "PGI": -5.516834e-04, "SHCHCS2": 0, "PGCD": 1.570437e-03, "PGAMT": -5.216057e-04, "PPNCL": 0, "PPK2": 0, "PFL": 1.512662e-01, "PFK": 0, "SHCHCS": 0, "PERD": 0, "G6PP": 2.684041e-04, "PEPCK_re": 0, "PPDK": 0, "SGSAD": 0, "PPDIMAT": 0, "PEAMNO": 0, "PPDIMAS": 2.380484e-06, "PPCSCT": 6.667412e-04, "PPCOAC": 0, "PPCK": 0, "PDX5POi": 0, "PDIMAT": 0, "PDIMAS": 4.491169e-07, "SGDS": 0, "PDHcr_copy1": 0, "PDHcr_copy2": 0, "PPCDC": 0, "PPBNGS": 0, "PPAtr": -6.667412e-04, "SERt2r": 0, "PPA": 4.196886e-03, "SERD_L": 0, "PNTK": 0, "PNCDC": 0, "PDHbr": 0, "PDHa": 0, "PMPK": 0, "SERD_D": 0, "PMDPHT": 0, "PDH": 0, "PDE4": 0, "PDE1": 0, "PC8XM": 0, "SERAT": 9.358905e-05, "PC6YM": 0, "SELCYSLY": 0, "PC6AR": 0, "EX_mal__L_e": 0, "PC20M": 0, "SDPTA": -1.424161e-04, "PC17M": 0, "SDPDS": 1.424161e-04, "PC11M": 0, "MPML": 0, "MOTS": 0, "MOTH": 0, "PC": 2.790189e-01, "PATS": 2.058041e-06, "PAPSR": 9.358905e-05, "PAPPT3": 1.622085e-06, "SALCS": 4.770839e-06, "PAPPT2": 3.266873e-05, "SADT2": 0, "PAPPT1": 3.266873e-05, "MOHMT": 0, "PAPA160": 0, "SADT": 1.061100e-04, "PANTS": 0, "PACt2r": 0, "MNDNS2": 0, "MNDNS1": 0, "MN6PP": 1.563930e-04, "P5CRx": 0, "SADH": 0, "P5CR": 4.280253e-01, "P5CD": 0, "MMSAD3": 0, "RZ5PP": 0, "OXGDC2": 0, "RRPPDIMAS": 1.947818e-06, "RPPDIMAS": 1.947818e-06, "MTHFD": 1.365049e+00, "RPI": -1.959742e-03, "MTHFC": 9.975791e-04, "MTAN": 0, "RPE": -1.998225e-03, "MSHS": 0, "MSHOXH": 0, "RNTR4": 0, "MSHAMID": 0, "MMSAD2": 0, "RNDR4": 6.009612e-06, "MMSAD1": 0, "UDPGALM": 3.607741e-05, "UDPG4E": 1.273386e-04, "UDPDPS2": 0, "RNDR3": 1.096141e-05, "UDPDPS": 0, "UDCPDPS": 7.748500e-06, "MMM2": 1.085233e-03, "UDCPDP": 6.976941e-05, "RNDR2": 1.095483e-05, "UAPGR": 7.316164e-05, "UAMRH": 1.607279e-06, "MME": 1.085233e-03, "MMCD": 6.667412e-04, "UAMAS": 6.695955e-05, "MI4PP": 0, "RNDR1": 5.744748e-06, "MI3PP": 0, "UAMAGS": 6.695955e-05, "UAGPT3": 1.622085e-06, "UAGPT2": 3.266873e-05, "RIBabc": 0, "MI1PS": 2.673479e-05, "RBK_L1": 0, "MI1PP": 2.673479e-05, "MHPGLUT": 0, "UAGPT1": 3.266873e-05, "UAGDP": 1.429310e-04, "RBK_Dr": -3.848257e-05, "UAGCVT": 7.316164e-05, "UAAGLS2": 3.266873e-05, "MGt5": 0, "RBK": 0, "METabc": 0, "UAAGLS1": 3.266873e-05, "UAAGDS": 1.622085e-06, "TYRt2r": 0, "TYRTA": -5.224233e-05, "METSOXR2": 0, "METSOXR1": 0, "TTDCAt2": 0, "METS": 1.951026e-04, "RBFSb": 0, "METOX2s": 0, "METOX1s": 0, "TSULabc": 0, "TRPt2r": 0, "TRPTA": 0, "METAT": 1.377062e-04, "RBFSa": 0, "MEPCT": 8.523350e-05, "MEOHt2": 0, "TRPS3": 0, "TRPS2": 0, "IPPMIa": -3.367653e-04, "TRPS1": 3.310633e-05, "TRIATS": 0, "TREabc": 0, "MECDPS": 8.523350e-05, "MECDPDH": 8.523350e-05, "ME1": 0, "MDH": 0, "TRESULT": 1.252098e-05, "TRE6PS": 6.205381e-05, "TRE6PP": 5.137535e-05, "MDFDH": 0, "IPMD": 3.367653e-04, "MCOATA": 9.756431e-04, "MCD": 0, "TRDR": 1.272597e-04, "TPI": 9.964685e-01, "TMPPP": 0, "TMPK": 0, "TMN": 0, "TMHAS6": 0, "MCBTS3": 2.464385e-06, "MCBTS2": 0, "MCBTS": 2.306454e-06, "MANAT3": 2.095879e-06, "MANAT2": 8.732280e-06, "TMHAS5": 0, "MANAT1": 2.765441e-06, "TMHAS4": 1.804693e-06, "IPDPS": 7.748500e-05, "TMHAS3": 1.816209e-06, "TMHAS2": 1.809629e-06, "MAN6PI": -2.617183e-04, "MAN1PT2": 1.053253e-04, "MAN1PT": 0, "MALt2r": 0, "TMHAS1": 1.819499e-06, "IPDDI": 0, "TMDS": 6.009612e-06, "TMDPP": 0, "TMDK1": 0, "BIOMASS_Mtb_9_60atp": 1.645117e-03, "YUMPS": 0, "TKT2": -1.998225e-03, "XYLabc": 0, "INSK": 1.019693e-04, "TKT1": 0, "INSH": 3.573687e-05, "MALTabc": 0, "XYLK": 0, "MALTHPabc": 0, "INDPYRD": 0, "MALT": 0, "XPPT": 0, "VALt2r": -2.076045e-01, "VALTA": -2.079431e-01, "URIK2": 0, "URIDK2r": -6.009612e-06, "UMPK_copy1": 9.384980e-04, "UREA": 0, "MALS": 0, "L_LACt3": 0, "L_LACt2r": 0, "UPPRT": 0, "IMPD": 4.117892e-04, "UPPDC2": 0, "UPPDC1": 0, "UPP3S": 0, "UPP3MT": 0, "L_LACD3": 0, "L_LACD2": 0, "L_LACD": 0, "LYSt5r": 0, "LPLIPAL2E180": 0, "UMPK_copy2": 0, "UGMDDS2": 1.607279e-06, "LPLIPAL2E160": 0, "IMPC": -7.130677e-04, "LO": 0, "UGMDDS": 1.622085e-06, "LEUt2r": 0, "UGMAS": 1.607279e-06, "ILEt2r": -1.374627e-01, "UGMAGS": 1.607279e-06, "UGLDDS2": 3.266873e-05, "LEUTA": -3.367653e-04, "LDH_L": 0, "UGLDDS1": 3.266873e-05, "LCTSabc": 0, "ILETA": -1.376070e-01, "UGGPT3": 1.607279e-06, "LACZ": 0, "Kt3r": 0, "Kabc": 0, "UGAGDS": 1.607279e-06, "UDPGD": 0, "KARA2": 1.376070e-01, "IGPS": 3.310633e-05, "KARA1": -2.082799e-01, "GLYCTO1": 0, "IGPDH": 6.681971e-05, "IGAMD": 0, "IG3PS": 6.681971e-05, "GLYCL": 0, "IPPS": 3.367653e-04, "ID3ACALDt": 0, "IPPMIb": -3.367653e-04, "GLYCK": 0, "ICL": 0, "GLYC3Pabc": 0, "GLYBabc": 0, "ICHORS": 0, "ICDHyr": 0, "GLXO1": 0, "IACGAMS": 0, "HXPRT": 3.573687e-05, "HSTPT": 6.681971e-05, "GLUt2r": 4.285356e-01, "EX_lys__L_e": 0, "HSST": 1.378900e-01, "EX_leu__L_e": 0, "GLUTRR": 0, "GLUSy": 0, "GLUR": -6.856682e-05, "HSK": 0, "GLUPRT": 6.462480e-04, "GLUDxi": -4.911648e-01, "HSERTA": 0, "GLUDC": 0, "GLUCYS": 0, "GLU5K": 0, "GLNSP3": 0, "EX_lcts_e": 0, "EX_lac__L_e": 0, "EX_k_e": 0, "EX_ile__L_e": 1.374627e-01, "GLNSP2": 0, "GLNSP1": 0, "HSDy": -999999, "GLNS": 3.783232e-03, "GLGC": 0, "EX_id3acald_e": 0, "HSDxi": -9.999989e+05, "EX_his__L_e": 0, "GLCabc": 0, "GLCS1": 0, "GLCP": 0, "HPPK2": 0, "EX_hdca_e": 0, "HPPK": 0, "EX_h_e": 3.465800e-01, "GK1": 1.095483e-05, "GHMT2r": 1.198691e-03, "EX_h2s_e": 0, "EX_h2o_e": 999999, "GGLUCT2": 0, "HOPNTAL": 0, "GFUCS": 1.947818e-06, "GF6PTA": 5.216057e-04, "GCCc": 0, "EX_h2co3_e": -9.999973e+05, "EX_h2_e": 1.509045e-01, "GCCb": 0, "HMPK4": 0, "GCCa": 0, "GCC2": 0, "GARFT": 6.462480e-04, "GAPD": 9.910849e-01, "GALt2": 0, "EX_gthrd_e": 0, "EX_glyc_e": -1, "EX_glyc3p_e": 0, "EX_glyb_e": 0, "EX_gly_e": 0, "EX_glu__L_e": -4.285356e-01, "GALUi": 1.893924e-04, "GALT": -9.126121e-05,