{"THDPS": 3.971350e-03, "NADTRHD_copy1": 999999, "TDPGDH": 1.421665e-04, "TDPDRR": 1.421665e-04, "TDPDRE": 1.421665e-04, "TDMS4": 5.064597e-05, "TDMS3": 1.007873e-04, "TDMS2": 1.010626e-04, "TDMS1": 1.518462e-04, "RBFK": 0, "TATSO": 5.215984e-05, "TATS": 5.394897e-05, "THZSN": 0, "R05224": 0, "TAS": 4.024153e-04, "R05219": 0, "TARTRt7": 0, "R05217": 0, "TARTD": 0, "QULNS": 0, "TALA": -1.284274e-02, "THZPSN": 0, "SULabc": 2.958936e-03, "QRr": -9.999970e+05, "SULR": 2.609781e-03, "PYRt2": 0, "CYANST_copy1": -999999, "SUCOAS": -9.999990e+05, "SUCD1": 0, "THRt2r": 0, "SUCCt2r": 0, "THRS": 0, "SUCBZS": 0, "THRD_L": -6.290101e-03, "PYRDC": 0, "PYK": 0, "PYDXO": 0, "PYDXNO": 0, "PYAM5PO": 0, "PUNP7": 0, "THMDP": 0, "THFGLUS": 0, "SUCBZL": 0, "PUNP6": 0, "PUNP5": -9.965420e-04, "PUNP4": 0, "PUNP3": 0, "PUNP2": 0, "PMANM": -2.937053e-03, "PUNP1": 9.965420e-04, "SSALy": 0, "PLIPA1E180": 0, "PTPATi": 0, "SSALx": 0, "PTAr": -999999, "PLIPA1E160": 0, "PLCD": 0, "PSSA180": 0, "SPODM": 0, "PIt": -5.084227e-02, "PSSA160": 1.862983e-04, "SPMS": 0, "PSP_L": 4.883609e-02, "SOTA": 0, "PSERT": 4.883609e-02, "PIabc": 0, "SKMt2": 0, "PHYCBOXL": 0, "PHTO": 0, "PSD180": 0, "PSD160": 1.862983e-04, "PSCVT": 5.082121e-03, "PRPPS": 4.253725e-02, "PROt2r": 0, "PHTHS2": 6.638108e-05, "PHTHS": 1.252387e-05, "PHTHDLS2": 6.638108e-05, "SHSL4r": 1.031476e-02, "PHTHDLS": 1.252387e-05, "PHTHCLS": 0, "PROabc": 0, "PHTHCLR2": -999999, "PROD2": 0, "PHTHCLR1": 999999, "SHSL1": 1.600532e-03, "PRMICI": 1.863304e-03, "SHKK": 5.082121e-03, "PRFGS": 1.802097e-02, "PREPTTA": -1.252387e-05, "PHEt2r": 0, "PHETA1": -2.206678e-03, "SHK3Dr": 5.082121e-03, "PHDCAt": 0, "PREPTHS2": 6.638108e-05, "PREPTHS": 1.252387e-05, "PREPPACPH": 6.638108e-05, "PHDCATA": -2.960312e-04, "PREPHACPH": 0, "SHCHF3": 0, "PRDX": 0, "PGSA190": 2.665336e-04, "PRATPP": 1.863304e-03, "SHCHF2": 0, "PGSA160190": 8.187765e-04, "SHCHF": 0, "PGSA160": 2.975909e-04, "PRASCSi": 1.802097e-02, "PRAMPC": 1.863304e-03, "PGPPT3": 4.481985e-05, "PGPP190": 2.665336e-04, "PGPP160190": 8.187765e-04, "PGPP160": 2.975909e-04, "PRAIi": 9.231879e-04, "PRAIS": 1.802097e-02, "PRAGSr": 1.802097e-02, "PPTGS_TB2": 8.647432e-04, "PPTGS_TB1": 8.647432e-04, "PGMT": -5.423477e-03, "SHCHD3": 0, "PGM": -2.790265e+00, "PGLYCP": 0, "PGLS": 5.431597e-05, "PPTGS": 0, "PPPGO": 0, "PPNDH": 2.206678e-03, "PPND": 1.456806e-03, "PGL": 0, "PGK": -2.839101e+00, "PPNCL3": 0, "SHCHD2": 0, "PPNCL2": 0, "PGI": 9.846160e-01, "SHCHCS2": 0, "PGCD": 4.883609e-02, "PGAMT": -1.454526e-02, "PPNCL": 0, "PPK2": 0, "PFL": 0, "PFK": 9.320050e-01, "SHCHCS": 0, "PERD": 0, "G6PP": -9.925154e-01, "PEPCK_re": 9.999962e+05, "PPDK": 0, "SGSAD": 0, "PPDIMAT": 0, "PEAMNO": 0, "PPDIMAS": 6.638108e-05, "PPCSCT": 0, "PPCOAC": 0, "PPCK": -999999, "PDX5POi": 0, "PDIMAT": 0, "PDIMAS": 1.252387e-05, "SGDS": 0, "PDHcr_copy1": 0, "PDHcr_copy2": 0, "PPCDC": 0, "PPBNGS": 0, "PPAtr": 0, "SERt2r": 0, "PPA": 8.567091e-02, "SERD_L": 0, "PNTK": 0, "PNCDC": 0, "PDHbr": 0, "PDHa": 0, "PMPK": 0, "SERD_D": 0, "PMDPHT": 0, "PDH": 5.307735e-01, "PDE4": 0, "PDE1": 0, "PC8XM": 0, "SERAT": 2.609781e-03, "PC6YM": 0, "SELCYSLY": 0, "PC6AR": 0, "EX_mal__L_e": 0, "PC20M": 0, "SDPTA": -3.971350e-03, "PC17M": 0, "SDPDS": 3.971350e-03, "PC11M": 0, "MPML": 0, "MOTS": 0, "MOTH": 0, "PC": 0, "PATS": 5.738959e-05, "PAPSR": 2.609781e-03, "PAPPT3": 4.523272e-05, "SALCS": 1.330374e-04, "PAPPT2": 9.109852e-04, "SADT2": 0, "PAPPT1": 9.109852e-04, "MOHMT": 0, "PAPA160": 0, "SADT": 2.958936e-03, "PANTS": 0, "PACt2r": 0, "MNDNS2": 0, "MNDNS1": 0, "MN6PP": 4.361104e-03, "P5CRx": 6.332306e-03, "SADH": 0, "P5CR": 0, "P5CD": 0, "MMSAD3": 0, "RZ5PP": 0, "OXGDC2": 0, "RRPPDIMAS": 5.431597e-05, "RPPDIMAS": 5.431597e-05, "MTHFD": -9.999990e+05, "RPI": -2.969450e-02, "MTHFC": 3.790525e-02, "MTAN": 0, "RPE": -3.076761e-02, "MSHS": 0, "MSHOXH": 0, "RNTR4": 1.675813e-04, "MSHAMID": 0, "MMSAD2": 0, "RNDR4": 0, "MMSAD1": 0, "UDPGALM": 1.006038e-03, "UDPG4E": 3.550906e-03, "UDPDPS2": 0, "RNDR3": 3.056649e-04, "UDPDPS": 0, "UDCPDPS": 2.160711e-04, "MMM2": 1.166986e-02, "UDCPDP": 1.945558e-03, "RNDR2": 3.054814e-04, "UAPGR": 2.040152e-03, "UAMRH": 4.481985e-05, "MME": 1.166986e-02, "MMCD": 0, "UAMAS": 1.867203e-03, "MI4PP": 0, "RNDR1": 1.601954e-04, "MI3PP": 0, "UAMAGS": 1.867203e-03, "UAGPT3": 4.523272e-05, "UAGPT2": 9.109852e-04, "RIBabc": 0, "MI1PS": 7.455142e-04, "RBK_L1": 0, "MI1PP": 7.455142e-04, "MHPGLUT": 0, "UAGPT1": 9.109852e-04, "UAGDP": 3.985709e-03, "RBK_Dr": -1.073107e-03, "UAGCVT": 2.040152e-03, "UAAGLS2": 9.109852e-04, "MGt5": 0, "RBK": 0, "METabc": 0, "UAAGLS1": 9.109852e-04, "UAAGDS": 4.523272e-05, "TYRt2r": 0, "TYRTA": -1.456806e-03, "METSOXR2": 0, "METSOXR1": 0, "TTDCAt2": 0, "METS": 5.440542e-03, "RBFSb": 0, "METOX2s": 0, "METOX1s": 0, "TSULabc": 0, "TRPt2r": 0, "TRPTA": 0, "METAT": 3.840010e-03, "RBFSa": 0, "MEPCT": 2.376782e-03, "MEOHt2": 0, "TRPS3": 0, "TRPS2": 0, "IPPMIa": -1.852783e-01, "TRPS1": 9.231879e-04, "TRIATS": 0, "TREabc": 0, "MECDPS": 2.376782e-03, "MECDPDH": 2.376782e-03, "ME1": 2.724646e+00, "MDH": -2.709894e+00, "TRESULT": 3.491544e-04, "TRE6PS": 1.730404e-03, "TRE6PP": 1.432629e-03, "MDFDH": 0, "IPMD": 1.852783e-01, "MCOATA": 2.720634e-02, "MCD": 0, "TRDR": 3.548704e-03, "TPI": 1.926475e+00, "TMPPP": 0, "TMPK": 0, "TMN": 0, "TMHAS6": 0, "MCBTS3": 6.872071e-05, "MCBTS2": 0, "MCBTS": 6.431671e-05, "MANAT3": 5.844471e-05, "MANAT2": 2.435044e-04, "TMHAS5": 0, "MANAT1": 7.711583e-05, "TMHAS4": 5.032484e-05, "IPDPS": 0, "TMHAS3": 5.064597e-05, "TMHAS2": 5.046247e-05, "MAN6PI": -7.298158e-03, "MAN1PT2": 2.937053e-03, "MAN1PT": 0, "MALt2r": 0, "TMHAS1": 5.073772e-05, "IPDDI": -2.160711e-03, "TMDS": 1.675813e-04, "TMDPP": 0, "TMDK1": 0, "BIOMASS_Mtb_9_60atp": 4.587497e-02, "YUMPS": 0, "TKT2": -1.792487e-02, "XYLabc": 0, "INSK": 0, "TKT1": -1.284274e-02, "INSH": 9.965420e-04, "MALTabc": 0, "XYLK": 0, "MALTHPabc": 0, "INDPYRD": 0, "MALT": 0, "XPPT": 0, "VALt2r": -8.863592e-01, "VALTA": -8.958015e-01, "URIK2": 0, "URIDK2r": -1.675813e-04, "UMPK_copy1": 999999, "UREA": 0, "MALS": 0, "L_LACt3": 0, "L_LACt2r": 0, "UPPRT": 0, "IMPD": 1.148296e-02, "UPPDC2": 0, "UPPDC1": 0, "UPP3S": 0, "UPP3MT": 0, "L_LACD3": 0, "L_LACD2": 0, "L_LACD": 0, "LYSt5r": 0, "LPLIPAL2E180": 0, "UMPK_copy2": -9.999990e+05, "UGMDDS2": 4.481985e-05, "LPLIPAL2E160": 0, "IMPC": -1.988428e-02, "LO": 0, "UGMDDS": 4.523272e-05, "LEUt2r": -1.758875e-01, "UGMAS": 4.481985e-05, "ILEt2r": 0, "UGMAGS": 4.481985e-05, "UGLDDS2": 9.109852e-04, "LEUTA": -1.852783e-01, "LDH_L": 0, "UGLDDS1": 9.109852e-04, "LCTSabc": 0, "ILETA": -4.024657e-03, "UGGPT3": 4.481985e-05, "LACZ": 0, "Kt3r": -999999, "Kabc": 0, "UGAGDS": 4.481985e-05, "UDPGD": 0, "KARA2": 4.024657e-03, "IGPS": 9.231879e-04, "KARA1": -1.081080e+00, "GLYCTO1": 0, "IGPDH": 1.863304e-03, "IGAMD": 0, "IG3PS": 1.863304e-03, "GLYCL": 5.043609e-03, "IPPS": 1.852783e-01, "ID3ACALDt": 0, "IPPMIb": -1.852783e-01, "GLYCK": 0, "ICL": 0, "GLYC3Pabc": 0, "GLYBabc": 0, "ICHORS": 0, "ICDHyr": 0, "GLXO1": 0, "IACGAMS": 0, "HXPRT": 0, "HSTPT": 1.863304e-03, "GLUt2r": 3.621127e-01, "EX_lys__L_e": 0, "HSST": 1.191529e-02, "EX_leu__L_e": 1.758875e-01, "GLUTRR": 0, "GLUSy": 0, "GLUR": -1.912023e-03, "HSK": 0, "GLUPRT": 1.802097e-02, "GLUDxi": -8.999404e-01, "HSERTA": 0, "GLUDC": 0, "GLUCYS": 0, "GLU5K": 6.332306e-03, "GLNSP3": 0, "EX_lcts_e": 0, "EX_lac__L_e": 0, "EX_k_e": 0, "EX_ile__L_e": 0, "GLNSP2": 0, "GLNSP1": 0, "HSDy": 9.999990e+05, "GLNS": 9.338626e-02, "GLGC": 0, "EX_id3acald_e": 0, "HSDxi": 999999, "EX_his__L_e": 0, "GLCabc": 1, "GLCS1": 0, "GLCP": 0, "HPPK2": 0, "EX_hdca_e": 0, "HPPK": 0, "EX_h_e": 1.338490e+00, "GK1": 3.054814e-04, "GHMT2r": 3.846977e-02, "EX_h2s_e": 0, "EX_h2o_e": 2.665398e+00, "GGLUCT2": 0, "HOPNTAL": 0, "GFUCS": 5.431597e-05, "GF6PTA": 1.454526e-02, "GCCc": 0, "EX_h2co3_e": 1.751995e+00, "EX_h2_e": 0, "GCCb": 0, "HMPK4": 0, "GCCa": 0, "GCC2": 0, "GARFT": 1.802097e-02, "GAPD": 2.839101e+00, "GALt2": 0, "EX_gthrd_e": 0, "EX_glyc_e": -1, "EX_glyc3p_e": 0, "EX_glyb_e": 0, "EX_gly_e": 0,