{"THDPS": 2.215459e-03, "NADTRHD_copy1": -999999, "TDPGDH": 7.930908e-05, "TDPDRR": 7.930908e-05, "TDPDRE": 7.930908e-05, "TDMS4": 2.825338e-05, "TDMS3": 5.622525e-05, "TDMS2": 5.637880e-05, "TDMS1": 8.470896e-05, "RBFK": 0, "TATSO": 2.909791e-05, "TATS": 3.009599e-05, "THZSN": 0, "R05224": 0, "TAS": 2.244915e-04, "R05219": 0, "TARTRt7": 0, "R05217": 0, "TARTD": 0, "QULNS": 0, "TALA": -7.164458e-03, "THZPSN": 0, "SULabc": 1.650673e-03, "QRr": -9.999972e+05, "SULR": 1.455894e-03, "PYRt2": 0, "CYANST_copy1": -999999, "SUCOAS": 1.529846e-02, "SUCD1": 0, "THRt2r": 0, "SUCCt2r": -7.231832e-02, "THRS": 0, "SUCBZS": 0, "THRD_L": -3.508998e-03, "PYRDC": 0, "PYK": 8.409748e-01, "PYDXO": 0, "PYDXNO": 0, "PYAM5PO": 0, "PUNP7": 0, "THMDP": 0, "THFGLUS": 0, "SUCBZL": 0, "PUNP6": 0, "PUNP5": -5.559313e-04, "PUNP4": 0, "PUNP3": 0, "PUNP2": 0, "PMANM": -1.638466e-03, "PUNP1": 5.559313e-04, "SSALy": 0, "PLIPA1E180": 0, "PTPATi": 0, "SSALx": 0, "PTAr": 3.006911e-01, "PLIPA1E160": 0, "PLCD": 0, "PSSA180": 0, "SPODM": 0, "PIt": -2.836289e-02, "PSSA160": 1.039284e-04, "SPMS": 0, "PSP_L": 2.443009e-02, "SOTA": 0, "PSERT": 2.443009e-02, "PIabc": 0, "SKMt2": 0, "PHYCBOXL": 0, "PHTO": 0, "PSD180": 0, "PSD160": 1.039284e-04, "PSCVT": 2.835114e-03, "PRPPS": 2.372985e-02, "PROt2r": 0, "PHTHS2": 3.703138e-05, "PHTHS": 6.986570e-06, "PHTHDLS2": 3.703138e-05, "SHSL4r": 5.754195e-03, "PHTHDLS": 6.986570e-06, "PHTHCLS": 0, "PROabc": 0, "PHTHCLR2": -999999, "PROD2": 0, "PHTHCLR1": 999999, "SHSL1": 8.928734e-04, "PRMICI": 1.039463e-03, "SHKK": 2.835114e-03, "PRFGS": 1.005319e-02, "PREPTTA": -6.986570e-06, "PHEt2r": 0, "PHETA1": -1.231018e-03, "SHK3Dr": 2.835114e-03, "PHDCAt": 0, "PREPTHS2": 3.703138e-05, "PREPTHS": 6.986570e-06, "PREPPACPH": 3.703138e-05, "PHDCATA": -1.651441e-04, "PREPHACPH": 0, "SHCHF3": 0, "PRDX": 0, "PGSA190": 1.486885e-04, "PRATPP": 1.039463e-03, "SHCHF2": 0, "PGSA160190": 4.567630e-04, "SHCHF": 0, "PGSA160": 1.660142e-04, "PRASCSi": 1.005319e-02, "PRAMPC": 1.039463e-03, "PGPPT3": 2.500322e-05, "PGPP190": 1.486885e-04, "PGPP160190": 4.567630e-04, "PGPP160": 1.660142e-04, "PRAIi": 5.150100e-04, "PRAIS": 1.005319e-02, "PRAGSr": 1.005319e-02, "PPTGS_TB2": 4.824060e-04, "PPTGS_TB1": 4.824060e-04, "PGMT": -3.025543e-03, "SHCHD3": 0, "PGM": -8.858110e-01, "PGLYCP": 0, "PGLS": 3.030073e-05, "PPTGS": 0, "PPPGO": 0, "PPNDH": 1.231018e-03, "PPND": 8.126942e-04, "PGL": 0, "PGK": -9.102411e-01, "PPNCL3": 0, "SHCHD2": 0, "PPNCL2": 0, "PGI": -8.582118e-03, "SHCHCS2": 0, "PGCD": 2.443009e-02, "PGAMT": -8.114222e-03, "PPNCL": 0, "PPK2": 0, "PFL": 8.022708e-01, "PFK": 0, "SHCHCS": 0, "PERD": 0, "G6PP": 4.175358e-03, "PEPCK_re": -6.273018e-03, "PPDK": 0, "SGSAD": 0, "PPDIMAT": 0, "PEAMNO": 0, "PPDIMAS": 3.703138e-05, "PPCSCT": 0, "PPCOAC": 0, "PPCK": -3.175483e-02, "PDX5POi": 0, "PDIMAT": 0, "PDIMAS": 6.986570e-06, "SGDS": 0, "PDHcr_copy1": 0, "PDHcr_copy2": 0, "PPCDC": 0, "PPBNGS": 0, "PPAtr": 0, "SERt2r": 0, "PPA": 4.779241e-02, "SERD_L": 0, "PNTK": 0, "PNCDC": 0, "PDHbr": 0, "PDHa": 0, "PMPK": 0, "SERD_D": 0, "PMDPHT": 0, "PDH": 0, "PDE4": 0, "PDE1": 0, "PC8XM": 0, "SERAT": 1.455894e-03, "PC6YM": 0, "SELCYSLY": 0, "PC6AR": 0, "EX_mal__L_e": 0, "PC20M": 0, "SDPTA": -2.215459e-03, "PC17M": 0, "SDPDS": 2.215459e-03, "PC11M": 0, "MPML": 0, "MOTS": 0, "MOTH": 0, "PC": 0, "PATS": 3.201538e-05, "PAPSR": 1.455894e-03, "PAPPT3": 2.523354e-05, "SALCS": 7.421631e-05, "PAPPT2": 5.082026e-04, "SADT2": 0, "PAPPT1": 5.082026e-04, "MOHMT": 0, "PAPA160": 0, "SADT": 1.650673e-03, "PANTS": 0, "PACt2r": 0, "MNDNS2": 0, "MNDNS1": 0, "MN6PP": 2.432887e-03, "P5CRx": 0, "SADH": 0, "P5CR": 3.532543e-03, "P5CD": 0, "MMSAD3": 0, "RZ5PP": 0, "OXGDC2": 0, "RRPPDIMAS": 3.030073e-05, "RPPDIMAS": 3.030073e-05, "MTHFD": -9.999990e+05, "RPI": -1.656539e-02, "MTHFC": 1.551858e-02, "MTAN": 0, "RPE": -1.716403e-02, "MSHS": 0, "MSHOXH": 0, "RNTR4": 0, "MSHAMID": 0, "MMSAD2": 0, "RNDR4": 9.348696e-05, "MMSAD1": 0, "UDPGALM": 5.612288e-04, "UDPG4E": 1.980910e-03, "UDPDPS2": 0, "RNDR3": 1.705184e-04, "UDPDPS": 0, "UDCPDPS": 1.205375e-04, "MMM2": 6.510152e-03, "UDCPDP": 1.085350e-03, "RNDR2": 1.704160e-04, "UAPGR": 1.138120e-03, "UAMRH": 2.500322e-05, "MME": 6.510152e-03, "MMCD": 0, "UAMAS": 1.041639e-03, "MI4PP": 0, "RNDR1": 8.936667e-05, "MI3PP": 0, "UAMAGS": 1.041639e-03, "UAGPT3": 2.523354e-05, "UAGPT2": 5.082026e-04, "RIBabc": 0, "MI1PS": 4.158928e-04, "RBK_L1": 0, "MI1PP": 4.158928e-04, "MHPGLUT": 0, "UAGPT1": 5.082026e-04, "UAGDP": 2.223469e-03, "RBK_Dr": -5.986441e-04, "UAGCVT": 1.138120e-03, "UAAGLS2": 5.082026e-04, "MGt5": 0, "RBK": 0, "METabc": 0, "UAAGLS1": 5.082026e-04, "UAAGDS": 2.523354e-05, "TYRt2r": 0, "TYRTA": -8.126942e-04, "METSOXR2": 0, "METSOXR1": 0, "TTDCAt2": 0, "METS": 3.035063e-03, "RBFSb": 0, "METOX2s": 0, "METOX1s": 0, "TSULabc": 0, "TRPt2r": 0, "TRPTA": 0, "METAT": 2.142190e-03, "RBFSa": 0, "MEPCT": 1.325913e-03, "MEOHt2": 0, "TRPS3": 0, "TRPS2": 0, "IPPMIa": -5.238801e-03, "TRPS1": 5.150100e-04, "TRIATS": 0, "TREabc": 0, "MECDPS": 1.325913e-03, "MECDPDH": 1.325913e-03, "ME1": 0, "MDH": 3.021470e-01, "TRESULT": 1.947794e-04, "TRE6PS": 9.653238e-04, "TRE6PP": 7.992073e-04, "MDFDH": 0, "IPMD": 5.238801e-03, "MCOATA": 1.517734e-02, "MCD": 0, "TRDR": 1.979682e-03, "TPI": 9.589833e-01, "TMPPP": 0, "TMPK": 0, "TMN": 0, "TMHAS6": 0, "MCBTS3": 3.833656e-05, "MCBTS2": 0, "MCBTS": 3.587975e-05, "MANAT3": 3.260399e-05, "MANAT2": 1.358414e-04, "TMHAS5": 0, "MANAT1": 4.301987e-05, "TMHAS4": 2.807424e-05, "IPDPS": 1.325913e-03, "TMHAS3": 2.825338e-05, "TMHAS2": 2.815101e-05, "MAN6PI": -4.071353e-03, "MAN1PT2": 1.638466e-03, "MAN1PT": 0, "MALt2r": 0, "TMHAS1": 2.830456e-05, "IPDDI": 1.205375e-04, "TMDS": 9.348696e-05, "TMDPP": 0, "TMDK1": 0, "BIOMASS_Mtb_9_60atp": 2.559183e-02, "YUMPS": 0, "TKT2": -9.999573e-03, "XYLabc": 0, "INSK": 0, "TKT1": -7.164458e-03, "INSH": 5.559313e-04, "MALTabc": 0, "XYLK": 0, "MALTHPabc": 0, "INDPYRD": 0, "MALT": 0, "XPPT": 0, "VALt2r": 0, "VALTA": -5.267490e-03, "URIK2": 0, "URIDK2r": -9.348696e-05, "UMPK_copy1": 999999, "UREA": 0, "MALS": 3.021470e-01, "L_LACt3": 0, "L_LACt2r": 0, "UPPRT": 0, "IMPD": 6.405891e-03, "UPPDC2": 0, "UPPDC1": 0, "UPP3S": 0, "UPP3MT": 0, "L_LACD3": 0, "L_LACD2": 0, "L_LACD": 0, "LYSt5r": 0, "LPLIPAL2E180": 0, "UMPK_copy2": -9.999990e+05, "UGMDDS2": 2.500322e-05, "LPLIPAL2E160": 0, "IMPC": -1.109265e-02, "LO": 0, "UGMDDS": 2.523354e-05, "LEUt2r": 0, "UGMAS": 2.500322e-05, "ILEt2r": 0, "UGMAGS": 2.500322e-05, "UGLDDS2": 5.082026e-04, "LEUTA": -5.238801e-03, "LDH_L": 0, "UGLDDS1": 5.082026e-04, "LCTSabc": 0, "ILETA": -2.245197e-03, "UGGPT3": 2.500322e-05, "LACZ": 0, "Kt3r": -999999, "Kabc": 0, "UGAGDS": 2.500322e-05, "UDPGD": 0, "KARA2": 2.245197e-03, "IGPS": 5.150100e-04, "KARA1": -1.050629e-02, "GLYCTO1": 0, "IGPDH": 1.039463e-03, "IGAMD": 0, "IG3PS": 1.039463e-03, "GLYCL": 0, "IPPS": 5.238801e-03, "ID3ACALDt": 0, "IPPMIb": -5.238801e-03, "GLYCK": 0, "ICL": 3.021470e-01, "GLYC3Pabc": 0, "GLYBabc": 0, "ICHORS": 0, "ICDHyr": 0, "GLXO1": 0, "IACGAMS": 0, "HXPRT": 0, "HSTPT": 1.039463e-03, "GLUt2r": 1.147169e-02, "EX_lys__L_e": 0, "HSST": 6.647068e-03, "EX_leu__L_e": 0, "GLUTRR": 0, "GLUSy": 0, "GLUR": -1.066642e-03, "HSK": 0, "GLUPRT": 1.005319e-02, "GLUDxi": -9.717883e-02, "HSERTA": 0, "GLUDC": 0, "GLUCYS": 0, "GLU5K": 0, "GLNSP3": 0, "EX_lcts_e": 0, "EX_lac__L_e": 0, "EX_k_e": 0, "EX_ile__L_e": 0, "GLNSP2": 0, "GLNSP1": 0, "HSDy": 9.999990e+05, "GLNS": 5.209650e-02, "GLGC": 0, "EX_id3acald_e": 0, "HSDxi": 999999, "EX_his__L_e": 0, "GLCabc": 0, "GLCS1": 0, "GLCP": 0, "HPPK2": 0, "EX_hdca_e": 0, "HPPK": 0, "EX_h_e": 7.748585e-01, "GK1": 1.704160e-04, "GHMT2r": 1.864713e-02, "EX_h2s_e": 0, "EX_h2o_e": 1.088266e+00, "GGLUCT2": 0, "HOPNTAL": 0, "GFUCS": 3.030073e-05, "GF6PTA": 8.114222e-03, "GCCc": 0, "EX_h2co3_e": 7.761653e-01, "EX_h2_e": 7.966435e-01, "GCCb": 0, "HMPK4": 0, "GCCa": 0, "GCC2": 0, "GARFT": 1.005319e-02, "GAPD": 9.102411e-01, "GALt2": 0, "EX_gthrd_e": 0, "EX_glyc_e": -1, "EX_glyc3p_e": 0, "EX_glyb_e": 0, "EX_gly_e": 0,