{"THDPS": 1.377610e-03, "NADTRHD_copy1": 999999, "TDPGDH": 4.931574e-05, "TDPDRR": 4.931574e-05, "TDPDRE": 4.931574e-05, "TDMS4": 1.756843e-05, "TDMS3": 3.496182e-05, "TDMS2": 3.505730e-05, "TDMS1": 5.267347e-05, "RBFK": 0, "TATSO": 1.809358e-05, "TATS": 1.871420e-05, "THZSN": 0, "R05224": 0, "TAS": 1.395927e-04, "R05219": 0, "TARTRt7": 0, "R05217": 0, "TARTD": 0, "QULNS": 0, "TALA": -7.671554e-03, "THZPSN": 0, "SULabc": 1.026417e-03, "QRr": -999999, "SULR": 9.052994e-04, "PYRt2": 0, "CYANST_copy1": -999999, "SUCOAS": 9.512845e-03, "SUCD1": 0, "THRt2r": 0, "SUCCt2r": -7.815455e-01, "THRS": 0, "SUCBZS": 0, "THRD_L": -2.181955e-03, "PYRDC": 0, "PYK": 9.590687e-01, "PYDXO": 0, "PYDXNO": 0, "PYAM5PO": 0, "PUNP7": 0, "THMDP": 0, "THFGLUS": 0, "SUCBZL": 0, "PUNP6": 0, "PUNP5": -3.456876e-04, "PUNP4": 0, "PUNP3": 0, "PUNP2": 0, "PMANM": -1.018826e-03, "PUNP1": 3.456876e-04, "SSALy": 7.792973e-01, "PLIPA1E180": 0, "PTPATi": 0, "SSALx": 0, "PTAr": -1.883282e-01, "PLIPA1E160": 0, "PLCD": 0, "PSSA180": 0, "SPODM": 0, "PIt": -2.728624e-02, "PSSA160": 6.462446e-05, "SPMS": 0, "PSP_L": 2.484076e-02, "SOTA": 0, "PSERT": 2.484076e-02, "PIabc": 0, "SKMt2": 0, "PHYCBOXL": 0, "PHTO": 0, "PSD180": 0, "PSD160": 6.462446e-05, "PSCVT": 1.762922e-03, "PRPPS": 2.440534e-02, "PROt2r": 0, "PHTHS2": 2.302674e-05, "PHTHS": 4.344368e-06, "PHTHDLS2": 2.302674e-05, "SHSL4r": -9.999990e+05, "PHTHDLS": 4.344368e-06, "PHTHCLS": 0, "PROabc": 0, "PHTHCLR2": -999999, "PROD2": 0, "PHTHCLR1": 999999, "SHSL1": 999999, "PRMICI": 6.463560e-04, "SHKK": 1.762922e-03, "PRFGS": 1.590096e-02, "PREPTTA": 0, "PHEt2r": 0, "PHETA1": -7.654681e-04, "SHK3Dr": 1.762922e-03, "PHDCAt": 0, "PREPTHS2": 2.302674e-05, "PREPTHS": 4.344368e-06, "PREPPACPH": 2.302674e-05, "PHDCATA": -1.026894e-04, "PREPHACPH": 4.344368e-06, "SHCHF3": 0, "PRDX": 0, "PGSA190": 9.245706e-05, "PRATPP": 6.463560e-04, "SHCHF2": 0, "PGSA160190": 2.840230e-04, "SHCHF": 0, "PGSA160": 1.032305e-04, "PRASCSi": 1.590096e-02, "PRAMPC": 6.463560e-04, "PGPPT3": 1.554743e-05, "PGPP190": 9.245706e-05, "PGPP160190": 2.840230e-04, "PGPP160": 1.032305e-04, "PRAIi": 3.202420e-04, "PRAIS": 1.590096e-02, "PRAGSr": 1.590096e-02, "PPTGS_TB2": 2.999683e-04, "PPTGS_TB1": 2.999683e-04, "PGMT": -1.881334e-03, "SHCHD3": 0, "PGM": -9.633022e-01, "PGLYCP": 0, "PGLS": 1.884151e-05, "PPTGS": 0, "PPPGO": 0, "PPNDH": 7.654681e-04, "PPND": 5.053470e-04, "PGL": 0, "PGK": -9.881430e-01, "PPNCL3": 0, "SHCHD2": 0, "PPNCL2": 0, "PGI": 2.468323e-02, "SHCHCS2": 0, "PGCD": 2.484076e-02, "PGAMT": -5.045561e-03, "PPNCL": 0, "PPK2": 0, "PFL": 3.244827e-02, "PFK": 0, "SHCHCS": 0, "PERD": 0, "G6PP": -2.742343e-02, "PEPCK_re": 0, "PPDK": 0, "SGSAD": 0, "PPDIMAT": 0, "PEAMNO": 0, "PPDIMAS": 2.302674e-05, "PPCSCT": 0, "PPCOAC": 0, "PPCK": 0, "PDX5POi": 0, "PDIMAT": 0, "PDIMAS": 4.344368e-06, "SGDS": 0, "PDHcr_copy1": -999999, "PDHcr_copy2": 999999, "PPCDC": 0, "PPBNGS": 0, "PPAtr": 0, "SERt2r": 0, "PPA": 5.867163e-02, "SERD_L": 0, "PNTK": 0, "PNCDC": 0, "PDHbr": 0, "PDHa": 0, "PMPK": 0, "SERD_D": 0, "PMDPHT": 0, "PDH": 0, "PDE4": 0, "PDE1": 0, "PC8XM": 0, "SERAT": 9.052994e-04, "PC6YM": 0, "SELCYSLY": 0, "PC6AR": 0, "EX_mal__L_e": 0, "PC20M": 0, "SDPTA": -1.377610e-03, "PC17M": 0, "SDPDS": 1.377610e-03, "PC11M": 0, "MPML": 0, "MOTS": 0, "MOTH": 0, "PC": 0, "PATS": 1.990771e-05, "PAPSR": 9.052994e-04, "PAPPT3": 1.569065e-05, "SALCS": 4.614896e-05, "PAPPT2": 3.160090e-04, "SADT2": 0, "PAPPT1": 3.160090e-04, "MOHMT": 0, "PAPA160": 0, "SADT": 1.026417e-03, "PANTS": 0, "PACt2r": 0, "MNDNS2": 0, "MNDNS1": 0, "MN6PP": 1.512811e-03, "P5CRx": 2.196595e-03, "SADH": 0, "P5CR": 0, "P5CD": 0, "MMSAD3": 1.444771e-01, "RZ5PP": 0, "OXGDC2": 0, "RRPPDIMAS": 1.884151e-05, "RPPDIMAS": 1.884151e-05, "MTHFD": 0, "RPI": -1.673378e-02, "MTHFC": 0, "MTAN": 0, "RPE": -1.710603e-02, "MSHS": 0, "MSHOXH": 0, "RNTR4": 5.813178e-05, "MSHAMID": 0, "MMSAD2": 0, "RNDR4": 0, "MMSAD1": 0, "UDPGALM": 3.489816e-04, "UDPG4E": 1.231764e-03, "UDPDPS2": 0, "RNDR3": 1.060312e-04, "UDPDPS": 7.495228e-05, "UDCPDPS": 0, "MMM2": 4.048123e-03, "UDCPDP": 6.748888e-04, "RNDR2": 1.059676e-04, "UAPGR": 7.077023e-04, "UAMRH": 1.554743e-05, "MME": 4.048123e-03, "MMCD": 0, "UAMAS": 6.477086e-04, "MI4PP": 0, "RNDR1": 5.556972e-05, "MI3PP": 0, "UAMAGS": 6.477086e-04, "UAGPT3": 1.569065e-05, "UAGPT2": 3.160090e-04, "RIBabc": 0, "MI1PS": 2.586092e-04, "RBK_L1": 0, "MI1PP": 2.586092e-04, "MHPGLUT": 0, "UAGPT1": 3.160090e-04, "UAGDP": 1.382591e-03, "RBK_Dr": -3.722471e-04, "UAGCVT": 7.077023e-04, "UAAGLS2": 3.160090e-04, "MGt5": 0, "RBK": 0, "METabc": 0, "UAAGLS1": 3.160090e-04, "UAAGDS": 1.569065e-05, "TYRt2r": 0, "TYRTA": -5.053470e-04, "METSOXR2": 0, "METSOXR1": 0, "TTDCAt2": 0, "METS": 2.118669e-02, "RBFSb": 0, "METOX2s": 0, "METOX1s": 0, "TSULabc": 0, "TRPt2r": 0, "TRPTA": 0, "METAT": 2.063148e-02, "RBFSa": 0, "MEPCT": 8.244751e-04, "MEOHt2": 0, "TRPS3": 3.202420e-04, "TRPS2": 3.202420e-04, "IPPMIa": -3.257576e-03, "TRPS1": 0, "TRIATS": 0, "TREabc": 0, "MECDPS": 8.244751e-04, "MECDPDH": 8.244751e-04, "ME1": 0, "MDH": 0, "TRESULT": 1.211172e-04, "TRE6PS": 6.002548e-04, "TRE6PP": 4.969607e-04, "MDFDH": 0, "IPMD": 3.257576e-03, "MCOATA": 1.252341e-01, "MCD": 0, "TRDR": 1.231000e-03, "TPI": 9.980817e-01, "TMPPP": 0, "TMPK": 0, "TMN": 0, "TMHAS6": 0, "MCBTS3": 2.383833e-05, "MCBTS2": 0, "MCBTS": 2.231064e-05, "MANAT3": 2.027372e-05, "MANAT2": 0, "TMHAS5": 0, "MANAT1": 1.112190e-04, "TMHAS4": 1.745704e-05, "IPDPS": 0, "TMHAS3": 1.756843e-05, "TMHAS2": 1.750478e-05, "MAN6PI": -2.531637e-03, "MAN1PT2": 1.018826e-03, "MAN1PT": 0, "MALt2r": 0, "TMHAS1": 1.760026e-05, "IPDDI": -7.495228e-04, "TMDS": 5.813178e-05, "TMDPP": 0, "TMDK1": 0, "BIOMASS_Mtb_9_60atp": 1.591344e-02, "YUMPS": 0, "TKT2": -9.434476e-03, "XYLabc": 0, "INSK": 0, "TKT1": -7.671554e-03, "INSH": 3.456876e-04, "MALTabc": 0, "XYLK": 0, "MALTHPabc": 0, "INDPYRD": 0, "MALT": 0, "XPPT": 0, "VALt2r": 0, "VALTA": -3.275415e-03, "URIK2": 0, "URIDK2r": -5.813178e-05, "UMPK_copy1": 0, "UREA": 0, "MALS": 0, "L_LACt3": 0, "L_LACt2r": -9.025536e-01, "UPPRT": 0, "IMPD": 3.983292e-03, "UPPDC2": 0, "UPPDC1": 0, "UPP3S": 0, "UPP3MT": 0, "L_LACD3": 0, "L_LACD2": 1.999007e+00, "L_LACD": 0, "LYSt5r": 0, "LPLIPAL2E180": 0, "UMPK_copy2": 4.876990e-03, "UGMDDS2": 1.554743e-05, "LPLIPAL2E160": 0, "IMPC": -1.654732e-02, "LO": 0, "UGMDDS": 1.569065e-05, "LEUt2r": 0, "UGMAS": 1.554743e-05, "ILEt2r": 0, "UGMAGS": 1.554743e-05, "UGLDDS2": 3.160090e-04, "LEUTA": -3.257576e-03, "LDH_L": -2.901560e+00, "UGLDDS1": 3.160090e-04, "LCTSabc": 0, "ILETA": -1.396102e-03, "UGGPT3": 1.554743e-05, "LACZ": 0, "Kt3r": 999999, "Kabc": 0, "UGAGDS": 1.554743e-05, "UDPGD": 0, "KARA2": 1.396102e-03, "IGPS": 3.202420e-04, "KARA1": -6.532990e-03, "GLYCTO1": 0, "IGPDH": 6.463560e-04, "IGAMD": 0, "IG3PS": 6.463560e-04, "GLYCL": 0, "IPPS": 3.257576e-03, "ID3ACALDt": 0, "IPPMIb": -3.257576e-03, "GLYCK": 0, "ICL": 0, "GLYC3Pabc": 0, "GLYBabc": 0, "ICHORS": 0, "ICDHyr": 0, "GLXO1": 0, "IACGAMS": 0, "HXPRT": 0, "HSTPT": 6.463560e-04, "GLUt2r": 7.864306e-01, "EX_lys__L_e": 0, "HSST": 4.133260e-03, "EX_leu__L_e": 0, "GLUTRR": 0, "GLUSy": 0, "GLUR": -6.632561e-04, "HSK": 0, "GLUPRT": 1.590096e-02, "GLUDxi": 6.899207e-01, "HSERTA": 0, "GLUDC": 0, "GLUCYS": 0, "GLU5K": 2.196595e-03, "GLNSP3": 0, "EX_lcts_e": 0, "EX_lac__L_e": 9.025536e-01, "EX_k_e": 0, "EX_ile__L_e": 0, "GLNSP2": 0, "GLNSP1": 0, "HSDy": 9.999990e+05, "GLNS": 5.169392e-02, "GLGC": 0, "EX_id3acald_e": 0, "HSDxi": 999999, "EX_his__L_e": 0, "GLCabc": 3.001974e-02, "GLCS1": 0, "GLCP": 0, "HPPK2": 0, "EX_hdca_e": 0, "HPPK": 0, "EX_h_e": 5.621415e-01, "GK1": 1.059676e-04, "GHMT2r": 2.124482e-02, "EX_h2s_e": 0, "EX_h2o_e": 2.271140e-01, "GGLUCT2": 0, "HOPNTAL": 0, "GFUCS": 1.884151e-05, "GF6PTA": 5.045561e-03, "GCCc": 0, "EX_h2co3_e": 1.069514e+00, "EX_h2_e": 0, "GCCb": 0, "HMPK4": 0, "GCCa": 0, "GCC2": 0, "GARFT": 1.590096e-02, "GAPD": 9.881430e-01, "GALt2": 0, "EX_gthrd_e": 0, "EX_glyc_e": -1, "EX_glyc3p_e": 0, "EX_glyb_e": 0, "EX_gly_e": 0, "EX_glu__L_e": -7.864306e-01,