{"THDPS": 4.163278e-03, "NADTRHD_copy1": 999999, "TDPGDH": 1.490372e-04, "TDPDRR": 1.490372e-04, "TDPDRE": 1.490372e-04, "TDMS4": 5.309358e-05, "TDMS3": 1.056582e-04, "TDMS2": 1.059467e-04, "TDMS1": 1.591846e-04, "RBFK": 0, "TATSO": 5.468062e-05, "TATS": 5.655621e-05, "THZSN": 0, "R05224": 0, "TAS": 4.218632e-04, "R05219": 0, "TARTRt7": 0, "R05217": 0, "TARTD": 0, "QULNS": 0, "TALA": -1.346341e-02, "THZPSN": 0, "SULabc": 3.101935e-03, "QRr": -999999, "SULR": 2.735907e-03, "PYRt2": 0, "CYANST_copy1": -999999, "SUCOAS": 2.874878e-02, "SUCD1": 0, "THRt2r": 0, "SUCCt2r": -3.497678e-01, "THRS": 0, "SUCBZS": 0, "THRD_L": -6.594088e-03, "PYRDC": 0, "PYK": 2.678904e+00, "PYDXO": 0, "PYDXNO": 0, "PYAM5PO": 0, "PUNP7": 0, "THMDP": 0, "THFGLUS": 0, "SUCBZL": 0, "PUNP6": 0, "PUNP5": -1.044703e-03, "PUNP4": 0, "PUNP3": 0, "PUNP2": 0, "PMANM": -3.078995e-03, "PUNP1": 1.044703e-03, "SSALy": 4.085001e-01, "PLIPA1E180": 0, "PTPATi": 0, "SSALx": 0, "PTAr": 0, "PLIPA1E160": 0, "PLCD": 0, "PSSA180": 0, "SPODM": 0, "PIt": -5.329937e-02, "PSSA160": 1.953017e-04, "SPMS": 0, "PSP_L": 1.396271e-01, "SOTA": 0, "PSERT": 1.396271e-01, "PIabc": 0, "SKMt2": 0, "PHYCBOXL": 0, "PHTO": 0, "PSD180": 0, "PSD160": 1.953017e-04, "PSCVT": 5.327730e-03, "PRPPS": 4.459298e-02, "PROt2r": 0, "PHTHS2": 6.958915e-05, "PHTHS": 1.312912e-05, "PHTHDLS2": 6.958915e-05, "SHSL4r": 1.081325e-02, "PHTHDLS": 1.312912e-05, "PHTHCLS": 0, "PROabc": 0, "PHTHCLR2": -999999, "PROD2": 0, "PHTHCLR1": 999999, "SHSL1": 1.677882e-03, "PRMICI": 1.953353e-03, "SHKK": 5.327730e-03, "PRFGS": 1.889189e-02, "PREPTTA": -1.312912e-05, "PHEt2r": 0, "PHETA1": -2.313322e-03, "SHK3Dr": 5.327730e-03, "PHDCAt": 0, "PREPTHS2": 6.958915e-05, "PREPTHS": 1.312912e-05, "PREPPACPH": 6.958915e-05, "PHDCATA": -3.103378e-04, "PREPHACPH": 0, "SHCHF3": 0, "PRDX": 0, "PGSA190": 2.794146e-04, "PRATPP": 1.953353e-03, "SHCHF2": 0, "PGSA160190": 8.583463e-04, "SHCHF": 0, "PGSA160": 3.119729e-04, "PRASCSi": 1.889189e-02, "PRAMPC": 1.953353e-03, "PGPPT3": 4.698590e-05, "PGPP190": 2.794146e-04, "PGPP160190": 8.583463e-04, "PGPP160": 3.119729e-04, "PRAIi": 9.678037e-04, "PRAIS": 1.889189e-02, "PRAGSr": 1.889189e-02, "PPTGS_TB2": 9.065345e-04, "PPTGS_TB1": 9.065345e-04, "PGMT": -5.685582e-03, "SHCHD3": 0, "PGM": -2.691698e+00, "PGLYCP": 0, "PGLS": 5.694095e-05, "PPTGS": 0, "PPPGO": 0, "PPNDH": 2.313322e-03, "PPND": 1.527210e-03, "PGL": 0, "PGK": -2.831326e+00, "PPNCL3": 0, "SHCHD2": 0, "PPNCL2": 0, "PGI": 9.838725e-01, "SHCHCS2": 0, "PGCD": 1.396271e-01, "PGAMT": -1.524820e-02, "PPNCL": 0, "PPK2": 0, "PFL": 3.747728e-01, "PFK": 9.287189e-01, "SHCHCS": 0, "PERD": 0, "G6PP": -9.921537e-01, "PEPCK_re": 0, "PPDK": 0, "SGSAD": 0, "PPDIMAT": 0, "PEAMNO": 0, "PPDIMAS": 6.958915e-05, "PPCSCT": 0, "PPCOAC": 0, "PPCK": 0, "PDX5POi": 0, "PDIMAT": 0, "PDIMAS": 1.312912e-05, "SGDS": 0, "PDHcr_copy1": -999999, "PDHcr_copy2": 999999, "PPCDC": 0, "PPBNGS": 0, "PPAtr": 0, "SERt2r": 0, "PPA": 8.981121e-02, "SERD_L": 0, "PNTK": 0, "PNCDC": 0, "PDHbr": 0, "PDHa": 0, "PMPK": 0, "SERD_D": 0, "PMDPHT": 0, "PDH": 0, "PDE4": 0, "PDE1": 0, "PC8XM": 0, "SERAT": 2.735907e-03, "PC6YM": 0, "SELCYSLY": 0, "PC6AR": 0, "EX_mal__L_e": 0, "PC20M": 0, "SDPTA": -4.163278e-03, "PC17M": 0, "SDPDS": 4.163278e-03, "PC11M": 0, "MPML": 0, "MOTS": 0, "MOTH": 0, "PC": 0, "PATS": 6.016311e-05, "PAPSR": 2.735907e-03, "PAPPT3": 4.741873e-05, "SALCS": 1.394668e-04, "PAPPT2": 9.550112e-04, "SADT2": 0, "PAPPT1": 9.550112e-04, "MOHMT": 0, "PAPA160": 0, "SADT": 3.101935e-03, "PANTS": 0, "PACt2r": 0, "MNDNS2": 0, "MNDNS1": 0, "MN6PP": 4.571867e-03, "P5CRx": 6.638333e-03, "SADH": 0, "P5CR": 0, "P5CD": 0, "MMSAD3": 0, "RZ5PP": 0, "OXGDC2": 0, "RRPPDIMAS": 5.694095e-05, "RPPDIMAS": 5.694095e-05, "MTHFD": -9.999988e+05, "RPI": -3.112958e-02, "MTHFC": 2.165988e-01, "MTAN": 0, "RPE": -3.225454e-02, "MSHS": 0, "MSHOXH": 0, "RNTR4": 1.756801e-04, "MSHAMID": 0, "MMSAD2": 0, "RNDR4": 0, "MMSAD1": 0, "UDPGALM": 1.054658e-03, "UDPG4E": 3.722514e-03, "UDPDPS2": 0, "RNDR3": 3.204371e-04, "UDPDPS": 0, "UDCPDPS": 2.265134e-04, "MMM2": 1.223384e-02, "UDCPDP": 2.039582e-03, "RNDR2": 3.202447e-04, "UAPGR": 2.138748e-03, "UAMRH": 4.698590e-05, "MME": 1.223384e-02, "MMCD": 0, "UAMAS": 1.957441e-03, "MI4PP": 0, "RNDR1": 1.679373e-04, "MI3PP": 0, "UAMAGS": 1.957441e-03, "UAGPT3": 4.741873e-05, "UAGPT2": 9.550112e-04, "RIBabc": 0, "MI1PS": 7.815433e-04, "RBK_L1": 0, "MI1PP": 7.815433e-04, "MHPGLUT": 0, "UAGPT1": 9.550112e-04, "UAGDP": 4.178330e-03, "RBK_Dr": -1.124968e-03, "UAGCVT": 2.138748e-03, "UAAGLS2": 9.550112e-04, "MGt5": 0, "RBK": 0, "METabc": 0, "UAAGLS1": 9.550112e-04, "UAAGDS": 4.741873e-05, "TYRt2r": 0, "TYRTA": -1.527210e-03, "METSOXR2": 0, "METSOXR1": 0, "TTDCAt2": 0, "METS": 5.703472e-03, "RBFSb": 0, "METOX2s": 0, "METOX1s": 0, "TSULabc": 0, "TRPt2r": 0, "TRPTA": 0, "METAT": 4.025590e-03, "RBFSa": 0, "MEPCT": 2.491647e-03, "MEOHt2": 0, "TRPS3": 9.678037e-04, "TRPS2": 9.678037e-04, "IPPMIa": -9.844724e-03, "TRPS1": 0, "TRIATS": 0, "TREabc": 0, "MECDPS": 2.491647e-03, "MECDPDH": 2.491647e-03, "ME1": 0, "MDH": 7.419761e-02, "TRESULT": 3.660283e-04, "TRE6PS": 1.814031e-03, "TRE6PP": 1.501866e-03, "MDFDH": 0, "IPMD": 9.844724e-03, "MCOATA": 2.852116e-02, "MCD": 0, "TRDR": 3.720206e-03, "TPI": 1.922922e+00, "TMPPP": 0, "TMPK": 0, "TMN": 0, "TMHAS6": 0, "MCBTS3": 7.204184e-05, "MCBTS2": 0, "MCBTS": 6.742500e-05, "MANAT3": 6.126923e-05, "MANAT2": 0, "TMHAS5": 0, "MANAT1": 3.361151e-04, "TMHAS4": 5.275694e-05, "IPDPS": 2.491647e-03, "TMHAS3": 5.309358e-05, "TMHAS2": 5.290122e-05, "MAN6PI": -7.650862e-03, "MAN1PT2": 3.078995e-03, "MAN1PT": 0, "MALt2r": 0, "TMHAS1": 5.318977e-05, "IPDDI": 2.265134e-04, "TMDS": 1.756801e-04, "TMDPP": 0, "TMDK1": 0, "BIOMASS_Mtb_9_60atp": 4.809201e-02, "YUMPS": 0, "TKT2": -1.879114e-02, "XYLabc": 0, "INSK": 0, "TKT1": -1.346341e-02, "INSH": 1.044703e-03, "MALTabc": 0, "XYLK": 0, "MALTHPabc": 0, "INDPYRD": 0, "MALT": 0, "XPPT": 0, "VALt2r": -1.115700e+00, "VALTA": -1.125598e+00, "URIK2": 0, "URIDK2r": -1.756801e-04, "UMPK_copy1": 999999, "UREA": 0, "MALS": 0, "L_LACt3": 0, "L_LACt2r": 0, "UPPRT": 0, "IMPD": 1.203791e-02, "UPPDC2": 0, "UPPDC1": 0, "UPP3S": 0, "UPP3MT": 0, "L_LACD3": 0, "L_LACD2": 1.931471e+00, "L_LACD": 0, "LYSt5r": 0, "LPLIPAL2E180": 0, "UMPK_copy2": -9.999990e+05, "UGMDDS2": 4.698590e-05, "LPLIPAL2E160": 0, "IMPC": -2.084524e-02, "LO": 0, "UGMDDS": 4.741873e-05, "LEUt2r": 0, "UGMAS": 4.698590e-05, "ILEt2r": 0, "UGMAGS": 4.698590e-05, "UGLDDS2": 9.550112e-04, "LEUTA": -9.844724e-03, "LDH_L": -1.931471e+00, "UGLDDS1": 9.550112e-04, "LCTSabc": 0, "ILETA": -4.219161e-03, "UGGPT3": 4.698590e-05, "LACZ": 0, "Kt3r": 999999, "Kabc": 0, "UGAGDS": 4.698590e-05, "UDPGD": 0, "KARA2": 4.219161e-03, "IGPS": 9.678037e-04, "KARA1": -1.135443e+00, "GLYCTO1": 0, "IGPDH": 1.953353e-03, "IGAMD": 0, "IG3PS": 1.953353e-03, "GLYCL": 0, "IPPS": 9.844724e-03, "ID3ACALDt": 0, "IPPMIb": -9.844724e-03, "GLYCK": 0, "ICL": 0, "GLYC3Pabc": 0, "GLYBabc": 0, "ICHORS": 0, "ICDHyr": 0, "GLXO1": 0, "IACGAMS": 0, "HXPRT": 0, "HSTPT": 1.953353e-03, "GLUt2r": 4.300576e-01, "EX_lys__L_e": 0, "HSST": 1.249113e-02, "EX_leu__L_e": 0, "GLUTRR": 0, "GLUSy": 0, "GLUR": -2.004427e-03, "HSK": 0, "GLUPRT": 1.889189e-02, "GLUDxi": -9.835356e-01, "HSERTA": 0, "GLUDC": 4.085001e-01, "GLUCYS": 0, "GLU5K": 6.638333e-03, "GLNSP3": 0, "EX_lcts_e": 0, "EX_lac__L_e": 0, "EX_k_e": 0, "EX_ile__L_e": 0, "GLNSP2": 0, "GLNSP1": 0, "HSDy": 9.999990e+05, "GLNS": 9.789942e-02, "GLGC": 0, "EX_id3acald_e": 0, "HSDxi": 999999, "EX_his__L_e": 0, "GLCabc": 1, "GLCS1": 0, "GLCP": 0, "HPPK2": 0, "EX_hdca_e": 0, "HPPK": 0, "EX_h_e": 1.296036e+00, "GK1": 3.202447e-04, "GHMT2r": 1.287598e-01, "EX_h2s_e": 0, "EX_h2o_e": 1.734605e+00, "GGLUCT2": 0, "HOPNTAL": 0, "GFUCS": 5.694095e-05, "GF6PTA": 1.524820e-02, "GCCc": 9.371821e-02, "EX_h2co3_e": 2.202531e+00, "EX_h2_e": 5.516345e-01, "GCCb": 9.371821e-02, "HMPK4": 0, "GCCa": 9.371821e-02, "GCC2": 0, "GARFT": 1.889189e-02, "GAPD": 2.831326e+00, "GALt2": 0, "EX_gthrd_e": 0, "EX_glyc_e": -1,