{"THDPS": 3.794092e-03, "NADTRHD_copy1": -999999, "TDPGDH": 1.358210e-04, "TDPDRR": 1.358210e-04, "TDPDRE": 1.358210e-04, "TDMS4": 4.838542e-05, "TDMS3": 9.628874e-05, "TDMS2": 9.655170e-05, "TDMS1": 1.450686e-04, "RBFK": 0, "TATSO": 4.983172e-05, "TATS": 5.154099e-05, "THZSN": 0, "R05224": 0, "TAS": 3.844537e-04, "R05219": 0, "TARTRt7": 0, "R05217": 0, "TARTD": 0, "QULNS": 0, "TALA": -1.490353e-02, "THZPSN": 0, "SULabc": 2.826866e-03, "QRr": 1.997264e+00, "SULR": 2.493295e-03, "PYRt2": 0, "CYANST_copy1": -999999, "SUCOAS": 4.922117e-02, "SUCD1": 0, "THRt2r": 0, "SUCCt2r": 0, "THRS": 0, "SUCBZS": 0, "THRD_L": -6.009346e-03, "PYRDC": 0, "PYK": 2.706589e+00, "PYDXO": 0, "PYDXNO": 0, "PYAM5PO": 0, "PUNP7": 0, "THMDP": 0, "THFGLUS": 0, "SUCBZL": 0, "PUNP6": 0, "PUNP5": -9.520620e-04, "PUNP4": 0, "PUNP3": 0, "PUNP2": 0, "PMANM": -2.805960e-03, "PUNP1": 9.520620e-04, "SSALy": 0, "PLIPA1E180": 0, "PTPATi": 0, "SSALx": 0, "PTAr": 1.111302e+00, "PLIPA1E160": 0, "PLCD": 0, "PSSA180": 0, "SPODM": 0, "PIt": -7.227905e-02, "PSSA160": 1.779830e-04, "SPMS": 0, "PSP_L": 4.183783e-02, "SOTA": 0, "PSERT": 4.183783e-02, "PIabc": 0, "SKMt2": 0, "PHYCBOXL": 0, "PHTO": 0, "PSD180": 0, "PSD160": 1.779830e-04, "PSCVT": 4.855284e-03, "PRPPS": 4.854066e-02, "PROt2r": -9.803541e-01, "PHTHS2": 6.341821e-05, "PHTHS": 2.314138e-03, "PHTHDLS2": 6.341821e-05, "SHSL4r": 9.854366e-03, "PHTHDLS": 2.314138e-03, "PHTHCLS": 0, "PROabc": 0, "PHTHCLR2": -999999, "PROD2": 0, "PHTHCLR1": 999999, "SHSL1": 1.529093e-03, "PRMICI": 1.780136e-03, "SHKK": 4.855284e-03, "PRFGS": 1.721662e-02, "PREPTTA": -2.314138e-03, "PHEt2r": 0, "PHETA1": -2.108184e-03, "SHK3Dr": 4.855284e-03, "PHDCAt": 0, "PREPTHS2": 6.341821e-05, "PREPTHS": 2.314138e-03, "PREPPACPH": 6.341821e-05, "PHDCATA": -2.828180e-04, "PREPHACPH": 0, "SHCHF3": 0, "PRDX": 0, "PGSA190": 2.546370e-04, "PRATPP": 1.780136e-03, "SHCHF2": 0, "PGSA160190": 7.822310e-04, "SHCHF": 0, "PGSA160": 2.843082e-04, "PRASCSi": 1.721662e-02, "PRAMPC": 1.780136e-03, "PGPPT3": 4.281934e-05, "PGPP190": 2.546370e-04, "PGPP160190": 7.822310e-04, "PGPP160": 2.843082e-04, "PRAIi": 8.819821e-04, "PRAIS": 1.721662e-02, "PRAGSr": 1.721662e-02, "PPTGS_TB2": 8.261460e-04, "PPTGS_TB1": 8.261460e-04, "PGMT": -5.181404e-03, "SHCHD3": 0, "PGM": -2.791275e+00, "PGLYCP": 0, "PGLS": 5.189161e-05, "PPTGS": 0, "PPPGO": 0, "PPNDH": 2.108184e-03, "PPND": 1.391782e-03, "PGL": 0, "PGK": -2.833113e+00, "PPNCL3": 0, "SHCHD2": 0, "PPNCL2": 0, "PGI": 9.853027e-01, "SHCHCS2": 0, "PGCD": 4.183783e-02, "PGAMT": -1.389604e-02, "PPNCL": 0, "PPK2": 999999, "PFL": 2.640306e+00, "PFK": 9.297719e-01, "SHCHCS": 0, "PERD": 0, "G6PP": -9.928495e-01, "PEPCK_re": -8.026326e-03, "PPDK": 0, "SGSAD": 0, "PPDIMAT": 0, "PEAMNO": 0, "PPDIMAS": 6.341821e-05, "PPCSCT": 1.104868e+00, "PPCOAC": 0, "PPCK": -6.500042e-02, "PDX5POi": 0, "PDIMAT": 2.302173e-03, "PDIMAS": 2.314138e-03, "SGDS": 0, "PDHcr_copy1": 0, "PDHcr_copy2": 0, "PPCDC": 0, "PPBNGS": 0, "PPAtr": -1.104868e+00, "SERt2r": 0, "PPA": 9.205125e-02, "SERD_L": 0, "PNTK": 0, "PNCDC": 0, "PDHbr": 0, "PDHa": 0, "PMPK": 0, "SERD_D": 0, "PMDPHT": 0, "PDH": 0, "PDE4": 0, "PDE1": 0, "PC8XM": 0, "SERAT": 2.493295e-03, "PC6YM": 0, "SELCYSLY": 0, "PC6AR": 0, "EX_mal__L_e": 0, "PC20M": 0, "SDPTA": -3.794092e-03, "PC17M": 0, "SDPDS": 3.794092e-03, "PC11M": 0, "MPML": 0, "MOTS": 0, "MOTH": 0, "PC": 0, "PATS": 5.482804e-05, "PAPSR": 2.493295e-03, "PAPPT3": 4.321379e-05, "SALCS": 1.270994e-04, "PAPPT2": 8.703240e-04, "SADT2": 0, "PAPPT1": 8.703240e-04, "MOHMT": 0, "PAPA160": 0, "SADT": 2.826866e-03, "PANTS": 0, "PACt2r": 0, "MNDNS2": 0, "MNDNS1": 0, "MN6PP": 4.166449e-03, "P5CRx": 0, "SADH": 0, "P5CR": 9.864038e-01, "P5CD": 0, "MMSAD3": 0, "RZ5PP": 0, "OXGDC2": 0, "RRPPDIMAS": 5.189161e-05, "RPPDIMAS": 5.189161e-05, "MTHFD": -9.999990e+05, "RPI": -3.363713e-02, "MTHFC": 1.637219e-02, "MTAN": 0, "RPE": -3.466234e-02, "MSHS": 0, "MSHOXH": 0, "RNTR4": 0, "MSHAMID": 0, "MMSAD2": 0, "RNDR4": 8.062133e-03, "MMSAD1": 0, "UDPGALM": 9.611343e-04, "UDPG4E": 3.392414e-03, "UDPDPS2": 0, "RNDR3": 2.920218e-04, "UDPDPS": 2.064269e-04, "UDCPDPS": 0, "MMM2": 1.139038e+00, "UDCPDP": 1.858719e-03, "RNDR2": 2.918465e-04, "UAPGR": 1.949091e-03, "UAMRH": 4.281934e-05, "MME": 1.139038e+00, "MMCD": 1.104868e+00, "UAMAS": 1.783862e-03, "MI4PP": 0, "RNDR1": 1.530452e-04, "MI3PP": 0, "UAMAGS": 1.783862e-03, "UAGPT3": 4.321379e-05, "UAGPT2": 8.703240e-04, "RIBabc": 0, "MI1PS": 7.122386e-04, "RBK_L1": 0, "MI1PP": 7.122386e-04, "MHPGLUT": 0, "UAGPT1": 8.703240e-04, "UAGDP": 3.807810e-03, "RBK_Dr": -1.025210e-03, "UAGCVT": 1.949091e-03, "UAAGLS2": 8.703240e-04, "MGt5": 0, "RBK": 0, "METabc": 0, "UAAGLS1": 8.703240e-04, "UAAGDS": 4.321379e-05, "TYRt2r": 0, "TYRTA": -1.391782e-03, "METSOXR2": 0, "METSOXR1": 0, "TTDCAt2": 0, "METS": 7.499880e-03, "RBFSb": 0, "METOX2s": 0, "METOX1s": 0, "TSULabc": 0, "TRPt2r": 0, "TRPTA": 0, "METAT": 5.970787e-03, "RBFSa": 0, "MEPCT": 2.270696e-03, "MEOHt2": 0, "TRPS3": 8.819821e-04, "TRPS2": 8.819821e-04, "IPPMIa": -8.971726e-03, "TRPS1": 0, "TRIATS": 0, "TREabc": 0, "MECDPS": 2.270696e-03, "MECDPDH": 2.270696e-03, "ME1": 0, "MDH": 1.113795e+00, "TRESULT": 3.335701e-04, "TRE6PS": 1.653169e-03, "TRE6PP": 1.368685e-03, "MDFDH": 0, "IPMD": 8.971726e-03, "MCOATA": 2.599200e-02, "MCD": 0, "TRDR": 1.129234e-02, "TPI": 1.924489e+00, "TMPPP": 0, "TMPK": 0, "TMN": 0, "TMHAS6": 0, "MCBTS3": 6.565341e-05, "MCBTS2": 0, "MCBTS": 6.144598e-05, "MANAT3": 5.583607e-05, "MANAT2": 2.326357e-04, "TMHAS5": 0, "MANAT1": 7.367381e-05, "TMHAS4": 4.807863e-05, "IPDPS": 0, "TMHAS3": 4.838542e-05, "TMHAS2": 4.821011e-05, "MAN6PI": -6.972409e-03, "MAN1PT2": 2.805960e-03, "MAN1PT": 0, "MALt2r": 0, "TMHAS1": 4.847307e-05, "IPDDI": -2.064269e-03, "TMDS": 8.062133e-03, "TMDPP": 0, "TMDK1": 0, "BIOMASS_Mtb_9_60atp": 4.382737e-02, "YUMPS": 0, "TKT2": -1.975881e-02, "XYLabc": 0, "INSK": 0, "TKT1": -1.490353e-02, "INSH": 9.520620e-04, "MALTabc": 0, "XYLK": 0, "MALTHPabc": 0, "INDPYRD": 0, "MALT": 0, "XPPT": 0, "VALt2r": 0, "VALTA": -9.020857e-03, "URIK2": 0, "URIDK2r": -8.062133e-03, "UMPK_copy1": 999999, "UREA": 0, "MALS": 1.113795e+00, "L_LACt3": 0, "L_LACt2r": 0, "UPPRT": 0, "IMPD": 1.097043e-02, "UPPDC2": 0, "UPPDC1": 0, "UPP3S": 0, "UPP3MT": 0, "L_LACD3": 0, "L_LACD2": 0, "L_LACD": 0, "LYSt5r": 0, "LPLIPAL2E180": 0, "UMPK_copy2": -9.999990e+05, "UGMDDS2": 4.281934e-05, "LPLIPAL2E160": 0, "IMPC": -1.899676e-02, "LO": 0, "UGMDDS": 4.321379e-05, "LEUt2r": 0, "UGMAS": 4.281934e-05, "ILEt2r": 0, "UGMAGS": 4.281934e-05, "UGLDDS2": 8.703240e-04, "LEUTA": -8.971726e-03, "LDH_L": 0, "UGLDDS1": 8.703240e-04, "LCTSabc": 0, "ILETA": -3.845019e-03, "UGGPT3": 4.281934e-05, "LACZ": 0, "Kt3r": -999999, "Kabc": 0, "UGAGDS": 4.281934e-05, "UDPGD": 0, "KARA2": 3.845019e-03, "IGPS": 8.819821e-04, "KARA1": -1.799258e-02, "GLYCTO1": 0, "IGPDH": 1.780136e-03, "IGAMD": 0, "IG3PS": 1.780136e-03, "GLYCL": 0, "IPPS": 8.971726e-03, "ID3ACALDt": 0, "IPPMIb": -8.971726e-03, "GLYCK": 0, "ICL": 1.113795e+00, "GLYC3Pabc": 0, "GLYBabc": 0, "ICHORS": 0, "ICDHyr": 0, "GLXO1": 0, "IACGAMS": 0, "HXPRT": 0, "HSTPT": 1.780136e-03, "GLUt2r": 1, "EX_lys__L_e": 0, "HSST": 1.138346e-02, "EX_leu__L_e": 0, "GLUTRR": 0, "GLUSy": 1.743260e-01, "GLUR": -1.826681e-03, "HSK": 0, "GLUPRT": 1.721662e-02, "GLUDxi": 0, "HSERTA": 0, "GLUDC": 0, "GLUCYS": 0, "GLU5K": 9.864038e-01, "GLNSP3": 0, "EX_lcts_e": 0, "EX_lac__L_e": 0, "EX_k_e": 0, "EX_ile__L_e": 0, "GLNSP2": 0, "GLNSP1": 0, "HSDy": 9.999990e+05, "GLNS": 2.714460e-01, "GLGC": 0, "EX_id3acald_e": 0, "HSDxi": 999999, "EX_his__L_e": 0, "GLCabc": 1, "GLCS1": 0, "GLCP": 0, "HPPK2": 0, "EX_hdca_e": 0, "HPPK": 0, "EX_h_e": 3.884264e-01, "GK1": 2.918465e-04, "GHMT2r": 3.193420e-02, "EX_h2s_e": 0, "EX_h2o_e": -9.708147e-01, "GGLUCT2": 0, "HOPNTAL": 0, "GFUCS": 5.189161e-05, "GF6PTA": 1.389604e-02, "GCCc": 0, "EX_h2co3_e": 3.703080e+00, "EX_h2_e": 2.620465e+00, "GCCb": 0, "HMPK4": 0, "GCCa": 0, "GCC2": 0, "GARFT": 1.721662e-02, "GAPD": 2.833113e+00, "GALt2": 0, "EX_gthrd_e": 0, "EX_glyc_e": -1,