{"THDPS": 1.941007e-03, "NADTRHD_copy1": 999999, "TDPGDH": 6.948423e-05, "TDPDRR": 6.948423e-05, "TDPDRE": 6.948423e-05, "TDMS4": 2.475334e-05, "TDMS3": 4.926004e-05, "TDMS2": 4.939457e-05, "TDMS1": 7.421517e-05, "RBFK": 0, "TATSO": 2.549325e-05, "TATS": 2.636769e-05, "THZSN": 0, "R05224": 0, "TAS": 1.966814e-04, "R05219": 0, "TARTRt7": 0, "R05217": 0, "TARTD": 0, "QULNS": 0, "TALA": -6.276922e-03, "THZPSN": 0, "SULabc": 1.446187e-03, "QRr": -999999, "SULR": 1.275537e-03, "PYRt2": 0, "CYANST_copy1": -999999, "SUCOAS": -9.999983e+05, "SUCD1": 0, "THRt2r": 0, "SUCCt2r": -3.977776e-01, "THRS": 0, "SUCBZS": 0, "THRD_L": -3.074302e-03, "PYRDC": 0, "PYK": 2.893992e+00, "PYDXO": 0, "PYDXNO": 0, "PYAM5PO": 0, "PUNP7": 0, "THMDP": 0, "THFGLUS": 0, "SUCBZL": 0, "PUNP6": 0, "PUNP5": -4.870623e-04, "PUNP4": 0, "PUNP3": 0, "PUNP2": 0, "PMANM": -1.435492e-03, "PUNP1": 4.870623e-04, "SSALy": 9.899494e-01, "PLIPA1E180": 0, "PTPATi": 0, "SSALx": 0, "PTAr": -999999, "PLIPA1E160": 0, "PLCD": 0, "PSSA180": 0, "SPODM": 0, "PIt": -2.484928e-02, "PSSA160": 9.105372e-05, "SPMS": 0, "PSP_L": 2.140368e-02, "SOTA": 0, "PSERT": 2.140368e-02, "PIabc": 0, "SKMt2": 0, "PHYCBOXL": 0, "PHTO": 0, "PSD180": 0, "PSD160": 9.105372e-05, "PSCVT": 2.483899e-03, "PRPPS": 2.079018e-02, "PROt2r": 0, "PHTHS2": 3.244391e-05, "PHTHS": 1.360225e-02, "PHTHDLS2": 3.244391e-05, "SHSL4r": 5.041363e-03, "PHTHDLS": 1.360225e-02, "PHTHCLS": 0, "PROabc": 0, "PHTHCLR2": -999999, "PROD2": 0, "PHTHCLR1": 999999, "SHSL1": 7.822638e-04, "PRMICI": 9.106941e-04, "SHKK": 2.483899e-03, "PRFGS": 8.807795e-03, "PREPTTA": -1.360225e-02, "PHEt2r": 0, "PHETA1": -1.078519e-03, "SHK3Dr": 2.483899e-03, "PHDCAt": 0, "PREPTHS2": 3.244391e-05, "PREPTHS": 1.360225e-02, "PREPPACPH": 3.244391e-05, "PHDCATA": -1.446859e-04, "PREPHACPH": 0, "SHCHF3": 0, "PRDX": 0, "PGSA190": 1.302689e-04, "PRATPP": 9.106941e-04, "SHCHF2": 0, "PGSA160190": 4.001790e-04, "SHCHF": 0, "PGSA160": 1.454483e-04, "PRASCSi": 8.807795e-03, "PRAMPC": 9.106941e-04, "PGPPT3": 2.190581e-05, "PGPP190": 1.302689e-04, "PGPP160190": 4.001790e-04, "PGPP160": 1.454483e-04, "PRAIi": 4.512103e-04, "PRAIS": 8.807795e-03, "PRAGSr": 8.807795e-03, "PPTGS_TB2": 4.226453e-04, "PPTGS_TB1": 4.226453e-04, "PGMT": -2.650737e-03, "SHCHD3": 0, "PGM": -2.899957e+00, "PGLYCP": 0, "PGLS": 2.654706e-05, "PPTGS": 0, "PPPGO": 0, "PPNDH": 1.078519e-03, "PPND": 7.120172e-04, "PGL": 0, "PGK": -2.921360e+00, "PPNCL3": 0, "SHCHD2": 0, "PPNCL2": 0, "PGI": 9.924810e-01, "SHCHCS2": 0, "PGCD": 2.140368e-02, "PGAMT": -7.109028e-03, "PPNCL": 0, "PPK2": 0, "PFL": 1.852628e-02, "PFK": 9.667673e-01, "SHCHCS": 0, "PERD": 0, "G6PP": -9.963419e-01, "PEPCK_re": 999999, "PPDK": 0, "SGSAD": 0, "PPDIMAT": 0, "PEAMNO": 0, "PPDIMAS": 3.244391e-05, "PPCSCT": 0, "PPCOAC": 0, "PPCK": -999999, "PDX5POi": 0, "PDIMAT": 1.359613e-02, "PDIMAS": 1.360225e-02, "SGDS": 0, "PDHcr_copy1": 0, "PDHcr_copy2": 0, "PPCDC": 0, "PPBNGS": 0, "PPAtr": 0, "SERt2r": 0, "PPA": 5.546800e-02, "SERD_L": 0, "PNTK": 0, "PNCDC": 0, "PDHbr": 0, "PDHa": 0, "PMPK": 0, "SERD_D": 0, "PMDPHT": 0, "PDH": 0, "PDE4": 0, "PDE1": 0, "PC8XM": 0, "SERAT": 1.275537e-03, "PC6YM": 0, "SELCYSLY": 0, "PC6AR": 0, "EX_mal__L_e": 4.634208e-01, "PC20M": 0, "SDPTA": -1.941007e-03, "PC17M": 0, "SDPDS": 1.941007e-03, "PC11M": 0, "MPML": 0, "MOTS": 0, "MOTH": 0, "PC": 0, "PATS": 2.804930e-05, "PAPSR": 1.275537e-03, "PAPPT3": 2.210760e-05, "SALCS": 6.502235e-05, "PAPPT2": 4.452462e-04, "SADT2": 0, "PAPPT1": 4.452462e-04, "MOHMT": 0, "PAPA160": 0, "SADT": 1.446187e-03, "PANTS": 0, "PACt2r": 0, "MNDNS2": 0, "MNDNS1": 0, "MN6PP": 2.131500e-03, "P5CRx": 3.094930e-03, "SADH": 0, "P5CR": 0, "P5CD": 0, "MMSAD3": 0, "RZ5PP": 0, "OXGDC2": 0, "RRPPDIMAS": 2.654706e-05, "RPPDIMAS": 2.654706e-05, "MTHFD": 0, "RPI": -1.451326e-02, "MTHFC": 0, "MTAN": 0, "RPE": -1.503774e-02, "MSHS": 0, "MSHOXH": 0, "RNTR4": 0, "MSHAMID": 0, "MMSAD2": 0, "RNDR4": 8.190574e-05, "MMSAD1": 0, "UDPGALM": 4.917035e-04, "UDPG4E": 1.735514e-03, "UDPDPS2": 0, "RNDR3": 1.493945e-04, "UDPDPS": 0, "UDCPDPS": 1.056053e-04, "MMM2": 1.416650e-01, "UDCPDP": 9.508959e-04, "RNDR2": 1.493048e-04, "UAPGR": 9.971290e-04, "UAMRH": 2.190581e-05, "MME": 1.416650e-01, "MMCD": 0, "UAMAS": 9.125999e-04, "MI4PP": 0, "RNDR1": 7.829588e-05, "MI3PP": 0, "UAMAGS": 9.125999e-04, "UAGPT3": 2.210760e-05, "UAGPT2": 4.452462e-04, "RIBabc": 0, "MI1PS": 3.643718e-04, "RBK_L1": 0, "MI1PP": 3.643718e-04, "MHPGLUT": 0, "UAGPT1": 4.452462e-04, "UAGDP": 1.948025e-03, "RBK_Dr": -5.244838e-04, "UAGCVT": 9.971290e-04, "UAAGLS2": 4.452462e-04, "MGt5": 0, "RBK": 0, "METabc": 0, "UAAGLS1": 4.452462e-04, "UAAGDS": 2.210760e-05, "TYRt2r": 0, "TYRTA": -7.120172e-04, "METSOXR2": 0, "METSOXR1": 0, "TTDCAt2": 0, "METS": 1.625521e-02, "RBFSb": 0, "METOX2s": 0, "METOX1s": 0, "TSULabc": 0, "TRPt2r": 0, "TRPTA": 0, "METAT": 1.547295e-02, "RBFSa": 0, "MEPCT": 1.161658e-03, "MEOHt2": 0, "TRPS3": 0, "TRPS2": 0, "IPPMIa": -4.589816e-03, "TRPS1": 4.512103e-04, "TRIATS": 0, "TREabc": 0, "MECDPS": 1.161658e-03, "MECDPDH": 1.161658e-03, "ME1": 0, "MDH": 0, "TRESULT": 1.706500e-04, "TRE6PS": 8.457390e-04, "TRE6PP": 7.002011e-04, "MDFDH": 0, "IPMD": 4.589816e-03, "MCOATA": 1.329716e-02, "MCD": 0, "TRDR": 1.734438e-03, "TPI": 1.964064e+00, "TMPPP": 0, "TMPK": 0, "TMN": 0, "TMHAS6": 0, "MCBTS3": 3.358741e-05, "MCBTS2": 0, "MCBTS": 3.143494e-05, "MANAT3": 2.856499e-05, "MANAT2": 1.190133e-04, "TMHAS5": 0, "MANAT1": 3.769054e-05, "TMHAS4": 2.459639e-05, "IPDPS": 0, "TMHAS3": 2.475334e-05, "TMHAS2": 2.466365e-05, "MAN6PI": -3.566992e-03, "MAN1PT2": 1.435492e-03, "MAN1PT": 0, "MALt2r": -4.634208e-01, "TMHAS1": 2.479818e-05, "IPDDI": -1.056053e-03, "TMDS": 8.190574e-05, "TMDPP": 0, "TMDK1": 0, "BIOMASS_Mtb_9_60atp": 2.242150e-02, "YUMPS": 0, "TKT2": -8.760821e-03, "XYLabc": 0, "INSK": 0, "TKT1": -6.276922e-03, "INSH": 4.870623e-04, "MALTabc": 0, "XYLK": 0, "MALTHPabc": 0, "INDPYRD": 0, "MALT": 0, "XPPT": 0, "VALt2r": -1.420778e+00, "VALTA": -1.425393e+00, "URIK2": 0, "URIDK2r": -8.190574e-05, "UMPK_copy1": 0, "UREA": 0, "MALS": 0, "L_LACt3": 0, "L_LACt2r": 0, "UPPRT": 0, "IMPD": 5.612326e-03, "UPPDC2": 0, "UPPDC1": 0, "UPP3S": 0, "UPP3MT": 0, "L_LACD3": 0, "L_LACD2": 0, "L_LACD": 0, "LYSt5r": 0, "LPLIPAL2E180": 0, "UMPK_copy2": 6.871518e-03, "UGMDDS2": 2.190581e-05, "LPLIPAL2E160": 0, "IMPC": -9.718490e-03, "LO": 0, "UGMDDS": 2.210760e-05, "LEUt2r": 0, "UGMAS": 2.190581e-05, "ILEt2r": 0, "UGMAGS": 2.190581e-05, "UGLDDS2": 4.452462e-04, "LEUTA": -4.589816e-03, "LDH_L": 0, "UGLDDS1": 4.452462e-04, "LCTSabc": 0, "ILETA": -1.967061e-03, "UGGPT3": 2.190581e-05, "LACZ": 0, "Kt3r": 999999, "Kabc": 0, "UGAGDS": 2.190581e-05, "UDPGD": 0, "KARA2": 1.967061e-03, "IGPS": 4.512103e-04, "KARA1": -1.429983e+00, "GLYCTO1": 0, "IGPDH": 9.106941e-04, "IGAMD": 0, "IG3PS": 9.106941e-04, "GLYCL": 0, "IPPS": 4.589816e-03, "ID3ACALDt": 0, "IPPMIb": -4.589816e-03, "GLYCK": 0, "ICL": 0, "GLYC3Pabc": 0, "GLYBabc": 0, "ICHORS": 0, "ICDHyr": 0, "GLXO1": 0, "IACGAMS": 0, "HXPRT": 0, "HSTPT": 9.106941e-04, "GLUt2r": 1, "EX_lys__L_e": 0, "HSST": 5.823626e-03, "EX_leu__L_e": 0, "GLUTRR": 0, "GLUSy": 5.159690e-01, "GLUR": -9.345058e-04, "HSK": 0, "GLUPRT": 8.807795e-03, "GLUDxi": 0, "HSERTA": 0, "GLUDC": 0, "GLUCYS": 0, "GLU5K": 3.094930e-03, "GLNSP3": 0, "EX_lcts_e": 0, "EX_lac__L_e": 0, "EX_k_e": 0, "EX_ile__L_e": 0, "GLNSP2": 0, "GLNSP1": 0, "HSDy": 9.999990e+05, "GLNS": 5.616117e-01, "GLGC": 0, "EX_id3acald_e": 0, "HSDxi": 999999, "EX_his__L_e": 0, "GLCabc": 1, "GLCS1": 0, "GLCP": 0, "HPPK2": 0, "EX_hdca_e": 0, "HPPK": 0, "EX_h_e": 6.416553e-01, "GK1": 1.493048e-04, "GHMT2r": 1.633711e-02, "EX_h2s_e": 0, "EX_h2o_e": 1.543831e+00, "GGLUCT2": 0, "HOPNTAL": 0, "GFUCS": 2.654706e-05, "GF6PTA": 7.109028e-03, "GCCc": 0, "EX_h2co3_e": 2.548468e+00, "EX_h2_e": 0, "GCCb": 0, "HMPK4": 0, "GCCa": 0, "GCC2": 0, "GARFT": 8.807795e-03, "GAPD": 2.921360e+00, "GALt2": 0, "EX_gthrd_e": 0, "EX_glyc_e": -1, "EX_glyc3p_e": 0, "EX_glyb_e": 0, "EX_gly_e": 0, "EX_glu__L_e": -1, "GALUi": 2.581253e-03,