{"THDPS": 1.243554e-03, "NADTRHD_copy1": 0, "TDPGDH": 4.451680e-05, "TDPDRR": 4.451680e-05, "TDPDRE": 4.451680e-05, "TDMS4": 1.585884e-05, "TDMS3": 3.155967e-05, "TDMS2": 3.164586e-05, "TDMS1": 4.754779e-05, "RBFK": 0, "TATSO": 1.633288e-05, "TATS": 1.689311e-05, "THZSN": 0, "R05224": 0, "TAS": 1.260088e-04, "R05219": 0, "TARTRt7": 0, "R05217": 0, "TARTD": 0, "QULNS": 0, "TALA": 0, "THZPSN": 0, "SULabc": 9.265355e-04, "QRr": 0, "SULR": 8.172043e-04, "PYRt2": 0, "CYANST_copy1": 0, "SUCOAS": 0, "SUCD1": 0, "THRt2r": 0, "SUCCt2r": 0, "THRS": 0, "SUCBZS": 0, "THRD_L": -1.969628e-03, "PYRDC": 0, "PYK": 8.918686e-01, "PYDXO": 0, "PYDXNO": 0, "PYAM5PO": 0, "PUNP7": 0, "THMDP": 0, "THFGLUS": 0, "SUCBZL": 0, "PUNP6": 0, "PUNP5": 0, "PUNP4": 0, "PUNP3": 0, "PUNP2": 0, "PMANM": -9.196835e-04, "PUNP1": 0, "SSALy": 9.410862e-01, "PLIPA1E180": 0, "PTPATi": 0, "SSALx": 0, "PTAr": -3.102282e-01, "PLIPA1E160": 0, "PLCD": 0, "PSSA180": 0, "SPODM": 0, "PIt": -1.592031e-02, "PSSA160": 5.833583e-05, "SPMS": 0, "PSP_L": 1.371280e-02, "SOTA": 0, "PSERT": 1.371280e-02, "PIabc": 0, "SKMt2": 0, "PHYCBOXL": 0, "PHTO": 0, "PSD180": 0, "PSD160": 5.833583e-05, "PSCVT": 1.365577e-02, "PRPPS": 1.331975e-02, "PROt2r": 0, "PHTHS2": 2.078600e-05, "PHTHS": 3.921615e-06, "PHTHDLS2": 2.078600e-05, "SHSL4r": 2.622785e-02, "PHTHDLS": 3.921615e-06, "PHTHCLS": 0, "PROabc": 0, "PHTHCLR2": -999999, "PROD2": 2.011606e+00, "PHTHCLR1": 999999, "SHSL1": 5.011767e-04, "PRMICI": 5.834588e-04, "SHKK": 1.365577e-02, "PRFGS": 5.642932e-03, "PREPTTA": 0, "PHEt2r": 0, "PHETA1": -6.909800e-04, "SHK3Dr": 1.365577e-02, "PHDCAt": 0, "PREPTHS2": 2.078600e-05, "PREPTHS": 3.921615e-06, "PREPPACPH": 2.078600e-05, "PHDCATA": -9.269665e-05, "PREPHACPH": 3.921615e-06, "SHCHF3": 0, "PRDX": 0, "PGSA190": 8.346002e-05, "PRATPP": 5.834588e-04, "SHCHF2": 0, "PGSA160190": 2.563846e-04, "SHCHF": 0, "PGSA160": 9.318505e-05, "PRASCSi": 5.642932e-03, "PRAMPC": 5.834588e-04, "PGPPT3": 1.403450e-05, "PGPP190": 8.346002e-05, "PGPP160190": 2.563846e-04, "PGPP160": 9.318505e-05, "PRAIi": 2.890791e-04, "PRAIS": 5.642932e-03, "PRAGSr": 5.642932e-03, "PPTGS_TB2": 2.707782e-04, "PPTGS_TB1": 2.707782e-04, "PGMT": -1.698261e-03, "SHCHD3": 0, "PGM": -9.198190e-01, "PGLYCP": 0, "PGLS": 1.700803e-05, "PPTGS": 0, "PPPGO": 0, "PPNDH": 6.909800e-04, "PPND": 1.252057e-02, "PGL": 0, "PGK": -9.335317e-01, "PPNCL3": 0, "SHCHD2": 0, "PPNCL2": 0, "PGI": -4.817209e-03, "SHCHCS2": 0, "PGCD": 1.371280e-02, "PGAMT": -4.554576e-03, "PPNCL": 0, "PPK2": 0, "PFL": 1.186932e-02, "PFK": 0, "SHCHCS": 0, "PERD": 0, "G6PP": 2.343661e-03, "PEPCK_re": 0, "PPDK": 0, "SGSAD": 0, "PPDIMAT": 0, "PEAMNO": 0, "PPDIMAS": 2.078600e-05, "PPCSCT": 9.556188e-01, "PPCOAC": 0, "PPCK": 0, "PDX5POi": 0, "PDIMAT": 0, "PDIMAS": 3.921615e-06, "SGDS": 0, "PDHcr_copy1": 0, "PDHcr_copy2": 0, "PPCDC": 0, "PPBNGS": 0, "PPAtr": -9.556188e-01, "SERt2r": 0, "PPA": 3.777241e-02, "SERD_L": 0, "PNTK": 0, "PNCDC": 0, "PDHbr": 0, "PDHa": 0, "PMPK": 0, "SERD_D": 0, "PMDPHT": 0, "PDH": 0, "PDE4": 0, "PDE1": 0, "PC8XM": 0, "SERAT": 8.172043e-04, "PC6YM": 0, "SELCYSLY": 0, "PC6AR": 0, "EX_mal__L_e": 0, "PC20M": 0, "SDPTA": -1.243554e-03, "PC17M": 0, "SDPDS": 1.243554e-03, "PC11M": 0, "MPML": 0, "MOTS": 0, "MOTH": 0, "PC": 0, "PATS": 1.797048e-05, "PAPSR": 8.172043e-04, "PAPPT3": 1.416378e-05, "SALCS": 4.165819e-05, "PAPPT2": 2.852580e-04, "SADT2": 0, "PAPPT1": 2.852580e-04, "MOHMT": 0, "PAPA160": 0, "SADT": 9.265355e-04, "PANTS": 0, "PACt2r": 0, "MNDNS2": 0, "MNDNS1": 0, "MN6PP": 1.365598e-03, "P5CRx": 1.954536e+00, "SADH": 0, "P5CR": 5.905271e-02, "P5CD": 0, "MMSAD3": 0, "RZ5PP": 0, "OXGDC2": 0, "RRPPDIMAS": 1.700803e-05, "RPPDIMAS": 1.700803e-05, "MTHFD": 0, "RPI": -1.331975e-02, "MTHFC": 0, "MTAN": 0, "RPE": -1.365577e-02, "MSHS": 0, "MSHOXH": 0, "RNTR4": 0, "MSHAMID": 0, "MMSAD2": 0, "RNDR4": 5.247495e-05, "MMSAD1": 0, "UDPGALM": 3.150221e-04, "UDPG4E": 1.111900e-03, "UDPDPS2": 0, "RNDR3": 9.571327e-05, "UDPDPS": 0, "UDCPDPS": 6.765864e-05, "MMM2": 9.592730e-01, "UDCPDP": 6.092151e-04, "RNDR2": 9.565581e-05, "UAPGR": 6.388355e-04, "UAMRH": 1.403450e-05, "MME": 9.592730e-01, "MMCD": 9.556188e-01, "UAMAS": 5.846798e-04, "MI4PP": 0, "RNDR1": 5.016220e-05, "MI3PP": 0, "UAMAGS": 5.846798e-04, "UAGPT3": 1.416378e-05, "UAGPT2": 2.852580e-04, "RIBabc": 0, "MI1PS": 2.334439e-04, "RBK_L1": 0, "MI1PP": 2.334439e-04, "MHPGLUT": 0, "UAGPT1": 2.852580e-04, "UAGDP": 1.248051e-03, "RBK_Dr": -3.360235e-04, "UAGCVT": 6.388355e-04, "UAAGLS2": 2.852580e-04, "MGt5": 0, "RBK": 0, "METabc": 0, "UAAGLS1": 2.852580e-04, "UAAGDS": 1.416378e-05, "TYRt2r": -1.206440e-02, "TYRTA": -1.252057e-02, "METSOXR2": 0, "METSOXR1": 0, "TTDCAt2": 0, "METS": 1.041430e-02, "RBFSb": 0, "METOX2s": 0, "METOX1s": 0, "TSULabc": 0, "TRPt2r": 0, "TRPTA": 0, "METAT": 9.913126e-03, "RBFSa": 0, "MEPCT": 7.442450e-04, "MEOHt2": 0, "TRPS3": 0, "TRPS2": 0, "IPPMIa": -2.940580e-03, "TRPS1": 2.890791e-04, "TRIATS": 0, "TREabc": 0, "MECDPS": 7.442450e-04, "MECDPDH": 7.442450e-04, "ME1": 0, "MDH": 0, "TRESULT": 1.093312e-04, "TRE6PS": 5.418437e-04, "TRE6PP": 4.486012e-04, "MDFDH": 0, "IPMD": 2.940580e-03, "MCOATA": 7.384939e-02, "MCD": 0, "TRDR": 1.111211e-03, "TPI": 9.729555e-01, "TMPPP": 0, "TMPK": 0, "TMN": 0, "TMHAS6": 0, "MCBTS3": 2.151861e-05, "MCBTS2": 0, "MCBTS": 2.013958e-05, "MANAT3": 1.830087e-05, "MANAT2": 7.624885e-05, "TMHAS5": 0, "MANAT1": 2.414738e-05, "TMHAS4": 1.575829e-05, "IPDPS": 6.765864e-04, "TMHAS3": 1.585884e-05, "TMHAS2": 1.580138e-05, "MAN6PI": -2.285282e-03, "MAN1PT2": 9.196835e-04, "MAN1PT": 0, "MALt2r": 0, "TMHAS1": 1.588757e-05, "IPDDI": 0, "TMDS": 5.247495e-05, "TMDPP": 0, "TMDK1": 0, "BIOMASS_Mtb_9_60atp": 1.436489e-02, "YUMPS": 0, "TKT2": -1.365577e-02, "XYLabc": 0, "INSK": 9.601077e-03, "TKT1": 0, "INSH": 3.120485e-04, "MALTabc": 0, "XYLK": 0, "MALTHPabc": 0, "INDPYRD": 0, "MALT": 0, "XPPT": 0, "VALt2r": -2.402804e-01, "VALTA": -2.432371e-01, "URIK2": 0, "URIDK2r": -5.247495e-05, "UMPK_copy1": 4.402408e-03, "UREA": 0, "MALS": 0, "L_LACt3": 0, "L_LACt2r": 0, "UPPRT": 0, "IMPD": 3.595676e-03, "UPPDC2": 0, "UPPDC1": 0, "UPP3S": 0, "UPP3MT": 0, "L_LACD3": 0, "L_LACD2": 0, "L_LACD": 0, "LYSt5r": 0, "LPLIPAL2E180": 0, "UMPK_copy2": 0, "UGMDDS2": 1.403450e-05, "LPLIPAL2E160": 0, "IMPC": -6.226390e-03, "LO": 0, "UGMDDS": 1.416378e-05, "LEUt2r": 0, "UGMAS": 1.403450e-05, "ILEt2r": -2.299798e-02, "UGMAGS": 1.403450e-05, "UGLDDS2": 2.852580e-04, "LEUTA": -2.940580e-03, "LDH_L": 0, "UGLDDS1": 2.852580e-04, "LCTSabc": 0, "ILETA": -2.425822e-02, "UGGPT3": 1.403450e-05, "LACZ": 0, "Kt3r": 0, "Kabc": 0, "UGAGDS": 1.403450e-05, "UDPGD": 0, "KARA2": 2.425822e-02, "IGPS": 2.890791e-04, "KARA1": -2.461777e-01, "GLYCTO1": 0, "IGPDH": 5.834588e-04, "IGAMD": 0, "IG3PS": 5.834588e-04, "GLYCL": 0, "IPPS": 2.940580e-03, "ID3ACALDt": 0, "IPPMIb": -2.940580e-03, "GLYCK": 0, "ICL": 0, "GLYC3Pabc": 0, "GLYBabc": 0, "ICHORS": 0, "ICDHyr": 0, "GLXO1": 0, "IACGAMS": 0, "HXPRT": 3.120485e-04, "HSTPT": 5.834588e-04, "GLUt2r": 9.475254e-01, "EX_lys__L_e": 0, "HSST": 2.672903e-02, "EX_leu__L_e": 0, "GLUTRR": 0, "GLUSy": 0, "GLUR": -5.987143e-04, "HSK": 0, "GLUPRT": 5.642932e-03, "GLUDxi": 0, "HSERTA": 0, "GLUDC": 0, "GLUCYS": 0, "GLU5K": 0, "GLNSP3": 0, "EX_lcts_e": 0, "EX_lac__L_e": 0, "EX_k_e": 0, "EX_ile__L_e": 2.299798e-02, "GLNSP2": 0, "GLNSP1": 0, "HSDy": 9.999990e+05, "GLNS": 2.924216e-02, "GLGC": 0, "EX_id3acald_e": 0, "HSDxi": 999999, "EX_his__L_e": 0, "GLCabc": 0, "GLCS1": 0, "GLCP": 0, "HPPK2": 0, "EX_hdca_e": 0, "HPPK": 0, "EX_h_e": -5.745570e-01, "GK1": 9.565581e-05, "GHMT2r": 1.046678e-02, "EX_h2s_e": 0, "EX_h2o_e": -1.191485e-01, "GGLUCT2": 0, "HOPNTAL": 0, "GFUCS": 1.700803e-05, "GF6PTA": 4.554576e-03, "GCCc": 0, "EX_h2co3_e": 2.181898e+00, "EX_h2_e": 0, "GCCb": 0, "HMPK4": 0, "GCCa": 0, "GCC2": 0, "GARFT": 5.642932e-03, "GAPD": 9.335317e-01, "GALt2": 0, "EX_gthrd_e": 0, "EX_glyc_e": -1, "EX_glyc3p_e": 0, "EX_glyb_e": 0, "EX_gly_e": 0, "EX_glu__L_e": -9.475254e-01, "GALUi": 1.653744e-03, "GALT": -7.968780e-04, "GALKr": -7.968780e-04,