{"THDPS": 1.998805e-03, "NADTRHD_copy1": 999999, "TDPGDH": 7.155329e-05, "TDPDRR": 7.155329e-05, "TDPDRE": 7.155329e-05, "TDMS4": 2.549043e-05, "TDMS3": 5.072687e-05, "TDMS2": 5.086541e-05, "TDMS1": 7.642510e-05, "RBFK": 0, "TATSO": 2.625237e-05, "TATS": 2.715285e-05, "THZSN": 0, "R05224": 0, "TAS": 2.025381e-04, "R05219": 0, "TARTRt7": 0, "R05217": 0, "TARTD": 0, "QULNS": 0, "TALA": -6.463832e-03, "THZPSN": 0, "SULabc": 1.489251e-03, "QRr": -9.999970e+05, "SULR": 1.313519e-03, "PYRt2": -2.354979e-01, "CYANST_copy1": -999999, "SUCOAS": 1.380240e-02, "SUCD1": 0, "THRt2r": 0, "SUCCt2r": 0, "THRS": 0, "SUCBZS": 0, "THRD_L": -3.165846e-03, "PYRDC": 0, "PYK": 9.592798e-01, "PYDXO": 0, "PYDXNO": 0, "PYAM5PO": 0, "PUNP7": 0, "THMDP": 0, "THFGLUS": 0, "SUCBZL": 0, "PUNP6": 0, "PUNP5": -5.015657e-04, "PUNP4": 0, "PUNP3": 0, "PUNP2": 0, "PMANM": -1.478237e-03, "PUNP1": 5.015657e-04, "SSALy": 0, "PLIPA1E180": 0, "PTPATi": 0, "SSALx": 0, "PTAr": 2.366552e-01, "PLIPA1E160": 0, "PLCD": 0, "PSSA180": 0, "SPODM": 0, "PIt": -2.558923e-02, "PSSA160": 9.376506e-05, "SPMS": 0, "PSP_L": 2.204102e-02, "SOTA": 0, "PSERT": 2.204102e-02, "PIabc": 0, "SKMt2": 0, "PHYCBOXL": 0, "PHTO": 0, "PSD180": 0, "PSD160": 9.376506e-05, "PSCVT": 2.557863e-03, "PRPPS": 2.140926e-02, "PROt2r": 0, "PHTHS2": 3.341001e-05, "PHTHS": 6.303339e-06, "PHTHDLS2": 3.341001e-05, "SHSL4r": 5.191481e-03, "PHTHDLS": 6.303339e-06, "PHTHCLS": 0, "PROabc": 0, "PHTHCLR2": -999999, "PROD2": 0, "PHTHCLR1": 999999, "SHSL1": 8.055575e-04, "PRMICI": 9.378122e-04, "SHKK": 2.557863e-03, "PRFGS": 9.070067e-03, "PREPTTA": -6.303339e-06, "PHEt2r": 0, "PHETA1": -1.110635e-03, "SHK3Dr": 2.557863e-03, "PHDCAt": 0, "PREPTHS2": 3.341001e-05, "PREPTHS": 6.303339e-06, "PREPPACPH": 3.341001e-05, "PHDCATA": -1.489943e-04, "PREPHACPH": 0, "SHCHF3": 0, "PRDX": 0, "PGSA190": 1.341480e-04, "PRATPP": 9.378122e-04, "SHCHF2": 0, "PGSA160190": 4.120952e-04, "SHCHF": 0, "PGSA160": 1.497794e-04, "PRASCSi": 9.070067e-03, "PRAMPC": 9.378122e-04, "PGPPT3": 2.255810e-05, "PGPP190": 1.341480e-04, "PGPP160190": 4.120952e-04, "PGPP160": 1.497794e-04, "PRAIi": 4.646462e-04, "PRAIS": 9.070067e-03, "PRAGSr": 9.070067e-03, "PPTGS_TB2": 4.352306e-04, "PPTGS_TB1": 4.352306e-04, "PGMT": -2.729669e-03, "SHCHD3": 0, "PGM": -9.654224e-01, "PGLYCP": 0, "PGLS": 2.733756e-05, "PPTGS": 0, "PPPGO": 0, "PPNDH": 1.110635e-03, "PPND": 7.332192e-04, "PGL": 0, "PGK": -9.874634e-01, "PPNCL3": 0, "SHCHD2": 0, "PPNCL2": 0, "PGI": 2.647945e-02, "SHCHCS2": 0, "PGCD": 2.204102e-02, "PGAMT": -7.320717e-03, "PPNCL": 0, "PPK2": 0, "PFL": 4.165850e-01, "PFK": 0, "SHCHCS": 0, "PERD": 0, "G6PP": -3.045527e-02, "PEPCK_re": 0, "PPDK": 0, "SGSAD": 0, "PPDIMAT": 0, "PEAMNO": 0, "PPDIMAS": 3.341001e-05, "PPCSCT": 0, "PPCOAC": 0, "PPCK": 0, "PDX5POi": 0, "PDIMAT": 0, "PDIMAS": 6.303339e-06, "SGDS": 0, "PDHcr_copy1": -999999, "PDHcr_copy2": 999999, "PPCDC": 0, "PPBNGS": 0, "PPAtr": 0, "SERt2r": 0, "PPA": 4.311870e-02, "SERD_L": 0, "PNTK": 0, "PNCDC": 0, "PDHbr": 0, "PDHa": 0, "PMPK": 0, "SERD_D": 0, "PMDPHT": 0, "PDH": 0, "PDE4": 0, "PDE1": 0, "PC8XM": 0, "SERAT": 1.313519e-03, "PC6YM": 0, "SELCYSLY": 0, "PC6AR": 0, "EX_mal__L_e": 0, "PC20M": 0, "SDPTA": -1.998805e-03, "PC17M": 0, "SDPDS": 1.998805e-03, "PC11M": 0, "MPML": 0, "MOTS": 0, "MOTH": 0, "PC": 2.722778e-01, "PATS": 2.888453e-05, "PAPSR": 1.313519e-03, "PAPPT3": 2.276591e-05, "SALCS": 6.695855e-05, "PAPPT2": 4.585044e-04, "SADT2": 0, "PAPPT1": 4.585044e-04, "MOHMT": 0, "PAPA160": 0, "SADT": 1.489251e-03, "PANTS": 0, "PACt2r": 0, "MNDNS2": 0, "MNDNS1": 0, "MN6PP": 2.194971e-03, "P5CRx": 3.187088e-03, "SADH": 0, "P5CR": 0, "P5CD": 0, "MMSAD3": 0, "RZ5PP": 0, "OXGDC2": 0, "RRPPDIMAS": 2.733756e-05, "RPPDIMAS": 2.733756e-05, "MTHFD": -9.999990e+05, "RPI": -1.494543e-02, "MTHFC": 1.400099e-02, "MTAN": 0, "RPE": -1.548553e-02, "MSHS": 0, "MSHOXH": 0, "RNTR4": 8.434469e-05, "MSHAMID": 0, "MMSAD2": 0, "RNDR4": 0, "MMSAD1": 0, "UDPGALM": 5.063452e-04, "UDPG4E": 1.787193e-03, "UDPDPS2": 0, "RNDR3": 1.538430e-04, "UDPDPS": 1.087499e-04, "UDCPDPS": 0, "MMM2": 5.873512e-03, "UDCPDP": 9.792111e-04, "RNDR2": 1.537507e-04, "UAPGR": 1.026821e-03, "UAMRH": 2.255810e-05, "MME": 5.873512e-03, "MMCD": 0, "UAMAS": 9.397748e-04, "MI4PP": 0, "RNDR1": 8.062733e-05, "MI3PP": 0, "UAMAGS": 9.397748e-04, "UAGPT3": 2.276591e-05, "UAGPT2": 4.585044e-04, "RIBabc": 0, "MI1PS": 3.752219e-04, "RBK_L1": 0, "MI1PP": 3.752219e-04, "MHPGLUT": 0, "UAGPT1": 4.585044e-04, "UAGDP": 2.006032e-03, "RBK_Dr": -5.401015e-04, "UAGCVT": 1.026821e-03, "UAAGLS2": 4.585044e-04, "MGt5": 0, "RBK": 0, "METabc": 0, "UAAGLS1": 4.585044e-04, "UAAGDS": 2.276591e-05, "TYRt2r": 0, "TYRTA": -7.332192e-04, "METSOXR2": 0, "METSOXR1": 0, "TTDCAt2": 0, "METS": 2.738258e-03, "RBFSb": 0, "METOX2s": 0, "METOX1s": 0, "TSULabc": 0, "TRPt2r": 0, "TRPTA": 0, "METAT": 1.932701e-03, "RBFSa": 0, "MEPCT": 1.196249e-03, "MEOHt2": 0, "TRPS3": 0, "TRPS2": 0, "IPPMIa": -4.726489e-03, "TRPS1": 4.646462e-04, "TRIATS": 0, "TREabc": 0, "MECDPS": 1.196249e-03, "MECDPDH": 1.196249e-03, "ME1": 0, "MDH": 0, "TRESULT": 1.757316e-04, "TRE6PS": 8.709229e-04, "TRE6PP": 7.210512e-04, "MDFDH": 0, "IPMD": 4.726489e-03, "MCOATA": 1.369312e-02, "MCD": 0, "TRDR": 1.786085e-03, "TPI": 9.972167e-01, "TMPPP": 0, "TMPK": 0, "TMN": 0, "TMHAS6": 0, "MCBTS3": 3.458755e-05, "MCBTS2": 0, "MCBTS": 3.237100e-05, "MANAT3": 2.941558e-05, "MANAT2": 1.225572e-04, "TMHAS5": 0, "MANAT1": 3.881287e-05, "TMHAS4": 2.532880e-05, "IPDPS": 1.196249e-03, "TMHAS3": 2.549043e-05, "TMHAS2": 2.539807e-05, "MAN6PI": -3.673208e-03, "MAN1PT2": 1.478237e-03, "MAN1PT": 0, "MALt2r": 0, "TMHAS1": 2.553661e-05, "IPDDI": 1.087499e-04, "TMDS": 8.434469e-05, "TMDPP": 0, "TMDK1": 0, "BIOMASS_Mtb_9_60atp": 2.308916e-02, "YUMPS": 0, "TKT2": -9.021695e-03, "XYLabc": 0, "INSK": 0, "TKT1": -6.463832e-03, "INSH": 5.015657e-04, "MALTabc": 0, "XYLK": 0, "MALTHPabc": 0, "INDPYRD": 0, "MALT": 0, "XPPT": 0, "VALt2r": 0, "VALTA": -4.752372e-03, "URIK2": 0, "URIDK2r": -8.434469e-05, "UMPK_copy1": 999999, "UREA": 0, "MALS": 0, "L_LACt3": 0, "L_LACt2r": 0, "UPPRT": 0, "IMPD": 5.779447e-03, "UPPDC2": 0, "UPPDC1": 0, "UPP3S": 0, "UPP3MT": 0, "L_LACD3": 0, "L_LACD2": 0, "L_LACD": 0, "LYSt5r": 0, "LPLIPAL2E180": 0, "UMPK_copy2": -9.999990e+05, "UGMDDS2": 2.255810e-05, "LPLIPAL2E160": 0, "IMPC": -1.000788e-02, "LO": 0, "UGMDDS": 2.276591e-05, "LEUt2r": 0, "UGMAS": 2.255810e-05, "ILEt2r": 0, "UGMAGS": 2.255810e-05, "UGLDDS2": 4.585044e-04, "LEUTA": -4.726489e-03, "LDH_L": 0, "UGLDDS1": 4.585044e-04, "LCTSabc": 0, "ILETA": -2.025635e-03, "UGGPT3": 2.255810e-05, "LACZ": 0, "Kt3r": -999999, "Kabc": 0, "UGAGDS": 2.255810e-05, "UDPGD": 0, "KARA2": 2.025635e-03, "IGPS": 4.646462e-04, "KARA1": -9.478860e-03, "GLYCTO1": 0, "IGPDH": 9.378122e-04, "IGAMD": 0, "IG3PS": 9.378122e-04, "GLYCL": 0, "IPPS": 4.726489e-03, "ID3ACALDt": 0, "IPPMIb": -4.726489e-03, "GLYCK": 0, "ICL": 0, "GLYC3Pabc": 0, "GLYBabc": 0, "ICHORS": 0, "ICDHyr": 2.379688e-01, "GLXO1": 0, "IACGAMS": 0, "HXPRT": 0, "HSTPT": 9.378122e-04, "GLUt2r": -2.276189e-01, "EX_lys__L_e": 0, "HSST": 5.997039e-03, "EX_leu__L_e": 0, "GLUTRR": 0, "GLUSy": 0, "GLUR": -9.623329e-04, "HSK": 0, "GLUPRT": 9.070067e-03, "GLUDxi": -3.256443e-01, "HSERTA": 0, "GLUDC": 0, "GLUCYS": 0, "GLU5K": 3.187088e-03, "GLNSP3": 0, "EX_lcts_e": 0, "EX_lac__L_e": 0, "EX_k_e": 0, "EX_ile__L_e": 0, "GLNSP2": 0, "GLNSP1": 0, "HSDy": 9.999990e+05, "GLNS": 4.700188e-02, "GLGC": 0, "EX_id3acald_e": 0, "HSDxi": 999999, "EX_his__L_e": 0, "GLCabc": 3.422231e-02, "GLCS1": 0, "GLCP": 0, "HPPK2": 0, "EX_hdca_e": 0, "HPPK": 0, "EX_h_e": 8.653201e-01, "GK1": 1.537507e-04, "GHMT2r": 1.682359e-02, "EX_h2s_e": 0, "EX_h2o_e": 999999, "GGLUCT2": 0, "HOPNTAL": 0, "GFUCS": 2.733756e-05, "GF6PTA": 7.320717e-03, "GCCc": 0, "EX_h2co3_e": -9.999966e+05, "EX_h2_e": 0, "GCCb": 0, "HMPK4": 0, "GCCa": 0, "GCC2": 0, "GARFT": 9.070067e-03, "GAPD": 9.874634e-01, "GALt2": 0, "EX_gthrd_e": 0, "EX_glyc_e": -1, "EX_glyc3p_e": 0, "EX_glyb_e": 0, "EX_gly_e": 0, "EX_glu__L_e": 2.276189e-01,