{"THDPS": 3.662508e-03, "NADTRHD_copy1": 9.999985e+05, "TDPGDH": 1.311106e-04, "TDPDRR": 1.311106e-04, "TDPDRE": 1.311106e-04, "TDMS4": 4.670736e-05, "TDMS3": 9.294934e-05, "TDMS2": 9.320318e-05, "TDMS1": 1.400375e-04, "RBFK": 0, "TATSO": 4.810350e-05, "TATS": 4.975349e-05, "THZSN": 0, "R05224": 0, "TAS": 3.711204e-04, "R05219": 0, "TARTRt7": 0, "R05217": 0, "TARTD": 0, "QULNS": 0, "TALA": -1.184400e-02, "THZPSN": 0, "SULabc": 2.728827e-03, "QRr": -999999, "SULR": 2.406825e-03, "PYRt2": 0, "CYANST_copy1": -999999, "SUCOAS": 2.529081e-02, "SUCD1": 0, "THRt2r": 0, "SUCCt2r": -8.892624e-02, "THRS": 0, "SUCBZS": 0, "THRD_L": -5.800935e-03, "PYRDC": 0, "PYK": 2.799972e+00, "PYDXO": 0, "PYDXNO": 0, "PYAM5PO": 0, "PUNP7": 0, "THMDP": 0, "THFGLUS": 0, "SUCBZL": 0, "PUNP6": 0, "PUNP5": -9.190434e-04, "PUNP4": 0, "PUNP3": 0, "PUNP2": 0, "PMANM": -2.708646e-03, "PUNP1": 9.190434e-04, "SSALy": 4.380672e-01, "PLIPA1E180": 0, "PTPATi": 0, "SSALx": 0, "PTAr": -2.406825e-03, "PLIPA1E160": 0, "PLCD": 0, "PSSA180": 0, "SPODM": 0, "PIt": -4.688839e-02, "PSSA160": 1.718103e-04, "SPMS": 0, "PSP_L": 4.038685e-02, "SOTA": 0, "PSERT": 4.038685e-02, "PIabc": 0, "SKMt2": 0, "PHYCBOXL": 0, "PHTO": 0, "PSD180": 0, "PSD160": 1.718103e-04, "PSCVT": 4.686897e-03, "PRPPS": 3.922923e-02, "PROt2r": 0, "PHTHS2": 6.121879e-05, "PHTHS": 1.154992e-05, "PHTHDLS2": 6.121879e-05, "SHSL4r": 9.512605e-03, "PHTHDLS": 1.154992e-05, "PHTHCLS": 0, "PROabc": 0, "PHTHCLR2": -999999, "PROD2": 0, "PHTHCLR1": 999999, "SHSL1": 1.476063e-03, "PRMICI": 1.718399e-03, "SHKK": 4.686897e-03, "PRFGS": 1.661953e-02, "PREPTTA": -1.154992e-05, "PHEt2r": 0, "PHETA1": -2.035070e-03, "SHK3Dr": 4.686897e-03, "PHDCAt": 0, "PREPTHS2": 6.121879e-05, "PREPTHS": 1.154992e-05, "PREPPACPH": 6.121879e-05, "PHDCATA": -2.730096e-04, "PREPHACPH": 0, "SHCHF3": 0, "PRDX": 0, "PGSA190": 2.458059e-04, "PRATPP": 1.718399e-03, "SHCHF2": 0, "PGSA160190": 7.551023e-04, "SHCHF": 0, "PGSA160": 2.744480e-04, "PRASCSi": 1.661953e-02, "PRAMPC": 1.718399e-03, "PGPPT3": 4.133432e-05, "PGPP190": 2.458059e-04, "PGPP160190": 7.551023e-04, "PGPP160": 2.744480e-04, "PRAIi": 8.513939e-04, "PRAIS": 1.661953e-02, "PRAGSr": 1.661953e-02, "PPTGS_TB2": 7.974943e-04, "PPTGS_TB1": 7.974943e-04, "PGMT": -5.001707e-03, "SHCHD3": 0, "PGM": -2.811227e+00, "PGLYCP": 0, "PGLS": 5.009195e-05, "PPTGS": 0, "PPPGO": 0, "PPNDH": 2.035070e-03, "PPND": 1.343513e-03, "PGL": 0, "PGK": -2.851614e+00, "PPNCL3": 0, "SHCHD2": 0, "PPNCL2": 0, "PGI": 9.858124e-01, "SHCHCS2": 0, "PGCD": 4.038685e-02, "PGAMT": -1.341411e-02, "PPNCL": 0, "PPK2": 0, "PFL": 3.272874e-01, "PFK": 9.372928e-01, "SHCHCS": 0, "PERD": 0, "G6PP": -9.930975e-01, "PEPCK_re": 0, "PPDK": 0, "SGSAD": 0, "PPDIMAT": 0, "PEAMNO": 0, "PPDIMAS": 6.121879e-05, "PPCSCT": 0, "PPCOAC": 0, "PPCK": 0, "PDX5POi": 0, "PDIMAT": 0, "PDIMAS": 1.154992e-05, "SGDS": 0, "PDHcr_copy1": 0, "PDHcr_copy2": 0, "PPCDC": 0, "PPBNGS": 0, "PPAtr": 0, "SERt2r": 0, "PPA": 7.900850e-02, "SERD_L": 0, "PNTK": 0, "PNCDC": 0, "PDHbr": 0, "PDHa": 0, "PMPK": 0, "SERD_D": 0, "PMDPHT": 0, "PDH": 0, "PDE4": 0, "PDE1": 0, "PC8XM": 0, "SERAT": 2.406825e-03, "PC6YM": 0, "SELCYSLY": 0, "PC6AR": 0, "EX_mal__L_e": 0, "PC20M": 0, "SDPTA": -3.662508e-03, "PC17M": 0, "SDPDS": 3.662508e-03, "PC11M": 0, "MPML": 0, "MOTS": 0, "MOTH": 0, "PC": 0, "PATS": 5.292654e-05, "PAPSR": 2.406825e-03, "PAPPT3": 4.171509e-05, "SALCS": 1.226914e-04, "PAPPT2": 8.401401e-04, "SADT2": 0, "PAPPT1": 8.401401e-04, "MOHMT": 3.179846e-01, "PAPA160": 0, "SADT": 2.728827e-03, "PANTS": 0, "PACt2r": 0, "MNDNS2": 0, "MNDNS1": 0, "MN6PP": 4.021952e-03, "P5CRx": 5.839858e-03, "SADH": 0, "P5CR": 0, "P5CD": 0, "MMSAD3": 0, "RZ5PP": 0, "OXGDC2": 0, "RRPPDIMAS": 5.009195e-05, "RPPDIMAS": 5.009195e-05, "MTHFD": -999999, "RPI": -2.738523e-02, "MTHFC": -2.923299e-01, "MTAN": 0, "RPE": -2.837489e-02, "MSHS": 0, "MSHOXH": 0, "RNTR4": 1.545489e-04, "MSHAMID": 0, "MMSAD2": 0, "RNDR4": 0, "MMSAD1": 0, "UDPGALM": 9.278011e-04, "UDPG4E": 3.274761e-03, "UDPDPS2": 0, "RNDR3": 2.818941e-04, "UDPDPS": 1.992678e-04, "UDCPDPS": 0, "MMM2": 1.076232e-02, "UDCPDP": 1.794256e-03, "RNDR2": 2.817249e-04, "UAPGR": 1.881494e-03, "UAMRH": 4.133432e-05, "MME": 1.076232e-02, "MMCD": 0, "UAMAS": 1.721995e-03, "MI4PP": 0, "RNDR1": 1.477374e-04, "MI3PP": 0, "UAMAGS": 1.721995e-03, "UAGPT3": 4.171509e-05, "UAGPT2": 8.401401e-04, "RIBabc": 0, "MI1PS": 6.875374e-04, "RBK_L1": 0, "MI1PP": 6.875374e-04, "MHPGLUT": 0, "UAGPT1": 8.401401e-04, "UAGDP": 3.675751e-03, "RBK_Dr": -9.896545e-04, "UAGCVT": 1.881494e-03, "UAAGLS2": 8.401401e-04, "MGt5": 0, "RBK": 0, "METabc": 0, "UAAGLS1": 8.401401e-04, "UAAGDS": 4.171509e-05, "TYRt2r": 0, "TYRTA": -1.343513e-03, "METSOXR2": 0, "METSOXR1": 0, "TTDCAt2": 0, "METS": 5.017445e-03, "RBFSb": 0, "METOX2s": 0, "METOX1s": 0, "TSULabc": 0, "TRPt2r": 0, "TRPTA": 0, "METAT": 3.541382e-03, "RBFSa": 0, "MEPCT": 2.191946e-03, "MEOHt2": 0, "TRPS3": 8.513939e-04, "TRPS2": 8.513939e-04, "IPPMIa": -8.660577e-03, "TRPS1": 0, "TRIATS": 0, "TREabc": 0, "MECDPS": 2.191946e-03, "MECDPDH": 2.191946e-03, "ME1": 0, "MDH": 3.627461e-01, "TRESULT": 3.220015e-04, "TRE6PS": 1.595835e-03, "TRE6PP": 1.321217e-03, "MDFDH": 0, "IPMD": 8.660577e-03, "MCOATA": 2.509057e-02, "MCD": 0, "TRDR": 3.272730e-03, "TPI": 1.932193e+00, "TMPPP": 0, "TMPK": 0, "TMN": 0, "TMHAS6": 0, "MCBTS3": 6.337647e-05, "MCBTS2": 0, "MCBTS": 5.931496e-05, "MANAT3": 5.389961e-05, "MANAT2": 2.245676e-04, "TMHAS5": 0, "MANAT1": 7.111872e-05, "TMHAS4": 4.641121e-05, "IPDPS": 0, "TMHAS3": 4.670736e-05, "TMHAS2": 4.653813e-05, "MAN6PI": -6.730598e-03, "MAN1PT2": 2.708646e-03, "MAN1PT": 0, "MALt2r": 0, "TMHAS1": 4.679197e-05, "IPDDI": -1.992678e-03, "TMDS": 1.545489e-04, "TMDPP": 0, "TMDK1": 0, "BIOMASS_Mtb_9_60atp": 4.230739e-02, "YUMPS": 0, "TKT2": -1.653089e-02, "XYLabc": 0, "INSK": 0, "TKT1": -1.184400e-02, "INSH": 9.190434e-04, "MALTabc": 0, "XYLK": 0, "MALTHPabc": 0, "INDPYRD": 0, "MALT": 0, "XPPT": 0, "VALt2r": 0, "VALTA": -8.708003e-03, "URIK2": 0, "URIDK2r": -1.545489e-04, "UMPK_copy1": 999999, "UREA": 0, "MALS": 0, "L_LACt3": 0, "L_LACt2r": -1.772731e+00, "UPPRT": 0, "IMPD": 1.058996e-02, "UPPDC2": 0, "UPPDC1": 0, "UPP3S": 0, "UPP3MT": 0, "L_LACD3": 1.642241e+00, "L_LACD2": 0, "L_LACD": 0, "LYSt5r": 0, "LPLIPAL2E180": 0, "UMPK_copy2": -9.999990e+05, "UGMDDS2": 4.133432e-05, "LPLIPAL2E160": 0, "IMPC": -1.833793e-02, "LO": 0, "UGMDDS": 4.171509e-05, "LEUt2r": 0, "UGMAS": 4.133432e-05, "ILEt2r": 0, "UGMAGS": 4.133432e-05, "UGLDDS2": 8.401401e-04, "LEUTA": -8.660577e-03, "LDH_L": -3.414972e+00, "UGLDDS1": 8.401401e-04, "LCTSabc": 0, "ILETA": -3.711670e-03, "UGGPT3": 4.133432e-05, "LACZ": 0, "Kt3r": -999999, "Kabc": 0, "UGAGDS": 4.133432e-05, "UDPGD": 0, "KARA2": 3.711670e-03, "IGPS": 8.513939e-04, "KARA1": -3.353532e-01, "GLYCTO1": 0, "IGPDH": 1.718399e-03, "IGAMD": 0, "IG3PS": 1.718399e-03, "GLYCL": 0, "IPPS": 8.660577e-03, "ID3ACALDt": 0, "IPPMIb": -8.660577e-03, "GLYCK": 0, "ICL": 0, "GLYC3Pabc": 0, "GLYBabc": 0, "ICHORS": 0, "ICDHyr": 0, "GLXO1": 0, "IACGAMS": 0, "HXPRT": 0, "HSTPT": 1.718399e-03, "GLUt2r": 4.570318e-01, "EX_lys__L_e": 0, "HSST": 1.098867e-02, "EX_leu__L_e": 0, "GLUTRR": 0, "GLUSy": 0, "GLUR": -1.763330e-03, "HSK": 0, "GLUPRT": 1.661953e-02, "GLUDxi": -999999, "HSERTA": 0, "GLUDC": 4.380672e-01, "GLUCYS": 0, "GLU5K": 5.839858e-03, "GLNSP3": 0, "EX_lcts_e": 0, "EX_lac__L_e": 1.772731e+00, "EX_k_e": 0, "EX_ile__L_e": 0, "GLNSP2": 0, "GLNSP1": 0, "HSDy": 9.999990e+05, "GLNS": 8.612384e-02, "GLGC": 0, "EX_id3acald_e": 0, "HSDxi": 999999, "EX_his__L_e": 0, "GLCabc": 1, "GLCS1": 0, "GLCP": 0, "HPPK2": 0, "EX_hdca_e": 0, "HPPK": 0, "EX_h_e": 2.246954e+00, "GK1": 2.817249e-04, "GHMT2r": 3.082669e-02, "EX_h2s_e": 0, "EX_h2o_e": 999999, "GGLUCT2": 0, "HOPNTAL": 0, "GFUCS": 5.009195e-05, "GF6PTA": 1.341411e-02, "GCCc": 0, "EX_h2co3_e": -9.999965e+05, "EX_h2_e": 0, "GCCb": 0, "HMPK4": 0, "GCCa": 0, "GCC2": 0, "GARFT": 1.661953e-02, "GAPD": 2.851614e+00, "GALt2": 0, "EX_gthrd_e": 0, "EX_glyc_e": -1, "EX_glyc3p_e": 0, "EX_glyb_e": 0,