{"THDPS": 3.310786e-03, "NADTRHD_copy1": -999999, "TDPGDH": 1.185196e-04, "TDPDRR": 1.185196e-04, "TDPDRE": 1.185196e-04, "TDMS4": 4.222190e-05, "TDMS3": 8.402310e-05, "TDMS2": 8.425257e-05, "TDMS1": 1.265892e-04, "RBFK": 0, "TATSO": 4.348396e-05, "TATS": 4.497550e-05, "THZSN": 0, "R05224": 0, "TAS": 3.354805e-04, "R05219": 0, "TARTRt7": 0, "R05217": 0, "TARTD": 0, "QULNS": 0, "TALA": -1.300506e-02, "THZPSN": 0, "SULabc": 2.466768e-03, "QRr": 1.997612e+00, "SULR": 2.175690e-03, "PYRt2": 0, "CYANST_copy1": -999999, "SUCOAS": -9.999987e+05, "SUCD1": 0, "THRt2r": 0, "SUCCt2r": 0, "THRS": 0, "SUCBZS": 0, "THRD_L": -5.243852e-03, "PYRDC": 0, "PYK": 1.971314e+00, "PYDXO": 0, "PYDXNO": 0, "PYAM5PO": 0, "PUNP7": 0, "THMDP": 0, "THFGLUS": 0, "SUCBZL": 0, "PUNP6": 0, "PUNP5": -8.307847e-04, "PUNP4": 0, "PUNP3": 0, "PUNP2": 0, "PMANM": -2.448526e-03, "PUNP1": 8.307847e-04, "SSALy": 0, "PLIPA1E180": 0, "PTPATi": 0, "SSALx": 3.411527e-01, "PTAr": -9.999983e+05, "PLIPA1E160": 0, "PLCD": 0, "PSSA180": 0, "SPODM": 0, "PIt": -5.617642e-02, "PSSA160": 1.553108e-04, "SPMS": 0, "PSP_L": 3.650836e-02, "SOTA": 0, "PSERT": 3.650836e-02, "PIabc": 0, "SKMt2": 0, "PHYCBOXL": 0, "PHTO": 0, "PSD180": 0, "PSD160": 1.553108e-04, "PSCVT": 4.236799e-03, "PRPPS": 4.235736e-02, "PROt2r": 0, "PHTHS2": 5.533975e-05, "PHTHS": 2.320143e-02, "PHTHDLS2": 5.533975e-05, "SHSL4r": 1.031156e-01, "PHTHDLS": 2.320143e-02, "PHTHCLS": 0, "PROabc": 0, "PHTHCLR2": -999999, "PROD2": 0, "PHTHCLR1": 999999, "SHSL1": 1.334311e-03, "PRMICI": 1.553376e-03, "SHKK": 4.236799e-03, "PRFGS": 1.502350e-02, "PREPTTA": -2.320143e-02, "PHEt2r": 0, "PHETA1": -1.839636e-03, "SHK3Dr": 4.236799e-03, "PHDCAt": 0, "PREPTHS2": 5.533975e-05, "PREPTHS": 2.320143e-02, "PREPPACPH": 5.533975e-05, "PHDCATA": -2.467916e-04, "PREPHACPH": 0, "SHCHF3": 0, "PRDX": 0, "PGSA190": 2.222004e-04, "PRATPP": 1.553376e-03, "SHCHF2": 0, "PGSA160190": 6.825873e-04, "SHCHF": 0, "PGSA160": 2.480919e-04, "PRASCSi": 1.502350e-02, "PRAMPC": 1.553376e-03, "PGPPT3": 3.736485e-05, "PGPP190": 2.222004e-04, "PGPP160190": 6.825873e-04, "PGPP160": 2.480919e-04, "PRAIi": 7.696317e-04, "PRAIS": 1.502350e-02, "PRAGSr": 1.502350e-02, "PPTGS_TB2": 7.209083e-04, "PPTGS_TB1": 7.209083e-04, "PGMT": -1.141682e-02, "SHCHD3": 0, "PGM": -2.804072e+00, "PGLYCP": 0, "PGLS": 4.528145e-05, "PPTGS": 0, "PPPGO": 0, "PPNDH": 1.839636e-03, "PPND": 1.214491e-03, "PGL": 0, "PGK": -2.840581e+00, "PPNCL3": 0, "SHCHD2": 0, "PPNCL2": 0, "PGI": 9.802794e-01, "SHCHCS2": 0, "PGCD": 3.650836e-02, "PGAMT": -1.212591e-02, "PPNCL": 0, "PPK2": 999999, "PFL": 1.702312e+00, "PFK": 9.318224e-01, "SHCHCS": 0, "PERD": 0, "G6PP": -9.937603e-01, "PEPCK_re": -999999, "PPDK": 0, "SGSAD": 0, "PPDIMAT": 0, "PEAMNO": 0, "PPDIMAS": 5.533975e-05, "PPCSCT": 7.858845e-01, "PPCOAC": 0, "PPCK": 9.999982e+05, "PDX5POi": 0, "PDIMAT": 2.319099e-02, "PDIMAS": 2.320143e-02, "SGDS": 0, "PDHcr_copy1": 0, "PDHcr_copy2": 0, "PPCDC": 0, "PPBNGS": 0, "PPAtr": -7.858845e-01, "SERt2r": 0, "PPA": 1.143441e-01, "SERD_L": 0, "PNTK": 0, "PNCDC": 0, "PDHbr": 0, "PDHa": 0, "PMPK": 0, "SERD_D": 0, "PMDPHT": 0, "PDH": 0, "PDE4": 0, "PDE1": 0, "PC8XM": 0, "SERAT": 2.175690e-03, "PC6YM": 0, "SELCYSLY": 0, "PC6AR": 0, "EX_mal__L_e": 0, "PC20M": 0, "SDPTA": -3.310786e-03, "PC17M": 0, "SDPDS": 3.310786e-03, "PC11M": 0, "MPML": 0, "MOTS": 0, "MOTH": 0, "PC": 0, "PATS": 4.784383e-05, "PAPSR": 2.175690e-03, "PAPPT3": 3.770905e-05, "SALCS": 1.109090e-04, "PAPPT2": 7.594587e-04, "SADT2": 0, "PAPPT1": 7.594587e-04, "MOHMT": 0, "PAPA160": 0, "SADT": 2.466768e-03, "PANTS": 0, "PACt2r": 0, "MNDNS2": 0, "MNDNS1": 0, "MN6PP": 3.635711e-03, "P5CRx": 0, "SADH": 0, "P5CR": 5.279037e-03, "P5CD": 0, "MMSAD3": 0, "RZ5PP": 0, "OXGDC2": 0, "RRPPDIMAS": 4.528145e-05, "RPPDIMAS": 4.528145e-05, "MTHFD": 0, "RPI": -2.935230e-02, "MTHFC": 0, "MTAN": 0, "RPE": -3.024692e-02, "MSHS": 0, "MSHOXH": 0, "RNTR4": 0, "MSHAMID": 0, "MMSAD2": 0, "RNDR4": 1.397071e-04, "MMSAD1": 0, "UDPGALM": 7.734141e-03, "UDPG4E": 9.855715e-03, "UDPDPS2": 0, "RNDR3": 2.548229e-04, "UDPDPS": 1.801315e-04, "UDCPDPS": 0, "MMM2": 1.027523e+00, "UDCPDP": 1.621948e-03, "RNDR2": 2.546699e-04, "UAPGR": 1.700808e-03, "UAMRH": 3.736485e-05, "MME": 1.027523e+00, "MMCD": 7.858845e-01, "UAMAS": 1.556626e-03, "MI4PP": 0, "RNDR1": 1.335497e-04, "MI3PP": 0, "UAMAGS": 1.556626e-03, "UAGPT3": 3.770905e-05, "UAGPT2": 7.594587e-04, "RIBabc": 0, "MI1PS": 6.215109e-04, "RBK_L1": 0, "MI1PP": 6.215109e-04, "MHPGLUT": 0, "UAGPT1": 7.594587e-04, "UAGDP": 3.322756e-03, "RBK_Dr": -8.946147e-04, "UAGCVT": 1.700808e-03, "UAAGLS2": 7.594587e-04, "MGt5": 0, "RBK": 0, "METabc": 0, "UAAGLS1": 7.594587e-04, "UAAGDS": 3.770905e-05, "TYRt2r": 0, "TYRTA": -1.214491e-03, "METSOXR2": 0, "METSOXR1": 0, "TTDCAt2": 0, "METS": 2.772659e-02, "RBFSb": 0, "METOX2s": 0, "METOX1s": 0, "TSULabc": 0, "TRPt2r": 0, "TRPTA": 0, "METAT": 2.639228e-02, "RBFSa": 0, "MEPCT": 1.981446e-03, "MEOHt2": 0, "TRPS3": 7.696317e-04, "TRPS2": 7.696317e-04, "IPPMIa": -7.828873e-03, "TRPS1": 0, "TRIATS": 0, "TREabc": 0, "MECDPS": 1.981446e-03, "MECDPDH": 1.981446e-03, "ME1": 0, "MDH": 0, "TRESULT": 2.910787e-04, "TRE6PS": 1.442581e-03, "TRE6PP": 1.194337e-03, "MDFDH": 0, "IPMD": 7.828873e-03, "MCOATA": 2.268104e-02, "MCD": 0, "TRDR": 2.958439e-03, "TPI": 1.927212e+00, "TMPPP": 0, "TMPK": 0, "TMN": 0, "TMHAS6": 0, "MCBTS3": 5.729022e-05, "MCBTS2": 0, "MCBTS": 5.361875e-05, "MANAT3": 4.872346e-05, "MANAT2": 2.030017e-04, "TMHAS5": 0, "MANAT1": 6.428896e-05, "TMHAS4": 4.195419e-05, "IPDPS": 0, "TMHAS3": 4.222190e-05, "TMHAS2": 4.206892e-05, "MAN6PI": -6.084236e-03, "MAN1PT2": 2.448526e-03, "MAN1PT": 0, "MALt2r": 0, "TMHAS1": 4.229839e-05, "IPDDI": -1.801315e-03, "TMDS": 1.397071e-04, "TMDPP": 0, "TMDK1": 0, "BIOMASS_Mtb_9_60atp": 3.824447e-02, "YUMPS": 0, "TKT2": -1.724186e-02, "XYLabc": 0, "INSK": 0, "TKT1": -1.300506e-02, "INSH": 8.307847e-04, "MALTabc": 0, "XYLK": 0, "MALTHPabc": 0, "INDPYRD": 0, "MALT": 0, "XPPT": 0, "VALt2r": 0, "VALTA": -7.871745e-03, "URIK2": 0, "URIDK2r": -1.397071e-04, "UMPK_copy1": 1.861622e-02, "UREA": 0, "MALS": 0, "L_LACt3": 0, "L_LACt2r": -1.166466e-01, "UPPRT": 0, "IMPD": 9.572974e-03, "UPPDC2": 0, "UPPDC1": 0, "UPP3S": 0, "UPP3MT": 0, "L_LACD3": 0, "L_LACD2": 0, "L_LACD": 0, "LYSt5r": 0, "LPLIPAL2E180": 0, "UMPK_copy2": 0, "UGMDDS2": 3.736485e-05, "LPLIPAL2E160": 0, "IMPC": -1.657688e-02, "LO": 0, "UGMDDS": 3.770905e-05, "LEUt2r": 0, "UGMAS": 3.736485e-05, "ILEt2r": -9.451655e-02, "UGMAGS": 3.736485e-05, "UGLDDS2": 7.594587e-04, "LEUTA": -7.828873e-03, "LDH_L": -1.166466e-01, "UGLDDS1": 7.594587e-04, "LCTSabc": 0, "ILETA": -9.787177e-02, "UGGPT3": 3.736485e-05, "LACZ": 0, "Kt3r": 999999, "Kabc": 0, "UGAGDS": 3.736485e-05, "UDPGD": 0, "KARA2": 9.787177e-02, "IGPS": 7.696317e-04, "KARA1": -1.570062e-02, "GLYCTO1": 0, "IGPDH": 1.553376e-03, "IGAMD": 0, "IG3PS": 1.553376e-03, "GLYCL": 0, "IPPS": 7.828873e-03, "ID3ACALDt": 0, "IPPMIb": -7.828873e-03, "GLYCK": 0, "ICL": 6.643431e-01, "GLYC3Pabc": 0, "GLYBabc": 0, "ICHORS": 0, "ICDHyr": 0, "GLXO1": 6.643431e-01, "IACGAMS": 0, "HXPRT": 0, "HSTPT": 1.553376e-03, "GLUt2r": 3.582960e-01, "EX_lys__L_e": 0, "HSST": 1.044499e-01, "EX_leu__L_e": 0, "GLUTRR": 0, "GLUSy": 0, "GLUR": -1.593991e-03, "HSK": 0, "GLUPRT": 1.502350e-02, "GLUDxi": 0, "HSERTA": 0, "GLUDC": 3.411527e-01, "GLUCYS": 0, "GLU5K": 0, "GLNSP3": 0, "EX_lcts_e": 0, "EX_lac__L_e": 1.166466e-01, "EX_k_e": 0, "EX_ile__L_e": 9.451655e-02, "GLNSP2": 0, "GLNSP1": 0, "HSDy": 9.999989e+05, "GLNS": 8.474852e-02, "GLGC": 0, "EX_id3acald_e": 0, "HSDxi": 999999, "EX_his__L_e": 0, "GLCabc": 1, "GLCS1": 0, "GLCP": 0, "HPPK2": 0, "EX_hdca_e": 0, "HPPK": 0, "EX_h_e": 5.450370e-01, "GK1": 2.546699e-04, "GHMT2r": 2.786630e-02, "EX_h2s_e": 0, "EX_h2o_e": -1, "GGLUCT2": 0, "HOPNTAL": 0, "GFUCS": 4.528145e-05, "GF6PTA": 1.212591e-02, "GCCc": 0, "EX_h2co3_e": 3.298546e+00, "EX_h2_e": 2.335054e+00, "GCCb": 0, "HMPK4": 0, "GCCa": 0, "GCC2": 0, "GARFT": 1.502350e-02, "GAPD": 2.840581e+00, "GALt2": 0, "EX_gthrd_e": 0, "EX_glyc_e": -1,