{"THDPS": 1.655704e-03, "NADTRHD_copy1": 999999, "TDPGDH": 5.927094e-05, "TDPDRR": 5.927094e-05, "TDPDRE": 5.927094e-05, "TDMS4": 2.111491e-05, "TDMS3": 4.201944e-05, "TDMS2": 4.213420e-05, "TDMS1": 6.330648e-05, "RBFK": 0, "TATSO": 2.174606e-05, "TATS": 2.249197e-05, "THZSN": 0, "R05224": 0, "TAS": 1.677717e-04, "R05219": 0, "TARTRt7": 0, "R05217": 0, "TARTD": 0, "QULNS": 0, "TALA": 0, "THZPSN": 0, "SULabc": 1.233616e-03, "QRr": -9.999971e+05, "SULR": 1.088049e-03, "PYRt2": 0, "CYANST_copy1": -999999, "SUCOAS": 6.465543e-03, "SUCD1": 0, "THRt2r": 0, "SUCCt2r": 0, "THRS": 4.967627e-03, "SUCBZS": 1.159767e-02, "THRD_L": 2.345209e-03, "PYRDC": 0, "PYK": 6.122211e-01, "PYDXO": 0, "PYDXNO": 0, "PYAM5PO": 0, "PUNP7": 0, "THMDP": 0, "THFGLUS": 0, "SUCBZL": 1.159767e-02, "PUNP6": 0, "PUNP5": -4.154703e-04, "PUNP4": 0, "PUNP3": 0, "PUNP2": 0, "PMANM": -1.224493e-03, "PUNP1": 4.154703e-04, "SSALy": 0, "PLIPA1E180": 0, "PTPATi": 0, "SSALx": 0, "PTAr": 2.794241e-01, "PLIPA1E160": 0, "PLCD": 0, "PSSA180": 0, "SPODM": 0, "PIt": -2.119675e-02, "PSSA160": 7.766998e-05, "SPMS": 0, "PSP_L": 1.825761e-02, "SOTA": 0, "PSERT": 1.825761e-02, "PIabc": 0, "SKMt2": -4.465211e-03, "PHYCBOXL": 0, "PHTO": 0, "PSD180": 0, "PSD160": 7.766998e-05, "PSCVT": 1.371647e-02, "PRPPS": 1.773429e-02, "PROt2r": 0, "PHTHS2": 2.767507e-05, "PHTHS": 5.221351e-06, "PHTHDLS2": 2.767507e-05, "SHSL4r": -999999, "PHTHDLS": 5.221351e-06, "PHTHCLS": 0, "PROabc": 0, "PHTHCLR2": -999999, "PROD2": 0, "PHTHCLR1": 999999, "SHSL1": 999999, "PRMICI": 7.768337e-04, "SHKK": 1.371647e-02, "PRFGS": 7.513160e-03, "PREPTTA": -5.221351e-06, "PHEt2r": 0, "PHETA1": -9.199905e-04, "SHK3Dr": 1.818168e-02, "PHDCAt": 0, "PREPTHS2": 2.767507e-05, "PREPTHS": 5.221351e-06, "PREPPACPH": 2.767507e-05, "PHDCATA": -1.234190e-04, "PREPHACPH": 0, "SHCHF3": 0, "PRDX": 0, "PGSA190": 1.111211e-04, "PRATPP": 7.768337e-04, "SHCHF2": 0, "PGSA160190": 3.413577e-04, "SHCHF": 0, "PGSA160": 1.240692e-04, "PRASCSi": 7.513160e-03, "PRAMPC": 7.768337e-04, "PGPPT3": 1.868593e-05, "PGPP190": 1.111211e-04, "PGPP160190": 3.413577e-04, "PGPP160": 1.240692e-04, "PRAIi": 3.848881e-04, "PRAIS": 7.513160e-03, "PRAGSr": 7.513160e-03, "PPTGS_TB2": 3.605218e-04, "PPTGS_TB1": 3.605218e-04, "PGMT": -2.261113e-03, "SHCHD3": 0, "PGM": -8.004633e-01, "PGLYCP": 0, "PGLS": 2.264498e-05, "PPTGS": 0, "PPPGO": 0, "PPNDH": 9.199905e-04, "PPND": 6.073597e-04, "PGL": 0, "PGK": -8.187209e-01, "PPNCL3": 0, "SHCHD2": 0, "PPNCL2": 0, "PGI": -6.413769e-03, "SHCHCS2": 0, "PGCD": 1.825761e-02, "PGAMT": -6.064092e-03, "PPNCL": 0, "PPK2": 0, "PFL": 1.580315e-02, "PFK": 0, "SHCHCS": 1.159767e-02, "PERD": 0, "G6PP": 3.120417e-03, "PEPCK_re": 9.999988e+05, "PPDK": 0, "SGSAD": 0, "PPDIMAT": 0, "PEAMNO": 0, "PPDIMAS": 2.767507e-05, "PPCSCT": 0, "PPCOAC": 0, "PPCK": -999999, "PDX5POi": 0, "PDIMAT": 0, "PDIMAS": 5.221351e-06, "SGDS": 0, "PDHcr_copy1": 4.863091e-01, "PDHcr_copy2": 0, "PPCDC": 0, "PPBNGS": 0, "PPAtr": 0, "SERt2r": 0, "PPA": 2.444753e-01, "SERD_L": 0, "PNTK": 0, "PNCDC": 0, "PDHbr": 4.863091e-01, "PDHa": 4.863091e-01, "PMPK": 0, "SERD_D": 0, "PMDPHT": 0, "PDH": 0, "PDE4": 0, "PDE1": 0, "PC8XM": 0, "SERAT": 1.088049e-03, "PC6YM": 0, "SELCYSLY": 0, "PC6AR": 0, "EX_mal__L_e": 0, "PC20M": 0, "SDPTA": -1.655704e-03, "PC17M": 0, "SDPDS": 1.655704e-03, "PC11M": 0, "MPML": 0, "MOTS": 0, "MOTH": 0, "PC": 0, "PATS": 2.392641e-05, "PAPSR": 1.088049e-03, "PAPPT3": 1.885806e-05, "SALCS": 5.546490e-05, "PAPPT2": 3.798007e-04, "SADT2": 0, "PAPPT1": 3.798007e-04, "MOHMT": 0, "PAPA160": 0, "SADT": 1.233616e-03, "PANTS": 0, "PACt2r": 0, "MNDNS2": 0, "MNDNS1": 0, "MN6PP": 1.818197e-03, "P5CRx": 2.640014e-03, "SADH": 0, "P5CR": 0, "P5CD": 0, "MMSAD3": 0, "RZ5PP": 0, "OXGDC2": 0, "RRPPDIMAS": 2.264498e-05, "RPPDIMAS": 2.264498e-05, "MTHFD": 0, "RPI": -1.773429e-02, "MTHFC": 0, "MTAN": 0, "RPE": -1.818168e-02, "MSHS": 0, "MSHOXH": 0, "RNTR4": 0, "MSHAMID": 0, "MMSAD2": 0, "RNDR4": 6.986664e-05, "MMSAD1": 0, "UDPGALM": 4.194294e-04, "UDPG4E": 1.480415e-03, "UDPDPS2": 0, "RNDR3": 1.274354e-04, "UDPDPS": 0, "UDCPDPS": 9.008264e-05, "MMM2": 4.865304e-03, "UDCPDP": 8.111263e-04, "RNDR2": 1.273589e-04, "UAPGR": 8.505637e-04, "UAMRH": 1.868593e-05, "MME": 4.865304e-03, "MMCD": 0, "UAMAS": 7.784594e-04, "MI4PP": 0, "RNDR1": 6.678739e-05, "MI3PP": 0, "UAMAGS": 7.784594e-04, "UAGPT3": 1.885806e-05, "UAGPT2": 3.798007e-04, "RIBabc": 0, "MI1PS": 3.108138e-04, "RBK_L1": 0, "MI1PP": 3.108138e-04, "MHPGLUT": 0, "UAGPT1": 3.798007e-04, "UAGDP": 1.661690e-03, "RBK_Dr": -4.473913e-04, "UAGCVT": 8.505637e-04, "UAAGLS2": 3.798007e-04, "MGt5": 0, "RBK": 0, "METabc": 0, "UAAGLS1": 3.798007e-04, "UAAGDS": 1.885806e-05, "TYRt2r": 0, "TYRTA": -6.073597e-04, "METSOXR2": 0, "METSOXR1": 0, "TTDCAt2": 0, "METS": 1.386590e-02, "RBFSb": 0, "METOX2s": 0, "METOX1s": 0, "TSULabc": 0, "TRPt2r": 0, "TRPTA": 0, "METAT": 1.319862e-02, "RBFSa": 0, "MEPCT": 9.377228e-02, "MEOHt2": 0, "TRPS3": 0, "TRPS2": 0, "IPPMIa": -3.915171e-03, "TRPS1": 3.848881e-04, "TRIATS": 0, "TREabc": 0, "MECDPS": 9.377228e-02, "MECDPDH": 9.377228e-02, "ME1": 0, "MDH": 1.534384e-01, "TRESULT": 1.455667e-04, "TRE6PS": 7.214262e-04, "TRE6PP": 5.972804e-04, "MDFDH": 0, "IPMD": 3.915171e-03, "MCOATA": 1.134265e-02, "MCD": 0, "TRDR": 1.479497e-03, "TPI": 9.639922e-01, "TMPPP": 0, "TMPK": 0, "TMN": 0, "TMHAS6": 0, "MCBTS3": 2.865049e-05, "MCBTS2": 0, "MCBTS": 2.681441e-05, "MANAT3": 2.436630e-05, "MANAT2": 0, "TMHAS5": 0, "MANAT1": 1.336704e-04, "TMHAS4": 2.098103e-05, "IPDPS": 9.377228e-02, "TMHAS3": 2.111491e-05, "TMHAS2": 2.103841e-05, "MAN6PI": -3.042689e-03, "MAN1PT2": 1.224493e-03, "MAN1PT": 0, "MALt2r": 0, "TMHAS1": 2.115316e-05, "IPDDI": 1.168775e-02, "TMDS": 6.986664e-05, "TMDPP": 0, "TMDK1": 0, "BIOMASS_Mtb_9_60atp": 1.912583e-02, "YUMPS": 0, "TKT2": -1.818168e-02, "XYLabc": 0, "INSK": 0, "TKT1": 0, "INSH": 4.154703e-04, "MALTabc": 0, "XYLK": 0, "MALTHPabc": 0, "INDPYRD": 0, "MALT": 0, "XPPT": 0, "VALt2r": 0, "VALTA": -3.936611e-03, "URIK2": 0, "URIDK2r": -6.986664e-05, "UMPK_copy1": 0, "UREA": 0, "MALS": 7.364395e-02, "L_LACt3": 0, "L_LACt2r": 0, "UPPRT": 0, "IMPD": 4.787386e-03, "UPPDC2": 0, "UPPDC1": 0, "UPP3S": 0, "UPP3MT": 0, "L_LACD3": 0, "L_LACD2": 0, "L_LACD": 0, "LYSt5r": 0, "LPLIPAL2E180": 0, "UMPK_copy2": 5.861492e-03, "UGMDDS2": 1.868593e-05, "LPLIPAL2E160": 0, "IMPC": -8.289994e-03, "LO": 0, "UGMDDS": 1.885806e-05, "LEUt2r": 0, "UGMAS": 1.868593e-05, "ILEt2r": 0, "UGMAGS": 1.868593e-05, "UGLDDS2": 3.798007e-04, "LEUTA": -3.915171e-03, "LDH_L": 0, "UGLDDS1": 3.798007e-04, "LCTSabc": 0, "ILETA": -1.677928e-03, "UGGPT3": 1.868593e-05, "LACZ": 0, "Kt3r": -999999, "Kabc": 0, "UGAGDS": 1.868593e-05, "UDPGD": 0, "KARA2": 1.677928e-03, "IGPS": 3.848881e-04, "KARA1": -7.851783e-03, "GLYCTO1": 0, "IGPDH": 7.768337e-04, "IGAMD": 0, "IG3PS": 7.768337e-04, "GLYCL": 0, "IPPS": 3.915171e-03, "ID3ACALDt": 0, "IPPMIb": -3.915171e-03, "GLYCK": 0, "ICL": 7.364395e-02, "GLYC3Pabc": 0, "GLYBabc": 0, "ICHORS": 1.159767e-02, "ICDHyr": 2.068682e-01, "GLXO1": 0, "IACGAMS": 0, "HXPRT": 0, "HSTPT": 7.768337e-04, "GLUt2r": -1.866972e-01, "EX_lys__L_e": 0, "HSST": 0, "EX_leu__L_e": 0, "GLUTRR": 0, "GLUSy": 0, "GLUR": -7.971453e-04, "HSK": 4.967627e-03, "GLUPRT": 7.513160e-03, "GLUDxi": -2.678962e-01, "HSERTA": 0, "GLUDC": 0, "GLUCYS": 0, "GLU5K": 2.640014e-03, "GLNSP3": 0, "EX_lcts_e": 0, "EX_lac__L_e": 0, "EX_k_e": 0, "EX_ile__L_e": 0, "GLNSP2": 0, "GLNSP1": 0, "HSDy": 9.999990e+05, "GLNS": 3.893385e-02, "GLGC": 0, "EX_id3acald_e": 0, "HSDxi": 999999, "EX_his__L_e": 0, "GLCabc": 0, "GLCS1": 0, "GLCP": 0, "HPPK2": 0, "EX_hdca_e": 0, "HPPK": 0, "EX_h_e": 3.246124e-01, "GK1": 1.273589e-04, "GHMT2r": 1.393577e-02, "EX_h2s_e": 0, "EX_h2o_e": 1.917679e+00, "GGLUCT2": 0, "HOPNTAL": 0, "GFUCS": 2.264498e-05, "GF6PTA": 6.064092e-03, "GCCc": 0, "EX_h2co3_e": 6.667760e-01, "EX_h2_e": 0, "GCCb": 0, "HMPK4": 0, "GCCa": 0, "GCC2": 0, "GARFT": 7.513160e-03, "GAPD": 8.187209e-01, "GALt2": 0, "EX_gthrd_e": 0, "EX_glyc_e": -1, "EX_glyc3p_e": 0, "EX_glyb_e": 0, "EX_gly_e": 0,