{"THDPS": 1.883254e-03, "NADTRHD_copy1": 999999, "TDPGDH": 6.741678e-05, "TDPDRR": 6.741678e-05, "TDPDRE": 6.741678e-05, "TDMS4": 2.401682e-05, "TDMS3": 4.779434e-05, "TDMS2": 4.792487e-05, "TDMS1": 7.200695e-05, "RBFK": 0, "TATSO": 2.473471e-05, "TATS": 2.558313e-05, "THZSN": 0, "R05224": 0, "TAS": 1.908293e-04, "R05219": 0, "TARTRt7": 0, "R05217": 0, "TARTD": 0, "QULNS": 0, "TALA": -7.397586e-03, "THZPSN": 0, "SULabc": 1.403157e-03, "QRr": 1.998642e+00, "SULR": 1.237584e-03, "PYRt2": -5.602588e-01, "CYANST_copy1": -999999, "SUCOAS": 6.437601e-02, "SUCD1": 0, "THRt2r": 0, "SUCCt2r": 0, "THRS": 0, "SUCBZS": 0, "THRD_L": -2.982828e-03, "PYRDC": 0, "PYK": 9.579347e-01, "PYDXO": 0, "PYDXNO": 0, "PYAM5PO": 0, "PUNP7": 0, "THMDP": 0, "THFGLUS": 0, "SUCBZL": 0, "PUNP6": 0, "PUNP5": -4.725701e-04, "PUNP4": 0, "PUNP3": 0, "PUNP2": 0, "PMANM": -1.392780e-03, "PUNP1": 4.725701e-04, "SSALy": 1.916641e-01, "PLIPA1E180": 0, "PTPATi": 0, "SSALx": 0, "PTAr": 2.750948e-02, "PLIPA1E160": 0, "PLCD": 0, "PSSA180": 0, "SPODM": 0, "PIt": -3.195449e-02, "PSSA160": 8.834448e-05, "SPMS": 0, "PSP_L": 2.315856e-02, "SOTA": 0, "PSERT": 2.315856e-02, "PIabc": 0, "SKMt2": 0, "PHYCBOXL": 0, "PHTO": 0, "PSD180": 0, "PSD160": 8.834448e-05, "PSCVT": 2.409992e-03, "PRPPS": 2.409387e-02, "PROt2r": 0, "PHTHS2": 3.147857e-05, "PHTHS": 5.938942e-06, "PHTHDLS2": 3.147857e-05, "SHSL4r": -9.999989e+05, "PHTHDLS": 5.938942e-06, "PHTHCLS": 0, "PROabc": 0, "PHTHCLR2": -999999, "PROD2": 0, "PHTHCLR1": 999999, "SHSL1": 999999, "PRMICI": 8.835971e-04, "SHKK": 2.409992e-03, "PRFGS": 8.545724e-03, "PREPTTA": -5.938942e-06, "PHEt2r": 0, "PHETA1": -1.046428e-03, "SHK3Dr": 2.409992e-03, "PHDCAt": 0, "PREPTHS2": 3.147857e-05, "PREPTHS": 5.938942e-06, "PREPPACPH": 3.147857e-05, "PHDCATA": -1.403809e-04, "PREPHACPH": 0, "SHCHF3": 0, "PRDX": 0, "PGSA190": 1.263929e-04, "PRATPP": 8.835971e-04, "SHCHF2": 0, "PGSA160190": 3.882719e-04, "SHCHF": 0, "PGSA160": 1.411206e-04, "PRASCSi": 8.545724e-03, "PRAMPC": 8.835971e-04, "PGPPT3": 2.125401e-05, "PGPP190": 1.263929e-04, "PGPP160190": 3.882719e-04, "PGPP160": 1.411206e-04, "PRAIi": 4.377848e-04, "PRAIS": 8.545724e-03, "PRAGSr": 8.545724e-03, "PPTGS_TB2": 4.100698e-04, "PPTGS_TB1": 4.100698e-04, "PGMT": -6.494157e-03, "SHCHD3": 0, "PGM": -9.637221e-01, "PGLYCP": 0, "PGLS": 2.575717e-05, "PPTGS": 0, "PPPGO": 0, "PPNDH": 1.046428e-03, "PPND": 6.908316e-04, "PGL": 0, "PGK": -9.868807e-01, "PPNCL3": 0, "SHCHD2": 0, "PPNCL2": 0, "PGI": 2.756353e-02, "SHCHCS2": 0, "PGCD": 2.315856e-02, "PGAMT": -6.897504e-03, "PPNCL": 0, "PPK2": 0, "PFL": 0, "PFK": 0, "SHCHCS": 0, "PERD": 0, "G6PP": -3.523179e-02, "PEPCK_re": 0, "PPDK": 0, "SGSAD": 0, "PPDIMAT": 0, "PEAMNO": 0, "PPDIMAS": 3.147857e-05, "PPCSCT": 2.274069e-01, "PPCOAC": 0, "PPCK": 0, "PDX5POi": 0, "PDIMAT": 0, "PDIMAS": 5.938942e-06, "SGDS": 0, "PDHcr_copy1": 0, "PDHcr_copy2": 0, "PPCDC": 0, "PPBNGS": 0, "PPAtr": -2.274069e-01, "SERt2r": 0, "PPA": 4.847057e-02, "SERD_L": 0, "PNTK": 0, "PNCDC": 0, "PDHbr": 0, "PDHa": 0, "PMPK": 0, "SERD_D": 0, "PMDPHT": 0, "PDH": 2.257846e-01, "PDE4": 0, "PDE1": 0, "PC8XM": 0, "SERAT": 1.237584e-03, "PC6YM": 0, "SELCYSLY": 0, "PC6AR": 0, "EX_mal__L_e": 0, "PC20M": 0, "SDPTA": -1.883254e-03, "PC17M": 0, "SDPDS": 1.883254e-03, "PC11M": 0, "MPML": 0, "MOTS": 0, "MOTH": 0, "PC": 8.761944e-02, "PATS": 2.721471e-05, "PAPSR": 1.237584e-03, "PAPPT3": 2.144980e-05, "SALCS": 6.308766e-05, "PAPPT2": 4.319982e-04, "SADT2": 0, "PAPPT1": 4.319982e-04, "MOHMT": 0, "PAPA160": 0, "SADT": 1.403157e-03, "PANTS": 0, "PACt2r": 0, "MNDNS2": 0, "MNDNS1": 0, "MN6PP": 2.068079e-03, "P5CRx": 0, "SADH": 0, "P5CR": 3.002842e-03, "P5CD": 0, "MMSAD3": 0, "RZ5PP": 0, "OXGDC2": 0, "RRPPDIMAS": 2.575717e-05, "RPPDIMAS": 2.575717e-05, "MTHFD": 999999, "RPI": -1.669629e-02, "MTHFC": 1.797504e-02, "MTAN": 0, "RPE": -1.720516e-02, "MSHS": 0, "MSHOXH": 0, "RNTR4": 0, "MSHAMID": 0, "MMSAD2": 0, "RNDR4": 7.946870e-05, "MMSAD1": 0, "UDPGALM": 4.770732e-04, "UDPG4E": 1.683875e-03, "UDPDPS2": 0, "RNDR3": 1.449493e-04, "UDPDPS": 1.024631e-04, "UDCPDPS": 0, "MMM2": 2.329408e-01, "UDCPDP": 9.226026e-04, "RNDR2": 1.448623e-04, "UAPGR": 9.674601e-04, "UAMRH": 2.125401e-05, "MME": 2.329408e-01, "MMCD": 2.274069e-01, "UAMAS": 8.854462e-04, "MI4PP": 0, "RNDR1": 7.596624e-05, "MI3PP": 0, "UAMAGS": 8.854462e-04, "UAGPT3": 2.144980e-05, "UAGPT2": 4.319982e-04, "RIBabc": 0, "MI1PS": 3.535302e-04, "RBK_L1": 0, "MI1PP": 3.535302e-04, "MHPGLUT": 0, "UAGPT1": 4.319982e-04, "UAGDP": 1.890063e-03, "RBK_Dr": -5.088781e-04, "UAGCVT": 9.674601e-04, "UAAGLS2": 4.319982e-04, "MGt5": 0, "RBK": 0, "METabc": 0, "UAAGLS1": 4.319982e-04, "UAAGDS": 2.144980e-05, "TYRt2r": 0, "TYRTA": -6.908316e-04, "METSOXR2": 0, "METSOXR1": 0, "TTDCAt2": 0, "METS": 2.579959e-03, "RBFSb": 0, "METOX2s": 0, "METOX1s": 0, "TSULabc": 0, "TRPt2r": 0, "TRPTA": 0, "METAT": 1.820971e-03, "RBFSa": 0, "MEPCT": 1.127094e-03, "MEOHt2": 0, "TRPS3": 4.377848e-04, "TRPS2": 4.377848e-04, "IPPMIa": -4.453249e-03, "TRPS1": 0, "TRIATS": 0, "TREabc": 0, "MECDPS": 1.127094e-03, "MECDPDH": 1.127094e-03, "ME1": 0, "MDH": 2.874706e-02, "TRESULT": 1.655725e-04, "TRE6PS": 8.205747e-04, "TRE6PP": 6.793671e-04, "MDFDH": 0, "IPMD": 4.453249e-03, "MCOATA": 1.290151e-02, "MCD": 0, "TRDR": 1.682831e-03, "TPI": 9.973776e-01, "TMPPP": 0, "TMPK": 0, "TMN": 0, "TMHAS6": 0, "MCBTS3": 3.258804e-05, "MCBTS2": 0, "MCBTS": 3.049962e-05, "MANAT3": 2.771506e-05, "MANAT2": 1.154722e-04, "TMHAS5": 0, "MANAT1": 3.656909e-05, "TMHAS4": 2.386454e-05, "IPDPS": 0, "TMHAS3": 2.401682e-05, "TMHAS2": 2.392980e-05, "MAN6PI": -3.460858e-03, "MAN1PT2": 1.392780e-03, "MAN1PT": 0, "MALt2r": 0, "TMHAS1": 2.406033e-05, "IPDDI": -1.024631e-03, "TMDS": 7.946870e-05, "TMDPP": 0, "TMDK1": 0, "BIOMASS_Mtb_9_60atp": 2.175437e-02, "YUMPS": 0, "TKT2": -9.807578e-03, "XYLabc": 0, "INSK": 0, "TKT1": -7.397586e-03, "INSH": 4.725701e-04, "MALTabc": 0, "XYLK": 0, "MALTHPabc": 0, "INDPYRD": 0, "MALT": 0, "XPPT": 0, "VALt2r": 0, "VALTA": -4.477636e-03, "URIK2": 0, "URIDK2r": -7.946870e-05, "UMPK_copy1": 0, "UREA": 0, "MALS": 2.874706e-02, "L_LACt3": 0, "L_LACt2r": 0, "UPPRT": 0, "IMPD": 5.445335e-03, "UPPDC2": 0, "UPPDC1": 0, "UPP3S": 0, "UPP3MT": 0, "L_LACD3": 0, "L_LACD2": 0, "L_LACD": 0, "LYSt5r": 0, "LPLIPAL2E180": 0, "UMPK_copy2": 1.058935e-02, "UGMDDS2": 2.125401e-05, "LPLIPAL2E160": 0, "IMPC": -9.429321e-03, "LO": 0, "UGMDDS": 2.144980e-05, "LEUt2r": 0, "UGMAS": 2.125401e-05, "ILEt2r": -5.137153e-02, "UGMAGS": 2.125401e-05, "UGLDDS2": 4.319982e-04, "LEUTA": -4.453249e-03, "LDH_L": 0, "UGLDDS1": 4.319982e-04, "LCTSabc": 0, "ILETA": -5.328006e-02, "UGGPT3": 2.125401e-05, "LACZ": 0, "Kt3r": -999999, "Kabc": 0, "UGAGDS": 2.125401e-05, "UDPGD": 3.922290e-03, "KARA2": 5.328006e-02, "IGPS": 4.377848e-04, "KARA1": -8.930885e-03, "GLYCTO1": 0, "IGPDH": 8.835971e-04, "IGAMD": 0, "IG3PS": 8.835971e-04, "GLYCL": 2.391729e-03, "IPPS": 4.453249e-03, "ID3ACALDt": 0, "IPPMIb": -4.453249e-03, "GLYCK": 0, "ICL": 2.874706e-02, "GLYC3Pabc": 0, "GLYBabc": 0, "ICHORS": 0, "ICDHyr": 0, "GLXO1": 0, "IACGAMS": 0, "HXPRT": 0, "HSTPT": 8.835971e-04, "GLUt2r": 2.014156e-01, "EX_lys__L_e": 0, "HSST": 5.702188e-02, "EX_leu__L_e": 0, "GLUTRR": 0, "GLUSy": 0, "GLUR": -9.067002e-04, "HSK": 0, "GLUPRT": 8.545724e-03, "GLUDxi": 0, "HSERTA": 0, "GLUDC": 0, "GLUCYS": 0, "GLU5K": 3.002842e-03, "GLNSP3": 0, "EX_lcts_e": 0, "EX_lac__L_e": 0, "EX_k_e": 0, "EX_ile__L_e": 5.137153e-02, "GLNSP2": 0, "GLNSP1": 0, "HSDy": 9.999989e+05, "GLNS": 4.820698e-02, "GLGC": 0, "EX_id3acald_e": 0, "HSDxi": 999999, "EX_his__L_e": 0, "GLCabc": 3.878106e-02, "GLCS1": 0, "GLCP": 0, "HPPK2": 0, "EX_hdca_e": 0, "HPPK": 0, "EX_h_e": 5.906285e-01, "GK1": 1.448623e-04, "GHMT2r": 1.824274e-02, "EX_h2s_e": 0, "EX_h2o_e": 1.553545e+00, "GGLUCT2": 0, "HOPNTAL": 0, "GFUCS": 2.575717e-05, "GF6PTA": 6.897504e-03, "GCCc": 0, "EX_h2co3_e": 6.259174e-01, "EX_h2_e": 0, "GCCb": 0, "HMPK4": 0, "GCCa": 0, "GCC2": 0, "GARFT": 8.545724e-03, "GAPD": 9.868807e-01, "GALt2": 0, "EX_gthrd_e": 0, "EX_glyc_e": -1,