{"THDPS": 2.281668e-03, "NADTRHD_copy1": 9.999989e+05, "TDPGDH": 8.167923e-05, "TDPDRR": 8.167923e-05, "TDPDRE": 8.167923e-05, "TDMS4": 2.909773e-05, "TDMS3": 5.790554e-05, "TDMS2": 5.806368e-05, "TDMS1": 8.724048e-05, "RBFK": 0, "TATSO": 2.996750e-05, "TATS": 3.099541e-05, "THZSN": 0, "R05224": 0, "TAS": 2.312005e-04, "R05219": 0, "TARTRt7": 0, "R05217": 0, "TARTD": 0, "QULNS": 0, "TALA": 0, "THZPSN": 0, "SULabc": 1.700003e-03, "QRr": -999999, "SULR": 1.499403e-03, "PYRt2": 0, "CYANST_copy1": -999999, "SUCOAS": -9.999990e+05, "SUCD1": 0, "THRt2r": 0, "SUCCt2r": 0, "THRS": 0, "SUCBZS": 0, "THRD_L": -3.613865e-03, "PYRDC": 0, "PYK": 5.597902e-01, "PYDXO": 0, "PYDXNO": 0, "PYAM5PO": 0, "PUNP7": 0, "THMDP": 0, "THFGLUS": 0, "SUCBZL": 0, "PUNP6": 1.633664e-03, "PUNP5": -2.206209e-03, "PUNP4": 0, "PUNP3": 0, "PUNP2": -1.633664e-03, "PMANM": -1.687431e-03, "PUNP1": 2.206209e-03, "SSALy": 0, "PLIPA1E180": 0, "PTPATi": 0, "SSALx": 0, "PTAr": -9.999987e+05, "PLIPA1E160": 0, "PLCD": 0, "PSSA180": 0, "SPODM": 0, "PIt": -2.921051e-02, "PSSA160": 1.070343e-04, "SPMS": 0, "PSP_L": 2.516018e-02, "SOTA": 0, "PSERT": 2.516018e-02, "PIabc": 0, "SKMt2": -2.213570e-02, "PHYCBOXL": 0, "PHTO": 0, "PSD180": 0, "PSD160": 1.070343e-04, "PSCVT": 2.919841e-03, "PRPPS": 2.443901e-02, "PROt2r": 0, "PHTHS2": 3.813806e-05, "PHTHS": 7.195363e-06, "PHTHDLS2": 3.813806e-05, "SHSL4r": 5.926159e-03, "PHTHDLS": 7.195363e-06, "PHTHCLS": 0, "PROabc": 0, "PHTHCLR2": -999999, "PROD2": 0, "PHTHCLR1": 999999, "SHSL1": 9.195569e-04, "PRMICI": 1.070528e-03, "SHKK": 2.919841e-03, "PRFGS": 1.035363e-02, "PREPTTA": -7.195363e-06, "PHEt2r": 0, "PHETA1": -1.267807e-03, "SHK3Dr": 2.505555e-02, "PHDCAt": 0, "PREPTHS2": 3.813806e-05, "PREPTHS": 7.195363e-06, "PREPPACPH": 3.813806e-05, "PHDCATA": -1.700794e-04, "PREPHACPH": 0, "SHCHF3": 0, "PRDX": 0, "PGSA190": 1.531321e-04, "PRATPP": 1.070528e-03, "SHCHF2": 0, "PGSA160190": 4.704133e-04, "SHCHF": 0, "PGSA160": 1.709755e-04, "PRASCSi": 1.035363e-02, "PRAMPC": 1.070528e-03, "PGPPT3": 2.575044e-05, "PGPP190": 1.531321e-04, "PGPP160190": 4.704133e-04, "PGPP160": 1.709755e-04, "PRAIi": 5.304011e-04, "PRAIS": 1.035363e-02, "PRAGSr": 1.035363e-02, "PPTGS_TB2": 4.968227e-04, "PPTGS_TB1": 4.968227e-04, "PGMT": -3.115961e-03, "SHCHD3": 0, "PGM": -9.457719e-01, "PGLYCP": 0, "PGLS": 3.120626e-05, "PPTGS": 0, "PPPGO": 0, "PPNDH": 1.267807e-03, "PPND": 8.369815e-04, "PGL": 0, "PGK": -9.709321e-01, "PPNCL3": 0, "SHCHD2": 0, "PPNCL2": 0, "PGI": 3.760529e-02, "SHCHCS2": 0, "PGCD": 2.516018e-02, "PGAMT": -8.356716e-03, "PPNCL": 0, "PPK2": 999999, "PFL": 1.165998e-02, "PFK": 0, "SHCHCS": 0, "PERD": 0, "G6PP": -4.214374e-02, "PEPCK_re": 9.999986e+05, "PPDK": 0, "SGSAD": 0, "PPDIMAT": 0, "PEAMNO": 0, "PPDIMAS": 3.813806e-05, "PPCSCT": 0, "PPCOAC": 0, "PPCK": -999999, "PDX5POi": 0, "PDIMAT": 0, "PDIMAS": 7.195363e-06, "SGDS": 0, "PDHcr_copy1": 0, "PDHcr_copy2": 0, "PPCDC": 0, "PPBNGS": 0, "PPAtr": 0, "SERt2r": 0, "PPA": 4.922069e-02, "SERD_L": 0, "PNTK": 0, "PNCDC": 0, "PDHbr": 0, "PDHa": 0, "PMPK": 0, "SERD_D": 0, "PMDPHT": 0, "PDH": 5.082696e-01, "PDE4": 0, "PDE1": 0, "PC8XM": 0, "SERAT": 1.499403e-03, "PC6YM": 0, "SELCYSLY": 0, "PC6AR": 0, "EX_mal__L_e": 0, "PC20M": 0, "SDPTA": -2.281668e-03, "PC17M": 0, "SDPDS": 2.281668e-03, "PC11M": 0, "MPML": 0, "MOTS": 0, "MOTH": 0, "PC": 0, "PATS": 3.297216e-05, "PAPSR": 1.499403e-03, "PAPPT3": 2.598765e-05, "SALCS": 7.643426e-05, "PAPPT2": 5.233902e-04, "SADT2": 0, "PAPPT1": 5.233902e-04, "MOHMT": 0, "PAPA160": 0, "SADT": 1.700003e-03, "PANTS": 0, "PACt2r": 0, "MNDNS2": 0, "MNDNS1": 0, "MN6PP": 2.505594e-03, "P5CRx": 0, "SADH": 0, "P5CR": 3.638113e-03, "P5CD": 0, "MMSAD3": 0, "RZ5PP": 0, "OXGDC2": 0, "RRPPDIMAS": 3.120626e-05, "RPPDIMAS": 3.120626e-05, "MTHFD": -9.999990e+05, "RPI": -2.443901e-02, "MTHFC": 1.598235e-02, "MTAN": 0, "RPE": -2.505555e-02, "MSHS": 0, "MSHOXH": 0, "RNTR4": 0, "MSHAMID": 0, "MMSAD2": 0, "RNDR4": 9.628081e-05, "MMSAD1": 0, "UDPGALM": 5.780012e-04, "UDPG4E": 2.040110e-03, "UDPDPS2": 1.241398e-04, "RNDR3": 1.756143e-04, "UDPDPS": 0, "UDCPDPS": 0, "MMM2": 6.704708e-03, "UDCPDP": 1.117785e-03, "RNDR2": 1.755089e-04, "UAPGR": 1.172133e-03, "UAMRH": 2.575044e-05, "MME": 6.704708e-03, "MMCD": 0, "UAMAS": 1.072768e-03, "MI4PP": 0, "RNDR1": 9.203739e-05, "MI3PP": 0, "UAMAGS": 1.072768e-03, "UAGPT3": 2.598765e-05, "UAGPT2": 5.233902e-04, "RIBabc": 0, "MI1PS": 4.283218e-04, "RBK_L1": 0, "MI1PP": 4.283218e-04, "MHPGLUT": 0, "UAGPT1": 5.233902e-04, "UAGDP": 2.289918e-03, "RBK_Dr": -6.165346e-04, "UAGCVT": 1.172133e-03, "UAAGLS2": 5.233902e-04, "MGt5": 0, "RBK": 0, "METabc": 0, "UAAGLS1": 5.233902e-04, "UAAGDS": 2.598765e-05, "TYRt2r": 0, "TYRTA": -8.369815e-04, "METSOXR2": 0, "METSOXR1": 0, "TTDCAt2": 0, "METS": 3.125766e-03, "RBFSb": 0, "METOX2s": 0, "METOX1s": 0, "TSULabc": 0, "TRPt2r": 0, "TRPTA": 0, "METAT": 2.206209e-03, "RBFSa": 0, "MEPCT": 1.365538e-03, "MEOHt2": 0, "TRPS3": 5.304011e-04, "TRPS2": 5.304011e-04, "IPPMIa": -5.395363e-03, "TRPS1": 0, "TRIATS": 0, "TREabc": 0, "MECDPS": 1.365538e-03, "MECDPDH": 1.365538e-03, "ME1": 0, "MDH": 0, "TRESULT": 2.006004e-04, "TRE6PS": 9.941725e-04, "TRE6PP": 8.230916e-04, "MDFDH": 0, "IPMD": 5.395363e-03, "MCOATA": 1.563091e-02, "MCD": 0, "TRDR": 2.038844e-03, "TPI": 9.968228e-01, "TMPPP": 0, "TMPK": 0, "TMN": 0, "TMHAS6": 0, "MCBTS3": 3.948225e-05, "MCBTS2": 0, "MCBTS": 3.695201e-05, "MANAT3": 3.357836e-05, "MANAT2": 1.399011e-04, "TMHAS5": 0, "MANAT1": 4.430551e-05, "TMHAS4": 2.891324e-05, "IPDPS": 0, "TMHAS3": 2.909773e-05, "TMHAS2": 2.899231e-05, "MAN6PI": -4.193025e-03, "MAN1PT2": 1.687431e-03, "MAN1PT": 0, "MALt2r": 0, "TMHAS1": 2.915045e-05, "IPDDI": -1.241398e-03, "TMDS": 9.628081e-05, "TMDPP": 0, "TMDK1": 0, "BIOMASS_Mtb_9_60atp": 2.635664e-02, "YUMPS": 0, "TKT2": -2.505555e-02, "XYLabc": 0, "INSK": 1.633664e-03, "TKT1": 0, "INSH": 5.725453e-04, "MALTabc": 0, "XYLK": 0, "MALTHPabc": 0, "INDPYRD": 0, "MALT": 0, "XPPT": 0, "VALt2r": 0, "VALTA": -5.424909e-03, "URIK2": 0, "URIDK2r": -9.628081e-05, "UMPK_copy1": 0, "UREA": 0, "MALS": 0, "L_LACt3": 0, "L_LACt2r": 0, "UPPRT": 0, "IMPD": 6.597331e-03, "UPPDC2": 0, "UPPDC1": 0, "UPP3S": 0, "UPP3MT": 0, "L_LACD3": 1.994631e+00, "L_LACD2": 0, "L_LACD": 0, "LYSt5r": 0, "LPLIPAL2E180": 0, "UMPK_copy2": 8.077520e-03, "UGMDDS2": 2.575044e-05, "LPLIPAL2E160": 0, "IMPC": -1.142415e-02, "LO": 0, "UGMDDS": 2.598765e-05, "LEUt2r": 0, "UGMAS": 2.575044e-05, "ILEt2r": 0, "UGMAGS": 2.575044e-05, "UGLDDS2": 5.233902e-04, "LEUTA": -5.395363e-03, "LDH_L": -1.994631e+00, "UGLDDS1": 5.233902e-04, "LCTSabc": 0, "ILETA": -2.312295e-03, "UGGPT3": 2.575044e-05, "LACZ": 0, "Kt3r": -999999, "Kabc": 0, "UGAGDS": 2.575044e-05, "UDPGD": 0, "KARA2": 2.312295e-03, "IGPS": 5.304011e-04, "KARA1": -1.082027e-02, "GLYCTO1": 0, "IGPDH": 1.070528e-03, "IGAMD": 0, "IG3PS": 1.070528e-03, "GLYCL": 0, "IPPS": 5.395363e-03, "ID3ACALDt": 0, "IPPMIb": -5.395363e-03, "GLYCK": 0, "ICL": 0, "GLYC3Pabc": 0, "GLYBabc": 0, "ICHORS": 0, "ICDHyr": 3.160362e-01, "GLXO1": 0, "IACGAMS": 0, "HXPRT": 0, "HSTPT": 1.070528e-03, "GLUt2r": -3.042217e-01, "EX_lys__L_e": 0, "HSST": 6.845716e-03, "EX_leu__L_e": 0, "GLUTRR": 0, "GLUSy": 0, "GLUR": -1.098518e-03, "HSK": 0, "GLUPRT": 1.035363e-02, "GLUDxi": -4.177529e-01, "HSERTA": 0, "GLUDC": 0, "GLUCYS": 0, "GLU5K": 0, "GLNSP3": 0, "EX_lcts_e": 0, "EX_lac__L_e": 0, "EX_k_e": 0, "EX_ile__L_e": 0, "GLNSP2": 0, "GLNSP1": 0, "HSDy": 9.999990e+05, "GLNS": 5.365340e-02, "GLGC": 0, "EX_id3acald_e": 0, "HSDxi": 999999, "EX_his__L_e": 0, "GLCabc": 4.644388e-02, "GLCS1": 0, "GLCP": 0, "HPPK2": 0, "EX_hdca_e": 0, "HPPK": 0, "EX_h_e": 8.331373e-01, "GK1": 1.755089e-04, "GHMT2r": 1.920440e-02, "EX_h2s_e": 0, "EX_h2o_e": 2.037228e+00, "GGLUCT2": 0, "HOPNTAL": 0, "GFUCS": 3.120626e-05, "GF6PTA": 8.356716e-03, "GCCc": 0, "EX_h2co3_e": 4.914102e-01, "EX_h2_e": 5.864545e-03, "GCCb": 0, "HMPK4": 0, "GCCa": 0, "GCC2": 0, "GARFT": 1.035363e-02, "GAPD": 9.709321e-01, "GALt2": 0, "EX_gthrd_e": 0, "EX_glyc_e": -1, "EX_glyc3p_e": 0, "EX_glyb_e": 0,