{"THDPS": 3.643520e-03, "NADTRHD_copy1": 9.999979e+05, "TDPGDH": 1.304308e-04, "TDPDRR": 1.304308e-04, "TDPDRE": 1.304308e-04, "TDMS4": 4.646520e-05, "TDMS3": 9.246743e-05, "TDMS2": 9.271995e-05, "TDMS1": 1.393114e-04, "RBFK": 0, "TATSO": 4.785410e-05, "TATS": 4.949554e-05, "THZSN": 0, "R05224": 0, "TAS": 3.691963e-04, "R05219": 0, "TARTRt7": 0, "R05217": 0, "TARTD": 0, "QULNS": 0, "TALA": -1.178259e-02, "THZPSN": 0, "SULabc": 2.714679e-03, "QRr": 0, "SULR": 2.394347e-03, "PYRt2": 0, "CYANST_copy1": -999999, "SUCOAS": 2.515968e-02, "SUCD1": 0, "THRt2r": 0, "SUCCt2r": 0, "THRS": 0, "SUCBZS": 0, "THRD_L": -5.770860e-03, "PYRDC": 0, "PYK": 2.008250e+00, "PYDXO": 0, "PYDXNO": 0, "PYAM5PO": 0, "PUNP7": 0, "THMDP": 0, "THFGLUS": 0, "SUCBZL": 0, "PUNP6": 0, "PUNP5": -9.142785e-04, "PUNP4": 0, "PUNP3": 0, "PUNP2": 0, "PMANM": -2.694603e-03, "PUNP1": 9.142785e-04, "SSALy": 0, "PLIPA1E180": 0, "PTPATi": 0, "SSALx": 0, "PTAr": 1.059731e+00, "PLIPA1E160": 0, "PLCD": 0, "PSSA180": 0, "SPODM": 0, "PIt": -4.664529e-02, "PSSA160": 1.709195e-04, "SPMS": 0, "PSP_L": 4.017745e-02, "SOTA": 0, "PSERT": 4.017745e-02, "PIabc": 0, "SKMt2": 0, "PHYCBOXL": 0, "PHTO": 0, "PSD180": 0, "PSD160": 1.709195e-04, "PSCVT": 4.662597e-03, "PRPPS": 3.902584e-02, "PROt2r": -9.811338e-01, "PHTHS2": 6.090139e-05, "PHTHS": 1.149004e-05, "PHTHDLS2": 6.090139e-05, "SHSL4r": 9.463285e-03, "PHTHDLS": 1.149004e-05, "PHTHCLS": 0, "PROabc": 0, "PHTHCLR2": -999999, "PROD2": 0, "PHTHCLR1": 999999, "SHSL1": 1.468410e-03, "PRMICI": 1.709490e-03, "SHKK": 4.662597e-03, "PRFGS": 1.653336e-02, "PREPTTA": -1.149004e-05, "PHEt2r": 0, "PHETA1": -2.024519e-03, "SHK3Dr": 4.662597e-03, "PHDCAt": 0, "PREPTHS2": 6.090139e-05, "PREPTHS": 1.149004e-05, "PREPPACPH": 6.090139e-05, "PHDCATA": -2.715941e-04, "PREPHACPH": 0, "SHCHF3": 0, "PRDX": 0, "PGSA190": 2.445315e-04, "PRATPP": 1.709490e-03, "SHCHF2": 0, "PGSA160190": 7.511873e-04, "SHCHF": 0, "PGSA160": 2.730251e-04, "PRASCSi": 1.653336e-02, "PRAMPC": 1.709490e-03, "PGPPT3": 4.112002e-05, "PGPP190": 2.445315e-04, "PGPP160190": 7.511873e-04, "PGPP160": 2.730251e-04, "PRAIi": 8.469797e-04, "PRAIS": 1.653336e-02, "PRAGSr": 1.653336e-02, "PPTGS_TB2": 7.933596e-04, "PPTGS_TB1": 7.933596e-04, "PGMT": -4.975774e-03, "SHCHD3": 0, "PGM": -2.812206e+00, "PGLYCP": 0, "PGLS": 4.983224e-05, "PPTGS": 0, "PPPGO": 0, "PPNDH": 2.024519e-03, "PPND": 1.336548e-03, "PGL": 0, "PGK": -2.852383e+00, "PPNCL3": 0, "SHCHD2": 0, "PPNCL2": 0, "PGI": 9.858859e-01, "SHCHCS2": 0, "PGCD": 4.017745e-02, "PGAMT": -1.334456e-02, "PPNCL": 0, "PPK2": 0, "PFL": 1.387716e+00, "PFK": 9.376179e-01, "SHCHCS": 0, "PERD": 0, "G6PP": -9.931333e-01, "PEPCK_re": 9.999982e+05, "PPDK": 0, "SGSAD": 0, "PPDIMAT": 0, "PEAMNO": 0, "PPDIMAS": 6.090139e-05, "PPCSCT": 0, "PPCOAC": 0, "PPCK": -999999, "PDX5POi": 0, "PDIMAT": 0, "PDIMAS": 1.149004e-05, "SGDS": 0, "PDHcr_copy1": 0, "PDHcr_copy2": 0, "PPCDC": 0, "PPBNGS": 0, "PPAtr": 0, "SERt2r": 0, "PPA": 7.859887e-02, "SERD_L": 0, "PNTK": 0, "PNCDC": 0, "PDHbr": 0, "PDHa": 0, "PMPK": 0, "SERD_D": 0, "PMDPHT": 0, "PDH": 0, "PDE4": 0, "PDE1": 0, "PC8XM": 0, "SERAT": 2.394347e-03, "PC6YM": 0, "SELCYSLY": 0, "PC6AR": 0, "EX_mal__L_e": 0, "PC20M": 0, "SDPTA": -3.643520e-03, "PC17M": 0, "SDPDS": 3.643520e-03, "PC11M": 0, "MPML": 0, "MOTS": 0, "MOTH": 0, "PC": 0, "PATS": 5.265214e-05, "PAPSR": 2.394347e-03, "PAPPT3": 4.149881e-05, "SALCS": 1.220553e-04, "PAPPT2": 8.357843e-04, "SADT2": 0, "PAPPT1": 8.357843e-04, "MOHMT": 0, "PAPA160": 0, "SADT": 2.714679e-03, "PANTS": 0, "PACt2r": 0, "MNDNS2": 0, "MNDNS1": 0, "MN6PP": 4.001100e-03, "P5CRx": 9.869434e-01, "SADH": 0, "P5CR": 0, "P5CD": 0, "MMSAD3": 0, "RZ5PP": 0, "OXGDC2": 0, "RRPPDIMAS": 4.983224e-05, "RPPDIMAS": 4.983224e-05, "MTHFD": -9.999990e+05, "RPI": -2.724325e-02, "MTHFC": 2.552168e-02, "MTAN": 0, "RPE": -2.822778e-02, "MSHS": 0, "MSHOXH": 0, "RNTR4": 1.537476e-04, "MSHAMID": 0, "MMSAD2": 0, "RNDR4": 0, "MMSAD1": 0, "UDPGALM": 9.229907e-04, "UDPG4E": 3.257783e-03, "UDPDPS2": 1.982347e-04, "RNDR3": 2.804326e-04, "UDPDPS": 0, "UDCPDPS": 0, "MMM2": 1.070652e-02, "UDCPDP": 1.784954e-03, "RNDR2": 2.802643e-04, "UAPGR": 1.871739e-03, "UAMRH": 4.112002e-05, "MME": 1.070652e-02, "MMCD": 0, "UAMAS": 1.713067e-03, "MI4PP": 0, "RNDR1": 1.469714e-04, "MI3PP": 0, "UAMAGS": 1.713067e-03, "UAGPT3": 4.149881e-05, "UAGPT2": 8.357843e-04, "RIBabc": 0, "MI1PS": 6.839727e-04, "RBK_L1": 0, "MI1PP": 6.839727e-04, "MHPGLUT": 0, "UAGPT1": 8.357843e-04, "UAGDP": 3.656693e-03, "RBK_Dr": -9.845234e-04, "UAGCVT": 1.871739e-03, "UAAGLS2": 8.357843e-04, "MGt5": 0, "RBK": 0, "METabc": 0, "UAAGLS1": 8.357843e-04, "UAAGDS": 4.149881e-05, "TYRt2r": 0, "TYRTA": -1.336548e-03, "METSOXR2": 0, "METSOXR1": 4.646506e-01, "TTDCAt2": 0, "METS": 4.991431e-03, "RBFSb": 0, "METOX2s": 0, "METOX1s": 4.646506e-01, "TSULabc": 0, "TRPt2r": 0, "TRPTA": 0, "METAT": 3.523022e-03, "RBFSa": 0, "MEPCT": 2.180581e-03, "MEOHt2": 0, "TRPS3": 0, "TRPS2": 0, "IPPMIa": -8.615674e-03, "TRPS1": 8.469797e-04, "TRIATS": 0, "TREabc": 0, "MECDPS": 2.180581e-03, "MECDPDH": 2.180581e-03, "ME1": 0, "MDH": 1.075660e+00, "TRESULT": 3.203321e-04, "TRE6PS": 1.587561e-03, "TRE6PP": 1.314367e-03, "MDFDH": 0, "IPMD": 8.615674e-03, "MCOATA": 2.496048e-02, "MCD": 0, "TRDR": 4.679064e-01, "TPI": 1.932544e+00, "TMPPP": 0, "TMPK": 0, "TMN": 0, "TMHAS6": 0, "MCBTS3": 6.304788e-05, "MCBTS2": 0, "MCBTS": 5.900743e-05, "MANAT3": 5.362016e-05, "MANAT2": 2.234033e-04, "TMHAS5": 0, "MANAT1": 7.075000e-05, "TMHAS4": 4.617058e-05, "IPDPS": 0, "TMHAS3": 4.646520e-05, "TMHAS2": 4.629684e-05, "MAN6PI": -6.695702e-03, "MAN1PT2": 2.694603e-03, "MAN1PT": 0, "MALt2r": 0, "TMHAS1": 4.654937e-05, "IPDDI": -1.982347e-03, "TMDS": 1.537476e-04, "TMDPP": 0, "TMDK1": 0, "BIOMASS_Mtb_9_60atp": 4.208804e-02, "YUMPS": 0, "TKT2": -1.644519e-02, "XYLabc": 0, "INSK": 0, "TKT1": -1.178259e-02, "INSH": 9.142785e-04, "MALTabc": 0, "XYLK": 0, "MALTHPabc": 0, "INDPYRD": 0, "MALT": 0, "XPPT": 0, "VALt2r": 0, "VALTA": -8.662855e-03, "URIK2": 0, "URIDK2r": -1.537476e-04, "UMPK_copy1": 999999, "UREA": 0, "MALS": 0, "L_LACt3": 0, "L_LACt2r": -5.568821e-01, "UPPRT": 0, "IMPD": 1.053506e-02, "UPPDC2": 0, "UPPDC1": 0, "UPP3S": 0, "UPP3MT": 0, "L_LACD3": 0, "L_LACD2": 0, "L_LACD": 0, "LYSt5r": 0, "LPLIPAL2E180": 0, "UMPK_copy2": -9.999990e+05, "UGMDDS2": 4.112002e-05, "LPLIPAL2E160": 0, "IMPC": -1.824285e-02, "LO": 0, "UGMDDS": 4.149881e-05, "LEUt2r": 0, "UGMAS": 4.112002e-05, "ILEt2r": 0, "UGMAGS": 4.112002e-05, "UGLDDS2": 8.357843e-04, "LEUTA": -8.615674e-03, "LDH_L": -5.568821e-01, "UGLDDS1": 8.357843e-04, "LCTSabc": 0, "ILETA": -3.692426e-03, "UGGPT3": 4.112002e-05, "LACZ": 0, "Kt3r": 999999, "Kabc": 0, "UGAGDS": 4.112002e-05, "UDPGD": 0, "KARA2": 3.692426e-03, "IGPS": 8.469797e-04, "KARA1": -1.727853e-02, "GLYCTO1": 0, "IGPDH": 1.709490e-03, "IGAMD": 0, "IG3PS": 1.709490e-03, "GLYCL": 0, "IPPS": 8.615674e-03, "ID3ACALDt": 0, "IPPMIb": -8.615674e-03, "GLYCK": 0, "ICL": 1.062125e+00, "GLYC3Pabc": 0, "GLYBabc": 0, "ICHORS": 0, "ICDHyr": 0, "GLXO1": 0, "IACGAMS": 0, "HXPRT": 0, "HSTPT": 1.709490e-03, "GLUt2r": 1, "EX_lys__L_e": 0, "HSST": 1.093170e-02, "EX_leu__L_e": 0, "GLUTRR": 0, "GLUSy": 0, "GLUR": -1.754187e-03, "HSK": 0, "GLUPRT": 1.653336e-02, "GLUDxi": -1.368224e+00, "HSERTA": 0, "GLUDC": 0, "GLUCYS": 0, "GLU5K": 9.869434e-01, "GLNSP3": 0, "EX_lcts_e": 0, "EX_lac__L_e": 5.568821e-01, "EX_k_e": 0, "EX_ile__L_e": 0, "GLNSP2": 0, "GLNSP1": 0, "HSDy": 9.999990e+05, "GLNS": 8.567732e-02, "GLGC": 0, "EX_id3acald_e": 0, "HSDxi": 999999, "EX_his__L_e": 0, "GLCabc": 1, "GLCS1": 0, "GLCP": 0, "HPPK2": 0, "EX_hdca_e": 0, "HPPK": 0, "EX_h_e": 1.635066e+00, "GK1": 2.802643e-04, "GHMT2r": 3.066686e-02, "EX_h2s_e": 0, "EX_h2o_e": 1.980779e+00, "GGLUCT2": 0, "HOPNTAL": 0, "GFUCS": 4.983224e-05, "GF6PTA": 1.334456e-02, "GCCc": 0, "EX_h2co3_e": 1.358317e+00, "EX_h2_e": 1.378461e+00, "GCCb": 0, "HMPK4": 0, "GCCa": 0, "GCC2": 0, "GARFT": 1.653336e-02, "GAPD": 2.852383e+00, "GALt2": 0, "EX_gthrd_e": 0, "EX_glyc_e": -1, "EX_glyc3p_e": 0, "EX_glyb_e": 0,