{"THDPS": 1.028916e-03, "NADTRHD_copy1": 0, "TDPGDH": 1.445129e-02, "TDPDRR": 1.445129e-02, "TDPDRE": 1.445129e-02, "TDMS4": 1.312159e-05, "TDMS3": 2.611245e-05, "TDMS2": 2.618376e-05, "TDMS1": 3.934101e-05, "RBFK": 0, "TATSO": 1.351382e-05, "TATS": 1.397735e-05, "THZSN": 0, "R05224": 0, "TAS": 1.042596e-04, "R05219": 0, "TARTRt7": 0, "R05217": 0, "TARTD": 0, "QULNS": 0, "TALA": 0, "THZPSN": 0, "SULabc": 7.666149e-04, "QRr": 0, "SULR": 6.761543e-04, "PYRt2": 0, "CYANST_copy1": 0, "SUCOAS": 0, "SUCD1": 0, "THRt2r": 0, "SUCCt2r": 0, "THRS": 0, "SUCBZS": 0, "THRD_L": -1.629669e-03, "PYRDC": 0, "PYK": 8.817032e-01, "PYDXO": 0, "PYDXNO": 0, "PYAM5PO": 0, "PUNP7": 0, "THMDP": 0, "THFGLUS": 0, "SUCBZL": 0, "PUNP6": 0, "PUNP5": 0, "PUNP4": 0, "PUNP3": 0, "PUNP2": 0, "PMANM": -7.609455e-04, "PUNP1": 0, "SSALy": 9.946723e-01, "PLIPA1E180": 0, "PTPATi": 0, "SSALx": 0, "PTAr": -3.781950e-01, "PLIPA1E160": 0, "PLCD": 0, "PSSA180": 0, "SPODM": 0, "PIt": -1.317245e-02, "PSSA160": 4.826702e-05, "SPMS": 0, "PSP_L": 1.134596e-02, "SOTA": 0, "PSERT": 1.134596e-02, "PIabc": 0, "SKMt2": 0, "PHYCBOXL": 0, "PHTO": 0, "PSD180": 0, "PSD160": 4.826702e-05, "PSCVT": 1.129877e-02, "PRPPS": 1.102075e-02, "PROt2r": 0, "PHTHS2": 7.224424e-03, "PHTHS": 3.244742e-06, "PHTHDLS2": 7.224424e-03, "SHSL4r": 2.672396e-03, "PHTHDLS": 3.244742e-06, "PHTHCLS": 0, "PROabc": 0, "PHTHCLR2": -9.999971e+05, "PROD2": 1.947745e+00, "PHTHCLR1": 9.999971e+05, "SHSL1": 4.146733e-04, "PRMICI": 4.827534e-04, "SHKK": 1.129877e-02, "PRFGS": 4.668958e-03, "PREPTTA": 0, "PHEt2r": 0, "PHETA1": -5.717164e-04, "SHK3Dr": 1.129877e-02, "PHDCAt": 0, "PREPTHS2": 7.224424e-03, "PREPTHS": 3.244742e-06, "PREPPACPH": 7.224424e-03, "PHDCATA": -7.669715e-05, "PREPHACPH": 3.244742e-06, "SHCHF3": 0, "PRDX": 0, "PGSA190": 6.905477e-05, "PRATPP": 4.827534e-04, "SHCHF2": 0, "PGSA160190": 2.121324e-04, "SHCHF": 0, "PGSA160": 7.710125e-05, "PRASCSi": 4.668958e-03, "PRAMPC": 4.827534e-04, "PGPPT3": 1.161214e-05, "PGPP190": 6.905477e-05, "PGPP160190": 2.121324e-04, "PGPP160": 7.710125e-05, "PRAIi": 2.391838e-04, "PRAIS": 4.668958e-03, "PRAGSr": 4.668958e-03, "PPTGS_TB2": 2.240417e-04, "PPTGS_TB1": 2.240417e-04, "PGMT": -1.581959e-02, "SHCHD3": 0, "PGM": -9.048293e-01, "PGLYCP": 0, "PGLS": 1.407243e-05, "PPTGS": 0, "PPPGO": 0, "PPNDH": 5.717164e-04, "PPND": 3.152285e-03, "PGL": 0, "PGK": -9.161753e-01, "PPNCL3": 0, "SHCHD2": 0, "PPNCL2": 0, "PGI": -1.840021e-02, "SHCHCS2": 0, "PGCD": 1.134596e-02, "PGAMT": -3.768453e-03, "PPNCL": 0, "PPK2": 0, "PFL": 9.820670e-03, "PFK": 0, "SHCHCS": 0, "PERD": 0, "G6PP": 1.939143e-03, "PEPCK_re": 0, "PPDK": 0, "SGSAD": 0, "PPDIMAT": 0, "PEAMNO": 0, "PPDIMAS": 7.224424e-03, "PPCSCT": 9.536527e-01, "PPCOAC": 0, "PPCK": 0, "PDX5POi": 0, "PDIMAT": 0, "PDIMAS": 3.244742e-06, "SGDS": 0, "PDHcr_copy1": 0, "PDHcr_copy2": 0, "PPCDC": 0, "PPBNGS": 0, "PPAtr": -9.536527e-01, "SERt2r": 0, "PPA": 5.287455e-02, "SERD_L": 0, "PNTK": 0, "PNCDC": 0, "PDHbr": 0, "PDHa": 0, "PMPK": 0, "SERD_D": 0, "PMDPHT": 0, "PDH": 0, "PDE4": 0, "PDE1": 0, "PC8XM": 0, "SERAT": 6.761543e-04, "PC6YM": 0, "SELCYSLY": 0, "PC6AR": 0, "EX_mal__L_e": 0, "PC20M": 0, "SDPTA": -1.028916e-03, "PC17M": 0, "SDPDS": 1.028916e-03, "PC11M": 0, "MPML": 0, "MOTS": 0, "MOTH": 0, "PC": 0, "PATS": 1.486876e-05, "PAPSR": 6.761543e-04, "PAPPT3": 1.171911e-05, "SALCS": 3.446796e-05, "PAPPT2": 2.360223e-04, "SADT2": 0, "PAPPT1": 2.360223e-04, "MOHMT": 0, "PAPA160": 0, "SADT": 7.666149e-04, "PANTS": 0, "PACt2r": 0, "MNDNS2": 0, "MNDNS1": 0, "MN6PP": 1.129895e-03, "P5CRx": 0, "SADH": 0, "P5CR": 1.949385e+00, "P5CD": 0, "MMSAD3": 0, "RZ5PP": 0, "OXGDC2": 0, "RRPPDIMAS": 7.221298e-03, "RPPDIMAS": 7.221298e-03, "MTHFD": 0, "RPI": -1.102075e-02, "MTHFC": 0, "MTAN": 0, "RPE": -1.129877e-02, "MSHS": 0, "MSHOXH": 0, "RNTR4": 0, "MSHAMID": 0, "MMSAD2": 0, "RNDR4": 4.341774e-05, "MMSAD1": 0, "UDPGALM": 2.606491e-04, "UDPG4E": 9.199854e-04, "UDPDPS2": 0, "RNDR3": 7.919310e-05, "UDPDPS": 0, "UDCPDPS": 5.598072e-05, "MMM2": 1.028748e+00, "UDCPDP": 5.040642e-04, "RNDR2": 7.914556e-05, "UAPGR": 5.285721e-04, "UAMRH": 1.161214e-05, "MME": 1.028748e+00, "MMCD": 9.536527e-01, "UAMAS": 4.837637e-04, "MI4PP": 0, "RNDR1": 4.150417e-05, "MI3PP": 0, "UAMAGS": 4.837637e-04, "UAGPT3": 1.171911e-05, "UAGPT2": 2.360223e-04, "RIBabc": 0, "MI1PS": 1.931513e-04, "RBK_L1": 0, "MI1PP": 1.931513e-04, "MHPGLUT": 0, "UAGPT1": 2.360223e-04, "UAGDP": 1.032636e-03, "RBK_Dr": -2.780257e-04, "UAGCVT": 5.285721e-04, "UAAGLS2": 2.360223e-04, "MGt5": 0, "RBK": 0, "METabc": 0, "UAAGLS1": 2.360223e-04, "UAAGDS": 1.171911e-05, "TYRt2r": -2.774849e-03, "TYRTA": -3.152285e-03, "METSOXR2": 0, "METSOXR1": 0, "TTDCAt2": 0, "METS": 8.616787e-03, "RBFSb": 0, "METOX2s": 0, "METOX1s": 0, "TSULabc": 0, "TRPt2r": 0, "TRPTA": 0, "METAT": 8.202114e-03, "RBFSa": 0, "MEPCT": 6.157879e-04, "MEOHt2": 0, "TRPS3": 0, "TRPS2": 0, "IPPMIa": -2.433034e-03, "TRPS1": 2.391838e-04, "TRIATS": 0, "TREabc": 0, "MECDPS": 6.157879e-04, "MECDPDH": 6.157879e-04, "ME1": 0, "MDH": 0, "TRESULT": 9.046056e-05, "TRE6PS": 4.483211e-04, "TRE6PP": 3.711724e-04, "MDFDH": 0, "IPMD": 2.433034e-03, "MCOATA": 6.470655e-02, "MCD": 0, "TRDR": 9.194149e-04, "TPI": 9.632090e-01, "TMPPP": 0, "TMPK": 0, "TMN": 0, "TMHAS6": 0, "MCBTS3": 1.780448e-05, "MCBTS2": 0, "MCBTS": 1.666347e-05, "MANAT3": 1.514213e-05, "MANAT2": 6.308825e-05, "TMHAS5": 0, "MANAT1": 1.997953e-05, "TMHAS4": 1.303840e-05, "IPDPS": 5.598072e-04, "TMHAS3": 1.312159e-05, "TMHAS2": 1.307405e-05, "MAN6PI": -1.890841e-03, "MAN1PT2": 7.609455e-04, "MAN1PT": 0, "MALt2r": 0, "TMHAS1": 1.314537e-05, "IPDDI": 0, "TMDS": 4.341774e-05, "TMDPP": 0, "TMDK1": 0, "BIOMASS_Mtb_9_60atp": 1.188550e-02, "YUMPS": 0, "TKT2": -1.129877e-02, "XYLabc": 0, "INSK": 2.697244e-02, "TKT1": 0, "INSH": 2.581888e-04, "MALTabc": 0, "XYLK": 0, "MALTHPabc": 0, "INDPYRD": 0, "MALT": 0, "XPPT": 0, "VALt2r": -1.950301e-01, "VALTA": -1.974765e-01, "URIK2": 0, "URIDK2r": -4.341774e-05, "UMPK_copy1": 3.642550e-03, "UREA": 0, "MALS": 0, "L_LACt3": 0, "L_LACt2r": 0, "UPPRT": 0, "IMPD": 2.975060e-03, "UPPDC2": 0, "UPPDC1": 0, "UPP3S": 0, "UPP3MT": 0, "L_LACD3": 0, "L_LACD2": 0, "L_LACD": 0, "LYSt5r": 0, "LPLIPAL2E180": 0, "UMPK_copy2": 0, "UGMDDS2": 1.161214e-05, "LPLIPAL2E160": 0, "IMPC": -5.151712e-03, "LO": 0, "UGMDDS": 1.171911e-05, "LEUt2r": 0, "UGMAS": 1.161214e-05, "ILEt2r": 0, "UGMAGS": 1.161214e-05, "UGLDDS2": 2.360223e-04, "LEUTA": -2.433034e-03, "LDH_L": 0, "UGLDDS1": 2.360223e-04, "LCTSabc": 0, "ILETA": -1.042727e-03, "UGGPT3": 1.161214e-05, "LACZ": 0, "Kt3r": 0, "Kabc": 0, "UGAGDS": 1.161214e-05, "UDPGD": 0, "KARA2": 1.042727e-03, "IGPS": 2.391838e-04, "KARA1": -1.999095e-01, "GLYCTO1": 0, "IGPDH": 4.827534e-04, "IGAMD": 0, "IG3PS": 4.827534e-04, "GLYCL": 0, "IPPS": 2.433034e-03, "ID3ACALDt": 0, "IPPMIb": -2.433034e-03, "GLYCK": 0, "ICL": 0, "GLYC3Pabc": 0, "GLYBabc": 0, "ICHORS": 0, "ICDHyr": 0, "GLXO1": 0, "IACGAMS": 0, "HXPRT": 2.581888e-04, "HSTPT": 4.827534e-04, "GLUt2r": 1, "EX_lys__L_e": 0, "HSST": 3.087069e-03, "EX_leu__L_e": 0, "GLUTRR": 0, "GLUSy": 0, "GLUR": -4.953759e-04, "HSK": 0, "GLUPRT": 4.668958e-03, "GLUDxi": 0, "HSERTA": 0, "GLUDC": 0, "GLUCYS": 0, "GLU5K": 0, "GLNSP3": 0, "EX_lcts_e": 0, "EX_lac__L_e": 0, "EX_k_e": 0, "EX_ile__L_e": 0, "GLNSP2": 0, "GLNSP1": 0, "HSDy": 9.999990e+05, "GLNS": 2.419495e-02, "GLGC": 0, "EX_id3acald_e": 0, "HSDxi": 999999, "EX_his__L_e": 0, "GLCabc": 0, "GLCS1": 0, "GLCP": 0, "HPPK2": 0, "EX_hdca_e": 0, "HPPK": 0, "EX_h_e": -6.833872e-01, "GK1": 7.914556e-05, "GHMT2r": 8.660205e-03, "EX_h2s_e": 0, "EX_h2o_e": -1.924514e-01, "GGLUCT2": 0, "HOPNTAL": 0, "GFUCS": 1.407243e-05, "GF6PTA": 3.768453e-03, "GCCc": 0, "EX_h2co3_e": 2.219145e+00, "EX_h2_e": 0, "GCCb": 0, "HMPK4": 0, "GCCa": 0, "GCC2": 0, "GARFT": 4.668958e-03, "GAPD": 9.161753e-01, "GALt2": 0, "EX_gthrd_e": 0, "EX_glyc_e": -1, "EX_glyc3p_e": 0, "EX_glyb_e": 0, "EX_gly_e": 0, "EX_glu__L_e": -1, "GALUi": 1.368307e-03, "GALT": -6.593364e-04, "GALKr": -6.593364e-04, "GALFT": 8.688302e-06, "G6PDH2r": 0,