{"THDPS": 4.953213e-04, "NADTRHD_copy1": 0, "TDPGDH": 1.773153e-05, "TDPDRR": 1.773153e-05, "TDPDRE": 1.773153e-05, "TDMS4": 6.316750e-06, "TDMS3": 1.257056e-05, "TDMS2": 1.260489e-05, "TDMS1": 1.893881e-05, "RBFK": 0, "TATSO": 6.505566e-06, "TATS": 6.728712e-06, "THZSN": 0, "R05224": 0, "TAS": 5.019070e-05, "R05219": 0, "TARTRt7": 0, "R05217": 0, "TARTD": 0, "QULNS": 0, "TALA": -2.847270e-02, "THZPSN": 0, "SULabc": 3.690493e-04, "QRr": 0, "SULR": 3.255014e-04, "PYRt2": 0, "CYANST_copy1": 0, "SUCOAS": 0, "SUCD1": 0, "THRt2r": 0, "SUCCt2r": 0, "THRS": 0, "SUCBZS": 0, "THRD_L": -7.845243e-04, "PYRDC": 0, "PYK": 8.385935e-01, "PYDXO": 0, "PYDXNO": 0, "PYAM5PO": 0, "PUNP7": 0, "THMDP": 0, "THFGLUS": 0, "SUCBZL": 0, "PUNP6": 0, "PUNP5": 0, "PUNP4": 0, "PUNP3": 0, "PUNP2": 0, "PMANM": -3.663200e-04, "PUNP1": 0, "SSALy": 0, "PLIPA1E180": 0, "PTPATi": 0, "SSALx": 0, "PTAr": -3.592204e-02, "PLIPA1E160": 0, "PLCD": 0, "PSSA180": 0, "SPODM": 0, "PIt": -6.378665e-02, "PSSA160": 2.323580e-05, "SPMS": 0, "PSP_L": 5.461958e-03, "SOTA": 0, "PSERT": 5.461958e-03, "PIabc": 0, "SKMt2": 0, "PHYCBOXL": 0, "PHTO": 0, "PSD180": 0, "PSD160": 2.323580e-05, "PSCVT": 6.338607e-04, "PRPPS": 2.847270e-02, "PROt2r": 0, "PHTHS2": 8.279291e-06, "PHTHS": 1.562022e-06, "PHTHDLS2": 8.279291e-06, "SHSL4r": 1.286494e-03, "PHTHDLS": 1.562022e-06, "PHTHCLS": 0, "PROabc": 0, "PHTHCLR2": 5.419702e-01, "PROD2": 0, "PHTHCLR1": -5.419702e-01, "SHSL1": 1.996242e-04, "PRMICI": 1.106077e-02, "SHKK": 6.338607e-04, "PRFGS": 2.247642e-03, "PREPTTA": 0, "PHEt2r": 0, "PHETA1": -2.752249e-04, "SHK3Dr": 6.338607e-04, "PHDCAt": 0, "PREPTHS2": 8.279291e-06, "PREPTHS": 1.562022e-06, "PREPPACPH": 8.279291e-06, "PHDCATA": -3.692209e-05, "PREPHACPH": 1.562022e-06, "SHCHF3": 0, "PRDX": 0, "PGSA190": 3.324304e-05, "PRATPP": 1.106077e-02, "SHCHF2": 0, "PGSA160190": 1.021208e-04, "SHCHF": 0, "PGSA160": 3.711663e-05, "PRASCSi": 2.247642e-03, "PRAMPC": 1.106077e-02, "PGPPT3": 5.590095e-06, "PGPP190": 3.324304e-05, "PGPP160190": 1.021208e-04, "PGPP160": 3.711663e-05, "PRAIi": 1.151434e-04, "PRAIS": 2.247642e-03, "PRAGSr": 2.247642e-03, "PPTGS_TB2": 1.078539e-04, "PPTGS_TB1": 1.078539e-04, "PGMT": -6.764358e-04, "SHCHD3": 0, "PGM": -8.401157e-01, "PGLYCP": 0, "PGLS": 6.774486e-06, "PPTGS": 0, "PPPGO": 0, "PPNDH": 2.752249e-04, "PPND": 1.816981e-04, "PGL": 0, "PGK": -8.455776e-01, "PPNCL3": 0, "SHCHD2": 0, "PPNCL2": 0, "PGI": -1.918747e-03, "SHCHCS2": 0, "PGCD": 5.461958e-03, "PGAMT": -1.814137e-03, "PPNCL": 0, "PPK2": 0, "PFL": 1.208649e-02, "PFK": 0, "SHCHCS": 0, "PERD": 0, "G6PP": 9.335058e-04, "PEPCK_re": 0, "PPDK": 0, "SGSAD": 0, "PPDIMAT": 0, "PEAMNO": 0, "PPDIMAS": 8.279291e-06, "PPCSCT": 1.314729e-02, "PPCOAC": 0, "PPCK": 0, "PDX5POi": 0, "PDIMAT": 0, "PDIMAS": 1.562022e-06, "SGDS": 0, "PDHcr_copy1": 0, "PDHcr_copy2": 0, "PPCDC": 0, "PPBNGS": 0, "PPAtr": -1.314729e-02, "SERt2r": 0, "PPA": 5.791020e-02, "SERD_L": 0, "PNTK": 0, "PNCDC": 0, "PDHbr": 0, "PDHa": 0, "PMPK": 0, "SERD_D": 0, "PMDPHT": 0, "PDH": 0, "PDE4": 0, "PDE1": 0, "PC8XM": 0, "SERAT": 3.255014e-04, "PC6YM": 0, "SELCYSLY": 0, "PC6AR": 0, "EX_mal__L_e": 0, "PC20M": 0, "SDPTA": -4.953213e-04, "PC17M": 0, "SDPDS": 4.953213e-04, "PC11M": 0, "MPML": 0, "MOTS": 0, "MOTH": 0, "PC": 0, "PATS": 7.157839e-06, "PAPSR": 3.255014e-04, "PAPPT3": 5.641590e-06, "SALCS": 1.659291e-05, "PAPPT2": 1.136214e-04, "SADT2": 0, "PAPPT1": 1.136214e-04, "MOHMT": 0, "PAPA160": 0, "SADT": 3.690493e-04, "PANTS": 0, "PACt2r": 0, "MNDNS2": 0, "MNDNS1": 0, "MN6PP": 5.439328e-04, "P5CRx": 7.897883e-04, "SADH": 0, "P5CR": 0, "P5CD": 0, "MMSAD3": 0, "RZ5PP": 0, "OXGDC2": 0, "RRPPDIMAS": 6.774486e-06, "RPPDIMAS": 6.774486e-06, "MTHFD": -9.999990e+05, "RPI": 0, "MTHFC": 3.469567e-03, "MTAN": 0, "RPE": -5.757926e-02, "MSHS": 0, "MSHOXH": 0, "RNTR4": 2.090135e-05, "MSHAMID": 0, "MMSAD2": 0, "RNDR4": 0, "MMSAD1": 0, "UDPGALM": 1.254767e-04, "UDPG4E": 4.428820e-04, "UDPDPS2": 0, "RNDR3": 3.812365e-05, "UDPDPS": 0, "UDCPDPS": 2.694918e-05, "MMM2": 1.460280e-02, "UDCPDP": 2.426570e-04, "RNDR2": 3.810076e-05, "UAPGR": 2.544552e-04, "UAMRH": 5.590095e-06, "MME": 1.460280e-02, "MMCD": 1.314729e-02, "UAMAS": 2.328844e-04, "MI4PP": 0, "RNDR1": 1.998016e-05, "MI3PP": 0, "UAMAGS": 2.328844e-04, "UAGPT3": 5.641590e-06, "UAGPT2": 1.136214e-04, "RIBabc": 0, "MI1PS": 9.298325e-05, "RBK_L1": 0, "MI1PP": 9.298325e-05, "MHPGLUT": 0, "UAGPT1": 1.136214e-04, "UAGDP": 4.971122e-04, "RBK_Dr": -1.338419e-04, "UAGCVT": 2.544552e-04, "UAAGLS2": 1.136214e-04, "MGt5": 0, "RBK": 0, "METabc": 0, "UAAGLS1": 1.136214e-04, "UAAGDS": 5.641590e-06, "TYRt2r": 0, "TYRTA": -1.816981e-04, "METSOXR2": 4.574220e-01, "METSOXR1": 0, "TTDCAt2": 0, "METS": 6.785643e-04, "RBFSb": 0, "METOX2s": 4.574220e-01, "METOX1s": 0, "TSULabc": 0, "TRPt2r": 0, "TRPTA": 0, "METAT": 4.789401e-04, "RBFSa": 0, "MEPCT": 2.964410e-04, "MEOHt2": 0, "TRPS3": 0, "TRPS2": 0, "IPPMIa": -1.171265e-03, "TRPS1": 1.151434e-04, "TRIATS": 0, "TREabc": 0, "MECDPS": 2.964410e-04, "MECDPDH": 2.964410e-04, "ME1": 0, "MDH": 0, "TRESULT": 4.354781e-05, "TRE6PS": 2.158223e-04, "TRE6PP": 1.786828e-04, "MDFDH": 0, "IPMD": 1.171265e-03, "MCOATA": 3.393273e-03, "MCD": 0, "TRDR": 4.578646e-01, "TPI": 9.370879e-01, "TMPPP": 0, "TMPK": 0, "TMN": 0, "TMHAS6": 0, "MCBTS3": 8.571097e-06, "MCBTS2": 0, "MCBTS": 8.021815e-06, "MANAT3": 7.289438e-06, "MANAT2": 3.037075e-05, "TMHAS5": 0, "MANAT1": 9.618167e-06, "TMHAS4": 6.276698e-06, "IPDPS": 2.694918e-04, "TMHAS3": 6.316750e-06, "TMHAS2": 6.293863e-06, "MAN6PI": -9.102528e-04, "MAN1PT2": 3.663200e-04, "MAN1PT": 0, "MALt2r": 0, "TMHAS1": 6.328193e-06, "IPDDI": 0, "TMDS": 2.090135e-05, "TMDPP": 0, "TMDK1": 0, "BIOMASS_Mtb_9_60atp": 5.721694e-03, "YUMPS": 0, "TKT2": -2.910656e-02, "XYLabc": 0, "INSK": 3.546478e-04, "TKT1": -2.847270e-02, "INSH": 1.242924e-04, "MALTabc": 0, "XYLK": 0, "MALTHPabc": 0, "INDPYRD": 0, "MALT": 0, "XPPT": 0, "VALt2r": 0, "VALTA": -1.177679e-03, "URIK2": 0, "URIDK2r": -2.090135e-05, "UMPK_copy1": 1.409246e-02, "UREA": 0, "MALS": 0, "L_LACt3": 0, "L_LACt2r": 0, "UPPRT": 0, "IMPD": 1.432197e-03, "UPPDC2": 0, "UPPDC1": 0, "UPP3S": 0, "UPP3MT": 0, "L_LACD3": 0, "L_LACD2": 0, "L_LACD": 0, "LYSt5r": 0, "LPLIPAL2E180": 0, "UMPK_copy2": 0, "UGMDDS2": 5.590095e-06, "LPLIPAL2E160": 0, "IMPC": -1.330841e-02, "LO": 0, "UGMDDS": 5.641590e-06, "LEUt2r": 0, "UGMAS": 5.590095e-06, "ILEt2r": 0, "UGMAGS": 5.590095e-06, "UGLDDS2": 1.136214e-04, "LEUTA": -1.171265e-03, "LDH_L": 0, "UGLDDS1": 1.136214e-04, "LCTSabc": 0, "ILETA": -5.019699e-04, "UGGPT3": 5.590095e-06, "LACZ": 0, "Kt3r": 0, "Kabc": 0, "UGAGDS": 5.590095e-06, "UDPGD": 0, "KARA2": 5.019699e-04, "IGPS": 1.151434e-04, "KARA1": -2.348944e-03, "GLYCTO1": 0, "IGPDH": 1.106077e-02, "IGAMD": 0, "IG3PS": 1.106077e-02, "GLYCL": 0, "IPPS": 1.171265e-03, "ID3ACALDt": 0, "IPPMIb": -1.171265e-03, "GLYCK": 0, "ICL": 0, "GLYC3Pabc": 0, "GLYBabc": 0, "ICHORS": 0, "ICDHyr": 0, "GLXO1": 0, "IACGAMS": 0, "HXPRT": 1.242924e-04, "HSTPT": 1.106077e-02, "GLUt2r": 2.564784e-03, "EX_lys__L_e": 0, "HSST": 1.486118e-03, "EX_leu__L_e": 0, "GLUTRR": 0, "GLUSy": 0, "GLUR": -2.384745e-04, "HSK": 0, "GLUPRT": 2.247642e-03, "GLUDxi": -1.331505e+00, "HSERTA": 0, "GLUDC": 0, "GLUCYS": 0, "GLU5K": 0, "GLNSP3": 0, "EX_lcts_e": 0, "EX_lac__L_e": 0, "EX_k_e": 0, "EX_ile__L_e": 0, "GLNSP2": 0, "GLNSP1": 0, "HSDy": 9.999990e+05, "GLNS": 3.481477e-02, "GLGC": 0, "EX_id3acald_e": 0, "HSDxi": 999999, "EX_his__L_e": 1.082837e-02, "GLCabc": 0, "GLCS1": 0, "GLCP": 0, "HPPK2": 0, "EX_hdca_e": 0, "HPPK": 0, "EX_h_e": 8.384841e-01, "GK1": 3.810076e-05, "GHMT2r": 4.169032e-03, "EX_h2s_e": 0, "EX_h2o_e": 2.037572e+00, "GGLUCT2": 0, "HOPNTAL": 0, "GFUCS": 6.774486e-06, "GF6PTA": 1.814137e-03, "GCCc": 0, "EX_h2co3_e": 1.707093e-02, "EX_h2_e": 0, "GCCb": 0, "HMPK4": 0, "GCCa": 0, "GCC2": 0, "GARFT": 2.247642e-03, "GAPD": 8.455776e-01, "GALt2": 0, "EX_gthrd_e": 0, "EX_glyc_e": -1, "EX_glyc3p_e": 0, "EX_glyb_e": 0, "EX_gly_e": 0, "EX_glu__L_e": -2.564784e-03, "GALUi": 6.587043e-04, "GALT": -3.174052e-04,