{"THDPS": 2.002714e-03, "NADTRHD_copy1": 9.999987e+05, "TDPGDH": 7.169324e-05, "TDPDRR": 7.169324e-05, "TDPDRE": 7.169324e-05, "TDMS4": 2.554028e-05, "TDMS3": 5.082609e-05, "TDMS2": 5.096490e-05, "TDMS1": 7.657458e-05, "RBFK": 0, "TATSO": 2.630372e-05, "TATS": 2.720595e-05, "THZSN": 0, "R05224": 0, "TAS": 2.029342e-04, "R05219": 0, "TARTRt7": 0, "R05217": 0, "TARTD": 0, "QULNS": 0, "TALA": 0, "THZPSN": 0, "SULabc": 1.492163e-03, "QRr": -999999, "SULR": 1.316088e-03, "PYRt2": -7.173475e-01, "CYANST_copy1": -999999, "SUCOAS": -9.999990e+05, "SUCD1": 0, "THRt2r": 0, "SUCCt2r": 0, "THRS": 0, "SUCBZS": 0, "THRD_L": -3.172038e-03, "PYRDC": 0, "PYK": 0, "PYDXO": 0, "PYDXNO": 0, "PYAM5PO": 0, "PUNP7": 0, "THMDP": 0, "THFGLUS": 0, "SUCBZL": 0, "PUNP6": 0, "PUNP5": -5.025467e-04, "PUNP4": 0, "PUNP3": 0, "PUNP2": 0, "PMANM": -1.481128e-03, "PUNP1": 5.025467e-04, "SSALy": 0, "PLIPA1E180": 0, "PTPATi": 0, "SSALx": 0, "PTAr": -999999, "PLIPA1E160": 0, "PLCD": 0, "PSSA180": 0, "SPODM": 0, "PIt": -2.563928e-02, "PSSA160": 9.394845e-05, "SPMS": 0, "PSP_L": 2.208413e-02, "SOTA": 0, "PSERT": 2.208413e-02, "PIabc": 0, "SKMt2": 0, "PHYCBOXL": 0, "PHTO": 0, "PSD180": 0, "PSD160": 9.394845e-05, "PSCVT": 2.562866e-03, "PRPPS": 2.145113e-02, "PROt2r": 0, "PHTHS2": 3.347535e-05, "PHTHS": 6.315668e-06, "PHTHDLS2": 3.347535e-05, "SHSL4r": -9.999990e+05, "PHTHDLS": 6.315668e-06, "PHTHCLS": 0, "PROabc": 0, "PHTHCLR2": -999999, "PROD2": 0, "PHTHCLR1": 999999, "SHSL1": 999999, "PRMICI": 9.396465e-04, "SHKK": 2.562866e-03, "PRFGS": 9.087807e-03, "PREPTTA": -6.315668e-06, "PHEt2r": 0, "PHETA1": -1.112807e-03, "SHK3Dr": 2.562866e-03, "PHDCAt": 0, "PREPTHS2": 3.347535e-05, "PREPTHS": 6.315668e-06, "PREPPACPH": 3.347535e-05, "PHDCATA": -1.492857e-04, "PREPHACPH": 0, "SHCHF3": 0, "PRDX": 0, "PGSA190": 1.344104e-04, "PRATPP": 9.396465e-04, "SHCHF2": 0, "PGSA160190": 4.129012e-04, "SHCHF": 0, "PGSA160": 1.500723e-04, "PRASCSi": 9.087807e-03, "PRAMPC": 9.396465e-04, "PGPPT3": 2.260223e-05, "PGPP190": 1.344104e-04, "PGPP160190": 4.129012e-04, "PGPP160": 1.500723e-04, "PRAIi": 4.655549e-04, "PRAIS": 9.087807e-03, "PRAGSr": 9.087807e-03, "PPTGS_TB2": 4.360818e-04, "PPTGS_TB1": 4.360818e-04, "PGMT": -2.735008e-03, "SHCHD3": 0, "PGM": -9.718312e-01, "PGLYCP": 0, "PGLS": 2.739103e-05, "PPTGS": 0, "PPPGO": 0, "PPNDH": 1.112807e-03, "PPND": 7.346533e-04, "PGL": 1.942942e-02, "PGK": -9.939153e-01, "PPNCL3": 0, "SHCHD2": 0, "PPNCL2": 0, "PGI": 1.357829e-02, "SHCHCS2": 0, "PGCD": 2.208413e-02, "PGAMT": -7.335035e-03, "PPNCL": 0, "PPK2": 0, "PFL": 5.086889e-03, "PFK": 0, "SHCHCS": 0, "PERD": 0, "G6PP": -3.699131e-02, "PEPCK_re": 9.999980e+05, "PPDK": 0, "SGSAD": 0, "PPDIMAT": 0, "PEAMNO": 0, "PPDIMAS": 3.347535e-05, "PPCSCT": 0, "PPCOAC": 0, "PPCK": -999999, "PDX5POi": 0, "PDIMAT": 0, "PDIMAS": 6.315668e-06, "SGDS": 0, "PDHcr_copy1": -9.999988e+05, "PDHcr_copy2": 999999, "PPCDC": 0, "PPBNGS": 0, "PPAtr": 0, "SERt2r": 0, "PPA": 4.320303e-02, "SERD_L": 0, "PNTK": 0, "PNCDC": 0, "PDHbr": 1.738788e-01, "PDHa": 1.738788e-01, "PMPK": 0, "SERD_D": 0, "PMDPHT": 0, "PDH": 0, "PDE4": 0, "PDE1": 0, "PC8XM": 0, "SERAT": 1.316088e-03, "PC6YM": 0, "SELCYSLY": 0, "PC6AR": 0, "EX_mal__L_e": 0, "PC20M": 0, "SDPTA": -2.002714e-03, "PC17M": 0, "SDPDS": 2.002714e-03, "PC11M": 0, "MPML": 0, "MOTS": 0, "MOTH": 0, "PC": 0, "PATS": 2.894103e-05, "PAPSR": 1.316088e-03, "PAPPT3": 2.281043e-05, "SALCS": 6.708951e-05, "PAPPT2": 4.594012e-04, "SADT2": 0, "PAPPT1": 4.594012e-04, "MOHMT": 0, "PAPA160": 0, "SADT": 1.492163e-03, "PANTS": 0, "PACt2r": 0, "MNDNS2": 0, "MNDNS1": 0, "MN6PP": 2.199264e-03, "P5CRx": 3.193322e-03, "SADH": 0, "P5CR": 0, "P5CD": 0, "MMSAD3": 0, "RZ5PP": 0, "OXGDC2": 0, "RRPPDIMAS": 2.739103e-05, "RPPDIMAS": 2.739103e-05, "MTHFD": -9.999990e+05, "RPI": -2.145113e-02, "MTHFC": 1.402837e-02, "MTAN": 0, "RPE": -2.562866e-03, "MSHS": 0, "MSHOXH": 0, "RNTR4": 8.450965e-05, "MSHAMID": 0, "MMSAD2": 0, "RNDR4": 0, "MMSAD1": 0, "UDPGALM": 5.073355e-04, "UDPG4E": 1.790688e-03, "UDPDPS2": 0, "RNDR3": 1.541439e-04, "UDPDPS": 1.089626e-04, "UDCPDPS": 0, "MMM2": 5.885000e-03, "UDCPDP": 9.811263e-04, "RNDR2": 1.540514e-04, "UAPGR": 1.028829e-03, "UAMRH": 2.260223e-05, "MME": 5.885000e-03, "MMCD": 0, "UAMAS": 9.416129e-04, "MI4PP": 0, "RNDR1": 8.078503e-05, "MI3PP": 0, "UAMAGS": 9.416129e-04, "UAGPT3": 2.281043e-05, "UAGPT2": 4.594012e-04, "RIBabc": 0, "MI1PS": 3.759557e-04, "RBK_L1": 0, "MI1PP": 3.759557e-04, "MHPGLUT": 0, "UAGPT1": 4.594012e-04, "UAGDP": 2.009956e-03, "RBK_Dr": -5.411579e-04, "UAGCVT": 1.028829e-03, "UAAGLS2": 4.594012e-04, "MGt5": 0, "RBK": 0, "METabc": 0, "UAAGLS1": 4.594012e-04, "UAAGDS": 2.281043e-05, "TYRt2r": 0, "TYRTA": -7.346533e-04, "METSOXR2": 0, "METSOXR1": 0, "TTDCAt2": 0, "METS": 2.743614e-03, "RBFSb": 0, "METOX2s": 0, "METOX1s": 0, "TSULabc": 0, "TRPt2r": 0, "TRPTA": 0, "METAT": 1.936481e-03, "RBFSa": 0, "MEPCT": 1.198589e-03, "MEOHt2": 0, "TRPS3": 0, "TRPS2": 0, "IPPMIa": -4.735733e-03, "TRPS1": 4.655549e-04, "TRIATS": 0, "TREabc": 0, "MECDPS": 1.198589e-03, "MECDPDH": 1.198589e-03, "ME1": 9.313005e-01, "MDH": -9.313005e-01, "TRESULT": 1.760753e-04, "TRE6PS": 8.726263e-04, "TRE6PP": 7.224615e-04, "MDFDH": 0, "IPMD": 4.735733e-03, "MCOATA": 1.371990e-02, "MCD": 0, "TRDR": 1.789578e-03, "TPI": 9.972112e-01, "TMPPP": 0, "TMPK": 0, "TMN": 0, "TMHAS6": 0, "MCBTS3": 3.465520e-05, "MCBTS2": 0, "MCBTS": 3.243431e-05, "MANAT3": 2.947312e-05, "MANAT2": 0, "TMHAS5": 0, "MANAT1": 1.616857e-04, "TMHAS4": 2.537834e-05, "IPDPS": 0, "TMHAS3": 2.554028e-05, "TMHAS2": 2.544775e-05, "MAN6PI": -3.680392e-03, "MAN1PT2": 1.481128e-03, "MAN1PT": 0, "MALt2r": 0, "TMHAS1": 2.558655e-05, "IPDDI": -1.089626e-03, "TMDS": 8.450965e-05, "TMDPP": 0, "TMDK1": 0, "BIOMASS_Mtb_9_60atp": 2.313431e-02, "YUMPS": 0, "TKT2": -2.562866e-03, "XYLabc": 0, "INSK": 0, "TKT1": 0, "INSH": 5.025467e-04, "MALTabc": 0, "XYLK": 0, "MALTHPabc": 0, "INDPYRD": 0, "MALT": 0, "XPPT": 0, "VALt2r": 0, "VALTA": -4.761667e-03, "URIK2": 0, "URIDK2r": -8.450965e-05, "UMPK_copy1": 999999, "UREA": 0, "MALS": 0, "L_LACt3": 0, "L_LACt2r": 0, "UPPRT": 0, "IMPD": 5.790750e-03, "UPPDC2": 0, "UPPDC1": 0, "UPP3S": 0, "UPP3MT": 0, "L_LACD3": 0, "L_LACD2": 1.802188e+00, "L_LACD": 0, "LYSt5r": 0, "LPLIPAL2E180": 0, "UMPK_copy2": -9.999990e+05, "UGMDDS2": 2.260223e-05, "LPLIPAL2E160": 0, "IMPC": -1.002745e-02, "LO": 0, "UGMDDS": 2.281043e-05, "LEUt2r": 0, "UGMAS": 2.260223e-05, "ILEt2r": 0, "UGMAGS": 2.260223e-05, "UGLDDS2": 4.594012e-04, "LEUTA": -4.735733e-03, "LDH_L": -1.802188e+00, "UGLDDS1": 4.594012e-04, "LCTSabc": 0, "ILETA": -2.029597e-03, "UGGPT3": 2.260223e-05, "LACZ": 0, "Kt3r": 999999, "Kabc": 0, "UGAGDS": 2.260223e-05, "UDPGD": 0, "KARA2": 2.029597e-03, "IGPS": 4.655549e-04, "KARA1": -9.497400e-03, "GLYCTO1": 0, "IGPDH": 9.396465e-04, "IGAMD": 0, "IG3PS": 9.396465e-04, "GLYCL": 0, "IPPS": 4.735733e-03, "ID3ACALDt": 0, "IPPMIb": -4.735733e-03, "GLYCK": 0, "ICL": 0, "GLYC3Pabc": 0, "GLYBabc": 0, "ICHORS": 0, "ICDHyr": 0, "GLXO1": 0, "IACGAMS": 0, "HXPRT": 0, "HSTPT": 9.396465e-04, "GLUt2r": 1.037010e-02, "EX_lys__L_e": 0, "HSST": 6.008768e-03, "EX_leu__L_e": 0, "GLUTRR": 0, "GLUSy": 0, "GLUR": -9.642151e-04, "HSK": 0, "GLUPRT": 9.087807e-03, "GLUDxi": -8.784701e-02, "HSERTA": 0, "GLUDC": 0, "GLUCYS": 0, "GLU5K": 3.193322e-03, "GLNSP3": 0, "EX_lcts_e": 0, "EX_lac__L_e": 0, "EX_k_e": 0, "EX_ile__L_e": 0, "GLNSP2": 0, "GLNSP1": 0, "HSDy": 9.999990e+05, "GLNS": 4.709381e-02, "GLGC": 0, "EX_id3acald_e": 0, "HSDxi": 999999, "EX_his__L_e": 0, "GLCabc": 4.076572e-02, "GLCS1": 0, "GLCP": 0, "HPPK2": 0, "EX_hdca_e": 0, "HPPK": 0, "EX_h_e": 8.715332e-01, "GK1": 1.540514e-04, "GHMT2r": 1.685649e-02, "EX_h2s_e": 0, "EX_h2o_e": 2.036390e+00, "GGLUCT2": 0, "HOPNTAL": 0, "GFUCS": 2.739103e-05, "GF6PTA": 7.335035e-03, "GCCc": 0, "EX_h2co3_e": 1.747964e-01, "EX_h2_e": 0, "GCCb": 0, "HMPK4": 0, "GCCa": 0, "GCC2": 0, "GARFT": 9.087807e-03, "GAPD": 9.939153e-01, "GALt2": 0, "EX_gthrd_e": 0, "EX_glyc_e": -1, "EX_glyc3p_e": 0, "EX_glyb_e": 0, "EX_gly_e": 0,