{"THDPS": 3.236354e-03, "NADTRHD_copy1": 999999, "TDPGDH": 1.158551e-04, "TDPDRR": 1.158551e-04, "TDPDRE": 1.158551e-04, "TDMS4": 4.127268e-05, "TDMS3": 8.213413e-05, "TDMS2": 8.235843e-05, "TDMS1": 1.237433e-04, "RBFK": 0, "TATSO": 4.250637e-05, "TATS": 4.396438e-05, "THZSN": 0, "R05224": 0, "TAS": 3.279384e-04, "R05219": 0, "TARTRt7": 0, "R05217": 0, "TARTD": 0, "QULNS": 0, "TALA": 0, "THZPSN": 0, "SULabc": 2.411311e-03, "QRr": -999999, "SULR": 2.126777e-03, "PYRt2": 0, "CYANST_copy1": -999999, "SUCOAS": -9.999990e+05, "SUCD1": 0, "THRt2r": 0, "SUCCt2r": 0, "THRS": 0, "SUCBZS": 2.146740e-02, "THRD_L": -5.125962e-03, "PYRDC": 0, "PYK": 2.111621e+00, "PYDXO": 0, "PYDXNO": 0, "PYAM5PO": 0, "PUNP7": 0, "THMDP": 0, "THFGLUS": 0, "SUCBZL": 2.146740e-02, "PUNP6": 0, "PUNP5": -8.121072e-04, "PUNP4": 0, "PUNP3": 0, "PUNP2": 0, "PMANM": -2.393479e-03, "PUNP1": 8.121072e-04, "SSALy": 0, "PLIPA1E180": 0, "PTPATi": 0, "SSALx": 0, "PTAr": -9.999986e+05, "PLIPA1E160": 0, "PLCD": 0, "PSSA180": 0, "SPODM": 0, "PIt": -4.143265e-02, "PSSA160": 1.518192e-04, "SPMS": 0, "PSP_L": 3.568760e-02, "SOTA": 0, "PSERT": 3.568760e-02, "PIabc": 0, "SKMt2": -9.930225e-03, "PHYCBOXL": 0, "PHTO": 0, "PSD180": 0, "PSD160": 1.518192e-04, "PSCVT": 2.560895e-02, "PRPPS": 3.466468e-02, "PROt2r": 0, "PHTHS2": 5.409562e-05, "PHTHS": 1.212419e-03, "PHTHDLS2": 5.409562e-05, "SHSL4r": -9.999990e+05, "PHTHDLS": 1.212419e-03, "PHTHCLS": 0, "PROabc": 0, "PHTHCLR2": -999999, "PROD2": 0, "PHTHCLR1": 999999, "SHSL1": 999999, "PRMICI": 1.518453e-03, "SHKK": 2.560895e-02, "PRFGS": 1.468575e-02, "PREPTTA": 0, "PHEt2r": 0, "PHETA1": -1.798278e-03, "SHK3Dr": 3.553918e-02, "PHDCAt": 0, "PREPTHS2": 5.409562e-05, "PREPTHS": 1.212419e-03, "PREPPACPH": 5.409562e-05, "PHDCATA": -2.412433e-04, "PREPHACPH": 1.212419e-03, "SHCHF3": 0, "PRDX": 0, "PGSA190": 2.172049e-04, "PRATPP": 1.518453e-03, "SHCHF2": 0, "PGSA160190": 6.672416e-04, "SHCHF": 0, "PGSA160": 2.425144e-04, "PRASCSi": 1.468575e-02, "PRAMPC": 1.518453e-03, "PGPPT3": 3.652483e-05, "PGPP190": 2.172049e-04, "PGPP160190": 6.672416e-04, "PGPP160": 2.425144e-04, "PRAIi": 7.523292e-04, "PRAIS": 1.468575e-02, "PRAGSr": 1.468575e-02, "PPTGS_TB2": 7.047011e-04, "PPTGS_TB1": 7.047011e-04, "PGMT": -4.419728e-03, "SHCHD3": 0, "PGM": -2.619589e+00, "PGLYCP": 0, "PGLS": 4.426345e-05, "PPTGS": 0, "PPPGO": 0, "PPNDH": 1.798278e-03, "PPND": 1.187188e-03, "PGL": 0, "PGK": -2.655277e+00, "PPNCL3": 0, "SHCHD2": 0, "PPNCL2": 0, "PGI": 9.874632e-01, "SHCHCS2": 0, "PGCD": 3.568760e-02, "PGAMT": -1.185330e-02, "PPNCL": 0, "PPK2": 0, "PFL": 3.088995e-02, "PFK": 9.341233e-01, "SHCHCS": 2.146740e-02, "PERD": 0, "G6PP": -9.939006e-01, "PEPCK_re": 9.999986e+05, "PPDK": 0, "SGSAD": 0, "PPDIMAT": 0, "PEAMNO": 0, "PPDIMAS": 5.409562e-05, "PPCSCT": 0, "PPCOAC": 0, "PPCK": -999999, "PDX5POi": 0, "PDIMAT": 1.202213e-03, "PDIMAS": 1.212419e-03, "SGDS": 0, "PDHcr_copy1": -9.999983e+05, "PDHcr_copy2": 999999, "PPCDC": 0, "PPBNGS": 0, "PPAtr": 0, "SERt2r": 0, "PPA": 4.586433e-01, "SERD_L": 0, "PNTK": 0, "PNCDC": 0, "PDHbr": 6.863926e-01, "PDHa": 6.863926e-01, "PMPK": 0, "SERD_D": 0, "PMDPHT": 0, "PDH": 0, "PDE4": 0, "PDE1": 0, "PC8XM": 0, "SERAT": 2.126777e-03, "PC6YM": 0, "SELCYSLY": 0, "PC6AR": 0, "EX_mal__L_e": 0, "PC20M": 0, "SDPTA": -3.236354e-03, "PC17M": 0, "SDPDS": 3.236354e-03, "PC11M": 0, "MPML": 0, "MOTS": 0, "MOTH": 0, "PC": 0, "PATS": 4.676823e-05, "PAPSR": 2.126777e-03, "PAPPT3": 3.686129e-05, "SALCS": 1.084156e-04, "PAPPT2": 7.423848e-04, "SADT2": 0, "PAPPT1": 7.423848e-04, "MOHMT": 0, "PAPA160": 0, "SADT": 2.411311e-03, "PANTS": 0, "PACt2r": 0, "MNDNS2": 0, "MNDNS1": 0, "MN6PP": 3.553974e-03, "P5CRx": 5.160356e-03, "SADH": 0, "P5CR": 0, "P5CD": 0, "MMSAD3": 0, "RZ5PP": 0, "OXGDC2": 0, "RRPPDIMAS": 4.426345e-05, "RPPDIMAS": 4.426345e-05, "MTHFD": 0, "RPI": -3.466468e-02, "MTHFC": 0, "MTAN": 0, "RPE": -3.553918e-02, "MSHS": 0, "MSHOXH": 0, "RNTR4": 1.365662e-04, "MSHAMID": 0, "MMSAD2": 0, "RNDR4": 0, "MMSAD1": 0, "UDPGALM": 8.198459e-04, "UDPG4E": 2.893723e-03, "UDPDPS2": 0, "RNDR3": 2.490941e-04, "UDPDPS": 1.760818e-04, "UDCPDPS": 0, "MMM2": 2.153219e-02, "UDCPDP": 1.585484e-03, "RNDR2": 2.489445e-04, "UAPGR": 1.662571e-03, "UAMRH": 3.652483e-05, "MME": 2.153219e-02, "MMCD": 0, "UAMAS": 1.521631e-03, "MI4PP": 0, "RNDR1": 1.305473e-04, "MI3PP": 0, "UAMAGS": 1.521631e-03, "UAGPT3": 3.686129e-05, "UAGPT2": 7.423848e-04, "RIBabc": 0, "MI1PS": 6.075383e-04, "RBK_L1": 0, "MI1PP": 6.075383e-04, "MHPGLUT": 0, "UAGPT1": 7.423848e-04, "UAGDP": 3.248055e-03, "RBK_Dr": -8.745023e-04, "UAGCVT": 1.662571e-03, "UAAGLS2": 7.423848e-04, "MGt5": 0, "RBK": 0, "METabc": 0, "UAAGLS1": 7.423848e-04, "UAAGDS": 3.686129e-05, "TYRt2r": 0, "TYRTA": -1.187188e-03, "METSOXR2": 0, "METSOXR1": 0, "TTDCAt2": 0, "METS": 2.710325e-02, "RBFSb": 0, "METOX2s": 0, "METOX1s": 0, "TSULabc": 0, "TRPt2r": 0, "TRPTA": 0, "METAT": 2.579894e-02, "RBFSa": 0, "MEPCT": 1.736761e-01, "MEOHt2": 0, "TRPS3": 7.523292e-04, "TRPS2": 7.523292e-04, "IPPMIa": -7.652867e-03, "TRPS1": 0, "TRIATS": 0, "TREabc": 0, "MECDPS": 1.736761e-01, "MECDPDH": 1.736761e-01, "ME1": 0, "MDH": 0, "TRESULT": 2.845347e-04, "TRE6PS": 1.410150e-03, "TRE6PP": 1.167486e-03, "MDFDH": 0, "IPMD": 7.652867e-03, "MCOATA": 2.217113e-02, "MCD": 0, "TRDR": 2.891929e-03, "TPI": 1.929617e+00, "TMPPP": 0, "TMPK": 0, "TMN": 0, "TMHAS6": 0, "MCBTS3": 5.600224e-05, "MCBTS2": 0, "MCBTS": 5.241331e-05, "MANAT3": 4.762807e-05, "MANAT2": 1.984378e-04, "TMHAS5": 0, "MANAT1": 6.284364e-05, "TMHAS4": 4.101099e-05, "IPDPS": 0, "TMHAS3": 4.127268e-05, "TMHAS2": 4.112314e-05, "MAN6PI": -5.947453e-03, "MAN1PT2": 2.393479e-03, "MAN1PT": 0, "MALt2r": 0, "TMHAS1": 4.134745e-05, "IPDDI": -1.520326e-01, "TMDS": 1.365662e-04, "TMDPP": 0, "TMDK1": 0, "BIOMASS_Mtb_9_60atp": 3.738467e-02, "YUMPS": 0, "TKT2": -3.553918e-02, "XYLabc": 0, "INSK": 0, "TKT1": 0, "INSH": 8.121072e-04, "MALTabc": 0, "XYLK": 0, "MALTHPabc": 0, "INDPYRD": 0, "MALT": 0, "XPPT": 0, "VALt2r": 0, "VALTA": -7.694775e-03, "URIK2": 0, "URIDK2r": -1.365662e-04, "UMPK_copy1": 999999, "UREA": 0, "MALS": 0, "L_LACt3": 0, "L_LACt2r": -1.187528e+00, "UPPRT": 0, "IMPD": 9.357757e-03, "UPPDC2": 0, "UPPDC1": 0, "UPP3S": 0, "UPP3MT": 0, "L_LACD3": 6.740419e-03, "L_LACD2": 1.997666e+00, "L_LACD": 0, "LYSt5r": 0, "LPLIPAL2E180": 0, "UMPK_copy2": -9.999990e+05, "UGMDDS2": 3.652483e-05, "LPLIPAL2E160": 0, "IMPC": -1.620420e-02, "LO": 0, "UGMDDS": 3.686129e-05, "LEUt2r": 0, "UGMAS": 3.652483e-05, "ILEt2r": 0, "UGMAGS": 3.652483e-05, "UGLDDS2": 7.423848e-04, "LEUTA": -7.652867e-03, "LDH_L": -3.191934e+00, "UGLDDS1": 7.423848e-04, "LCTSabc": 0, "ILETA": -3.279795e-03, "UGGPT3": 3.652483e-05, "LACZ": 0, "Kt3r": -999999, "Kabc": 0, "UGAGDS": 3.652483e-05, "UDPGD": 0, "KARA2": 3.279795e-03, "IGPS": 7.523292e-04, "KARA1": -1.534764e-02, "GLYCTO1": 0, "IGPDH": 1.518453e-03, "IGAMD": 0, "IG3PS": 1.518453e-03, "GLYCL": 0, "IPPS": 7.652867e-03, "ID3ACALDt": 0, "IPPMIb": -7.652867e-03, "GLYCK": 0, "ICL": 0, "GLYC3Pabc": 0, "GLYBabc": 0, "ICHORS": 2.146740e-02, "ICDHyr": 3.896062e-01, "GLXO1": 0, "IACGAMS": 0, "HXPRT": 0, "HSTPT": 1.518453e-03, "GLUt2r": -3.513809e-01, "EX_lys__L_e": 0, "HSST": 9.710071e-03, "EX_leu__L_e": 0, "GLUTRR": 0, "GLUSy": 0, "GLUR": -1.558156e-03, "HSK": 0, "GLUPRT": 1.468575e-02, "GLUDxi": -5.100981e-01, "HSERTA": 0, "GLUDC": 0, "GLUCYS": 0, "GLU5K": 5.160356e-03, "GLNSP3": 0, "EX_lcts_e": 0, "EX_lac__L_e": 1.187528e+00, "EX_k_e": 0, "EX_ile__L_e": 0, "GLNSP2": 0, "GLNSP1": 0, "HSDy": 9.999990e+05, "GLNS": 7.610282e-02, "GLGC": 0, "EX_id3acald_e": 0, "HSDxi": 999999, "EX_his__L_e": 0, "GLCabc": 1, "GLCS1": 0, "GLCP": 0, "HPPK2": 0, "EX_hdca_e": 0, "HPPK": 0, "EX_h_e": 1.815374e+00, "GK1": 2.489445e-04, "GHMT2r": 2.723982e-02, "EX_h2s_e": 0, "EX_h2o_e": 2.721146e+00, "GGLUCT2": 0, "HOPNTAL": 0, "GFUCS": 4.426345e-05, "GF6PTA": 1.185330e-02, "GCCc": 0, "EX_h2co3_e": 8.819718e-01, "EX_h2_e": 0, "GCCb": 0, "HMPK4": 0, "GCCa": 0, "GCC2": 0, "GARFT": 1.468575e-02, "GAPD": 2.655277e+00, "GALt2": 0, "EX_gthrd_e": 0,