{"THDPS": 2.027420e-03, "NADTRHD_copy1": 9.999979e+05, "TDPGDH": 7.257767e-05, "TDPDRR": 7.257767e-05, "TDPDRE": 7.257767e-05, "TDMS4": 2.585535e-05, "TDMS3": 5.145309e-05, "TDMS2": 5.159361e-05, "TDMS1": 7.751922e-05, "RBFK": 0, "TATSO": 2.662820e-05, "TATS": 2.754157e-05, "THZSN": 0, "R05224": 0, "TAS": 2.054377e-04, "R05219": 0, "TARTRt7": 0, "R05217": 0, "TARTD": 0, "QULNS": 0, "TALA": 1.447380e-01, "THZPSN": 0, "SULabc": 1.510571e-03, "QRr": -9.999971e+05, "SULR": 1.332324e-03, "PYRt2": 0, "CYANST_copy1": -999999, "SUCOAS": 1.400000e-02, "SUCD1": 0, "THRt2r": 0, "SUCCt2r": 0, "THRS": 0, "SUCBZS": 0, "THRD_L": -3.211169e-03, "PYRDC": 0, "PYK": 1.109991e+00, "PYDXO": 0, "PYDXNO": 0, "PYAM5PO": 0, "PUNP7": 0, "THMDP": 0, "THFGLUS": 0, "SUCBZL": 0, "PUNP6": 0, "PUNP5": -5.087463e-04, "PUNP4": 0, "PUNP3": 0, "PUNP2": 0, "PMANM": -1.499400e-03, "PUNP1": 5.087463e-04, "SSALy": 1.425871e-01, "PLIPA1E180": 0, "PTPATi": 0, "SSALx": 0, "PTAr": -1.773561e-01, "PLIPA1E160": 0, "PLCD": 0, "PSSA180": 0, "SPODM": 0, "PIt": -2.595557e-02, "PSSA160": 9.510742e-05, "SPMS": 0, "PSP_L": 2.235657e-02, "SOTA": 0, "PSERT": 2.235657e-02, "PIabc": 0, "SKMt2": 0, "PHYCBOXL": 0, "PHTO": 0, "PSD180": 0, "PSD160": 9.510742e-05, "PSCVT": 2.594482e-03, "PRPPS": 2.171576e-02, "PROt2r": 0, "PHTHS2": 3.388831e-05, "PHTHS": 6.393580e-06, "PHTHDLS2": 3.388831e-05, "SHSL4r": 5.265804e-03, "PHTHDLS": 6.393580e-06, "PHTHCLS": 0, "PROabc": 0, "PHTHCLR2": -999999, "PROD2": 0, "PHTHCLR1": 999999, "SHSL1": 8.170901e-04, "PRMICI": 9.512382e-04, "SHKK": 2.594482e-03, "PRFGS": 9.199916e-03, "PREPTTA": -6.393580e-06, "PHEt2r": 0, "PHETA1": -1.126535e-03, "SHK3Dr": 2.594482e-03, "PHDCAt": 0, "PREPTHS2": 3.388831e-05, "PREPTHS": 6.393580e-06, "PREPPACPH": 3.388831e-05, "PHDCATA": -1.511274e-04, "PREPHACPH": 0, "SHCHF3": 0, "PRDX": 0, "PGSA190": 1.360685e-04, "PRATPP": 9.512382e-04, "SHCHF2": 0, "PGSA160190": 4.179949e-04, "SHCHF": 0, "PGSA160": 1.519236e-04, "PRASCSi": 9.199916e-03, "PRAMPC": 9.512382e-04, "PGPPT3": 2.288105e-05, "PGPP190": 1.360685e-04, "PGPP160190": 4.179949e-04, "PGPP160": 1.519236e-04, "PRAIi": 4.712981e-04, "PRAIS": 9.199916e-03, "PRAGSr": 9.199916e-03, "PPTGS_TB2": 4.414614e-04, "PPTGS_TB1": 4.414614e-04, "PGMT": -2.768748e-03, "SHCHD3": 0, "PGM": -1.116222e+00, "PGLYCP": 0, "PGLS": 2.772893e-05, "PPTGS": 0, "PPPGO": 0, "PPNDH": 1.126535e-03, "PPND": 7.437162e-04, "PGL": 4.538831e-01, "PGK": -1.138578e+00, "PPNCL3": 0, "SHCHD2": 0, "PPNCL2": 0, "PGI": -2.757302e-01, "SHCHCS2": 0, "PGCD": 2.235657e-02, "PGAMT": -7.425522e-03, "PPNCL": 0, "PPK2": 0, "PFL": 5.149642e-03, "PFK": 0, "SHCHCS": 0, "PERD": 0, "G6PP": -1.821856e-01, "PEPCK_re": 0, "PPDK": 0, "SGSAD": 0, "PPDIMAT": 0, "PEAMNO": 0, "PPDIMAS": 3.388831e-05, "PPCSCT": 0, "PPCOAC": 0, "PPCK": 0, "PDX5POi": 0, "PDIMAT": 0, "PDIMAS": 6.393580e-06, "SGDS": 0, "PDHcr_copy1": 0, "PDHcr_copy2": 0, "PPCDC": 0, "PPBNGS": 0, "PPAtr": 0, "SERt2r": 0, "PPA": 4.373600e-02, "SERD_L": 0, "PNTK": 0, "PNCDC": 0, "PDHbr": 0, "PDHa": 0, "PMPK": 0, "SERD_D": 0, "PMDPHT": 0, "PDH": 0, "PDE4": 0, "PDE1": 0, "PC8XM": 0, "SERAT": 1.332324e-03, "PC6YM": 0, "SELCYSLY": 0, "PC6AR": 0, "EX_mal__L_e": 0, "PC20M": 0, "SDPTA": -2.027420e-03, "PC17M": 0, "SDPDS": 2.027420e-03, "PC11M": 0, "MPML": 0, "MOTS": 0, "MOTH": 0, "PC": 0, "PATS": 2.929805e-05, "PAPSR": 1.332324e-03, "PAPPT3": 2.309183e-05, "SALCS": 6.791715e-05, "PAPPT2": 4.650685e-04, "SADT2": 0, "PAPPT1": 4.650685e-04, "MOHMT": 0, "PAPA160": 0, "SADT": 1.510571e-03, "PANTS": 0, "PACt2r": 0, "MNDNS2": 0, "MNDNS1": 0, "MN6PP": 2.226394e-03, "P5CRx": 3.232716e-03, "SADH": 0, "P5CR": 0, "P5CD": 0, "MMSAD3": 0, "RZ5PP": 0, "OXGDC2": 0, "RRPPDIMAS": 2.772893e-05, "RPPDIMAS": 2.772893e-05, "MTHFD": -9.999990e+05, "RPI": -1.664538e-01, "MTHFC": 1.420143e-02, "MTAN": 0, "RPE": 2.868815e-01, "MSHS": 0, "MSHOXH": 0, "RNTR4": 8.555218e-05, "MSHAMID": 0, "MMSAD2": 0, "RNDR4": 0, "MMSAD1": 0, "UDPGALM": 5.135941e-04, "UDPG4E": 1.812779e-03, "UDPDPS2": 0, "RNDR3": 1.560455e-04, "UDPDPS": 1.103068e-04, "UDCPDPS": 0, "MMM2": 5.957598e-03, "UDCPDP": 9.932297e-04, "RNDR2": 1.559518e-04, "UAPGR": 1.041521e-03, "UAMRH": 2.288105e-05, "MME": 5.957598e-03, "MMCD": 0, "UAMAS": 9.532288e-04, "MI4PP": 0, "RNDR1": 8.178161e-05, "MI3PP": 0, "UAMAGS": 9.532288e-04, "UAGPT3": 2.309183e-05, "UAGPT2": 4.650685e-04, "RIBabc": 0, "MI1PS": 3.805936e-04, "RBK_L1": 0, "MI1PP": 3.805936e-04, "MHPGLUT": 0, "UAGPT1": 4.650685e-04, "UAGDP": 2.034751e-03, "RBK_Dr": -5.478337e-04, "UAGCVT": 1.041521e-03, "UAAGLS2": 4.650685e-04, "MGt5": 0, "RBK": 0, "METabc": 0, "UAAGLS1": 4.650685e-04, "UAAGDS": 2.309183e-05, "TYRt2r": 0, "TYRTA": -7.437162e-04, "METSOXR2": 0, "METSOXR1": 0, "TTDCAt2": 0, "METS": 2.777460e-03, "RBFSb": 0, "METOX2s": 0, "METOX1s": 0, "TSULabc": 0, "TRPt2r": 0, "TRPTA": 0, "METAT": 1.960370e-03, "RBFSa": 0, "MEPCT": 1.213375e-03, "MEOHt2": 0, "TRPS3": 4.712981e-04, "TRPS2": 4.712981e-04, "IPPMIa": -4.794154e-03, "TRPS1": 0, "TRIATS": 0, "TREabc": 0, "MECDPS": 1.213375e-03, "MECDPDH": 1.213375e-03, "ME1": 1.501184e-01, "MDH": 0, "TRESULT": 1.782474e-04, "TRE6PS": 8.833913e-04, "TRE6PP": 7.313740e-04, "MDFDH": 0, "IPMD": 4.794154e-03, "MCOATA": 1.388915e-02, "MCD": 0, "TRDR": 1.811655e-03, "TPI": 9.971768e-01, "TMPPP": 0, "TMPK": 0, "TMN": 0, "TMHAS6": 0, "MCBTS3": 3.508272e-05, "MCBTS2": 0, "MCBTS": 3.283443e-05, "MANAT3": 2.983670e-05, "MANAT2": 1.243118e-04, "TMHAS5": 0, "MANAT1": 3.936852e-05, "TMHAS4": 2.569142e-05, "IPDPS": 1.213375e-03, "TMHAS3": 2.585535e-05, "TMHAS2": 2.576168e-05, "MAN6PI": -3.725794e-03, "MAN1PT2": 1.499400e-03, "MAN1PT": 0, "MALt2r": 0, "TMHAS1": 2.590219e-05, "IPDDI": 1.103068e-04, "TMDS": 8.555218e-05, "TMDPP": 0, "TMDK1": 0, "BIOMASS_Mtb_9_60atp": 2.341971e-02, "YUMPS": 0, "TKT2": 1.421435e-01, "XYLabc": 0, "INSK": 0, "TKT1": 1.447380e-01, "INSH": 5.087463e-04, "MALTabc": 0, "XYLK": 0, "MALTHPabc": 0, "INDPYRD": 0, "MALT": 0, "XPPT": 0, "VALt2r": 0, "VALTA": -4.820408e-03, "URIK2": 0, "URIDK2r": -8.555218e-05, "UMPK_copy1": 999999, "UREA": 0, "MALS": 0, "L_LACt3": 0, "L_LACt2r": -1.219541e+00, "UPPRT": 0, "IMPD": 5.862186e-03, "UPPDC2": 0, "UPPDC1": 0, "UPP3S": 0, "UPP3MT": 0, "L_LACD3": 0, "L_LACD2": 0, "L_LACD": 0, "LYSt5r": 0, "LPLIPAL2E180": 0, "UMPK_copy2": -9.999990e+05, "UGMDDS2": 2.288105e-05, "LPLIPAL2E160": 0, "IMPC": -1.015115e-02, "LO": 0, "UGMDDS": 2.309183e-05, "LEUt2r": 0, "UGMAS": 2.288105e-05, "ILEt2r": 0, "UGMAGS": 2.288105e-05, "UGLDDS2": 4.650685e-04, "LEUTA": -4.794154e-03, "LDH_L": -1.219541e+00, "UGLDDS1": 4.650685e-04, "LCTSabc": 0, "ILETA": -2.054634e-03, "UGGPT3": 2.288105e-05, "LACZ": 0, "Kt3r": 999999, "Kabc": 0, "UGAGDS": 2.288105e-05, "UDPGD": 0, "KARA2": 2.054634e-03, "IGPS": 4.712981e-04, "KARA1": -9.614562e-03, "GLYCTO1": 0, "IGPDH": 9.512382e-04, "IGAMD": 0, "IG3PS": 9.512382e-04, "GLYCL": 0, "IPPS": 4.794154e-03, "ID3ACALDt": 0, "IPPMIb": -4.794154e-03, "GLYCK": 0, "ICL": 0, "GLYC3Pabc": 0, "GLYBabc": 0, "ICHORS": 0, "ICDHyr": 0, "GLXO1": 0, "IACGAMS": 0, "HXPRT": 0, "HSTPT": 9.512382e-04, "GLUt2r": 1.530851e-01, "EX_lys__L_e": 0, "HSST": 6.082894e-03, "EX_leu__L_e": 0, "GLUTRR": 0, "GLUSy": 0, "GLUR": -9.761099e-04, "HSK": 0, "GLUPRT": 9.199916e-03, "GLUDxi": 5.365639e-02, "HSERTA": 0, "GLUDC": 1.425871e-01, "GLUCYS": 0, "GLU5K": 3.232716e-03, "GLNSP3": 0, "EX_lcts_e": 0, "EX_lac__L_e": 1.219541e+00, "EX_k_e": 0, "EX_ile__L_e": 0, "GLNSP2": 0, "GLNSP1": 0, "HSDy": 9.999990e+05, "GLNS": 4.767477e-02, "GLGC": 0, "EX_id3acald_e": 0, "HSDxi": 999999, "EX_his__L_e": 0, "GLCabc": 1.860066e-01, "GLCS1": 0, "GLCP": 0, "HPPK2": 0, "EX_hdca_e": 0, "HPPK": 0, "EX_h_e": 6.885443e-01, "GK1": 1.559518e-04, "GHMT2r": 1.706444e-02, "EX_h2s_e": 0, "EX_h2o_e": 8.119174e-01, "GGLUCT2": 0, "HOPNTAL": 0, "GFUCS": 2.772893e-05, "GF6PTA": 7.425522e-03, "GCCc": 0, "EX_h2co3_e": 9.038722e-01, "EX_h2_e": 0, "GCCb": 0, "HMPK4": 0, "GCCa": 0, "GCC2": 0, "GARFT": 9.199916e-03, "GAPD": 1.138578e+00, "GALt2": 0, "EX_gthrd_e": 0, "EX_glyc_e": -1, "EX_glyc3p_e": 0, "EX_glyb_e": 0,