{"THDPS": 1.902014e-03, "NADTRHD_copy1": 999999, "TDPGDH": 6.808838e-05, "TDPDRR": 6.808838e-05, "TDPDRE": 6.808838e-05, "TDMS4": 2.425607e-05, "TDMS3": 4.827046e-05, "TDMS2": 4.840229e-05, "TDMS1": 7.272427e-05, "RBFK": 0, "TATSO": 2.498112e-05, "TATS": 2.583799e-05, "THZSN": 0, "R05224": 0, "TAS": 1.927303e-04, "R05219": 0, "TARTRt7": 0, "R05217": 0, "TARTD": 0, "QULNS": 0, "TALA": 0, "THZPSN": 0, "SULabc": 1.417135e-03, "QRr": -9.999974e+05, "SULR": 1.249913e-03, "PYRt2": 0, "CYANST_copy1": -999999, "SUCOAS": -9.999989e+05, "SUCD1": 0, "THRt2r": 0, "SUCCt2r": 0, "THRS": 0, "SUCBZS": 1.715567e-03, "THRD_L": -3.012543e-03, "PYRDC": 0, "PYK": 1.291211e+00, "PYDXO": 0, "PYDXNO": 0, "PYAM5PO": 0, "PUNP7": 0, "THMDP": 0, "THFGLUS": 0, "SUCBZL": 1.715567e-03, "PUNP6": 0, "PUNP5": -4.772778e-04, "PUNP4": 0, "PUNP3": 0, "PUNP2": 0, "PMANM": -1.406654e-03, "PUNP1": 4.772778e-04, "SSALy": 1.320518e-01, "PLIPA1E180": 0, "PTPATi": 0, "SSALx": 0, "PTAr": -9.999986e+05, "PLIPA1E160": 0, "PLCD": 0, "PSSA180": 0, "SPODM": 0, "PIt": -2.435009e-02, "PSSA160": 8.922455e-05, "SPMS": 0, "PSP_L": 2.097370e-02, "SOTA": 0, "PSERT": 2.097370e-02, "PIabc": 0, "SKMt2": 0, "PHYCBOXL": 0, "PHTO": 0, "PSD180": 0, "PSD160": 8.922455e-05, "PSCVT": 4.149567e-03, "PRPPS": 2.037253e-02, "PROt2r": 0, "PHTHS2": 3.179215e-05, "PHTHS": 1.161343e-02, "PHTHDLS2": 3.179215e-05, "SHSL4r": -9.999990e+05, "PHTHDLS": 1.161343e-02, "PHTHCLS": 0, "PROabc": 0, "PHTHCLR2": -999999, "PROD2": 0, "PHTHCLR1": 999999, "SHSL1": 999999, "PRMICI": 8.923993e-04, "SHKK": 4.149567e-03, "PRFGS": 8.630855e-03, "PREPTTA": -1.161343e-02, "PHEt2r": 0, "PHETA1": -1.056853e-03, "SHK3Dr": 4.149567e-03, "PHDCAt": 0, "PREPTHS2": 3.179215e-05, "PREPTHS": 1.161343e-02, "PREPPACPH": 3.179215e-05, "PHDCATA": -1.417794e-04, "PREPHACPH": 0, "SHCHF3": 0, "PRDX": 0, "PGSA190": 1.276520e-04, "PRATPP": 8.923993e-04, "SHCHF2": 0, "PGSA160190": 3.921398e-04, "SHCHF": 0, "PGSA160": 1.425264e-04, "PRASCSi": 8.630855e-03, "PRAMPC": 8.923993e-04, "PGPPT3": 2.146574e-05, "PGPP190": 1.276520e-04, "PGPP160190": 3.921398e-04, "PGPP160": 1.425264e-04, "PRAIi": 4.421460e-04, "PRAIS": 8.630855e-03, "PRAGSr": 8.630855e-03, "PPTGS_TB2": 4.141549e-04, "PPTGS_TB1": 4.141549e-04, "PGMT": -2.597487e-03, "SHCHD3": 0, "PGM": -9.578075e-01, "PGLYCP": 0, "PGLS": 2.601376e-05, "PPTGS": 0, "PPPGO": 0, "PPNDH": 1.056853e-03, "PPND": 6.977136e-04, "PGL": 1.673691e-02, "PGK": -9.787812e-01, "PPNCL3": 0, "SHCHD2": 0, "PPNCL2": 0, "PGI": 1.461112e-02, "SHCHCS2": 0, "PGCD": 2.097370e-02, "PGAMT": -6.966216e-03, "PPNCL": 0, "PPK2": 0, "PFL": 1.245974e+00, "PFK": 0, "SHCHCS": 1.715567e-03, "PERD": 0, "G6PP": -3.513132e-02, "PEPCK_re": 999999, "PPDK": 0, "SGSAD": 0, "PPDIMAT": 0, "PEAMNO": 0, "PPDIMAS": 3.179215e-05, "PPCSCT": 0, "PPCOAC": 0, "PPCK": -9.999987e+05, "PDX5POi": 0, "PDIMAT": 1.160743e-02, "PDIMAS": 1.161343e-02, "SGDS": 0, "PDHcr_copy1": -999999, "PDHcr_copy2": 999999, "PPCDC": 0, "PPBNGS": 0, "PPAtr": 0, "SERt2r": 0, "PPA": 8.351834e-02, "SERD_L": 0, "PNTK": 0, "PNCDC": 0, "PDHbr": 0, "PDHa": 0, "PMPK": 0, "SERD_D": 0, "PMDPHT": 0, "PDH": 0, "PDE4": 0, "PDE1": 0, "PC8XM": 0, "SERAT": 1.249913e-03, "PC6YM": 0, "SELCYSLY": 0, "PC6AR": 0, "EX_mal__L_e": 0, "PC20M": 0, "SDPTA": -1.902014e-03, "PC17M": 0, "SDPDS": 1.902014e-03, "PC11M": 0, "MPML": 0, "MOTS": 0, "MOTH": 0, "PC": 0, "PATS": 2.748582e-05, "PAPSR": 1.249913e-03, "PAPPT3": 2.166348e-05, "SALCS": 6.371613e-05, "PAPPT2": 4.363017e-04, "SADT2": 0, "PAPPT1": 4.363017e-04, "MOHMT": 0, "PAPA160": 0, "SADT": 1.417135e-03, "PANTS": 0, "PACt2r": 0, "MNDNS2": 0, "MNDNS1": 0, "MN6PP": 2.088681e-03, "P5CRx": 3.032756e-03, "SADH": 0, "P5CR": 0, "P5CD": 0, "MMSAD3": 0, "RZ5PP": 0, "OXGDC2": 0, "RRPPDIMAS": 2.601376e-05, "RPPDIMAS": 2.601376e-05, "MTHFD": 0, "RPI": -2.037253e-02, "MTHFC": 0, "MTAN": 0, "RPE": -4.149567e-03, "MSHS": 0, "MSHOXH": 0, "RNTR4": 8.026035e-05, "MSHAMID": 0, "MMSAD2": 0, "RNDR4": 0, "MMSAD1": 0, "UDPGALM": 4.818258e-04, "UDPG4E": 1.700649e-03, "UDPDPS2": 0, "RNDR3": 1.463933e-04, "UDPDPS": 1.034838e-04, "UDCPDPS": 0, "MMM2": 1.216634e-01, "UDCPDP": 9.317935e-04, "RNDR2": 1.463054e-04, "UAPGR": 9.770979e-04, "UAMRH": 2.146574e-05, "MME": 1.216634e-01, "MMCD": 0, "UAMAS": 8.942669e-04, "MI4PP": 0, "RNDR1": 7.672301e-05, "MI3PP": 0, "UAMAGS": 8.942669e-04, "UAGPT3": 2.166348e-05, "UAGPT2": 4.363017e-04, "RIBabc": 0, "MI1PS": 3.570520e-04, "RBK_L1": 0, "MI1PP": 3.570520e-04, "MHPGLUT": 0, "UAGPT1": 4.363017e-04, "UAGDP": 1.908891e-03, "RBK_Dr": -5.139475e-04, "UAGCVT": 9.770979e-04, "UAAGLS2": 4.363017e-04, "MGt5": 0, "RBK": 0, "METabc": 0, "UAAGLS1": 4.363017e-04, "UAAGDS": 2.166348e-05, "TYRt2r": 0, "TYRTA": -6.977136e-04, "METSOXR2": 0, "METSOXR1": 0, "TTDCAt2": 0, "METS": 1.592866e-02, "RBFSb": 0, "METOX2s": 0, "METOX1s": 0, "TSULabc": 0, "TRPt2r": 0, "TRPTA": 0, "METAT": 1.516211e-02, "RBFSa": 0, "MEPCT": 1.486286e-02, "MEOHt2": 0, "TRPS3": 0, "TRPS2": 0, "IPPMIa": -4.497612e-03, "TRPS1": 4.421460e-04, "TRIATS": 0, "TREabc": 0, "MECDPS": 1.486286e-02, "MECDPDH": 1.486286e-02, "ME1": 0, "MDH": 7.276123e-01, "TRESULT": 1.672219e-04, "TRE6PS": 8.287491e-04, "TRE6PP": 6.861349e-04, "MDFDH": 0, "IPMD": 4.497612e-03, "MCOATA": 1.303004e-02, "MCD": 0, "TRDR": 1.699595e-03, "TPI": 9.973515e-01, "TMPPP": 0, "TMPK": 0, "TMN": 0, "TMHAS6": 0, "MCBTS3": 3.291268e-05, "MCBTS2": 0, "MCBTS": 3.080345e-05, "MANAT3": 2.799116e-05, "MANAT2": 1.166225e-04, "TMHAS5": 0, "MANAT1": 3.693339e-05, "TMHAS4": 2.410227e-05, "IPDPS": 0, "TMHAS3": 2.425607e-05, "TMHAS2": 2.416819e-05, "MAN6PI": -3.495335e-03, "MAN1PT2": 1.406654e-03, "MAN1PT": 0, "MALt2r": 0, "TMHAS1": 2.430001e-05, "IPDDI": -1.304380e-02, "TMDS": 8.026035e-05, "TMDPP": 0, "TMDK1": 0, "BIOMASS_Mtb_9_60atp": 2.197108e-02, "YUMPS": 0, "TKT2": -4.149567e-03, "XYLabc": 0, "INSK": 0, "TKT1": 0, "INSH": 4.772778e-04, "MALTabc": 0, "XYLK": 0, "MALTHPabc": 0, "INDPYRD": 0, "MALT": 0, "XPPT": 0, "VALt2r": 0, "VALTA": -4.522241e-03, "URIK2": 0, "URIDK2r": -8.026035e-05, "UMPK_copy1": 999999, "UREA": 0, "MALS": 3.522847e-01, "L_LACt3": 0, "L_LACt2r": 0, "UPPRT": 0, "IMPD": 5.499581e-03, "UPPDC2": 0, "UPPDC1": 0, "UPP3S": 0, "UPP3MT": 0, "L_LACD3": 0, "L_LACD2": 0, "L_LACD": 0, "LYSt5r": 0, "LPLIPAL2E180": 0, "UMPK_copy2": -9.999990e+05, "UGMDDS2": 2.146574e-05, "LPLIPAL2E160": 0, "IMPC": -9.523255e-03, "LO": 0, "UGMDDS": 2.166348e-05, "LEUt2r": 0, "UGMAS": 2.146574e-05, "ILEt2r": 0, "UGMAGS": 2.146574e-05, "UGLDDS2": 4.363017e-04, "LEUTA": -4.497612e-03, "LDH_L": 0, "UGLDDS1": 4.363017e-04, "LCTSabc": 0, "ILETA": -1.927545e-03, "UGGPT3": 2.146574e-05, "LACZ": 0, "Kt3r": 999999, "Kabc": 0, "UGAGDS": 2.146574e-05, "UDPGD": 0, "KARA2": 1.927545e-03, "IGPS": 4.421460e-04, "KARA1": -9.019853e-03, "GLYCTO1": 0, "IGPDH": 8.923993e-04, "IGAMD": 0, "IG3PS": 8.923993e-04, "GLYCL": 0, "IPPS": 4.497612e-03, "ID3ACALDt": 0, "IPPMIb": -4.497612e-03, "GLYCK": 0, "ICL": 3.522847e-01, "GLYC3Pabc": 0, "GLYBabc": 0, "ICHORS": 1.715567e-03, "ICDHyr": 0, "GLXO1": 0, "IACGAMS": 0, "HXPRT": 0, "HSTPT": 8.923993e-04, "GLUt2r": 1.436161e-01, "EX_lys__L_e": 0, "HSST": 5.706636e-03, "EX_leu__L_e": 0, "GLUTRR": 0, "GLUSy": 0, "GLUR": -9.157326e-04, "HSK": 0, "GLUPRT": 8.630855e-03, "GLUDxi": 5.033748e-02, "HSERTA": 0, "GLUDC": 1.337674e-01, "GLUCYS": 0, "GLU5K": 3.032756e-03, "GLNSP3": 0, "EX_lcts_e": 0, "EX_lac__L_e": 0, "EX_k_e": 0, "EX_ile__L_e": 0, "GLNSP2": 0, "GLNSP1": 0, "HSDy": 9.999990e+05, "GLNS": 4.472585e-02, "GLGC": 0, "EX_id3acald_e": 0, "HSDxi": 999999, "EX_his__L_e": 0, "GLCabc": 3.871594e-02, "GLCS1": 0, "GLCP": 0, "HPPK2": 0, "EX_hdca_e": 0, "HPPK": 0, "EX_h_e": -1.626817e-01, "GK1": 1.463054e-04, "GHMT2r": 1.600892e-02, "EX_h2s_e": 0, "EX_h2o_e": -1.554199e-01, "GGLUCT2": 0, "HOPNTAL": 0, "GFUCS": 2.601376e-05, "GF6PTA": 6.966216e-03, "GCCc": 0, "EX_h2co3_e": 1.855978e+00, "EX_h2_e": 1.227820e+00, "GCCb": 0, "HMPK4": 0, "GCCa": 0, "GCC2": 0, "GARFT": 8.630855e-03, "GAPD": 9.787812e-01, "GALt2": 0, "EX_gthrd_e": 0, "EX_glyc_e": -1, "EX_glyc3p_e": 0,