{"THDPS": 2.077938e-03, "NADTRHD_copy1": -999999, "TDPGDH": 7.438611e-05, "TDPDRR": 7.438611e-05, "TDPDRE": 7.438611e-05, "TDMS4": 2.649960e-05, "TDMS3": 5.273517e-05, "TDMS2": 5.287918e-05, "TDMS1": 7.945080e-05, "RBFK": 0, "TATSO": 2.729171e-05, "TATS": 2.822784e-05, "THZSN": 0, "R05224": 0, "TAS": 2.105566e-04, "R05219": 0, "TARTRt7": 0, "R05217": 0, "TARTD": 0, "QULNS": 0, "TALA": -6.719737e-03, "THZPSN": 0, "SULabc": 1.548210e-03, "QRr": -9.999970e+05, "SULR": 1.365522e-03, "PYRt2": 0, "CYANST_copy1": -999999, "SUCOAS": 1.434884e-02, "SUCD1": 0, "THRt2r": 0, "SUCCt2r": -4.524545e-01, "THRS": 0, "SUCBZS": 0, "THRD_L": -3.291183e-03, "PYRDC": 0, "PYK": 6.412271e-01, "PYDXO": 0, "PYDXNO": 0, "PYAM5PO": 0, "PUNP7": 0, "THMDP": 0, "THFGLUS": 0, "SUCBZL": 0, "PUNP6": 0, "PUNP5": -5.214228e-04, "PUNP4": 0, "PUNP3": 0, "PUNP2": 0, "PMANM": -1.536761e-03, "PUNP1": 5.214228e-04, "SSALy": 2.549777e-02, "PLIPA1E180": 0, "PTPATi": 0, "SSALx": 0, "PTAr": 2.082534e-01, "PLIPA1E160": 0, "PLCD": 0, "PSSA180": 0, "SPODM": 0, "PIt": -2.660231e-02, "PSSA160": 9.747724e-05, "SPMS": 0, "PSP_L": 2.291363e-02, "SOTA": 0, "PSERT": 2.291363e-02, "PIabc": 0, "SKMt2": 0, "PHYCBOXL": 0, "PHTO": 0, "PSD180": 0, "PSD160": 9.747724e-05, "PSCVT": 2.659129e-03, "PRPPS": 2.225686e-02, "PROt2r": 0, "PHTHS2": 3.473272e-05, "PHTHS": 6.552890e-06, "PHTHDLS2": 3.473272e-05, "SHSL4r": 5.397013e-03, "PHTHDLS": 6.552890e-06, "PHTHCLS": 0, "PROabc": 0, "PHTHCLR2": -999999, "PROD2": 0, "PHTHCLR1": 999999, "SHSL1": 8.374498e-04, "PRMICI": 9.749405e-04, "SHKK": 2.659129e-03, "PRFGS": 9.429153e-03, "PREPTTA": -6.552890e-06, "PHEt2r": 0, "PHETA1": -1.154605e-03, "SHK3Dr": 2.659129e-03, "PHDCAt": 0, "PREPTHS2": 3.473272e-05, "PREPTHS": 6.552890e-06, "PREPPACPH": 3.473272e-05, "PHDCATA": -1.548930e-04, "PREPHACPH": 0, "SHCHF3": 0, "PRDX": 0, "PGSA190": 1.394589e-04, "PRATPP": 9.749405e-04, "SHCHF2": 0, "PGSA160190": 4.284102e-04, "SHCHF": 0, "PGSA160": 1.557092e-04, "PRASCSi": 9.429153e-03, "PRAMPC": 9.749405e-04, "PGPPT3": 2.345119e-05, "PGPP190": 1.394589e-04, "PGPP160190": 4.284102e-04, "PGPP160": 1.557092e-04, "PRAIi": 4.830416e-04, "PRAIS": 9.429153e-03, "PRAGSr": 9.429153e-03, "PPTGS_TB2": 4.524615e-04, "PPTGS_TB1": 4.524615e-04, "PGMT": -2.837738e-03, "SHCHD3": 0, "PGM": -8.928991e-01, "PGLYCP": 0, "PGLS": 2.841986e-05, "PPTGS": 0, "PPPGO": 0, "PPNDH": 1.154605e-03, "PPND": 7.622476e-04, "PGL": 0, "PGK": -9.158127e-01, "PPNCL3": 0, "SHCHD2": 0, "PPNCL2": 0, "PGI": -8.049398e-03, "SHCHCS2": 0, "PGCD": 2.291363e-02, "PGAMT": -7.610546e-03, "PPNCL": 0, "PPK2": 0, "PFL": 5.277957e-03, "PFK": 0, "SHCHCS": 0, "PERD": 0, "G6PP": 3.916180e-03, "PEPCK_re": -999999, "PPDK": 0, "SGSAD": 0, "PPDIMAT": 0, "PEAMNO": 0, "PPDIMAS": 3.473272e-05, "PPCSCT": 0, "PPCOAC": 0, "PPCK": 9.999988e+05, "PDX5POi": 0, "PDIMAT": 0, "PDIMAS": 6.552890e-06, "SGDS": 0, "PDHcr_copy1": -9.999984e+05, "PDHcr_copy2": 999999, "PPCDC": 0, "PPBNGS": 0, "PPAtr": 0, "SERt2r": 0, "PPA": 4.482578e-02, "SERD_L": 0, "PNTK": 0, "PNCDC": 0, "PDHbr": 5.996476e-01, "PDHa": 5.996476e-01, "PMPK": 0, "SERD_D": 0, "PMDPHT": 0, "PDH": 0, "PDE4": 0, "PDE1": 0, "PC8XM": 0, "SERAT": 1.365522e-03, "PC6YM": 0, "SELCYSLY": 0, "PC6AR": 0, "EX_mal__L_e": 0, "PC20M": 0, "SDPTA": -2.077938e-03, "PC17M": 0, "SDPDS": 2.077938e-03, "PC11M": 0, "MPML": 0, "MOTS": 0, "MOTH": 0, "PC": 0, "PATS": 3.002808e-05, "PAPSR": 1.365522e-03, "PAPPT3": 2.366722e-05, "SALCS": 6.960946e-05, "PAPPT2": 4.766568e-04, "SADT2": 0, "PAPPT1": 4.766568e-04, "MOHMT": 0, "PAPA160": 0, "SADT": 1.548210e-03, "PANTS": 0, "PACt2r": 0, "MNDNS2": 0, "MNDNS1": 0, "MN6PP": 2.281870e-03, "P5CRx": 3.313266e-03, "SADH": 0, "P5CR": 0, "P5CD": 0, "MMSAD3": 0, "RZ5PP": 0, "OXGDC2": 0, "RRPPDIMAS": 2.841986e-05, "RPPDIMAS": 2.841986e-05, "MTHFD": -9.999990e+05, "RPI": -1.553712e-02, "MTHFC": 1.455529e-02, "MTAN": 0, "RPE": -1.609860e-02, "MSHS": 0, "MSHOXH": 0, "RNTR4": 8.768391e-05, "MSHAMID": 0, "MMSAD2": 0, "RNDR4": 0, "MMSAD1": 0, "UDPGALM": 5.263915e-04, "UDPG4E": 1.857948e-03, "UDPDPS2": 0, "RNDR3": 1.599337e-04, "UDPDPS": 1.130554e-04, "UDCPDPS": 0, "MMM2": 6.106046e-03, "UDCPDP": 1.017978e-03, "RNDR2": 1.598377e-04, "UAPGR": 1.067473e-03, "UAMRH": 2.345119e-05, "MME": 6.106046e-03, "MMCD": 0, "UAMAS": 9.769807e-04, "MI4PP": 0, "RNDR1": 8.381939e-05, "MI3PP": 0, "UAMAGS": 9.769807e-04, "UAGPT3": 2.366722e-05, "UAGPT2": 4.766568e-04, "RIBabc": 0, "MI1PS": 3.900770e-04, "RBK_L1": 0, "MI1PP": 3.900770e-04, "MHPGLUT": 0, "UAGPT1": 4.766568e-04, "UAGDP": 2.085451e-03, "RBK_Dr": -5.614843e-04, "UAGCVT": 1.067473e-03, "UAAGLS2": 4.766568e-04, "MGt5": 0, "RBK": 0, "METabc": 0, "UAAGLS1": 4.766568e-04, "UAAGDS": 2.366722e-05, "TYRt2r": 0, "TYRTA": -7.622476e-04, "METSOXR2": 0, "METSOXR1": 0, "TTDCAt2": 0, "METS": 2.846667e-03, "RBFSb": 0, "METOX2s": 0, "METOX1s": 0, "TSULabc": 0, "TRPt2r": 0, "TRPTA": 0, "METAT": 2.009217e-03, "RBFSa": 0, "MEPCT": 1.243609e-03, "MEOHt2": 0, "TRPS3": 0, "TRPS2": 0, "IPPMIa": -4.913612e-03, "TRPS1": 4.830416e-04, "TRIATS": 0, "TREabc": 0, "MECDPS": 1.243609e-03, "MECDPDH": 1.243609e-03, "ME1": 0, "MDH": 0, "TRESULT": 1.826888e-04, "TRE6PS": 9.054030e-04, "TRE6PP": 7.495978e-04, "MDFDH": 0, "IPMD": 4.913612e-03, "MCOATA": 1.423523e-02, "MCD": 0, "TRDR": 1.856796e-03, "TPI": 9.615293e-01, "TMPPP": 0, "TMPK": 0, "TMN": 0, "TMHAS6": 0, "MCBTS3": 3.595689e-05, "MCBTS2": 0, "MCBTS": 3.365257e-05, "MANAT3": 3.058015e-05, "MANAT2": 1.274093e-04, "TMHAS5": 0, "MANAT1": 4.034948e-05, "TMHAS4": 2.633158e-05, "IPDPS": 1.243609e-03, "TMHAS3": 2.649960e-05, "TMHAS2": 2.640359e-05, "MAN6PI": -3.818631e-03, "MAN1PT2": 1.536761e-03, "MAN1PT": 0, "MALt2r": 0, "TMHAS1": 2.654761e-05, "IPDDI": 1.130554e-04, "TMDS": 8.768391e-05, "TMDPP": 0, "TMDK1": 0, "BIOMASS_Mtb_9_60atp": 2.400326e-02, "YUMPS": 0, "TKT2": -9.378866e-03, "XYLabc": 0, "INSK": 0, "TKT1": -6.719737e-03, "INSH": 5.214228e-04, "MALTabc": 0, "XYLK": 0, "MALTHPabc": 0, "INDPYRD": 0, "MALT": 0, "XPPT": 0, "VALt2r": 0, "VALTA": -4.940519e-03, "URIK2": 0, "URIDK2r": -8.768391e-05, "UMPK_copy1": 999999, "UREA": 0, "MALS": 2.096189e-01, "L_LACt3": 0, "L_LACt2r": 0, "UPPRT": 0, "IMPD": 6.008256e-03, "UPPDC2": 0, "UPPDC1": 0, "UPP3S": 0, "UPP3MT": 0, "L_LACD3": 0, "L_LACD2": 0, "L_LACD": 0, "LYSt5r": 0, "LPLIPAL2E180": 0, "UMPK_copy2": -9.999990e+05, "UGMDDS2": 2.345119e-05, "LPLIPAL2E160": 0, "IMPC": -1.040409e-02, "LO": 0, "UGMDDS": 2.366722e-05, "LEUt2r": 0, "UGMAS": 2.345119e-05, "ILEt2r": 0, "UGMAGS": 2.345119e-05, "UGLDDS2": 4.766568e-04, "LEUTA": -4.913612e-03, "LDH_L": 0, "UGLDDS1": 4.766568e-04, "LCTSabc": 0, "ILETA": -2.105830e-03, "UGGPT3": 2.345119e-05, "LACZ": 0, "Kt3r": -999999, "Kabc": 0, "UGAGDS": 2.345119e-05, "UDPGD": 0, "KARA2": 2.105830e-03, "IGPS": 4.830416e-04, "KARA1": -9.854131e-03, "GLYCTO1": 0, "IGPDH": 9.749405e-04, "IGAMD": 0, "IG3PS": 9.749405e-04, "GLYCL": 0, "IPPS": 4.913612e-03, "ID3ACALDt": 0, "IPPMIb": -4.913612e-03, "GLYCK": 0, "ICL": 2.096189e-01, "GLYC3Pabc": 0, "GLYBabc": 0, "ICHORS": 0, "ICDHyr": 0, "GLXO1": 0, "IACGAMS": 0, "HXPRT": 0, "HSTPT": 9.749405e-04, "GLUt2r": 1.019062e-01, "EX_lys__L_e": 0, "HSST": 6.234463e-03, "EX_leu__L_e": 0, "GLUTRR": 0, "GLUSy": 0, "GLUR": -1.000432e-03, "HSK": 0, "GLUPRT": 9.429153e-03, "GLUDxi": 0, "HSERTA": 0, "GLUDC": 2.549777e-02, "GLUCYS": 0, "GLU5K": 3.313266e-03, "GLNSP3": 0, "EX_lcts_e": 0, "EX_lac__L_e": 0, "EX_k_e": 0, "EX_ile__L_e": 0, "GLNSP2": 0, "GLNSP1": 0, "HSDy": 9.999990e+05, "GLNS": 4.886270e-02, "GLGC": 0, "EX_id3acald_e": 0, "HSDxi": 999999, "EX_his__L_e": 0, "GLCabc": 0, "GLCS1": 0, "GLCP": 0, "HPPK2": 0, "EX_hdca_e": 0, "HPPK": 0, "EX_h_e": 9.984527e-01, "GK1": 1.598377e-04, "GHMT2r": 1.748964e-02, "EX_h2s_e": 0, "EX_h2o_e": 1.717047e+00, "GGLUCT2": 0, "HOPNTAL": 0, "GFUCS": 2.841986e-05, "GF6PTA": 7.610546e-03, "GCCc": 0, "EX_h2co3_e": 3.963194e-01, "EX_h2_e": 0, "GCCb": 0, "HMPK4": 0, "GCCa": 0, "GCC2": 0, "GARFT": 9.429153e-03, "GAPD": 9.158127e-01, "GALt2": 0, "EX_gthrd_e": 0, "EX_glyc_e": -1, "EX_glyc3p_e": 0, "EX_glyb_e": 0,