{"THDPS": 3.580785e-03, "NADTRHD_copy1": 9.999948e+05, "TDPGDH": 1.281851e-04, "TDPDRR": 1.281851e-04, "TDPDRE": 1.281851e-04, "TDMS4": 4.566515e-05, "TDMS3": 9.087530e-05, "TDMS2": 9.112348e-05, "TDMS1": 1.369127e-04, "RBFK": 0, "TATSO": 4.703014e-05, "TATS": 4.864331e-05, "THZSN": 0, "R05224": 0, "TAS": 3.628394e-04, "R05219": 0, "TARTRt7": 0, "R05217": 0, "TARTD": 0, "QULNS": 0, "TALA": -1.406564e-02, "THZPSN": 0, "SULabc": 2.667937e-03, "QRr": 1.997418e+00, "SULR": 2.353120e-03, "PYRt2": 0, "CYANST_copy1": -999999, "SUCOAS": 1.627499e-01, "SUCD1": 0, "THRt2r": 0, "SUCCt2r": 0, "THRS": 0, "SUCBZS": 0, "THRD_L": -5.671496e-03, "PYRDC": 0, "PYK": 2.723085e+00, "PYDXO": 0, "PYDXNO": 0, "PYAM5PO": 0, "PUNP7": 0, "THMDP": 0, "THFGLUS": 0, "SUCBZL": 0, "PUNP6": 0, "PUNP5": -8.985363e-04, "PUNP4": 0, "PUNP3": 0, "PUNP2": 0, "PMANM": -2.648206e-03, "PUNP1": 8.985363e-04, "SSALy": 2.667497e-01, "PLIPA1E180": 0, "PTPATi": 0, "SSALx": 0, "PTAr": 9.470814e-01, "PLIPA1E160": 0, "PLCD": 0, "PSSA180": 0, "SPODM": 0, "PIt": -6.821546e-02, "PSSA160": 1.679766e-04, "SPMS": 0, "PSP_L": 3.948567e-02, "SOTA": 0, "PSERT": 3.948567e-02, "PIabc": 0, "SKMt2": 0, "PHYCBOXL": 0, "PHTO": 0, "PSD180": 0, "PSD160": 1.679766e-04, "PSCVT": 4.582316e-03, "PRPPS": 4.581166e-02, "PROt2r": -7.147089e-01, "PHTHS2": 5.985278e-05, "PHTHS": 1.381363e-02, "PHTHDLS2": 5.985278e-05, "SHSL4r": 9.300345e-03, "PHTHDLS": 1.381363e-02, "PHTHCLS": 0, "PROabc": 0, "PHTHCLR2": -999999, "PROD2": 0, "PHTHCLR1": 999999, "SHSL1": 1.443126e-03, "PRMICI": 1.680056e-03, "SHKK": 4.582316e-03, "PRFGS": 1.624869e-02, "PREPTTA": -1.381363e-02, "PHEt2r": 0, "PHETA1": -1.989660e-03, "SHK3Dr": 4.582316e-03, "PHDCAt": 0, "PREPTHS2": 5.985278e-05, "PREPTHS": 1.381363e-02, "PREPPACPH": 5.985278e-05, "PHDCATA": -2.669178e-04, "PREPHACPH": 0, "SHCHF3": 0, "PRDX": 0, "PGSA190": 2.403211e-04, "PRATPP": 1.680056e-03, "SHCHF2": 0, "PGSA160190": 7.382532e-04, "SHCHF": 0, "PGSA160": 2.683241e-04, "PRASCSi": 1.624869e-02, "PRAMPC": 1.680056e-03, "PGPPT3": 4.041200e-05, "PGPP190": 2.403211e-04, "PGPP160190": 7.382532e-04, "PGPP160": 2.683241e-04, "PRAIi": 8.323962e-04, "PRAIS": 1.624869e-02, "PRAGSr": 1.624869e-02, "PPTGS_TB2": 7.796993e-04, "PPTGS_TB1": 7.796993e-04, "PGMT": -4.890100e-03, "SHCHD3": 0, "PGM": -2.803010e+00, "PGLYCP": 0, "PGLS": 4.897422e-05, "PPTGS": 0, "PPPGO": 0, "PPNDH": 1.989660e-03, "PPND": 1.313535e-03, "PGL": 0, "PGK": -2.842496e+00, "PPNCL3": 0, "SHCHD2": 0, "PPNCL2": 0, "PGI": 9.861290e-01, "SHCHCS2": 0, "PGCD": 3.948567e-02, "PGAMT": -1.311479e-02, "PPNCL": 0, "PPK2": 0, "PFL": 2.660528e+00, "PFK": 9.337202e-01, "SHCHCS": 0, "PERD": 0, "G6PP": -9.932515e-01, "PEPCK_re": 9.999989e+05, "PPDK": 0, "SGSAD": 0, "PPDIMAT": 0, "PEAMNO": 0, "PPDIMAS": 5.985278e-05, "PPCSCT": 1.091462e+00, "PPCOAC": 0, "PPCK": -999999, "PDX5POi": 0, "PDIMAT": 1.380234e-02, "PDIMAS": 1.381363e-02, "SGDS": 0, "PDHcr_copy1": 0, "PDHcr_copy2": 0, "PPCDC": 0, "PPBNGS": 0, "PPAtr": -1.091462e+00, "SERt2r": 0, "PPA": 9.850565e-02, "SERD_L": 0, "PNTK": 0, "PNCDC": 0, "PDHbr": 0, "PDHa": 0, "PMPK": 0, "SERD_D": 0, "PMDPHT": 0, "PDH": 0, "PDE4": 0, "PDE1": 0, "PC8XM": 0, "SERAT": 2.353120e-03, "PC6YM": 0, "SELCYSLY": 0, "PC6AR": 0, "EX_mal__L_e": 0, "PC20M": 0, "SDPTA": -3.580785e-03, "PC17M": 0, "SDPDS": 3.580785e-03, "PC11M": 0, "MPML": 0, "MOTS": 0, "MOTH": 0, "PC": 0, "PATS": 5.174556e-05, "PAPSR": 2.353120e-03, "PAPPT3": 4.078427e-05, "SALCS": 1.199537e-04, "PAPPT2": 8.213936e-04, "SADT2": 0, "PAPPT1": 8.213936e-04, "MOHMT": 0, "PAPA160": 0, "SADT": 2.667937e-03, "PANTS": 0, "PACt2r": 0, "MNDNS2": 0, "MNDNS1": 0, "MN6PP": 3.932208e-03, "P5CRx": 7.204185e-01, "SADH": 0, "P5CR": 0, "P5CD": 0, "MMSAD3": 0, "RZ5PP": 0, "OXGDC2": 0, "RRPPDIMAS": 4.897422e-05, "RPPDIMAS": 4.897422e-05, "MTHFD": -9.999990e+05, "RPI": -3.174602e-02, "MTHFC": 3.822132e-03, "MTAN": 0, "RPE": -3.271359e-02, "MSHS": 0, "MSHOXH": 0, "RNTR4": 7.608873e-03, "MSHAMID": 0, "MMSAD2": 0, "RNDR4": 0, "MMSAD1": 0, "UDPGALM": 9.070985e-04, "UDPG4E": 3.201689e-03, "UDPDPS2": 0, "RNDR3": 2.756041e-04, "UDPDPS": 0, "UDCPDPS": 1.948214e-04, "MMM2": 1.240008e+00, "UDCPDP": 1.754220e-03, "RNDR2": 2.754386e-04, "UAPGR": 1.839511e-03, "UAMRH": 4.041200e-05, "MME": 1.240008e+00, "MMCD": 1.091462e+00, "UAMAS": 1.683571e-03, "MI4PP": 0, "RNDR1": 1.444409e-04, "MI3PP": 0, "UAMAGS": 1.683571e-03, "UAGPT3": 4.078427e-05, "UAGPT2": 8.213936e-04, "RIBabc": 0, "MI1PS": 6.721960e-04, "RBK_L1": 0, "MI1PP": 6.721960e-04, "MHPGLUT": 0, "UAGPT1": 8.213936e-04, "UAGDP": 3.593731e-03, "RBK_Dr": -9.675717e-04, "UAGCVT": 1.839511e-03, "UAAGLS2": 8.213936e-04, "MGt5": 0, "RBK": 0, "METabc": 0, "UAAGLS1": 8.213936e-04, "UAAGDS": 4.078427e-05, "TYRt2r": 0, "TYRTA": -1.313535e-03, "METSOXR2": 0, "METSOXR1": 0, "TTDCAt2": 0, "METS": 1.870783e-02, "RBFSb": 0, "METOX2s": 0, "METOX1s": 0, "TSULabc": 0, "TRPt2r": 0, "TRPTA": 0, "METAT": 1.726470e-02, "RBFSa": 0, "MEPCT": 2.143036e-03, "MEOHt2": 0, "TRPS3": 8.323962e-04, "TRPS2": 8.323962e-04, "IPPMIa": -8.467328e-03, "TRPS1": 0, "TRIATS": 0, "TREabc": 0, "MECDPS": 2.143036e-03, "MECDPDH": 2.143036e-03, "ME1": 0, "MDH": 9.494346e-01, "TRESULT": 3.148165e-04, "TRE6PS": 1.560226e-03, "TRE6PP": 1.291736e-03, "MDFDH": 0, "IPMD": 8.467328e-03, "MCOATA": 2.453071e-02, "MCD": 0, "TRDR": 1.065748e-02, "TPI": 1.928734e+00, "TMPPP": 0, "TMPK": 0, "TMN": 0, "TMHAS6": 0, "MCBTS3": 6.196231e-05, "MCBTS2": 0, "MCBTS": 5.799143e-05, "MANAT3": 5.269692e-05, "MANAT2": 2.195567e-04, "TMHAS5": 0, "MANAT1": 6.953181e-05, "TMHAS4": 4.537561e-05, "IPDPS": 0, "TMHAS3": 4.566515e-05, "TMHAS2": 4.549970e-05, "MAN6PI": -6.580414e-03, "MAN1PT2": 2.648206e-03, "MAN1PT": 0, "MALt2r": 0, "TMHAS1": 4.574788e-05, "IPDDI": -1.948214e-03, "TMDS": 7.608873e-03, "TMDPP": 0, "TMDK1": 0, "BIOMASS_Mtb_9_60atp": 4.136336e-02, "YUMPS": 0, "TKT2": -1.864795e-02, "XYLabc": 0, "INSK": 0, "TKT1": -1.406564e-02, "INSH": 8.985363e-04, "MALTabc": 0, "XYLK": 0, "MALTHPabc": 0, "INDPYRD": 0, "MALT": 0, "XPPT": 0, "VALt2r": 0, "VALTA": -8.513696e-03, "URIK2": 0, "URIDK2r": -7.608873e-03, "UMPK_copy1": 0, "UREA": 0, "MALS": 9.494346e-01, "L_LACt3": 0, "L_LACt2r": 0, "UPPRT": 0, "IMPD": 1.035366e-02, "UPPDC2": 0, "UPPDC1": 0, "UPP3S": 0, "UPP3MT": 0, "L_LACD3": 0, "L_LACD2": 0, "L_LACD": 0, "LYSt5r": 0, "LPLIPAL2E180": 0, "UMPK_copy2": 2.013440e-02, "UGMDDS2": 4.041200e-05, "LPLIPAL2E160": 0, "IMPC": -1.792874e-02, "LO": 0, "UGMDDS": 4.078427e-05, "LEUt2r": 0, "UGMAS": 4.041200e-05, "ILEt2r": 0, "UGMAGS": 4.041200e-05, "UGLDDS2": 8.213936e-04, "LEUTA": -8.467328e-03, "LDH_L": 0, "UGLDDS1": 8.213936e-04, "LCTSabc": 0, "ILETA": -3.628849e-03, "UGGPT3": 4.041200e-05, "LACZ": 0, "Kt3r": -999999, "Kabc": 0, "UGAGDS": 4.041200e-05, "UDPGD": 0, "KARA2": 3.628849e-03, "IGPS": 8.323962e-04, "KARA1": -1.698102e-02, "GLYCTO1": 0, "IGPDH": 1.680056e-03, "IGAMD": 0, "IG3PS": 1.680056e-03, "GLYCL": 0, "IPPS": 8.467328e-03, "ID3ACALDt": 0, "IPPMIb": -8.467328e-03, "GLYCK": 0, "ICL": 9.494346e-01, "GLYC3Pabc": 0, "GLYBabc": 0, "ICHORS": 0, "ICDHyr": 0, "GLXO1": 0, "IACGAMS": 0, "HXPRT": 0, "HSTPT": 1.680056e-03, "GLUt2r": 1, "EX_lys__L_e": 0, "HSST": 1.074347e-02, "EX_leu__L_e": 0, "GLUTRR": 0, "GLUSy": 0, "GLUR": -1.723983e-03, "HSK": 0, "GLUPRT": 1.624869e-02, "GLUDxi": 1.022245e-01, "HSERTA": 0, "GLUDC": 2.667497e-01, "GLUCYS": 0, "GLU5K": 7.204185e-01, "GLNSP3": 0, "EX_lcts_e": 0, "EX_lac__L_e": 0, "EX_k_e": 0, "EX_ile__L_e": 0, "GLNSP2": 0, "GLNSP1": 0, "HSDy": 9.999990e+05, "GLNS": 9.165988e-02, "GLGC": 0, "EX_id3acald_e": 0, "HSDxi": 999999, "EX_his__L_e": 0, "GLCabc": 1, "GLCS1": 0, "GLCP": 0, "HPPK2": 0, "EX_hdca_e": 0, "HPPK": 0, "EX_h_e": 9.232966e-02, "GK1": 2.754386e-04, "GHMT2r": 3.013883e-02, "EX_h2s_e": 0, "EX_h2o_e": -1, "GGLUCT2": 0, "HOPNTAL": 0, "GFUCS": 4.897422e-05, "GF6PTA": 1.311479e-02, "GCCc": 0, "EX_h2co3_e": 3.533133e+00, "EX_h2_e": 2.630173e+00, "GCCb": 0, "HMPK4": 0, "GCCa": 0, "GCC2": 0, "GARFT": 1.624869e-02, "GAPD": 2.842496e+00, "GALt2": 0, "EX_gthrd_e": 0, "EX_glyc_e": -1,