{"THDPS": 3.002946e-03, "NADTRHD_copy1": 999999, "TDPGDH": 1.074996e-04, "TDPDRR": 1.074996e-04, "TDPDRE": 1.074996e-04, "TDMS4": 3.829607e-05, "TDMS3": 7.621057e-05, "TDMS2": 7.641870e-05, "TDMS1": 1.148188e-04, "RBFK": 0, "TATSO": 3.944079e-05, "TATS": 4.079364e-05, "THZSN": 0, "R05224": 0, "TAS": 3.042873e-04, "R05219": 0, "TARTRt7": 0, "R05217": 0, "TARTD": 0, "QULNS": 0, "TALA": -1.179584e-02, "THZPSN": 0, "SULabc": 2.237406e-03, "QRr": 999999, "SULR": 1.973392e-03, "PYRt2": 0, "CYANST_copy1": 0, "SUCOAS": -9.999990e+05, "SUCD1": 0, "THRt2r": 0, "SUCCt2r": 0, "THRS": 0, "SUCBZS": 0, "THRD_L": -4.756275e-03, "PYRDC": 0, "PYK": 1.801130e+00, "PYDXO": 0, "PYDXNO": 0, "PYAM5PO": 0, "PUNP7": 0, "THMDP": 0, "THFGLUS": 0, "SUCBZL": 0, "PUNP6": 0, "PUNP5": -7.535377e-04, "PUNP4": 0, "PUNP3": 0, "PUNP2": 0, "PMANM": -2.220860e-03, "PUNP1": 7.535377e-04, "SSALy": 0, "PLIPA1E180": 0, "PTPATi": 0, "SSALx": 9.844507e-01, "PTAr": -999999, "PLIPA1E160": 0, "PLCD": 0, "PSSA180": 0, "SPODM": 0, "PIt": -5.095310e-02, "PSSA160": 1.408699e-04, "SPMS": 0, "PSP_L": 1.188421e-01, "SOTA": 0, "PSERT": 1.188421e-01, "PIabc": 0, "SKMt2": 0, "PHYCBOXL": 0, "PHTO": 0, "PSD180": 0, "PSD160": 1.408699e-04, "PSCVT": 3.842858e-03, "PRPPS": 3.841894e-02, "PROt2r": 0, "PHTHS2": 5.019422e-05, "PHTHS": 9.469953e-06, "PHTHDLS2": 5.019422e-05, "SHSL4r": -9.999990e+05, "PHTHDLS": 9.469953e-06, "PHTHCLS": 0, "PROabc": 0, "PHTHCLR2": 999999, "PROD2": 0, "PHTHCLR1": -999999, "SHSL1": 999999, "PRMICI": 1.408942e-03, "SHKK": 3.842858e-03, "PRFGS": 1.362660e-02, "PREPTTA": -9.469953e-06, "PHEt2r": 0, "PHETA1": -1.668585e-03, "SHK3Dr": 3.842858e-03, "PHDCAt": 0, "PREPTHS2": 5.019422e-05, "PREPTHS": 9.469953e-06, "PREPPACPH": 5.019422e-05, "PHDCATA": -2.238447e-04, "PREPHACPH": 0, "SHCHF3": 0, "PRDX": 0, "PGSA190": 2.015400e-04, "PRATPP": 1.408942e-03, "SHCHF2": 0, "PGSA160190": 6.191198e-04, "SHCHF": 0, "PGSA160": 2.250241e-04, "PRASCSi": 1.362660e-02, "PRAMPC": 1.408942e-03, "PGPPT3": 3.389064e-05, "PGPP190": 2.015400e-04, "PGPP160190": 6.191198e-04, "PGPP160": 2.250241e-04, "PRAIi": 6.980708e-04, "PRAIS": 1.362660e-02, "PRAGSr": 1.362660e-02, "PPTGS_TB2": 6.538777e-04, "PPTGS_TB1": 6.538777e-04, "PGMT": -1.035527e-02, "SHCHD3": 0, "PGM": -1.868157e+00, "PGLYCP": 0, "PGLS": 4.107115e-05, "PPTGS": 0, "PPPGO": 0, "PPNDH": 1.668585e-03, "PPND": 1.101567e-03, "PGL": 0, "PGK": -1.987000e+00, "PPNCL3": 0, "SHCHD2": 0, "PPNCL2": 0, "PGI": 9.821131e-01, "SHCHCS2": 0, "PGCD": 1.188421e-01, "PGAMT": -1.099843e-02, "PPNCL": 0, "PPK2": 0, "PFL": 3.129031e-01, "PFK": 9.381616e-01, "SHCHCS": 0, "PERD": 0, "G6PP": -9.943405e-01, "PEPCK_re": 9.999989e+05, "PPDK": 0, "SGSAD": 0, "PPDIMAT": 0, "PEAMNO": 0, "PPDIMAS": 5.019422e-05, "PPCSCT": 9.956058e-01, "PPCOAC": 0, "PPCK": -999999, "PDX5POi": 0, "PDIMAT": 0, "PDIMAS": 9.469953e-06, "SGDS": 0, "PDHcr_copy1": 0, "PDHcr_copy2": 0, "PPCDC": 0, "PPBNGS": 0, "PPAtr": -9.956058e-01, "SERt2r": 0, "PPA": 7.728886e-02, "SERD_L": 8.572833e-02, "PNTK": 0, "PNCDC": 0, "PDHbr": 0, "PDHa": 0, "PMPK": 0, "SERD_D": 0, "PMDPHT": 0, "PDH": 0, "PDE4": 0, "PDE1": 0, "PC8XM": 0, "SERAT": 1.973392e-03, "PC6YM": 0, "SELCYSLY": 0, "PC6AR": 0, "EX_mal__L_e": 0, "PC20M": 0, "SDPTA": -3.002946e-03, "PC17M": 0, "SDPDS": 3.002946e-03, "PC11M": 0, "MPML": 0, "MOTS": 0, "MOTH": 0, "PC": 0, "PATS": 4.339528e-05, "PAPSR": 1.973392e-03, "PAPPT3": 3.420283e-05, "SALCS": 1.005966e-04, "PAPPT2": 6.888437e-04, "SADT2": 0, "PAPPT1": 6.888437e-04, "MOHMT": 0, "PAPA160": 0, "SADT": 2.237406e-03, "PANTS": 0, "PACt2r": 0, "MNDNS2": 0, "MNDNS1": 0, "MN6PP": 3.297660e-03, "P5CRx": 4.788188e-03, "SADH": 0, "P5CR": 0, "P5CD": 0, "MMSAD3": 0, "RZ5PP": 0, "OXGDC2": 0, "RRPPDIMAS": 4.107115e-05, "RPPDIMAS": 4.107115e-05, "MTHFD": 999999, "RPI": -2.662310e-02, "MTHFC": 2.103467e-02, "MTAN": 0, "RPE": -2.743453e-02, "MSHS": 0, "MSHOXH": 0, "RNTR4": 1.267170e-04, "MSHAMID": 0, "MMSAD2": 0, "RNDR4": 0, "MMSAD1": 0, "UDPGALM": 7.607182e-04, "UDPG4E": 8.939323e-03, "UDPDPS2": 0, "RNDR3": 2.311293e-04, "UDPDPS": 0, "UDCPDPS": 1.633827e-04, "MMM2": 1.004430e+00, "UDCPDP": 1.471138e-03, "RNDR2": 2.309905e-04, "UAPGR": 1.542666e-03, "UAMRH": 3.389064e-05, "MME": 1.004430e+00, "MMCD": 9.956058e-01, "UAMAS": 1.411890e-03, "MI4PP": 0, "RNDR1": 1.211321e-04, "MI3PP": 0, "UAMAGS": 1.411890e-03, "UAGPT3": 3.420283e-05, "UAGPT2": 6.888437e-04, "RIBabc": 0, "MI1PS": 5.637223e-04, "RBK_L1": 0, "MI1PP": 5.637223e-04, "MHPGLUT": 0, "UAGPT1": 6.888437e-04, "UAGDP": 3.013804e-03, "RBK_Dr": -8.114327e-04, "UAGCVT": 1.542666e-03, "UAAGLS2": 6.888437e-04, "MGt5": 0, "RBK": 0, "METabc": 0, "UAAGLS1": 6.888437e-04, "UAAGDS": 3.420283e-05, "TYRt2r": 0, "TYRTA": -1.101567e-03, "METSOXR2": 0, "METSOXR1": 0, "TTDCAt2": 0, "METS": 4.113879e-03, "RBFSb": 0, "METOX2s": 0, "METOX1s": 0, "TSULabc": 0, "TRPt2r": 0, "TRPTA": 0, "METAT": 2.903633e-03, "RBFSa": 0, "MEPCT": 1.797210e-03, "MEOHt2": 0, "TRPS3": 0, "TRPS2": 0, "IPPMIa": -5.165609e-02, "TRPS1": 6.980708e-04, "TRIATS": 0, "TREabc": 0, "MECDPS": 1.797210e-03, "MECDPDH": 1.797210e-03, "ME1": 0, "MDH": 0, "TRESULT": 2.640140e-04, "TRE6PS": 1.308449e-03, "TRE6PP": 1.083286e-03, "MDFDH": 0, "IPMD": 5.165609e-02, "MCOATA": 2.057214e-02, "MCD": 0, "TRDR": 2.683361e-03, "TPI": 1.065576e+00, "TMPPP": 0, "TMPK": 0, "TMN": 0, "TMHAS6": 0, "MCBTS3": 5.196333e-05, "MCBTS2": 0, "MCBTS": 4.863324e-05, "MANAT3": 4.419311e-05, "MANAT2": 1.841264e-04, "TMHAS5": 0, "MANAT1": 5.831132e-05, "TMHAS4": 3.805325e-05, "IPDPS": 0, "TMHAS3": 3.829607e-05, "TMHAS2": 3.815732e-05, "MAN6PI": -5.518520e-03, "MAN1PT2": 2.220860e-03, "MAN1PT": 0, "MALt2r": 0, "TMHAS1": 3.836545e-05, "IPDDI": -1.633827e-03, "TMDS": 1.267170e-04, "TMDPP": 0, "TMDK1": 0, "BIOMASS_Mtb_9_60atp": 3.468847e-02, "YUMPS": 0, "TKT2": -1.563870e-02, "XYLabc": 0, "INSK": 0, "TKT1": -1.179584e-02, "INSH": 7.535377e-04, "MALTabc": 0, "XYLK": 0, "MALTHPabc": 0, "INDPYRD": 0, "MALT": 0, "XPPT": 0, "VALt2r": -7.161918e-01, "VALTA": -7.233316e-01, "URIK2": 0, "URIDK2r": -1.267170e-04, "UMPK_copy1": 0, "UREA": 0, "MALS": 0, "L_LACt3": 0, "L_LACt2r": 0, "UPPRT": 0, "IMPD": 8.682871e-03, "UPPDC2": 0, "UPPDC1": 0, "UPP3S": 0, "UPP3MT": 0, "L_LACD3": 0, "L_LACD2": 0, "L_LACD": 0, "LYSt5r": 0, "LPLIPAL2E180": 0, "UMPK_copy2": 1.688527e-02, "UGMDDS2": 3.389064e-05, "LPLIPAL2E160": 0, "IMPC": -1.503554e-02, "LO": 0, "UGMDDS": 3.420283e-05, "LEUt2r": -4.455515e-02, "UGMAS": 3.389064e-05, "ILEt2r": 0, "UGMAGS": 3.389064e-05, "UGLDDS2": 6.888437e-04, "LEUTA": -5.165609e-02, "LDH_L": 0, "UGLDDS1": 6.888437e-04, "LCTSabc": 0, "ILETA": -3.043254e-03, "UGGPT3": 3.389064e-05, "LACZ": 0, "Kt3r": 999999, "Kabc": 0, "UGAGDS": 3.389064e-05, "UDPGD": 0, "KARA2": 3.043254e-03, "IGPS": 6.980708e-04, "KARA1": -7.749877e-01, "GLYCTO1": 0, "IGPDH": 1.408942e-03, "IGAMD": 0, "IG3PS": 1.408942e-03, "GLYCL": 0, "IPPS": 5.165609e-02, "ID3ACALDt": 0, "IPPMIb": -5.165609e-02, "GLYCK": 0, "ICL": 0, "GLYC3Pabc": 0, "GLYBabc": 0, "ICHORS": 0, "ICDHyr": 0, "GLXO1": 0, "IACGAMS": 0, "HXPRT": 0, "HSTPT": 1.408942e-03, "GLUt2r": 1, "EX_lys__L_e": 0, "HSST": 9.009775e-03, "EX_leu__L_e": 4.455515e-02, "GLUTRR": 0, "GLUSy": 0, "GLUR": -1.445781e-03, "HSK": 0, "GLUPRT": 1.362660e-02, "GLUDxi": 0, "HSERTA": 0, "GLUDC": 9.844507e-01, "GLUCYS": 0, "GLU5K": 4.788188e-03, "GLNSP3": 0, "EX_lcts_e": 0, "EX_lac__L_e": 0, "EX_k_e": 0, "EX_ile__L_e": 0, "GLNSP2": 0, "GLNSP1": 0, "HSDy": 9.999990e+05, "GLNS": 7.686854e-02, "GLGC": 0, "EX_id3acald_e": 0, "HSDxi": 999999, "EX_his__L_e": 0, "GLCabc": 1, "GLCS1": 0, "GLCP": 0, "HPPK2": 0, "EX_hdca_e": 0, "HPPK": 0, "EX_h_e": -3.666953e-03, "GK1": 2.309905e-04, "GHMT2r": 2.527527e-02, "EX_h2s_e": 0, "EX_h2o_e": -8.694714e-01, "GGLUCT2": 0, "HOPNTAL": 0, "GFUCS": 4.107115e-05, "GF6PTA": 1.099843e-02, "GCCc": 0, "EX_h2co3_e": 3.056623e+00, "EX_h2_e": 3.052756e-01, "GCCb": 0, "HMPK4": 0, "GCCa": 0, "GCC2": 0, "GARFT": 1.362660e-02, "GAPD": 1.987000e+00, "GALt2": 0, "EX_gthrd_e": 0, "EX_glyc_e": -1.315959e-01, "EX_glyc3p_e": 0, "EX_glyb_e": 0, "EX_gly_e": 0,