{"THDPS": 1.282061e-03, "NADTRHD_copy1": 999999, "TDPGDH": 4.589527e-05, "TDPDRR": 4.589527e-05, "TDPDRE": 4.589527e-05, "TDMS4": 1.634991e-05, "TDMS3": 3.253692e-05, "TDMS2": 3.262578e-05, "TDMS1": 4.902012e-05, "RBFK": 0, "TATSO": 1.683863e-05, "TATS": 1.741621e-05, "THZSN": 0, "R05224": 0, "TAS": 1.299107e-04, "R05219": 0, "TARTRt7": 0, "R05217": 0, "TARTD": 0, "QULNS": 0, "TALA": 1.246558e-01, "THZPSN": 0, "SULabc": 9.552258e-04, "QRr": -999999, "SULR": 8.425092e-04, "PYRt2": 0, "CYANST_copy1": -999999, "SUCOAS": -9.999985e+05, "SUCD1": 0, "THRt2r": 0, "SUCCt2r": 0, "THRS": 0, "SUCBZS": 0, "THRD_L": -2.030618e-03, "PYRDC": 0, "PYK": 1.359775e+00, "PYDXO": 0, "PYDXNO": 0, "PYAM5PO": 0, "PUNP7": 0, "THMDP": 0, "THFGLUS": 0, "SUCBZL": 0, "PUNP6": 0, "PUNP5": -3.217112e-04, "PUNP4": 0, "PUNP3": 0, "PUNP2": 0, "PMANM": -9.481616e-04, "PUNP1": 3.217112e-04, "SSALy": 7.188068e-01, "PLIPA1E180": 0, "PTPATi": 0, "SSALx": 0, "PTAr": -999999, "PLIPA1E160": 0, "PLCD": 0, "PSSA180": 0, "SPODM": 0, "PIt": -1.641328e-02, "PSSA160": 6.014220e-05, "SPMS": 0, "PSP_L": 1.413742e-02, "SOTA": 0, "PSERT": 1.413742e-02, "PIabc": 0, "SKMt2": 0, "PHYCBOXL": 0, "PHTO": 0, "PSD180": 0, "PSD160": 6.014220e-05, "PSCVT": 1.640649e-03, "PRPPS": 1.373219e-02, "PROt2r": 0, "PHTHS2": 2.142964e-05, "PHTHS": 8.984469e-03, "PHTHDLS2": 2.142964e-05, "SHSL4r": 3.329888e-03, "PHTHDLS": 8.984469e-03, "PHTHCLS": 0, "PROabc": 0, "PHTHCLR2": -999999, "PROD2": 0, "PHTHCLR1": 999999, "SHSL1": 5.166958e-04, "PRMICI": 6.015257e-04, "SHKK": 1.640649e-03, "PRFGS": 5.817666e-03, "PREPTTA": -8.984469e-03, "PHEt2r": 0, "PHETA1": -7.123763e-04, "SHK3Dr": 1.640649e-03, "PHDCAt": 0, "PREPTHS2": 2.142964e-05, "PREPTHS": 8.984469e-03, "PREPPACPH": 2.142964e-05, "PHDCATA": -9.556701e-05, "PREPHACPH": 0, "SHCHF3": 0, "PRDX": 0, "PGSA190": 8.604437e-05, "PRATPP": 6.015257e-04, "SHCHF2": 0, "PGSA160190": 2.643236e-04, "SHCHF": 0, "PGSA160": 9.607054e-05, "PRASCSi": 5.817666e-03, "PRAMPC": 6.015257e-04, "PGPPT3": 1.446908e-05, "PGPP190": 8.604437e-05, "PGPP160190": 2.643236e-04, "PGPP160": 9.607054e-05, "PRAIi": 2.980305e-04, "PRAIS": 5.817666e-03, "PRAGSr": 5.817666e-03, "PPTGS_TB2": 2.791629e-04, "PPTGS_TB1": 2.791629e-04, "PGMT": -1.750848e-03, "SHCHD3": 0, "PGM": -1.106623e+00, "PGLYCP": 0, "PGLS": 1.753469e-05, "PPTGS": 0, "PPPGO": 0, "PPNDH": 7.123763e-04, "PPND": 4.702969e-04, "PGL": 3.864052e-01, "PGK": -1.120761e+00, "PPNCL3": 0, "SHCHD2": 0, "PPNCL2": 0, "PGI": -2.406192e-01, "SHCHCS2": 0, "PGCD": 1.413742e-02, "PGAMT": -4.695609e-03, "PPNCL": 0, "PPK2": 0, "PFL": 1.223686e-02, "PFK": 0, "SHCHCS": 0, "PERD": 0, "G6PP": -1.483362e-01, "PEPCK_re": 999999, "PPDK": 0, "SGSAD": 0, "PPDIMAT": 0, "PEAMNO": 0, "PPDIMAS": 2.142964e-05, "PPCSCT": 6.337650e-01, "PPCOAC": 0, "PPCK": -9.999987e+05, "PDX5POi": 0, "PDIMAT": 8.980426e-03, "PDIMAS": 8.984469e-03, "SGDS": 0, "PDHcr_copy1": 0, "PDHcr_copy2": 0, "PPCDC": 0, "PPBNGS": 0, "PPAtr": -6.337650e-01, "SERt2r": 0, "PPA": 3.663735e-02, "SERD_L": 0, "PNTK": 0, "PNCDC": 0, "PDHbr": 0, "PDHa": 0, "PMPK": 0, "SERD_D": 0, "PMDPHT": 0, "PDH": 0, "PDE4": 0, "PDE1": 0, "PC8XM": 0, "SERAT": 8.425092e-04, "PC6YM": 0, "SELCYSLY": 0, "PC6AR": 0, "EX_mal__L_e": 0, "PC20M": 0, "SDPTA": -1.282061e-03, "PC17M": 0, "SDPDS": 1.282061e-03, "PC11M": 0, "MPML": 0, "MOTS": 0, "MOTH": 0, "PC": 0, "PATS": 1.852694e-05, "PAPSR": 8.425092e-04, "PAPPT3": 1.460237e-05, "SALCS": 4.294814e-05, "PAPPT2": 2.940911e-04, "SADT2": 0, "PAPPT1": 2.940911e-04, "MOHMT": 0, "PAPA160": 0, "SADT": 9.552258e-04, "PANTS": 0, "PACt2r": 0, "MNDNS2": 0, "MNDNS1": 0, "MN6PP": 1.407884e-03, "P5CRx": 2.044243e-03, "SADH": 0, "P5CR": 0, "P5CD": 0, "MMSAD3": 0, "RZ5PP": 0, "OXGDC2": 0, "RRPPDIMAS": 1.753469e-05, "RPPDIMAS": 1.753469e-05, "MTHFD": 0, "RPI": -1.383880e-01, "MTHFC": 0, "MTAN": 0, "RPE": 2.476709e-01, "MSHS": 0, "MSHOXH": 0, "RNTR4": 5.409984e-05, "MSHAMID": 0, "MMSAD2": 0, "RNDR4": 0, "MMSAD1": 0, "UDPGALM": 3.247768e-04, "UDPG4E": 1.146330e-03, "UDPDPS2": 0, "RNDR3": 9.867705e-05, "UDPDPS": 0, "UDCPDPS": 6.975370e-05, "MMM2": 7.273367e-01, "UDCPDP": 6.280795e-04, "RNDR2": 9.861781e-05, "UAPGR": 6.586171e-04, "UAMRH": 1.446908e-05, "MME": 7.273367e-01, "MMCD": 6.337650e-01, "UAMAS": 6.027845e-04, "MI4PP": 0, "RNDR1": 5.171548e-05, "MI3PP": 0, "UAMAGS": 6.027845e-04, "UAGPT3": 1.460237e-05, "UAGPT2": 2.940911e-04, "RIBabc": 0, "MI1PS": 2.406725e-04, "RBK_L1": 0, "MI1PP": 2.406725e-04, "MHPGLUT": 0, "UAGPT1": 2.940911e-04, "UAGDP": 1.286697e-03, "RBK_Dr": -3.464286e-04, "UAGCVT": 6.586171e-04, "UAAGLS2": 2.940911e-04, "MGt5": 0, "RBK": 0, "METabc": 0, "UAAGLS1": 2.940911e-04, "UAAGDS": 1.460237e-05, "TYRt2r": 0, "TYRTA": -4.702969e-04, "METSOXR2": 0, "METSOXR1": 0, "TTDCAt2": 0, "METS": 1.073678e-02, "RBFSb": 0, "METOX2s": 0, "METOX1s": 0, "TSULabc": 0, "TRPt2r": 0, "TRPTA": 0, "METAT": 1.022009e-02, "RBFSa": 0, "MEPCT": 7.672907e-04, "MEOHt2": 0, "TRPS3": 2.980305e-04, "TRPS2": 2.980305e-04, "IPPMIa": -3.031635e-03, "TRPS1": 0, "TRIATS": 0, "TREabc": 0, "MECDPS": 7.672907e-04, "MECDPDH": 7.672907e-04, "ME1": 0, "MDH": 0, "TRESULT": 1.127166e-04, "TRE6PS": 5.586220e-04, "TRE6PP": 4.624922e-04, "MDFDH": 0, "IPMD": 3.031635e-03, "MCOATA": 8.782954e-03, "MCD": 0, "TRDR": 1.145619e-03, "TPI": 9.982147e-01, "TMPPP": 0, "TMPK": 0, "TMN": 0, "TMHAS6": 0, "MCBTS3": 2.218493e-05, "MCBTS2": 0, "MCBTS": 2.076320e-05, "MANAT3": 1.886756e-05, "MANAT2": 7.860990e-05, "TMHAS5": 0, "MANAT1": 2.489511e-05, "TMHAS4": 1.624624e-05, "IPDPS": 0, "TMHAS3": 1.634991e-05, "TMHAS2": 1.629067e-05, "MAN6PI": -2.356046e-03, "MAN1PT2": 9.481616e-04, "MAN1PT": 0, "MALt2r": 0, "TMHAS1": 1.637953e-05, "IPDDI": -6.975370e-04, "TMDS": 5.409984e-05, "TMDPP": 0, "TMDK1": 0, "BIOMASS_Mtb_9_60atp": 1.480970e-02, "YUMPS": 0, "TKT2": 1.230151e-01, "XYLabc": 0, "INSK": 0, "TKT1": 1.246558e-01, "INSH": 3.217112e-04, "MALTabc": 0, "XYLK": 0, "MALTHPabc": 0, "INDPYRD": 0, "MALT": 0, "XPPT": 0, "VALt2r": -6.625705e-01, "VALTA": -6.656188e-01, "URIK2": 0, "URIDK2r": -5.409984e-05, "UMPK_copy1": 999999, "UREA": 0, "MALS": 0, "L_LACt3": 0, "L_LACt2r": 0, "UPPRT": 0, "IMPD": 3.707017e-03, "UPPDC2": 0, "UPPDC1": 0, "UPP3S": 0, "UPP3MT": 0, "L_LACD3": 0, "L_LACD2": 0, "L_LACD": 0, "LYSt5r": 0, "LPLIPAL2E180": 0, "UMPK_copy2": -9.999990e+05, "UGMDDS2": 1.446908e-05, "LPLIPAL2E160": 0, "IMPC": -6.419192e-03, "LO": 0, "UGMDDS": 1.460237e-05, "LEUt2r": 0, "UGMAS": 1.446908e-05, "ILEt2r": 0, "UGMAGS": 1.446908e-05, "UGLDDS2": 2.940911e-04, "LEUTA": -3.031635e-03, "LDH_L": 0, "UGLDDS1": 2.940911e-04, "LCTSabc": 0, "ILETA": -1.299270e-03, "UGGPT3": 1.446908e-05, "LACZ": 0, "Kt3r": -999999, "Kabc": 0, "UGAGDS": 1.446908e-05, "UDPGD": 0, "KARA2": 1.299270e-03, "IGPS": 2.980305e-04, "KARA1": -6.686504e-01, "GLYCTO1": 0, "IGPDH": 6.015257e-04, "IGAMD": 0, "IG3PS": 6.015257e-04, "GLYCL": 0, "IPPS": 3.031635e-03, "ID3ACALDt": 0, "IPPMIb": -3.031635e-03, "GLYCK": 0, "ICL": 0, "GLYC3Pabc": 0, "GLYBabc": 0, "ICHORS": 0, "ICDHyr": 0, "GLXO1": 0, "IACGAMS": 0, "HXPRT": 0, "HSTPT": 6.015257e-04, "GLUt2r": 7.254454e-01, "EX_lys__L_e": 0, "HSST": 3.846583e-03, "EX_leu__L_e": 0, "GLUTRR": 0, "GLUSy": 0, "GLUR": -6.172536e-04, "HSK": 0, "GLUPRT": 5.817666e-03, "GLUDxi": 0, "HSERTA": 0, "GLUDC": 7.188068e-01, "GLUCYS": 0, "GLU5K": 2.044243e-03, "GLNSP3": 0, "EX_lcts_e": 0, "EX_lac__L_e": 0, "EX_k_e": 0, "EX_ile__L_e": 0, "GLNSP2": 0, "GLNSP1": 0, "HSDy": 9.999990e+05, "GLNS": 3.014765e-02, "GLGC": 0, "EX_id3acald_e": 0, "HSDxi": 999999, "EX_his__L_e": 0, "GLCabc": 1.507524e-01, "GLCS1": 0, "GLCP": 0, "HPPK2": 0, "EX_hdca_e": 0, "HPPK": 0, "EX_h_e": -1, "GK1": 9.861781e-05, "GHMT2r": 1.079088e-02, "EX_h2s_e": 0, "EX_h2o_e": -1.295460e-01, "GGLUCT2": 0, "HOPNTAL": 0, "GFUCS": 1.753469e-05, "GF6PTA": 4.695609e-03, "GCCc": 0, "EX_h2co3_e": 2.749619e+00, "EX_h2_e": 0, "GCCb": 0, "HMPK4": 0, "GCCa": 0, "GCC2": 0, "GARFT": 5.817666e-03, "GAPD": 1.120761e+00, "GALt2": 0, "EX_gthrd_e": 0, "EX_glyc_e": -1, "EX_glyc3p_e": 0, "EX_glyb_e": 0, "EX_gly_e": 0,