{"THDPS": 2.708283e-03, "NADTRHD_copy1": 999999, "TDPGDH": 9.695120e-05, "TDPDRR": 9.695120e-05, "TDPDRE": 9.695120e-05, "TDMS4": 3.453828e-05, "TDMS3": 6.873242e-05, "TDMS2": 6.892013e-05, "TDMS1": 1.035523e-04, "RBFK": 0, "TATSO": 3.557067e-05, "TATS": 3.679077e-05, "THZSN": 0, "R05224": 0, "TAS": 2.744291e-04, "R05219": 0, "TARTRt7": 0, "R05217": 0, "TARTD": 0, "QULNS": 0, "TALA": -1.063837e-02, "THZPSN": 0, "SULabc": 2.017861e-03, "QRr": 1.998047e+00, "SULR": 1.779754e-03, "PYRt2": 0, "CYANST_copy1": -999999, "SUCOAS": 2.002824e-01, "SUCD1": 0, "THRt2r": 0, "SUCCt2r": 0, "THRS": 8.544194e-02, "SUCBZS": 0, "THRD_L": 8.115238e-02, "PYRDC": 0, "PYK": 2.664556e+00, "PYDXO": 0, "PYDXNO": 0, "PYAM5PO": 0, "PUNP7": 0, "THMDP": 0, "THFGLUS": 0, "SUCBZL": 0, "PUNP6": 0, "PUNP5": -6.795969e-04, "PUNP4": 0, "PUNP3": 0, "PUNP2": 0, "PMANM": -2.002939e-03, "PUNP1": 6.795969e-04, "SSALy": 9.859765e-01, "PLIPA1E180": 0, "PTPATi": 0, "SSALx": 0, "PTAr": -1.312236e-01, "PLIPA1E160": 0, "PLCD": 0, "PSSA180": 0, "SPODM": 0, "PIt": -4.595334e-02, "PSSA160": 1.270471e-04, "SPMS": 0, "PSP_L": 2.986450e-02, "SOTA": 0, "PSERT": 2.986450e-02, "PIabc": 0, "SKMt2": 0, "PHYCBOXL": 0, "PHTO": 0, "PSD180": 0, "PSD160": 1.270471e-04, "PSCVT": 3.465779e-03, "PRPPS": 3.464909e-02, "PROt2r": 0, "PHTHS2": 4.526892e-05, "PHTHS": 1.897919e-02, "PHTHDLS2": 4.526892e-05, "SHSL4r": -999999, "PHTHDLS": 1.897919e-02, "PHTHCLS": 0, "PROabc": 0, "PHTHCLR2": -999999, "PROD2": 0, "PHTHCLR1": 999999, "SHSL1": 999999, "PRMICI": 1.270690e-03, "SHKK": 3.465779e-03, "PRFGS": 1.228950e-02, "PREPTTA": -1.897919e-02, "PHEt2r": 0, "PHETA1": -1.504855e-03, "SHK3Dr": 3.465779e-03, "PHDCAt": 0, "PREPTHS2": 4.526892e-05, "PREPTHS": 1.897919e-02, "PREPPACPH": 4.526892e-05, "PHDCATA": -2.018800e-04, "PREPHACPH": 0, "SHCHF3": 0, "PRDX": 0, "PGSA190": 1.817639e-04, "PRATPP": 1.270690e-03, "SHCHF2": 0, "PGSA160190": 5.583688e-04, "SHCHF": 0, "PGSA160": 2.029437e-04, "PRASCSi": 1.228950e-02, "PRAMPC": 1.270690e-03, "PGPPT3": 3.056512e-05, "PGPP190": 1.817639e-04, "PGPP160190": 5.583688e-04, "PGPP160": 2.029437e-04, "PRAIi": 6.295727e-04, "PRAIS": 1.228950e-02, "PRAGSr": 1.228950e-02, "PPTGS_TB2": 5.897161e-04, "PPTGS_TB1": 5.897161e-04, "PGMT": -9.339163e-03, "SHCHD3": 0, "PGM": -2.672879e+00, "PGLYCP": 0, "PGLS": 3.704105e-05, "PPTGS": 0, "PPPGO": 0, "PPNDH": 1.504855e-03, "PPND": 9.934760e-04, "PGL": 0, "PGK": -2.702743e+00, "PPNCL3": 0, "SHCHD2": 0, "PPNCL2": 0, "PGI": 9.838682e-01, "SHCHCS2": 0, "PGCD": 2.986450e-02, "PGAMT": -9.919212e-03, "PPNCL": 0, "PPK2": 0, "PFL": 1.126112e+00, "PFK": 9.442295e-01, "SHCHCS": 0, "PERD": 0, "G6PP": -9.948958e-01, "PEPCK_re": 0, "PPDK": 0, "SGSAD": 0, "PPDIMAT": 0, "PEAMNO": 0, "PPDIMAS": 4.526892e-05, "PPCSCT": 8.063305e-01, "PPCOAC": 0, "PPCK": 0, "PDX5POi": 0, "PDIMAT": 1.897065e-02, "PDIMAS": 1.897919e-02, "SGDS": 0, "PDHcr_copy1": 0, "PDHcr_copy2": 0, "PPCDC": 0, "PPBNGS": 0, "PPAtr": -8.063305e-01, "SERt2r": 0, "PPA": 8.867556e-02, "SERD_L": 0, "PNTK": 0, "PNCDC": 0, "PDHbr": 0, "PDHa": 0, "PMPK": 0, "SERD_D": 0, "PMDPHT": 0, "PDH": 0, "PDE4": 0, "PDE1": 0, "PC8XM": 0, "SERAT": 1.779754e-03, "PC6YM": 0, "SELCYSLY": 0, "PC6AR": 0, "EX_mal__L_e": 0, "PC20M": 0, "SDPTA": -2.708283e-03, "PC17M": 0, "SDPDS": 2.708283e-03, "PC11M": 0, "MPML": 0, "MOTS": 0, "MOTH": 0, "PC": 0, "PATS": 3.913712e-05, "PAPSR": 1.779754e-03, "PAPPT3": 3.084669e-05, "SALCS": 9.072555e-05, "PAPPT2": 6.212510e-04, "SADT2": 0, "PAPPT1": 6.212510e-04, "MOHMT": 0, "PAPA160": 0, "SADT": 2.017861e-03, "PANTS": 0, "PACt2r": 0, "MNDNS2": 0, "MNDNS1": 0, "MN6PP": 2.974077e-03, "P5CRx": 4.318348e-03, "SADH": 0, "P5CR": 0, "P5CD": 0, "MMSAD3": 0, "RZ5PP": 0, "OXGDC2": 0, "RRPPDIMAS": 3.704105e-05, "RPPDIMAS": 3.704105e-05, "MTHFD": 0, "RPI": -2.401071e-02, "MTHFC": 0, "MTAN": 0, "RPE": -2.474253e-02, "MSHS": 0, "MSHOXH": 0, "RNTR4": 1.142829e-04, "MSHAMID": 0, "MMSAD2": 0, "RNDR4": 0, "MMSAD1": 0, "UDPGALM": 6.860729e-04, "UDPG4E": 2.421559e-03, "UDPDPS2": 0, "RNDR3": 2.084498e-04, "UDPDPS": 0, "UDCPDPS": 1.473508e-04, "MMM2": 1.003995e+00, "UDCPDP": 1.326783e-03, "RNDR2": 2.083246e-04, "UAPGR": 1.391292e-03, "UAMRH": 3.056512e-05, "MME": 1.003995e+00, "MMCD": 8.063305e-01, "UAMAS": 1.273349e-03, "MI4PP": 0, "RNDR1": 1.092461e-04, "MI3PP": 0, "UAMAGS": 1.273349e-03, "UAGPT3": 3.084669e-05, "UAGPT2": 6.212510e-04, "RIBabc": 0, "MI1PS": 5.084072e-04, "RBK_L1": 0, "MI1PP": 5.084072e-04, "MHPGLUT": 0, "UAGPT1": 6.212510e-04, "UAGDP": 2.718075e-03, "RBK_Dr": -7.318110e-04, "UAGCVT": 1.391292e-03, "UAAGLS2": 6.212510e-04, "MGt5": 0, "RBK": 0, "METabc": 0, "UAAGLS1": 6.212510e-04, "UAAGDS": 3.084669e-05, "TYRt2r": 0, "TYRTA": -9.934760e-04, "METSOXR2": 0, "METSOXR1": 0, "TTDCAt2": 0, "METS": 2.268086e-02, "RBFSb": 0, "METOX2s": 0, "METOX1s": 0, "TSULabc": 0, "TRPt2r": 0, "TRPTA": 0, "METAT": 2.158936e-02, "RBFSa": 0, "MEPCT": 1.620859e-03, "MEOHt2": 0, "TRPS3": 0, "TRPS2": 0, "IPPMIa": -4.128825e-01, "TRPS1": 6.295727e-04, "TRIATS": 0, "TREabc": 0, "MECDPS": 1.620859e-03, "MECDPDH": 1.620859e-03, "ME1": 0, "MDH": 0, "TRESULT": 2.381076e-04, "TRE6PS": 1.180058e-03, "TRE6PP": 9.769890e-04, "MDFDH": 0, "IPMD": 4.128825e-01, "MCOATA": 1.855350e-02, "MCD": 0, "TRDR": 2.420057e-03, "TPI": 1.773609e+00, "TMPPP": 0, "TMPK": 0, "TMN": 0, "TMHAS6": 0, "MCBTS3": 4.686444e-05, "MCBTS2": 0, "MCBTS": 4.386111e-05, "MANAT3": 3.985667e-05, "MANAT2": 0, "TMHAS5": 0, "MANAT1": 2.186486e-04, "TMHAS4": 3.431928e-05, "IPDPS": 0, "TMHAS3": 3.453828e-05, "TMHAS2": 3.441314e-05, "MAN6PI": -4.977016e-03, "MAN1PT2": 2.002939e-03, "MAN1PT": 0, "MALt2r": 0, "TMHAS1": 3.460085e-05, "IPDDI": -1.473508e-03, "TMDS": 1.142829e-04, "TMDPP": 0, "TMDK1": 0, "BIOMASS_Mtb_9_60atp": 3.128467e-02, "YUMPS": 0, "TKT2": -1.410415e-02, "XYLabc": 0, "INSK": 0, "TKT1": -1.063837e-02, "INSH": 6.795969e-04, "MALTabc": 0, "XYLK": 0, "MALTHPabc": 0, "INDPYRD": 0, "MALT": 0, "XPPT": 0, "VALt2r": -3.004290e-01, "VALTA": -3.068682e-01, "URIK2": 0, "URIDK2r": -1.142829e-04, "UMPK_copy1": 0, "UREA": 0, "MALS": 0, "L_LACt3": 0, "L_LACt2r": 0, "UPPRT": 0, "IMPD": 7.830866e-03, "UPPDC2": 0, "UPPDC1": 0, "UPP3S": 0, "UPP3MT": 0, "L_LACD3": 0, "L_LACD2": 0, "L_LACD": 0, "LYSt5r": 0, "LPLIPAL2E180": 0, "UMPK_copy2": 1.522841e-02, "UGMDDS2": 3.056512e-05, "LPLIPAL2E160": 0, "IMPC": -1.356018e-02, "LO": 0, "UGMDDS": 3.084669e-05, "LEUt2r": -4.064783e-01, "UGMAS": 3.056512e-05, "ILEt2r": -7.731625e-02, "UGMAGS": 3.056512e-05, "UGLDDS2": 6.212510e-04, "LEUTA": -4.128825e-01, "LDH_L": 0, "UGLDDS1": 6.212510e-04, "LCTSabc": 0, "ILETA": -8.006089e-02, "UGGPT3": 3.056512e-05, "LACZ": 0, "Kt3r": -999999, "Kabc": 0, "UGAGDS": 3.056512e-05, "UDPGD": 5.640595e-03, "KARA2": 8.006089e-02, "IGPS": 6.295727e-04, "KARA1": -7.197507e-01, "GLYCTO1": 0, "IGPDH": 1.270690e-03, "IGAMD": 0, "IG3PS": 1.270690e-03, "GLYCL": 0, "IPPS": 4.128825e-01, "ID3ACALDt": 0, "IPPMIb": -4.128825e-01, "GLYCK": 0, "ICL": 0, "GLYC3Pabc": 0, "GLYBabc": 0, "ICHORS": 0, "ICDHyr": 0, "GLXO1": 0, "IACGAMS": 0, "HXPRT": 0, "HSTPT": 1.270690e-03, "GLUt2r": 1, "EX_lys__L_e": 0, "HSST": 0, "EX_leu__L_e": 4.064783e-01, "GLUTRR": 0, "GLUSy": 0, "GLUR": -1.303914e-03, "HSK": 8.544194e-02, "GLUPRT": 1.228950e-02, "GLUDxi": 0, "HSERTA": 0, "GLUDC": 0, "GLUCYS": 0, "GLU5K": 4.318348e-03, "GLNSP3": 0, "EX_lcts_e": 0, "EX_lac__L_e": 0, "EX_k_e": 0, "EX_ile__L_e": 7.731625e-02, "GLNSP2": 0, "GLNSP1": 0, "HSDy": 9.999989e+05, "GLNS": 6.932583e-02, "GLGC": 0, "EX_id3acald_e": 0, "HSDxi": 999999, "EX_his__L_e": 0, "GLCabc": 1, "GLCS1": 0, "GLCP": 0, "HPPK2": 0, "EX_hdca_e": 0, "HPPK": 0, "EX_h_e": -5.757047e-01, "GK1": 2.083246e-04, "GHMT2r": 2.279514e-02, "EX_h2s_e": 0, "EX_h2o_e": 9.999978e+05, "GGLUCT2": 0, "HOPNTAL": 0, "GFUCS": 3.704105e-05, "GF6PTA": 9.919212e-03, "GCCc": 0, "EX_h2co3_e": -9.999947e+05, "EX_h2_e": 1.100262e+00, "GCCb": 0, "HMPK4": 0, "GCCa": 0, "GCC2": 0, "GARFT": 1.228950e-02, "GAPD": 2.702743e+00, "GALt2": 0, "EX_gthrd_e": 0, "EX_glyc_e": -8.331512e-01, "EX_glyc3p_e": 0, "EX_glyb_e": 0, "EX_gly_e": 0,