{"THDPS": 1.184120e-03, "NADTRHD_copy1": 999999, "TDPGDH": 4.238919e-05, "TDPDRR": 4.238919e-05, "TDPDRE": 4.238919e-05, "TDMS4": 1.510089e-05, "TDMS3": 3.005132e-05, "TDMS2": 3.013339e-05, "TDMS1": 4.527532e-05, "RBFK": 0, "TATSO": 1.555228e-05, "TATS": 1.608573e-05, "THZSN": 0, "R05224": 0, "TAS": 1.199864e-04, "R05219": 0, "TARTRt7": 0, "R05217": 0, "TARTD": 0, "QULNS": 0, "TALA": -3.829266e-03, "THZPSN": 0, "SULabc": 8.822531e-04, "QRr": -9.999970e+05, "SULR": 7.781473e-04, "PYRt2": 0, "CYANST_copy1": -999999, "SUCOAS": 9.112057e-02, "SUCD1": 0, "THRt2r": 0, "SUCCt2r": 0, "THRS": 0, "SUCBZS": 0, "THRD_L": -1.875492e-03, "PYRDC": 0, "PYK": 9.758768e-01, "PYDXO": 0, "PYDXNO": 0, "PYAM5PO": 0, "PUNP7": 0, "THMDP": 0, "THFGLUS": 0, "SUCBZL": 0, "PUNP6": 0, "PUNP5": -2.971347e-04, "PUNP4": 0, "PUNP3": 0, "PUNP2": 0, "PMANM": -8.757286e-04, "PUNP1": 2.971347e-04, "SSALy": 9.377858e-01, "PLIPA1E180": 0, "PTPATi": 0, "SSALx": 0, "PTAr": -3.607112e-01, "PLIPA1E160": 0, "PLCD": 0, "PSSA180": 0, "SPODM": 0, "PIt": -1.515942e-02, "PSSA160": 5.554775e-05, "SPMS": 0, "PSP_L": 1.305741e-02, "SOTA": 0, "PSERT": 1.305741e-02, "PIabc": 0, "SKMt2": 0, "PHYCBOXL": 0, "PHTO": 0, "PSD180": 0, "PSD160": 5.554775e-05, "PSCVT": 1.515314e-03, "PRPPS": 1.268315e-02, "PROt2r": 0, "PHTHS2": 1.979256e-05, "PHTHS": 8.298117e-03, "PHTHDLS2": 1.979256e-05, "SHSL4r": 3.075507e-03, "PHTHDLS": 8.298117e-03, "PHTHCLS": 0, "PROabc": 0, "PHTHCLR2": -999999, "PROD2": 0, "PHTHCLR1": 999999, "SHSL1": 4.772237e-04, "PRMICI": 5.555733e-04, "SHKK": 1.515314e-03, "PRFGS": 5.373236e-03, "PREPTTA": -8.298117e-03, "PHEt2r": 0, "PHETA1": -6.579557e-04, "SHK3Dr": 1.515314e-03, "PHDCAt": 0, "PREPTHS2": 1.979256e-05, "PREPTHS": 8.298117e-03, "PREPPACPH": 1.979256e-05, "PHDCATA": -8.826635e-05, "PREPHACPH": 0, "SHCHF3": 0, "PRDX": 0, "PGSA190": 7.947117e-05, "PRATPP": 5.555733e-04, "SHCHF2": 0, "PGSA160190": 2.441311e-04, "SHCHF": 0, "PGSA160": 8.873141e-05, "PRASCSi": 5.373236e-03, "PRAMPC": 5.555733e-04, "PGPPT3": 1.336374e-05, "PGPP190": 7.947117e-05, "PGPP160190": 2.441311e-04, "PGPP160": 8.873141e-05, "PRAIi": 2.752630e-04, "PRAIS": 5.373236e-03, "PRAGSr": 5.373236e-03, "PPTGS_TB2": 2.578368e-04, "PPTGS_TB1": 2.578368e-04, "PGMT": -1.617095e-03, "SHCHD3": 0, "PGM": -9.795157e-01, "PGLYCP": 0, "PGLS": 1.619516e-05, "PPTGS": 0, "PPPGO": 0, "PPNDH": 6.579557e-04, "PPND": 4.343695e-04, "PGL": 0, "PGK": -9.925731e-01, "PPNCL3": 0, "SHCHD2": 0, "PPNCL2": 0, "PGI": 1.568680e-02, "SHCHCS2": 0, "PGCD": 1.305741e-02, "PGAMT": -4.336897e-03, "PPNCL": 0, "PPK2": 0, "PFL": 1.130205e-02, "PFK": 0, "SHCHCS": 0, "PERD": 0, "G6PP": -1.804213e-02, "PEPCK_re": 0, "PPDK": 0, "SGSAD": 0, "PPDIMAT": 0, "PEAMNO": 0, "PPDIMAS": 1.979256e-05, "PPCSCT": 8.567744e-01, "PPCOAC": 0, "PPCK": 0, "PDX5POi": 0, "PDIMAT": 8.294383e-03, "PDIMAS": 8.298117e-03, "SGDS": 0, "PDHcr_copy1": 0, "PDHcr_copy2": 0, "PPCDC": 0, "PPBNGS": 0, "PPAtr": -8.567744e-01, "SERt2r": 0, "PPA": 3.383851e-02, "SERD_L": 0, "PNTK": 0, "PNCDC": 0, "PDHbr": 0, "PDHa": 0, "PMPK": 0, "SERD_D": 0, "PMDPHT": 0, "PDH": 0, "PDE4": 0, "PDE1": 0, "PC8XM": 0, "SERAT": 7.781473e-04, "PC6YM": 0, "SELCYSLY": 0, "PC6AR": 0, "EX_mal__L_e": 0, "PC20M": 0, "SDPTA": -1.184120e-03, "PC17M": 0, "SDPDS": 1.184120e-03, "PC11M": 0, "MPML": 0, "MOTS": 0, "MOTH": 0, "PC": 0, "PATS": 1.711161e-05, "PAPSR": 7.781473e-04, "PAPPT3": 1.348685e-05, "SALCS": 3.966720e-05, "PAPPT2": 2.716245e-04, "SADT2": 0, "PAPPT1": 2.716245e-04, "MOHMT": 0, "PAPA160": 0, "SADT": 8.822531e-04, "PANTS": 0, "PACt2r": 0, "MNDNS2": 0, "MNDNS1": 0, "MN6PP": 1.300332e-03, "P5CRx": 1.888076e-03, "SADH": 0, "P5CR": 0, "P5CD": 0, "MMSAD3": 0, "RZ5PP": 0, "OXGDC2": 0, "RRPPDIMAS": 1.619516e-05, "RPPDIMAS": 1.619516e-05, "MTHFD": 0, "RPI": -8.853882e-03, "MTHFC": 0, "MTAN": 0, "RPE": -9.173846e-03, "MSHS": 0, "MSHOXH": 0, "RNTR4": 4.996699e-05, "MSHAMID": 0, "MMSAD2": 0, "RNDR4": 0, "MMSAD1": 0, "UDPGALM": 2.999661e-04, "UDPG4E": 1.058758e-03, "UDPDPS2": 0, "RNDR3": 9.113880e-05, "UDPDPS": 6.442500e-05, "UDCPDPS": 0, "MMM2": 9.431978e-01, "UDCPDP": 5.800985e-04, "RNDR2": 9.108409e-05, "UAPGR": 6.083033e-04, "UAMRH": 1.336374e-05, "MME": 9.431978e-01, "MMCD": 8.567744e-01, "UAMAS": 5.567359e-04, "MI4PP": 0, "RNDR1": 4.776477e-05, "MI3PP": 0, "UAMAGS": 5.567359e-04, "UAGPT3": 1.348685e-05, "UAGPT2": 2.716245e-04, "RIBabc": 0, "MI1PS": 2.222868e-04, "RBK_L1": 0, "MI1PP": 2.222868e-04, "MHPGLUT": 0, "UAGPT1": 2.716245e-04, "UAGDP": 1.188402e-03, "RBK_Dr": -3.199638e-04, "UAGCVT": 6.083033e-04, "UAAGLS2": 2.716245e-04, "MGt5": 0, "RBK": 0, "METabc": 0, "UAAGLS1": 2.716245e-04, "UAAGDS": 1.348685e-05, "TYRt2r": 0, "TYRTA": -4.343695e-04, "METSOXR2": 0, "METSOXR1": 0, "TTDCAt2": 0, "METS": 9.916566e-03, "RBFSb": 0, "METOX2s": 0, "METOX1s": 0, "TSULabc": 0, "TRPt2r": 0, "TRPTA": 0, "METAT": 9.439343e-03, "RBFSa": 0, "MEPCT": 7.086750e-04, "MEOHt2": 0, "TRPS3": 2.752630e-04, "TRPS2": 2.752630e-04, "IPPMIa": -2.800039e-03, "TRPS1": 0, "TRIATS": 0, "TREabc": 0, "MECDPS": 7.086750e-04, "MECDPDH": 7.086750e-04, "ME1": 0, "MDH": 2.466192e-03, "TRESULT": 1.041059e-04, "TRE6PS": 5.159471e-04, "TRE6PP": 4.271610e-04, "MDFDH": 0, "IPMD": 2.800039e-03, "MCOATA": 8.111996e-03, "MCD": 0, "TRDR": 1.058102e-03, "TPI": 9.983511e-01, "TMPPP": 0, "TMPK": 0, "TMN": 0, "TMHAS6": 0, "MCBTS3": 2.049016e-05, "MCBTS2": 0, "MCBTS": 1.917704e-05, "MANAT3": 1.742621e-05, "MANAT2": 7.260465e-05, "TMHAS5": 0, "MANAT1": 2.299330e-05, "TMHAS4": 1.500514e-05, "IPDPS": 7.086750e-04, "TMHAS3": 1.510089e-05, "TMHAS2": 1.504618e-05, "MAN6PI": -2.176060e-03, "MAN1PT2": 8.757286e-04, "MAN1PT": 0, "MALt2r": 0, "TMHAS1": 1.512825e-05, "IPDDI": 6.442500e-05, "TMDS": 4.996699e-05, "TMDPP": 0, "TMDK1": 0, "BIOMASS_Mtb_9_60atp": 1.367834e-02, "YUMPS": 0, "TKT2": -5.344580e-03, "XYLabc": 0, "INSK": 0, "TKT1": -3.829266e-03, "INSH": 2.971347e-04, "MALTabc": 0, "XYLK": 0, "MALTHPabc": 0, "INDPYRD": 0, "MALT": 0, "XPPT": 0, "VALt2r": -5.804266e-02, "VALTA": -6.085803e-02, "URIK2": 0, "URIDK2r": -4.996699e-05, "UMPK_copy1": 0, "UREA": 0, "MALS": 0, "L_LACt3": 0, "L_LACt2r": 0, "UPPRT": 0, "IMPD": 3.423826e-03, "UPPDC2": 0, "UPPDC1": 0, "UPP3S": 0, "UPP3MT": 0, "L_LACD3": 0, "L_LACD2": 0, "L_LACD": 0, "LYSt5r": 0, "LPLIPAL2E180": 0, "UMPK_copy2": 4.192002e-03, "UGMDDS2": 1.336374e-05, "LPLIPAL2E160": 0, "IMPC": -5.928809e-03, "LO": 0, "UGMDDS": 1.348685e-05, "LEUt2r": 0, "UGMAS": 1.336374e-05, "ILEt2r": 0, "UGMAGS": 1.336374e-05, "UGLDDS2": 2.716245e-04, "LEUTA": -2.800039e-03, "LDH_L": 0, "UGLDDS1": 2.716245e-04, "LCTSabc": 0, "ILETA": -1.200015e-03, "UGGPT3": 1.336374e-05, "LACZ": 0, "Kt3r": -999999, "Kabc": 0, "UGAGDS": 1.336374e-05, "UDPGD": 0, "KARA2": 1.200015e-03, "IGPS": 2.752630e-04, "KARA1": -6.365807e-02, "GLYCTO1": 0, "IGPDH": 5.555733e-04, "IGAMD": 0, "IG3PS": 5.555733e-04, "GLYCL": 0, "IPPS": 2.800039e-03, "ID3ACALDt": 0, "IPPMIb": -2.800039e-03, "GLYCK": 0, "ICL": 0, "GLYC3Pabc": 0, "GLYBabc": 0, "ICHORS": 0, "ICDHyr": 0, "GLXO1": 0, "IACGAMS": 0, "HXPRT": 0, "HSTPT": 5.555733e-04, "GLUt2r": 9.439172e-01, "EX_lys__L_e": 0, "HSST": 3.552731e-03, "EX_leu__L_e": 0, "GLUTRR": 0, "GLUSy": 0, "GLUR": -5.700997e-04, "HSK": 0, "GLUPRT": 5.373236e-03, "GLUDxi": 0, "HSERTA": 0, "GLUDC": 0, "GLUCYS": 0, "GLU5K": 1.888076e-03, "GLNSP3": 0, "EX_lcts_e": 0, "EX_lac__L_e": 0, "EX_k_e": 0, "EX_ile__L_e": 0, "GLNSP2": 0, "GLNSP1": 0, "HSDy": 9.999990e+05, "GLNS": 2.784458e-02, "GLGC": 0, "EX_id3acald_e": 0, "HSDxi": 999999, "EX_his__L_e": 0, "GLCabc": 2.027378e-02, "GLCS1": 0, "GLCP": 0, "HPPK2": 0, "EX_hdca_e": 0, "HPPK": 0, "EX_h_e": -7.883105e-01, "GK1": 9.108409e-05, "GHMT2r": 9.966533e-03, "EX_h2s_e": 0, "EX_h2o_e": -1.793847e-01, "GGLUCT2": 0, "HOPNTAL": 0, "GFUCS": 1.619516e-05, "GF6PTA": 4.336897e-03, "GCCc": 0, "EX_h2co3_e": 2.278706e+00, "EX_h2_e": 0, "GCCb": 0, "HMPK4": 0, "GCCa": 0, "GCC2": 0, "GARFT": 5.373236e-03, "GAPD": 9.925731e-01, "GALt2": 0, "EX_gthrd_e": 0, "EX_glyc_e": -1, "EX_glyc3p_e": 0, "EX_glyb_e": 0, "EX_gly_e": 0,